2025-09-04 14:32:36,711 - TextbookConverter - INFO - 转换器初始化完成
2025-09-04 14:32:36,712 - TextbookConverter - INFO - 项目根目录: .
2025-09-04 14:32:36,712 - TextbookConverter - INFO - 文档目录: docs
2025-09-04 14:32:36,713 - TextbookConverter - INFO - LaTeX输出目录: publish/latex
2025-09-04 14:32:36,713 - TextbookConverter - INFO - 🚀 开始教材转换流程
2025-09-04 14:32:36,788 - TextbookConverter - INFO - 发现 9 个章节目录
2025-09-04 14:32:36,790 - TextbookConverter - INFO - 转换前言...
2025-09-04 14:32:36,821 - TextbookConverter - INFO - 转换第1章: chapter01
2025-09-04 14:32:36,831 - TextbookConverter - INFO -   处理主文件: chapter01.md
2025-09-04 14:32:36,837 - TextbookConverter - INFO -   处理节文件: section01-01.md
2025-09-04 14:32:36,842 - TextbookConverter - INFO -   处理节文件: section01-02.md
2025-09-04 14:32:36,848 - TextbookConverter - INFO -   处理节文件: section01-03.md
2025-09-04 14:32:36,887 - TextbookConverter - INFO - ✅ 第1章转换完成
2025-09-04 14:32:36,888 - TextbookConverter - INFO - 转换第2章: chapter02
2025-09-04 14:32:36,900 - TextbookConverter - INFO -   处理主文件: chapter02.md
2025-09-04 14:32:36,906 - TextbookConverter - INFO -   处理节文件: section02-01.md
2025-09-04 14:32:36,912 - TextbookConverter - INFO -   处理节文件: section02-02.md
2025-09-04 14:32:36,918 - TextbookConverter - INFO -   处理节文件: section02-03.md
2025-09-04 14:32:36,922 - TextbookConverter - INFO -   处理节文件: section02-04.md
2025-09-04 14:32:36,926 - TextbookConverter - INFO -   处理节文件: section02-05.md
2025-09-04 14:32:36,930 - TextbookConverter - INFO -   处理节文件: section02-06.md
2025-09-04 14:32:36,942 - TextbookConverter - INFO - ✅ 第2章转换完成
2025-09-04 14:32:36,942 - TextbookConverter - INFO - 转换第3章: chapter03
2025-09-04 14:32:36,950 - TextbookConverter - INFO -   处理主文件: chapter03.md
2025-09-04 14:32:36,955 - TextbookConverter - INFO -   处理节文件: section03-01.md
2025-09-04 14:32:36,960 - TextbookConverter - INFO -   处理节文件: section03-02.md
2025-09-04 14:32:36,964 - TextbookConverter - INFO -   处理节文件: section03-03.md
2025-09-04 14:32:36,968 - TextbookConverter - INFO -   处理节文件: section03-04.md
2025-09-04 14:32:36,972 - TextbookConverter - INFO -   处理节文件: section03-05.md
2025-09-04 14:32:36,976 - TextbookConverter - INFO -   处理节文件: section03-06.md
2025-09-04 14:32:36,979 - TextbookConverter - INFO -   处理节文件: section03-07.md
2025-09-04 14:32:36,993 - TextbookConverter - INFO - ✅ 第3章转换完成
2025-09-04 14:32:36,993 - TextbookConverter - INFO - 转换第4章: chapter04
2025-09-04 14:32:37,000 - TextbookConverter - INFO -   处理主文件: chapter04.md
2025-09-04 14:32:37,006 - TextbookConverter - INFO -   处理节文件: section04-01.md
2025-09-04 14:32:37,011 - TextbookConverter - INFO -   处理节文件: section04-02.md
2025-09-04 14:32:37,016 - TextbookConverter - INFO -   处理节文件: section04-03.md
2025-09-04 14:32:37,022 - TextbookConverter - INFO -   处理节文件: section04-04.md
2025-09-04 14:32:37,029 - TextbookConverter - INFO -   处理节文件: section04-05.md
2025-09-04 14:32:37,037 - TextbookConverter - INFO -   处理节文件: section04-06.md
2025-09-04 14:32:37,042 - TextbookConverter - INFO -   处理节文件: section04-07.md
2025-09-04 14:32:37,087 - TextbookConverter - INFO - ✅ 第4章转换完成
2025-09-04 14:32:37,087 - TextbookConverter - INFO - 转换第5章: chapter05
2025-09-04 14:32:37,092 - TextbookConverter - INFO -   处理主文件: chapter05.md
2025-09-04 14:32:37,097 - TextbookConverter - INFO -   处理节文件: section05-01.md
2025-09-04 14:32:37,102 - TextbookConverter - INFO -   处理节文件: section05-02.md
2025-09-04 14:32:37,106 - TextbookConverter - INFO -   处理节文件: section05-03.md
2025-09-04 14:32:37,113 - TextbookConverter - INFO -   处理节文件: section05-04.md
2025-09-04 14:32:37,119 - TextbookConverter - INFO -   处理节文件: section05-05.md
2025-09-04 14:32:37,125 - TextbookConverter - INFO -   处理节文件: section05-06.md
2025-09-04 14:32:37,149 - TextbookConverter - INFO - ✅ 第5章转换完成
2025-09-04 14:32:37,149 - TextbookConverter - INFO - 转换第6章: chapter06
2025-09-04 14:32:37,154 - TextbookConverter - INFO -   处理主文件: chapter06.md
2025-09-04 14:32:37,159 - TextbookConverter - INFO -   处理节文件: section06-01.md
2025-09-04 14:32:37,164 - TextbookConverter - INFO -   处理节文件: section06-02.md
2025-09-04 14:32:37,169 - TextbookConverter - INFO -   处理节文件: section06-03.md
2025-09-04 14:32:37,173 - TextbookConverter - INFO -   处理节文件: section06-04.md
2025-09-04 14:32:37,177 - TextbookConverter - INFO -   处理节文件: section06-05.md
2025-09-04 14:32:37,181 - TextbookConverter - INFO -   处理节文件: section06-06.md
2025-09-04 14:32:37,185 - TextbookConverter - INFO -   处理节文件: section06-07.md
2025-09-04 14:32:37,199 - TextbookConverter - INFO - ✅ 第6章转换完成
2025-09-04 14:32:37,199 - TextbookConverter - INFO - 转换第7章: chapter07
2025-09-04 14:32:37,205 - TextbookConverter - INFO -   处理主文件: chapter07.md
2025-09-04 14:32:37,209 - TextbookConverter - INFO -   处理节文件: section07-01.md
2025-09-04 14:32:37,214 - TextbookConverter - INFO -   处理节文件: section07-02.md
2025-09-04 14:32:37,218 - TextbookConverter - INFO -   处理节文件: section07-03.md
2025-09-04 14:32:37,221 - TextbookConverter - INFO -   处理节文件: section07-04.md
2025-09-04 14:32:37,235 - TextbookConverter - INFO - ✅ 第7章转换完成
2025-09-04 14:32:37,235 - TextbookConverter - INFO - 转换第8章: chapter08
2025-09-04 14:32:37,240 - TextbookConverter - INFO -   处理主文件: chapter08.md
2025-09-04 14:32:37,244 - TextbookConverter - INFO -   处理节文件: section08-01.md
2025-09-04 14:32:37,248 - TextbookConverter - INFO -   处理节文件: section08-02.md
2025-09-04 14:32:37,252 - TextbookConverter - INFO -   处理节文件: section08-03.md
2025-09-04 14:32:37,255 - TextbookConverter - INFO -   处理节文件: section08-04.md
2025-09-04 14:32:37,259 - TextbookConverter - INFO -   处理节文件: section08-05.md
2025-09-04 14:32:37,274 - TextbookConverter - INFO - ✅ 第8章转换完成
2025-09-04 14:32:37,274 - TextbookConverter - INFO - 转换第9章: chapter09
2025-09-04 14:32:37,279 - TextbookConverter - INFO -   处理主文件: chapter09.md
2025-09-04 14:32:37,292 - TextbookConverter - INFO - ✅ 第9章转换完成
2025-09-04 14:32:37,295 - TextbookConverter - INFO - 转换附录: appendixA.md
2025-09-04 14:32:37,308 - TextbookConverter - INFO - 转换附录: appendixB.md
2025-09-04 14:32:37,321 - TextbookConverter - INFO - 转换附录: appendixC.md
2025-09-04 14:32:37,330 - TextbookConverter - INFO - 处理图片文件...
2025-09-04 14:32:40,229 - TextbookConverter - INFO - 复制了 83 张图片
2025-09-04 14:32:40,229 - TextbookConverter - INFO - ✅ 所有章节转换完成
2025-09-04 14:34:38,111 - TextbookConverter - INFO - 转换器初始化完成
2025-09-04 14:34:38,111 - TextbookConverter - INFO - 项目根目录: .
2025-09-04 14:34:38,112 - TextbookConverter - INFO - 文档目录: docs
2025-09-04 14:34:38,112 - TextbookConverter - INFO - LaTeX输出目录: publish/latex
2025-09-04 14:34:38,113 - TextbookConverter - INFO - 🔨 开始构建LaTeX文档...
2025-09-04 14:34:38,114 - TextbookConverter - INFO - 执行命令: xelatex main.tex
2025-09-04 14:34:44,732 - TextbookConverter - ERROR - LaTeX构建失败: 
kpathsea: Running mktextfm SimSun/OT
/usr/local/texlive/2025/texmf-dist/web2c/mktexnam: Could not map source abbreviation O for OT.
/usr/local/texlive/2025/texmf-dist/web2c/mktexnam: Need to update /usr/local/texlive/2025/texmf-dist/fonts/map/fontname/special.map?
mktextfm: Running mf-nowin -progname=mf \mode:=ljfour; mag:=1; ; nonstopmode; input OT
This is METAFONT, Version 2.71828182 (TeX Live 2025) (preloaded base=mf)

kpathsea: Running mktexmf OT

! I can't find file `OT'.
<*> \mode:=ljfour; mag:=1; ; nonstopmode; input OT
                                                  
Please type another input file name
! Emergency stop.
<*> \mode:=ljfour; mag:=1; ; nonstopmode; input OT
                                                  
Transcript written on mfput.log.
grep: OT.log: No such file or directory
mktextfm: `mf-nowin -progname=mf \mode:=ljfour; mag:=1; ; nonstopmode; input OT' failed to make OT.tfm.
kpathsea: Appending font creation commands to missfont.log.

2025-09-04 14:38:16,166 - TextbookConverter - INFO - 转换器初始化完成
2025-09-04 14:38:16,166 - TextbookConverter - INFO - 项目根目录: .
2025-09-04 14:38:16,166 - TextbookConverter - INFO - 文档目录: docs
2025-09-04 14:38:16,167 - TextbookConverter - INFO - LaTeX输出目录: publish/latex
2025-09-04 14:38:16,167 - TextbookConverter - INFO - 🚀 开始教材转换流程
2025-09-04 14:38:16,223 - TextbookConverter - INFO - 发现 9 个章节目录
2025-09-04 14:38:16,224 - TextbookConverter - INFO - 转换前言...
2025-09-04 14:38:16,229 - TextbookConverter - INFO - 转换第1章: chapter01
2025-09-04 14:38:16,234 - TextbookConverter - INFO -   处理主文件: chapter01.md
2025-09-04 14:38:16,239 - TextbookConverter - INFO -   处理节文件: section01-01.md
2025-09-04 14:38:16,243 - TextbookConverter - INFO -   处理节文件: section01-02.md
2025-09-04 14:38:16,246 - TextbookConverter - INFO -   处理节文件: section01-03.md
2025-09-04 14:38:16,258 - TextbookConverter - INFO - ✅ 第1章转换完成
2025-09-04 14:38:16,259 - TextbookConverter - INFO - 转换第2章: chapter02
2025-09-04 14:38:16,267 - TextbookConverter - INFO -   处理主文件: chapter02.md
2025-09-04 14:38:16,273 - TextbookConverter - INFO -   处理节文件: section02-01.md
2025-09-04 14:38:16,277 - TextbookConverter - INFO -   处理节文件: section02-02.md
2025-09-04 14:38:16,280 - TextbookConverter - INFO -   处理节文件: section02-03.md
2025-09-04 14:38:16,285 - TextbookConverter - INFO -   处理节文件: section02-04.md
2025-09-04 14:38:16,289 - TextbookConverter - INFO -   处理节文件: section02-05.md
2025-09-04 14:38:16,293 - TextbookConverter - INFO -   处理节文件: section02-06.md
2025-09-04 14:38:16,302 - TextbookConverter - INFO - ✅ 第2章转换完成
2025-09-04 14:38:16,303 - TextbookConverter - INFO - 转换第3章: chapter03
2025-09-04 14:38:16,308 - TextbookConverter - INFO -   处理主文件: chapter03.md
2025-09-04 14:38:16,311 - TextbookConverter - INFO -   处理节文件: section03-01.md
2025-09-04 14:38:16,314 - TextbookConverter - INFO -   处理节文件: section03-02.md
2025-09-04 14:38:16,317 - TextbookConverter - INFO -   处理节文件: section03-03.md
2025-09-04 14:38:16,321 - TextbookConverter - INFO -   处理节文件: section03-04.md
2025-09-04 14:38:16,325 - TextbookConverter - INFO -   处理节文件: section03-05.md
2025-09-04 14:38:16,328 - TextbookConverter - INFO -   处理节文件: section03-06.md
2025-09-04 14:38:16,331 - TextbookConverter - INFO -   处理节文件: section03-07.md
2025-09-04 14:38:16,344 - TextbookConverter - INFO - ✅ 第3章转换完成
2025-09-04 14:38:16,344 - TextbookConverter - INFO - 转换第4章: chapter04
2025-09-04 14:38:16,351 - TextbookConverter - INFO -   处理主文件: chapter04.md
2025-09-04 14:38:16,354 - TextbookConverter - INFO -   处理节文件: section04-01.md
2025-09-04 14:38:16,359 - TextbookConverter - INFO -   处理节文件: section04-02.md
2025-09-04 14:38:16,362 - TextbookConverter - INFO -   处理节文件: section04-03.md
2025-09-04 14:38:16,366 - TextbookConverter - INFO -   处理节文件: section04-04.md
2025-09-04 14:38:16,372 - TextbookConverter - INFO -   处理节文件: section04-05.md
2025-09-04 14:38:16,378 - TextbookConverter - INFO -   处理节文件: section04-06.md
2025-09-04 14:38:16,382 - TextbookConverter - INFO -   处理节文件: section04-07.md
2025-09-04 14:38:16,412 - TextbookConverter - INFO - ✅ 第4章转换完成
2025-09-04 14:38:16,413 - TextbookConverter - INFO - 转换第5章: chapter05
2025-09-04 14:38:16,423 - TextbookConverter - INFO -   处理主文件: chapter05.md
2025-09-04 14:38:16,430 - TextbookConverter - INFO -   处理节文件: section05-01.md
2025-09-04 14:38:16,436 - TextbookConverter - INFO -   处理节文件: section05-02.md
2025-09-04 14:38:16,443 - TextbookConverter - INFO -   处理节文件: section05-03.md
2025-09-04 14:38:16,448 - TextbookConverter - INFO -   处理节文件: section05-04.md
2025-09-04 14:38:16,455 - TextbookConverter - INFO -   处理节文件: section05-05.md
2025-09-04 14:38:16,461 - TextbookConverter - INFO -   处理节文件: section05-06.md
2025-09-04 14:38:16,491 - TextbookConverter - INFO - ✅ 第5章转换完成
2025-09-04 14:38:16,492 - TextbookConverter - INFO - 转换第6章: chapter06
2025-09-04 14:38:16,501 - TextbookConverter - INFO -   处理主文件: chapter06.md
2025-09-04 14:38:16,507 - TextbookConverter - INFO -   处理节文件: section06-01.md
2025-09-04 14:38:16,513 - TextbookConverter - INFO -   处理节文件: section06-02.md
2025-09-04 14:38:16,519 - TextbookConverter - INFO -   处理节文件: section06-03.md
2025-09-04 14:38:16,524 - TextbookConverter - INFO -   处理节文件: section06-04.md
2025-09-04 14:38:16,530 - TextbookConverter - INFO -   处理节文件: section06-05.md
2025-09-04 14:38:16,536 - TextbookConverter - INFO -   处理节文件: section06-06.md
2025-09-04 14:38:16,542 - TextbookConverter - INFO -   处理节文件: section06-07.md
2025-09-04 14:38:16,568 - TextbookConverter - INFO - ✅ 第6章转换完成
2025-09-04 14:38:16,568 - TextbookConverter - INFO - 转换第7章: chapter07
2025-09-04 14:38:16,579 - TextbookConverter - INFO -   处理主文件: chapter07.md
2025-09-04 14:38:16,585 - TextbookConverter - INFO -   处理节文件: section07-01.md
2025-09-04 14:38:16,590 - TextbookConverter - INFO -   处理节文件: section07-02.md
2025-09-04 14:38:16,595 - TextbookConverter - INFO -   处理节文件: section07-03.md
2025-09-04 14:38:16,599 - TextbookConverter - INFO -   处理节文件: section07-04.md
2025-09-04 14:38:16,617 - TextbookConverter - INFO - ✅ 第7章转换完成
2025-09-04 14:38:16,617 - TextbookConverter - INFO - 转换第8章: chapter08
2025-09-04 14:38:16,628 - TextbookConverter - INFO -   处理主文件: chapter08.md
2025-09-04 14:38:16,631 - TextbookConverter - INFO -   处理节文件: section08-01.md
2025-09-04 14:38:16,635 - TextbookConverter - INFO -   处理节文件: section08-02.md
2025-09-04 14:38:16,640 - TextbookConverter - INFO -   处理节文件: section08-03.md
2025-09-04 14:38:16,647 - TextbookConverter - INFO -   处理节文件: section08-04.md
2025-09-04 14:38:16,652 - TextbookConverter - INFO -   处理节文件: section08-05.md
2025-09-04 14:38:16,671 - TextbookConverter - INFO - ✅ 第8章转换完成
2025-09-04 14:38:16,672 - TextbookConverter - INFO - 转换第9章: chapter09
2025-09-04 14:38:16,683 - TextbookConverter - INFO -   处理主文件: chapter09.md
2025-09-04 14:38:16,699 - TextbookConverter - INFO - ✅ 第9章转换完成
2025-09-04 14:38:16,700 - TextbookConverter - INFO - 转换附录: appendixA.md
2025-09-04 14:38:16,709 - TextbookConverter - INFO - 转换附录: appendixB.md
2025-09-04 14:38:16,716 - TextbookConverter - INFO - 转换附录: appendixC.md
2025-09-04 14:38:16,726 - TextbookConverter - INFO - 处理图片文件...
2025-09-04 14:38:20,313 - TextbookConverter - INFO - 复制了 83 张图片
2025-09-04 14:38:20,313 - TextbookConverter - INFO - ✅ 所有章节转换完成
2025-09-04 14:44:35,190 - TextbookConverter - INFO - 转换器初始化完成
2025-09-04 14:44:35,190 - TextbookConverter - INFO - 项目根目录: .
2025-09-04 14:44:35,191 - TextbookConverter - INFO - 文档目录: docs
2025-09-04 14:44:35,191 - TextbookConverter - INFO - LaTeX输出目录: publish/latex
2025-09-04 14:44:35,191 - TextbookConverter - INFO - 🚀 开始教材转换流程
2025-09-04 14:44:35,260 - TextbookConverter - INFO - 发现 9 个章节目录
2025-09-04 14:44:35,261 - TextbookConverter - INFO - 转换前言...
2025-09-04 14:44:35,267 - TextbookConverter - INFO - 转换第1章: chapter01
2025-09-04 14:44:35,276 - TextbookConverter - INFO -   处理主文件: chapter01.md
2025-09-04 14:44:35,281 - TextbookConverter - INFO -   处理节文件: section01-01.md
2025-09-04 14:44:35,285 - TextbookConverter - INFO -   处理节文件: section01-02.md
2025-09-04 14:44:35,290 - TextbookConverter - INFO -   处理节文件: section01-03.md
2025-09-04 14:44:35,302 - TextbookConverter - INFO - ✅ 第1章转换完成
2025-09-04 14:44:35,303 - TextbookConverter - INFO - 转换第2章: chapter02
2025-09-04 14:44:35,310 - TextbookConverter - INFO -   处理主文件: chapter02.md
2025-09-04 14:44:35,313 - TextbookConverter - INFO -   处理节文件: section02-01.md
2025-09-04 14:44:35,317 - TextbookConverter - INFO -   处理节文件: section02-02.md
2025-09-04 14:44:35,320 - TextbookConverter - INFO -   处理节文件: section02-03.md
2025-09-04 14:44:35,323 - TextbookConverter - INFO -   处理节文件: section02-04.md
2025-09-04 14:44:35,327 - TextbookConverter - INFO -   处理节文件: section02-05.md
2025-09-04 14:44:35,331 - TextbookConverter - INFO -   处理节文件: section02-06.md
2025-09-04 14:44:35,345 - TextbookConverter - INFO - ✅ 第2章转换完成
2025-09-04 14:44:35,346 - TextbookConverter - INFO - 转换第3章: chapter03
2025-09-04 14:44:35,357 - TextbookConverter - INFO -   处理主文件: chapter03.md
2025-09-04 14:44:35,363 - TextbookConverter - INFO -   处理节文件: section03-01.md
2025-09-04 14:44:35,368 - TextbookConverter - INFO -   处理节文件: section03-02.md
2025-09-04 14:44:35,373 - TextbookConverter - INFO -   处理节文件: section03-03.md
2025-09-04 14:44:35,378 - TextbookConverter - INFO -   处理节文件: section03-04.md
2025-09-04 14:44:35,383 - TextbookConverter - INFO -   处理节文件: section03-05.md
2025-09-04 14:44:35,388 - TextbookConverter - INFO -   处理节文件: section03-06.md
2025-09-04 14:44:35,394 - TextbookConverter - INFO -   处理节文件: section03-07.md
2025-09-04 14:44:35,412 - TextbookConverter - INFO - ✅ 第3章转换完成
2025-09-04 14:44:35,412 - TextbookConverter - INFO - 转换第4章: chapter04
2025-09-04 14:44:35,424 - TextbookConverter - INFO -   处理主文件: chapter04.md
2025-09-04 14:44:35,428 - TextbookConverter - INFO -   处理节文件: section04-01.md
2025-09-04 14:44:35,432 - TextbookConverter - INFO -   处理节文件: section04-02.md
2025-09-04 14:44:35,437 - TextbookConverter - INFO -   处理节文件: section04-03.md
2025-09-04 14:44:35,443 - TextbookConverter - INFO -   处理节文件: section04-04.md
2025-09-04 14:44:35,453 - TextbookConverter - INFO -   处理节文件: section04-05.md
2025-09-04 14:44:35,464 - TextbookConverter - INFO -   处理节文件: section04-06.md
2025-09-04 14:44:35,471 - TextbookConverter - INFO -   处理节文件: section04-07.md
2025-09-04 14:44:35,515 - TextbookConverter - INFO - ✅ 第4章转换完成
2025-09-04 14:44:35,515 - TextbookConverter - INFO - 转换第5章: chapter05
2025-09-04 14:44:35,526 - TextbookConverter - INFO -   处理主文件: chapter05.md
2025-09-04 14:44:35,531 - TextbookConverter - INFO -   处理节文件: section05-01.md
2025-09-04 14:44:35,540 - TextbookConverter - INFO -   处理节文件: section05-02.md
2025-09-04 14:44:35,546 - TextbookConverter - INFO -   处理节文件: section05-03.md
2025-09-04 14:44:35,552 - TextbookConverter - INFO -   处理节文件: section05-04.md
2025-09-04 14:44:35,558 - TextbookConverter - INFO -   处理节文件: section05-05.md
2025-09-04 14:44:35,564 - TextbookConverter - INFO -   处理节文件: section05-06.md
2025-09-04 14:44:35,602 - TextbookConverter - INFO - ✅ 第5章转换完成
2025-09-04 14:44:35,602 - TextbookConverter - INFO - 转换第6章: chapter06
2025-09-04 14:44:35,610 - TextbookConverter - INFO -   处理主文件: chapter06.md
2025-09-04 14:44:35,613 - TextbookConverter - INFO -   处理节文件: section06-01.md
2025-09-04 14:44:35,617 - TextbookConverter - INFO -   处理节文件: section06-02.md
2025-09-04 14:44:35,623 - TextbookConverter - INFO -   处理节文件: section06-03.md
2025-09-04 14:44:35,628 - TextbookConverter - INFO -   处理节文件: section06-04.md
2025-09-04 14:44:35,632 - TextbookConverter - INFO -   处理节文件: section06-05.md
2025-09-04 14:44:35,638 - TextbookConverter - INFO -   处理节文件: section06-06.md
2025-09-04 14:44:35,643 - TextbookConverter - INFO -   处理节文件: section06-07.md
2025-09-04 14:44:35,671 - TextbookConverter - INFO - ✅ 第6章转换完成
2025-09-04 14:44:35,671 - TextbookConverter - INFO - 转换第7章: chapter07
2025-09-04 14:44:35,679 - TextbookConverter - INFO -   处理主文件: chapter07.md
2025-09-04 14:44:35,684 - TextbookConverter - INFO -   处理节文件: section07-01.md
2025-09-04 14:44:35,689 - TextbookConverter - INFO -   处理节文件: section07-02.md
2025-09-04 14:44:35,693 - TextbookConverter - INFO -   处理节文件: section07-03.md
2025-09-04 14:44:35,697 - TextbookConverter - INFO -   处理节文件: section07-04.md
2025-09-04 14:44:35,712 - TextbookConverter - INFO - ✅ 第7章转换完成
2025-09-04 14:44:35,712 - TextbookConverter - INFO - 转换第8章: chapter08
2025-09-04 14:44:35,721 - TextbookConverter - INFO -   处理主文件: chapter08.md
2025-09-04 14:44:35,728 - TextbookConverter - INFO -   处理节文件: section08-01.md
2025-09-04 14:44:35,734 - TextbookConverter - INFO -   处理节文件: section08-02.md
2025-09-04 14:44:35,744 - TextbookConverter - INFO -   处理节文件: section08-03.md
2025-09-04 14:44:35,749 - TextbookConverter - INFO -   处理节文件: section08-04.md
2025-09-04 14:44:35,756 - TextbookConverter - INFO -   处理节文件: section08-05.md
2025-09-04 14:44:35,778 - TextbookConverter - INFO - ✅ 第8章转换完成
2025-09-04 14:44:35,779 - TextbookConverter - INFO - 转换第9章: chapter09
2025-09-04 14:44:35,787 - TextbookConverter - INFO -   处理主文件: chapter09.md
2025-09-04 14:44:35,804 - TextbookConverter - INFO - ✅ 第9章转换完成
2025-09-04 14:44:35,807 - TextbookConverter - INFO - 转换附录: appendixA.md
2025-09-04 14:44:35,816 - TextbookConverter - INFO - 转换附录: appendixB.md
2025-09-04 14:44:35,824 - TextbookConverter - INFO - 转换附录: appendixC.md
2025-09-04 14:44:35,831 - TextbookConverter - INFO - 处理图片文件...
2025-09-04 14:44:38,708 - TextbookConverter - INFO - 复制了 83 张图片
2025-09-04 14:44:38,709 - TextbookConverter - INFO - ✅ 所有章节转换完成
2025-09-04 14:45:41,686 - TextbookConverter - INFO - 转换器初始化完成
2025-09-04 14:45:41,686 - TextbookConverter - INFO - 项目根目录: .
2025-09-04 14:45:41,687 - TextbookConverter - INFO - 文档目录: docs
2025-09-04 14:45:41,687 - TextbookConverter - INFO - LaTeX输出目录: publish/latex
2025-09-04 14:45:41,687 - TextbookConverter - INFO - 🔨 开始构建LaTeX文档...
2025-09-04 14:45:41,688 - TextbookConverter - INFO - 执行命令: xelatex main.tex
2025-09-04 14:45:48,257 - TextbookConverter - ERROR - LaTeX构建失败: 
kpathsea: Running mktextfm SimSun/OT
/usr/local/texlive/2025/texmf-dist/web2c/mktexnam: Could not map source abbreviation O for OT.
/usr/local/texlive/2025/texmf-dist/web2c/mktexnam: Need to update /usr/local/texlive/2025/texmf-dist/fonts/map/fontname/special.map?
mktextfm: Running mf-nowin -progname=mf \mode:=ljfour; mag:=1; ; nonstopmode; input OT
This is METAFONT, Version 2.71828182 (TeX Live 2025) (preloaded base=mf)

kpathsea: Running mktexmf OT

! I can't find file `OT'.
<*> \mode:=ljfour; mag:=1; ; nonstopmode; input OT
                                                  
Please type another input file name
! Emergency stop.
<*> \mode:=ljfour; mag:=1; ; nonstopmode; input OT
                                                  
Transcript written on mfput.log.
grep: OT.log: No such file or directory
mktextfm: `mf-nowin -progname=mf \mode:=ljfour; mag:=1; ; nonstopmode; input OT' failed to make OT.tfm.
kpathsea: Appending font creation commands to missfont.log.

2025-09-04 14:49:11,160 - TextbookConverter - INFO - 转换器初始化完成
2025-09-04 14:49:11,161 - TextbookConverter - INFO - 项目根目录: .
2025-09-04 14:49:11,161 - TextbookConverter - INFO - 文档目录: docs
2025-09-04 14:49:11,162 - TextbookConverter - INFO - LaTeX输出目录: publish/latex
2025-09-04 14:49:11,162 - TextbookConverter - INFO - ============================================================
2025-09-04 14:49:11,162 - TextbookConverter - INFO - 智慧水利教材转换器 - 改进版
2025-09-04 14:49:11,163 - TextbookConverter - INFO - ============================================================
2025-09-04 14:49:11,163 - TextbookConverter - INFO - 🚀 开始教材转换流程
2025-09-04 14:49:11,315 - TextbookConverter - INFO - 发现 9 个章节目录
2025-09-04 14:49:11,317 - TextbookConverter - INFO - 转换前言...
2025-09-04 14:49:11,325 - TextbookConverter - INFO - 转换第1章: chapter01
2025-09-04 14:49:11,331 - TextbookConverter - INFO -   处理主文件: chapter01.md
2025-09-04 14:49:11,335 - TextbookConverter - INFO -   处理节文件: section01-01.md
2025-09-04 14:49:11,339 - TextbookConverter - INFO -   处理节文件: section01-02.md
2025-09-04 14:49:11,345 - TextbookConverter - INFO -   处理节文件: section01-03.md
2025-09-04 14:49:11,357 - TextbookConverter - INFO - ✅ 第1章转换完成
2025-09-04 14:49:11,358 - TextbookConverter - INFO - 转换第2章: chapter02
2025-09-04 14:49:11,365 - TextbookConverter - INFO -   处理主文件: chapter02.md
2025-09-04 14:49:11,368 - TextbookConverter - INFO -   处理节文件: section02-01.md
2025-09-04 14:49:11,371 - TextbookConverter - INFO -   处理节文件: section02-02.md
2025-09-04 14:49:11,375 - TextbookConverter - INFO -   处理节文件: section02-03.md
2025-09-04 14:49:11,379 - TextbookConverter - INFO -   处理节文件: section02-04.md
2025-09-04 14:49:11,382 - TextbookConverter - INFO -   处理节文件: section02-05.md
2025-09-04 14:49:11,387 - TextbookConverter - INFO -   处理节文件: section02-06.md
2025-09-04 14:49:11,401 - TextbookConverter - INFO - ✅ 第2章转换完成
2025-09-04 14:49:11,401 - TextbookConverter - INFO - 转换第3章: chapter03
2025-09-04 14:49:11,407 - TextbookConverter - INFO -   处理主文件: chapter03.md
2025-09-04 14:49:11,412 - TextbookConverter - INFO -   处理节文件: section03-01.md
2025-09-04 14:49:11,416 - TextbookConverter - INFO -   处理节文件: section03-02.md
2025-09-04 14:49:11,420 - TextbookConverter - INFO -   处理节文件: section03-03.md
2025-09-04 14:49:11,424 - TextbookConverter - INFO -   处理节文件: section03-04.md
2025-09-04 14:49:11,430 - TextbookConverter - INFO -   处理节文件: section03-05.md
2025-09-04 14:49:11,434 - TextbookConverter - INFO -   处理节文件: section03-06.md
2025-09-04 14:49:11,437 - TextbookConverter - INFO -   处理节文件: section03-07.md
2025-09-04 14:49:11,451 - TextbookConverter - INFO - ✅ 第3章转换完成
2025-09-04 14:49:11,452 - TextbookConverter - INFO - 转换第4章: chapter04
2025-09-04 14:49:11,459 - TextbookConverter - INFO -   处理主文件: chapter04.md
2025-09-04 14:49:11,463 - TextbookConverter - INFO -   处理节文件: section04-01.md
2025-09-04 14:49:11,467 - TextbookConverter - INFO -   处理节文件: section04-02.md
2025-09-04 14:49:11,473 - TextbookConverter - INFO -   处理节文件: section04-03.md
2025-09-04 14:49:11,479 - TextbookConverter - INFO -   处理节文件: section04-04.md
2025-09-04 14:49:11,488 - TextbookConverter - INFO -   处理节文件: section04-05.md
2025-09-04 14:49:11,496 - TextbookConverter - INFO -   处理节文件: section04-06.md
2025-09-04 14:49:11,502 - TextbookConverter - INFO -   处理节文件: section04-07.md
2025-09-04 14:49:11,541 - TextbookConverter - INFO - ✅ 第4章转换完成
2025-09-04 14:49:11,542 - TextbookConverter - INFO - 转换第5章: chapter05
2025-09-04 14:49:11,548 - TextbookConverter - INFO -   处理主文件: chapter05.md
2025-09-04 14:49:11,553 - TextbookConverter - INFO -   处理节文件: section05-01.md
2025-09-04 14:49:11,560 - TextbookConverter - INFO -   处理节文件: section05-02.md
2025-09-04 14:49:11,565 - TextbookConverter - INFO -   处理节文件: section05-03.md
2025-09-04 14:49:11,570 - TextbookConverter - INFO -   处理节文件: section05-04.md
2025-09-04 14:49:11,575 - TextbookConverter - INFO -   处理节文件: section05-05.md
2025-09-04 14:49:11,581 - TextbookConverter - INFO -   处理节文件: section05-06.md
2025-09-04 14:49:11,616 - TextbookConverter - INFO - ✅ 第5章转换完成
2025-09-04 14:49:11,616 - TextbookConverter - INFO - 转换第6章: chapter06
2025-09-04 14:49:11,628 - TextbookConverter - INFO -   处理主文件: chapter06.md
2025-09-04 14:49:11,632 - TextbookConverter - INFO -   处理节文件: section06-01.md
2025-09-04 14:49:11,636 - TextbookConverter - INFO -   处理节文件: section06-02.md
2025-09-04 14:49:11,642 - TextbookConverter - INFO -   处理节文件: section06-03.md
2025-09-04 14:49:11,647 - TextbookConverter - INFO -   处理节文件: section06-04.md
2025-09-04 14:49:11,651 - TextbookConverter - INFO -   处理节文件: section06-05.md
2025-09-04 14:49:11,654 - TextbookConverter - INFO -   处理节文件: section06-06.md
2025-09-04 14:49:11,659 - TextbookConverter - INFO -   处理节文件: section06-07.md
2025-09-04 14:49:11,680 - TextbookConverter - INFO - ✅ 第6章转换完成
2025-09-04 14:49:11,680 - TextbookConverter - INFO - 转换第7章: chapter07
2025-09-04 14:49:11,688 - TextbookConverter - INFO -   处理主文件: chapter07.md
2025-09-04 14:49:11,694 - TextbookConverter - INFO -   处理节文件: section07-01.md
2025-09-04 14:49:11,700 - TextbookConverter - INFO -   处理节文件: section07-02.md
2025-09-04 14:49:11,706 - TextbookConverter - INFO -   处理节文件: section07-03.md
2025-09-04 14:49:11,712 - TextbookConverter - INFO -   处理节文件: section07-04.md
2025-09-04 14:49:11,730 - TextbookConverter - INFO - ✅ 第7章转换完成
2025-09-04 14:49:11,730 - TextbookConverter - INFO - 转换第8章: chapter08
2025-09-04 14:49:11,737 - TextbookConverter - INFO -   处理主文件: chapter08.md
2025-09-04 14:49:11,741 - TextbookConverter - INFO -   处理节文件: section08-01.md
2025-09-04 14:49:11,746 - TextbookConverter - INFO -   处理节文件: section08-02.md
2025-09-04 14:49:11,751 - TextbookConverter - INFO -   处理节文件: section08-03.md
2025-09-04 14:49:11,756 - TextbookConverter - INFO -   处理节文件: section08-04.md
2025-09-04 14:49:11,762 - TextbookConverter - INFO -   处理节文件: section08-05.md
2025-09-04 14:49:11,783 - TextbookConverter - INFO - ✅ 第8章转换完成
2025-09-04 14:49:11,783 - TextbookConverter - INFO - 转换第9章: chapter09
2025-09-04 14:49:11,790 - TextbookConverter - INFO -   处理主文件: chapter09.md
2025-09-04 14:49:11,802 - TextbookConverter - INFO - ✅ 第9章转换完成
2025-09-04 14:49:11,804 - TextbookConverter - INFO - 转换附录: appendixA.md
2025-09-04 14:49:11,812 - TextbookConverter - INFO - 转换附录: appendixB.md
2025-09-04 14:49:11,821 - TextbookConverter - INFO - 转换附录: appendixC.md
2025-09-04 14:49:11,829 - TextbookConverter - INFO - 处理图片文件...
2025-09-04 14:49:14,514 - TextbookConverter - INFO - 复制了 83 张图片
2025-09-04 14:49:14,515 - TextbookConverter - INFO - ✅ 所有章节转换完成
2025-09-04 14:49:14,515 - TextbookConverter - INFO - 🔨 开始构建LaTeX文档...
2025-09-04 14:49:14,516 - TextbookConverter - INFO - 执行命令: xelatex main.tex
2025-09-04 15:03:13,343 - TextbookConverter - INFO - 用户中断转换
2025-09-04 15:03:48,291 - TextbookConverter - INFO - 转换器初始化完成
2025-09-04 15:03:48,291 - TextbookConverter - INFO - 项目根目录: E:\2025\教材\智慧水利平台架构与开发
2025-09-04 15:03:48,291 - TextbookConverter - INFO - 文档目录: E:\2025\教材\智慧水利平台架构与开发\docs
2025-09-04 15:03:48,291 - TextbookConverter - INFO - LaTeX输出目录: E:\2025\教材\智慧水利平台架构与开发\publish\latex
2025-09-04 15:03:48,292 - TextbookConverter - INFO - ============================================================
2025-09-04 15:03:48,292 - TextbookConverter - INFO - 智慧水利教材转换器 - 改进版
2025-09-04 15:03:48,292 - TextbookConverter - INFO - ============================================================
2025-09-04 15:03:48,292 - TextbookConverter - INFO - 🚀 开始教材转换流程
2025-09-04 15:03:48,294 - TextbookConverter - INFO - 发现 9 个章节目录
2025-09-04 15:03:48,294 - TextbookConverter - INFO - 转换前言...
2025-09-04 15:03:48,295 - TextbookConverter - INFO - 转换第1章: chapter01
2025-09-04 15:03:48,296 - TextbookConverter - INFO -   处理主文件: chapter01.md
2025-09-04 15:03:48,297 - TextbookConverter - INFO -   处理节文件: section01-01.md
2025-09-04 15:03:48,297 - TextbookConverter - INFO -   处理节文件: section01-02.md
2025-09-04 15:03:48,298 - TextbookConverter - INFO -   处理节文件: section01-03.md
2025-09-04 15:03:48,299 - TextbookConverter - INFO - ✅ 第1章转换完成
2025-09-04 15:03:48,300 - TextbookConverter - INFO - 转换第2章: chapter02
2025-09-04 15:03:48,300 - TextbookConverter - INFO -   处理主文件: chapter02.md
2025-09-04 15:03:48,301 - TextbookConverter - INFO -   处理节文件: section02-01.md
2025-09-04 15:03:48,301 - TextbookConverter - INFO -   处理节文件: section02-02.md
2025-09-04 15:03:48,301 - TextbookConverter - INFO -   处理节文件: section02-03.md
2025-09-04 15:03:48,302 - TextbookConverter - INFO -   处理节文件: section02-04.md
2025-09-04 15:03:48,302 - TextbookConverter - INFO -   处理节文件: section02-05.md
2025-09-04 15:03:48,302 - TextbookConverter - INFO -   处理节文件: section02-06.md
2025-09-04 15:03:48,304 - TextbookConverter - INFO - ✅ 第2章转换完成
2025-09-04 15:03:48,305 - TextbookConverter - INFO - 转换第3章: chapter03
2025-09-04 15:03:48,305 - TextbookConverter - INFO -   处理主文件: chapter03.md
2025-09-04 15:03:48,305 - TextbookConverter - INFO -   处理节文件: section03-01.md
2025-09-04 15:03:48,306 - TextbookConverter - INFO -   处理节文件: section03-02.md
2025-09-04 15:03:48,306 - TextbookConverter - INFO -   处理节文件: section03-03.md
2025-09-04 15:03:48,307 - TextbookConverter - INFO -   处理节文件: section03-04.md
2025-09-04 15:03:48,307 - TextbookConverter - INFO -   处理节文件: section03-05.md
2025-09-04 15:03:48,308 - TextbookConverter - INFO -   处理节文件: section03-06.md
2025-09-04 15:03:48,308 - TextbookConverter - INFO -   处理节文件: section03-07.md
2025-09-04 15:03:48,311 - TextbookConverter - INFO - ✅ 第3章转换完成
2025-09-04 15:03:48,311 - TextbookConverter - INFO - 转换第4章: chapter04
2025-09-04 15:03:48,312 - TextbookConverter - INFO -   处理主文件: chapter04.md
2025-09-04 15:03:48,312 - TextbookConverter - INFO -   处理节文件: section04-01.md
2025-09-04 15:03:48,313 - TextbookConverter - INFO -   处理节文件: section04-02.md
2025-09-04 15:03:48,315 - TextbookConverter - INFO -   处理节文件: section04-03.md
2025-09-04 15:03:48,317 - TextbookConverter - INFO -   处理节文件: section04-04.md
2025-09-04 15:03:48,322 - TextbookConverter - INFO -   处理节文件: section04-05.md
2025-09-04 15:03:48,327 - TextbookConverter - INFO -   处理节文件: section04-06.md
2025-09-04 15:03:48,329 - TextbookConverter - INFO -   处理节文件: section04-07.md
2025-09-04 15:03:48,351 - TextbookConverter - INFO - ✅ 第4章转换完成
2025-09-04 15:03:48,351 - TextbookConverter - INFO - 转换第5章: chapter05
2025-09-04 15:03:48,352 - TextbookConverter - INFO -   处理主文件: chapter05.md
2025-09-04 15:03:48,353 - TextbookConverter - INFO -   处理节文件: section05-01.md
2025-09-04 15:03:48,355 - TextbookConverter - INFO -   处理节文件: section05-02.md
2025-09-04 15:03:48,358 - TextbookConverter - INFO -   处理节文件: section05-03.md
2025-09-04 15:03:48,360 - TextbookConverter - INFO -   处理节文件: section05-04.md
2025-09-04 15:03:48,362 - TextbookConverter - INFO -   处理节文件: section05-05.md
2025-09-04 15:03:48,364 - TextbookConverter - INFO -   处理节文件: section05-06.md
2025-09-04 15:03:48,381 - TextbookConverter - INFO - ✅ 第5章转换完成
2025-09-04 15:03:48,381 - TextbookConverter - INFO - 转换第6章: chapter06
2025-09-04 15:03:48,381 - TextbookConverter - INFO -   处理主文件: chapter06.md
2025-09-04 15:03:48,382 - TextbookConverter - INFO -   处理节文件: section06-01.md
2025-09-04 15:03:48,382 - TextbookConverter - INFO -   处理节文件: section06-02.md
2025-09-04 15:03:48,384 - TextbookConverter - INFO -   处理节文件: section06-03.md
2025-09-04 15:03:48,385 - TextbookConverter - INFO -   处理节文件: section06-04.md
2025-09-04 15:03:48,385 - TextbookConverter - INFO -   处理节文件: section06-05.md
2025-09-04 15:03:48,386 - TextbookConverter - INFO -   处理节文件: section06-06.md
2025-09-04 15:03:48,387 - TextbookConverter - INFO -   处理节文件: section06-07.md
2025-09-04 15:03:48,393 - TextbookConverter - INFO - ✅ 第6章转换完成
2025-09-04 15:03:48,394 - TextbookConverter - INFO - 转换第7章: chapter07
2025-09-04 15:03:48,394 - TextbookConverter - INFO -   处理主文件: chapter07.md
2025-09-04 15:03:48,395 - TextbookConverter - INFO -   处理节文件: section07-01.md
2025-09-04 15:03:48,395 - TextbookConverter - INFO -   处理节文件: section07-02.md
2025-09-04 15:03:48,396 - TextbookConverter - INFO -   处理节文件: section07-03.md
2025-09-04 15:03:48,396 - TextbookConverter - INFO -   处理节文件: section07-04.md
2025-09-04 15:03:48,401 - TextbookConverter - INFO - ✅ 第7章转换完成
2025-09-04 15:03:48,401 - TextbookConverter - INFO - 转换第8章: chapter08
2025-09-04 15:03:48,401 - TextbookConverter - INFO -   处理主文件: chapter08.md
2025-09-04 15:03:48,402 - TextbookConverter - INFO -   处理节文件: section08-01.md
2025-09-04 15:03:48,403 - TextbookConverter - INFO -   处理节文件: section08-02.md
2025-09-04 15:03:48,404 - TextbookConverter - INFO -   处理节文件: section08-03.md
2025-09-04 15:03:48,405 - TextbookConverter - INFO -   处理节文件: section08-04.md
2025-09-04 15:03:48,406 - TextbookConverter - INFO -   处理节文件: section08-05.md
2025-09-04 15:03:48,411 - TextbookConverter - INFO - ✅ 第8章转换完成
2025-09-04 15:03:48,411 - TextbookConverter - INFO - 转换第9章: chapter09
2025-09-04 15:03:48,412 - TextbookConverter - INFO -   处理主文件: chapter09.md
2025-09-04 15:03:48,413 - TextbookConverter - INFO - ✅ 第9章转换完成
2025-09-04 15:03:48,413 - TextbookConverter - INFO - 转换附录: appendixA.md
2025-09-04 15:03:48,414 - TextbookConverter - INFO - 转换附录: appendixB.md
2025-09-04 15:03:48,415 - TextbookConverter - INFO - 转换附录: appendixC.md
2025-09-04 15:03:48,416 - TextbookConverter - INFO - 处理图片文件...
2025-09-04 15:03:48,470 - TextbookConverter - INFO - 复制了 83 张图片
2025-09-04 15:03:48,471 - TextbookConverter - INFO - ✅ 所有章节转换完成
2025-09-04 15:03:48,471 - TextbookConverter - INFO - 🔨 开始构建LaTeX文档...
2025-09-04 15:03:48,471 - TextbookConverter - INFO - 执行命令: xelatex main.tex
2025-09-04 15:20:13,981 - TextbookConverter - INFO - 转换器初始化完成
2025-09-04 15:20:13,981 - TextbookConverter - INFO - 项目根目录: .
2025-09-04 15:20:13,981 - TextbookConverter - INFO - 文档目录: docs
2025-09-04 15:20:13,982 - TextbookConverter - INFO - LaTeX输出目录: publish/latex
2025-09-04 15:20:13,982 - TextbookConverter - INFO - 🚀 开始教材转换流程
2025-09-04 15:20:14,054 - TextbookConverter - INFO - 发现 9 个章节目录
2025-09-04 15:20:14,056 - TextbookConverter - INFO - 转换前言...
2025-09-04 15:20:14,064 - TextbookConverter - INFO - 转换第1章: chapter01
2025-09-04 15:20:14,071 - TextbookConverter - INFO -   处理主文件: chapter01.md
2025-09-04 15:20:14,078 - TextbookConverter - INFO -   处理节文件: section01-01.md
2025-09-04 15:20:14,083 - TextbookConverter - INFO -   处理节文件: section01-02.md
2025-09-04 15:20:14,088 - TextbookConverter - INFO -   处理节文件: section01-03.md
2025-09-04 15:20:14,118 - TextbookConverter - INFO - ✅ 第1章转换完成
2025-09-04 15:20:14,118 - TextbookConverter - INFO - 转换第2章: chapter02
2025-09-04 15:20:14,128 - TextbookConverter - INFO -   处理主文件: chapter02.md
2025-09-04 15:20:14,133 - TextbookConverter - INFO -   处理节文件: section02-01.md
2025-09-04 15:20:14,138 - TextbookConverter - INFO -   处理节文件: section02-02.md
2025-09-04 15:20:14,141 - TextbookConverter - INFO -   处理节文件: section02-03.md
2025-09-04 15:20:14,144 - TextbookConverter - INFO -   处理节文件: section02-04.md
2025-09-04 15:20:14,146 - TextbookConverter - INFO -   处理节文件: section02-05.md
2025-09-04 15:20:14,149 - TextbookConverter - INFO -   处理节文件: section02-06.md
2025-09-04 15:20:14,176 - TextbookConverter - INFO - ✅ 第2章转换完成
2025-09-04 15:20:14,176 - TextbookConverter - INFO - 转换第3章: chapter03
2025-09-04 15:20:14,183 - TextbookConverter - INFO -   处理主文件: chapter03.md
2025-09-04 15:20:14,187 - TextbookConverter - INFO -   处理节文件: section03-01.md
2025-09-04 15:20:14,190 - TextbookConverter - INFO -   处理节文件: section03-02.md
2025-09-04 15:20:14,193 - TextbookConverter - INFO -   处理节文件: section03-03.md
2025-09-04 15:20:14,197 - TextbookConverter - INFO -   处理节文件: section03-04.md
2025-09-04 15:20:14,201 - TextbookConverter - INFO -   处理节文件: section03-05.md
2025-09-04 15:20:14,205 - TextbookConverter - INFO -   处理节文件: section03-06.md
2025-09-04 15:20:14,207 - TextbookConverter - INFO -   处理节文件: section03-07.md
2025-09-04 15:20:14,236 - TextbookConverter - INFO - ✅ 第3章转换完成
2025-09-04 15:20:14,237 - TextbookConverter - INFO - 转换第4章: chapter04
2025-09-04 15:20:14,244 - TextbookConverter - INFO -   处理主文件: chapter04.md
2025-09-04 15:20:14,249 - TextbookConverter - INFO -   处理节文件: section04-01.md
2025-09-04 15:20:14,254 - TextbookConverter - INFO -   处理节文件: section04-02.md
2025-09-04 15:20:14,258 - TextbookConverter - INFO -   处理节文件: section04-03.md
2025-09-04 15:20:14,263 - TextbookConverter - INFO -   处理节文件: section04-04.md
2025-09-04 15:20:14,272 - TextbookConverter - INFO -   处理节文件: section04-05.md
2025-09-04 15:20:14,280 - TextbookConverter - INFO -   处理节文件: section04-06.md
2025-09-04 15:20:14,287 - TextbookConverter - INFO -   处理节文件: section04-07.md
2025-09-04 15:20:14,330 - TextbookConverter - INFO - ✅ 第4章转换完成
2025-09-04 15:20:14,331 - TextbookConverter - INFO - 转换第5章: chapter05
2025-09-04 15:20:14,339 - TextbookConverter - INFO -   处理主文件: chapter05.md
2025-09-04 15:20:14,343 - TextbookConverter - INFO -   处理节文件: section05-01.md
2025-09-04 15:20:14,348 - TextbookConverter - INFO -   处理节文件: section05-02.md
2025-09-04 15:20:14,354 - TextbookConverter - INFO -   处理节文件: section05-03.md
2025-09-04 15:20:14,360 - TextbookConverter - INFO -   处理节文件: section05-04.md
2025-09-04 15:20:14,366 - TextbookConverter - INFO -   处理节文件: section05-05.md
2025-09-04 15:20:14,372 - TextbookConverter - INFO -   处理节文件: section05-06.md
2025-09-04 15:20:14,414 - TextbookConverter - INFO - ✅ 第5章转换完成
2025-09-04 15:20:14,414 - TextbookConverter - INFO - 转换第6章: chapter06
2025-09-04 15:20:14,422 - TextbookConverter - INFO -   处理主文件: chapter06.md
2025-09-04 15:20:14,426 - TextbookConverter - INFO -   处理节文件: section06-01.md
2025-09-04 15:20:14,430 - TextbookConverter - INFO -   处理节文件: section06-02.md
2025-09-04 15:20:14,434 - TextbookConverter - INFO -   处理节文件: section06-03.md
2025-09-04 15:20:14,439 - TextbookConverter - INFO -   处理节文件: section06-04.md
2025-09-04 15:20:14,443 - TextbookConverter - INFO -   处理节文件: section06-05.md
2025-09-04 15:20:14,447 - TextbookConverter - INFO -   处理节文件: section06-06.md
2025-09-04 15:20:14,451 - TextbookConverter - INFO -   处理节文件: section06-07.md
2025-09-04 15:20:14,485 - TextbookConverter - INFO - ✅ 第6章转换完成
2025-09-04 15:20:14,486 - TextbookConverter - INFO - 转换第7章: chapter07
2025-09-04 15:20:14,492 - TextbookConverter - INFO -   处理主文件: chapter07.md
2025-09-04 15:20:14,496 - TextbookConverter - INFO -   处理节文件: section07-01.md
2025-09-04 15:20:14,499 - TextbookConverter - INFO -   处理节文件: section07-02.md
2025-09-04 15:20:14,503 - TextbookConverter - INFO -   处理节文件: section07-03.md
2025-09-04 15:20:14,507 - TextbookConverter - INFO -   处理节文件: section07-04.md
2025-09-04 15:20:14,533 - TextbookConverter - INFO - ✅ 第7章转换完成
2025-09-04 15:20:14,533 - TextbookConverter - INFO - 转换第8章: chapter08
2025-09-04 15:20:14,541 - TextbookConverter - INFO -   处理主文件: chapter08.md
2025-09-04 15:20:14,545 - TextbookConverter - INFO -   处理节文件: section08-01.md
2025-09-04 15:20:14,549 - TextbookConverter - INFO -   处理节文件: section08-02.md
2025-09-04 15:20:14,556 - TextbookConverter - INFO -   处理节文件: section08-03.md
2025-09-04 15:20:14,561 - TextbookConverter - INFO -   处理节文件: section08-04.md
2025-09-04 15:20:14,565 - TextbookConverter - INFO -   处理节文件: section08-05.md
2025-09-04 15:20:14,596 - TextbookConverter - INFO - ✅ 第8章转换完成
2025-09-04 15:20:14,596 - TextbookConverter - INFO - 转换第9章: chapter09
2025-09-04 15:20:14,603 - TextbookConverter - INFO -   处理主文件: chapter09.md
2025-09-04 15:20:14,616 - TextbookConverter - INFO - ✅ 第9章转换完成
2025-09-04 15:20:14,620 - TextbookConverter - INFO - 转换附录: appendixA.md
2025-09-04 15:20:14,636 - TextbookConverter - INFO - 转换附录: appendixB.md
2025-09-04 15:20:14,652 - TextbookConverter - INFO - 转换附录: appendixC.md
2025-09-04 15:20:14,665 - TextbookConverter - INFO - 处理图片文件...
2025-09-04 15:20:18,166 - TextbookConverter - INFO - 复制了 83 张图片
2025-09-04 15:20:18,166 - TextbookConverter - INFO - ✅ 所有章节转换完成
2025-09-04 15:30:27,100 - TextbookConverter - INFO - 转换器初始化完成
2025-09-04 15:30:27,100 - TextbookConverter - INFO - 项目根目录: .
2025-09-04 15:30:27,101 - TextbookConverter - INFO - 文档目录: docs
2025-09-04 15:30:27,101 - TextbookConverter - INFO - LaTeX输出目录: publish/latex
2025-09-04 15:30:27,101 - TextbookConverter - INFO - 🚀 开始教材转换流程
2025-09-04 15:30:27,163 - TextbookConverter - INFO - 发现 9 个章节目录
2025-09-04 15:30:27,165 - TextbookConverter - INFO - 转换前言...
2025-09-04 15:30:27,177 - TextbookConverter - INFO - 转换第1章: chapter01
2025-09-04 15:30:27,187 - TextbookConverter - INFO -   处理主文件: chapter01.md
2025-09-04 15:30:27,192 - TextbookConverter - INFO -   处理节文件: section01-01.md
2025-09-04 15:30:27,197 - TextbookConverter - INFO -   处理节文件: section01-02.md
2025-09-04 15:30:27,205 - TextbookConverter - INFO -   处理节文件: section01-03.md
2025-09-04 15:30:27,220 - TextbookConverter - INFO - ✅ 第1章转换完成
2025-09-04 15:30:27,220 - TextbookConverter - INFO - 转换第2章: chapter02
2025-09-04 15:30:27,228 - TextbookConverter - INFO -   处理主文件: chapter02.md
2025-09-04 15:30:27,233 - TextbookConverter - INFO -   处理节文件: section02-01.md
2025-09-04 15:30:27,238 - TextbookConverter - INFO -   处理节文件: section02-02.md
2025-09-04 15:30:27,243 - TextbookConverter - INFO -   处理节文件: section02-03.md
2025-09-04 15:30:27,248 - TextbookConverter - INFO -   处理节文件: section02-04.md
2025-09-04 15:30:27,252 - TextbookConverter - INFO -   处理节文件: section02-05.md
2025-09-04 15:30:27,258 - TextbookConverter - INFO -   处理节文件: section02-06.md
2025-09-04 15:30:27,271 - TextbookConverter - INFO - ✅ 第2章转换完成
2025-09-04 15:30:27,272 - TextbookConverter - INFO - 转换第3章: chapter03
2025-09-04 15:30:27,279 - TextbookConverter - INFO -   处理主文件: chapter03.md
2025-09-04 15:30:27,284 - TextbookConverter - INFO -   处理节文件: section03-01.md
2025-09-04 15:30:27,290 - TextbookConverter - INFO -   处理节文件: section03-02.md
2025-09-04 15:30:27,296 - TextbookConverter - INFO -   处理节文件: section03-03.md
2025-09-04 15:30:27,302 - TextbookConverter - INFO -   处理节文件: section03-04.md
2025-09-04 15:30:27,307 - TextbookConverter - INFO -   处理节文件: section03-05.md
2025-09-04 15:30:27,312 - TextbookConverter - INFO -   处理节文件: section03-06.md
2025-09-04 15:30:27,316 - TextbookConverter - INFO -   处理节文件: section03-07.md
2025-09-04 15:30:27,329 - TextbookConverter - INFO - ✅ 第3章转换完成
2025-09-04 15:30:27,329 - TextbookConverter - INFO - 转换第4章: chapter04
2025-09-04 15:30:27,335 - TextbookConverter - INFO -   处理主文件: chapter04.md
2025-09-04 15:30:27,340 - TextbookConverter - INFO -   处理节文件: section04-01.md
2025-09-04 15:30:27,345 - TextbookConverter - INFO -   处理节文件: section04-02.md
2025-09-04 15:30:27,354 - TextbookConverter - INFO -   处理节文件: section04-03.md
2025-09-04 15:30:27,362 - TextbookConverter - INFO -   处理节文件: section04-04.md
2025-09-04 15:30:27,386 - TextbookConverter - INFO -   处理节文件: section04-05.md
2025-09-04 15:30:27,405 - TextbookConverter - INFO -   处理节文件: section04-06.md
2025-09-04 15:30:27,422 - TextbookConverter - INFO -   处理节文件: section04-07.md
2025-09-04 15:30:27,459 - TextbookConverter - INFO - ✅ 第4章转换完成
2025-09-04 15:30:27,459 - TextbookConverter - INFO - 转换第5章: chapter05
2025-09-04 15:30:27,467 - TextbookConverter - INFO -   处理主文件: chapter05.md
2025-09-04 15:30:27,474 - TextbookConverter - INFO -   处理节文件: section05-01.md
2025-09-04 15:30:27,488 - TextbookConverter - INFO -   处理节文件: section05-02.md
2025-09-04 15:30:27,503 - TextbookConverter - INFO -   处理节文件: section05-03.md
2025-09-04 15:30:27,514 - TextbookConverter - INFO -   处理节文件: section05-04.md
2025-09-04 15:30:27,525 - TextbookConverter - INFO -   处理节文件: section05-05.md
2025-09-04 15:30:27,535 - TextbookConverter - INFO -   处理节文件: section05-06.md
2025-09-04 15:30:27,567 - TextbookConverter - INFO - ✅ 第5章转换完成
2025-09-04 15:30:27,567 - TextbookConverter - INFO - 转换第6章: chapter06
2025-09-04 15:30:27,576 - TextbookConverter - INFO -   处理主文件: chapter06.md
2025-09-04 15:30:27,582 - TextbookConverter - INFO -   处理节文件: section06-01.md
2025-09-04 15:30:27,587 - TextbookConverter - INFO -   处理节文件: section06-02.md
2025-09-04 15:30:27,603 - TextbookConverter - INFO -   处理节文件: section06-03.md
2025-09-04 15:30:27,618 - TextbookConverter - INFO -   处理节文件: section06-04.md
2025-09-04 15:30:27,704 - TextbookConverter - INFO -   处理节文件: section06-05.md
2025-09-04 15:30:27,743 - TextbookConverter - INFO -   处理节文件: section06-06.md
2025-09-04 15:30:27,757 - TextbookConverter - INFO -   处理节文件: section06-07.md
2025-09-04 15:30:27,777 - TextbookConverter - INFO - ✅ 第6章转换完成
2025-09-04 15:30:27,778 - TextbookConverter - INFO - 转换第7章: chapter07
2025-09-04 15:30:27,789 - TextbookConverter - INFO -   处理主文件: chapter07.md
2025-09-04 15:30:27,795 - TextbookConverter - INFO -   处理节文件: section07-01.md
2025-09-04 15:30:27,803 - TextbookConverter - INFO -   处理节文件: section07-02.md
2025-09-04 15:30:27,808 - TextbookConverter - INFO -   处理节文件: section07-03.md
2025-09-04 15:30:27,814 - TextbookConverter - INFO -   处理节文件: section07-04.md
2025-09-04 15:30:27,831 - TextbookConverter - INFO - ✅ 第7章转换完成
2025-09-04 15:30:27,831 - TextbookConverter - INFO - 转换第8章: chapter08
2025-09-04 15:30:27,837 - TextbookConverter - INFO -   处理主文件: chapter08.md
2025-09-04 15:30:27,841 - TextbookConverter - INFO -   处理节文件: section08-01.md
2025-09-04 15:30:27,851 - TextbookConverter - INFO -   处理节文件: section08-02.md
2025-09-04 15:30:27,858 - TextbookConverter - INFO -   处理节文件: section08-03.md
2025-09-04 15:30:27,864 - TextbookConverter - INFO -   处理节文件: section08-04.md
2025-09-04 15:30:27,871 - TextbookConverter - INFO -   处理节文件: section08-05.md
2025-09-04 15:30:27,884 - TextbookConverter - INFO - ✅ 第8章转换完成
2025-09-04 15:30:27,885 - TextbookConverter - INFO - 转换第9章: chapter09
2025-09-04 15:30:27,890 - TextbookConverter - INFO -   处理主文件: chapter09.md
2025-09-04 15:30:27,901 - TextbookConverter - INFO - ✅ 第9章转换完成
2025-09-04 15:30:27,903 - TextbookConverter - INFO - 转换附录: appendixA.md
2025-09-04 15:30:27,912 - TextbookConverter - INFO - 转换附录: appendixB.md
2025-09-04 15:30:27,919 - TextbookConverter - INFO - 转换附录: appendixC.md
2025-09-04 15:30:27,926 - TextbookConverter - INFO - 处理图片文件...
2025-09-04 15:30:31,599 - TextbookConverter - INFO - 复制了 83 张图片
2025-09-04 15:30:31,599 - TextbookConverter - INFO - ✅ 所有章节转换完成
2025-09-04 15:32:22,340 - TextbookConverter - INFO - 转换器初始化完成
2025-09-04 15:32:22,340 - TextbookConverter - INFO - 项目根目录: .
2025-09-04 15:32:22,340 - TextbookConverter - INFO - 文档目录: docs
2025-09-04 15:32:22,341 - TextbookConverter - INFO - LaTeX输出目录: publish/latex
2025-09-04 15:32:22,341 - TextbookConverter - INFO - 🚀 开始教材转换流程
2025-09-04 15:32:22,452 - TextbookConverter - INFO - 发现 9 个章节目录
2025-09-04 15:32:22,453 - TextbookConverter - INFO - 转换前言...
2025-09-04 15:32:22,853 - TextbookConverter - INFO - 转换第1章: chapter01
2025-09-04 15:32:22,862 - TextbookConverter - INFO -   处理主文件: chapter01.md
2025-09-04 15:32:22,891 - TextbookConverter - INFO -   处理节文件: section01-01.md
2025-09-04 15:32:22,950 - TextbookConverter - INFO -   处理节文件: section01-02.md
2025-09-04 15:32:23,021 - TextbookConverter - INFO -   处理节文件: section01-03.md
2025-09-04 15:32:23,276 - TextbookConverter - INFO - ✅ 第1章转换完成
2025-09-04 15:32:23,276 - TextbookConverter - INFO - 转换第2章: chapter02
2025-09-04 15:32:23,284 - TextbookConverter - INFO -   处理主文件: chapter02.md
2025-09-04 15:32:23,302 - TextbookConverter - INFO -   处理节文件: section02-01.md
2025-09-04 15:32:23,320 - TextbookConverter - INFO -   处理节文件: section02-02.md
2025-09-04 15:32:23,371 - TextbookConverter - INFO -   处理节文件: section02-03.md
2025-09-04 15:32:23,422 - TextbookConverter - INFO -   处理节文件: section02-04.md
2025-09-04 15:32:23,440 - TextbookConverter - INFO -   处理节文件: section02-05.md
2025-09-04 15:32:23,500 - TextbookConverter - INFO -   处理节文件: section02-06.md
2025-09-04 15:32:23,527 - TextbookConverter - INFO - ✅ 第2章转换完成
2025-09-04 15:32:23,528 - TextbookConverter - INFO - 转换第3章: chapter03
2025-09-04 15:32:23,533 - TextbookConverter - INFO -   处理主文件: chapter03.md
2025-09-04 15:32:23,551 - TextbookConverter - INFO -   处理节文件: section03-01.md
2025-09-04 15:32:23,601 - TextbookConverter - INFO -   处理节文件: section03-02.md
2025-09-04 15:32:23,651 - TextbookConverter - INFO -   处理节文件: section03-03.md
2025-09-04 15:32:23,702 - TextbookConverter - INFO -   处理节文件: section03-04.md
2025-09-04 15:32:23,751 - TextbookConverter - INFO -   处理节文件: section03-05.md
2025-09-04 15:32:23,779 - TextbookConverter - INFO -   处理节文件: section03-06.md
2025-09-04 15:32:23,827 - TextbookConverter - INFO -   处理节文件: section03-07.md
2025-09-04 15:32:23,891 - TextbookConverter - INFO - ✅ 第3章转换完成
2025-09-04 15:32:23,892 - TextbookConverter - INFO - 转换第4章: chapter04
2025-09-04 15:32:23,900 - TextbookConverter - INFO -   处理主文件: chapter04.md
2025-09-04 15:32:23,951 - TextbookConverter - INFO -   处理节文件: section04-01.md
2025-09-04 15:32:23,980 - TextbookConverter - INFO -   处理节文件: section04-02.md
2025-09-04 15:32:24,041 - TextbookConverter - INFO -   处理节文件: section04-03.md
2025-09-04 15:32:24,120 - TextbookConverter - INFO -   处理节文件: section04-04.md
2025-09-04 15:32:24,239 - TextbookConverter - INFO -   处理节文件: section04-05.md
2025-09-04 15:32:24,324 - TextbookConverter - INFO -   处理节文件: section04-06.md
2025-09-04 15:32:24,516 - TextbookConverter - INFO -   处理节文件: section04-07.md
2025-09-04 15:32:24,618 - TextbookConverter - INFO - ✅ 第4章转换完成
2025-09-04 15:32:24,619 - TextbookConverter - INFO - 转换第5章: chapter05
2025-09-04 15:32:24,625 - TextbookConverter - INFO -   处理主文件: chapter05.md
2025-09-04 15:32:24,684 - TextbookConverter - INFO -   处理节文件: section05-01.md
2025-09-04 15:32:24,779 - TextbookConverter - INFO -   处理节文件: section05-02.md
2025-09-04 15:32:24,832 - TextbookConverter - INFO -   处理节文件: section05-03.md
2025-09-04 15:32:24,894 - TextbookConverter - INFO -   处理节文件: section05-04.md
2025-09-04 15:32:24,947 - TextbookConverter - INFO -   处理节文件: section05-05.md
2025-09-04 15:32:25,010 - TextbookConverter - INFO -   处理节文件: section05-06.md
2025-09-04 15:32:25,164 - TextbookConverter - INFO - ✅ 第5章转换完成
2025-09-04 15:32:25,164 - TextbookConverter - INFO - 转换第6章: chapter06
2025-09-04 15:32:25,185 - TextbookConverter - INFO -   处理主文件: chapter06.md
2025-09-04 15:32:25,246 - TextbookConverter - INFO -   处理节文件: section06-01.md
2025-09-04 15:32:25,265 - TextbookConverter - INFO -   处理节文件: section06-02.md
2025-09-04 15:32:25,396 - TextbookConverter - INFO -   处理节文件: section06-03.md
2025-09-04 15:32:26,229 - TextbookConverter - INFO -   处理节文件: section06-04.md
2025-09-04 15:32:26,300 - TextbookConverter - INFO -   处理节文件: section06-05.md
2025-09-04 15:32:26,350 - TextbookConverter - INFO -   处理节文件: section06-06.md
2025-09-04 15:32:26,410 - TextbookConverter - INFO -   处理节文件: section06-07.md
2025-09-04 15:32:26,483 - TextbookConverter - INFO - ✅ 第6章转换完成
2025-09-04 15:32:26,484 - TextbookConverter - INFO - 转换第7章: chapter07
2025-09-04 15:32:26,493 - TextbookConverter - INFO -   处理主文件: chapter07.md
2025-09-04 15:32:26,543 - TextbookConverter - INFO -   处理节文件: section07-01.md
2025-09-04 15:32:26,604 - TextbookConverter - INFO -   处理节文件: section07-02.md
2025-09-04 15:32:26,665 - TextbookConverter - INFO -   处理节文件: section07-03.md
2025-09-04 15:32:26,725 - TextbookConverter - INFO -   处理节文件: section07-04.md
2025-09-04 15:32:26,817 - TextbookConverter - INFO - ✅ 第7章转换完成
2025-09-04 15:32:26,818 - TextbookConverter - INFO - 转换第8章: chapter08
2025-09-04 15:32:26,831 - TextbookConverter - INFO -   处理主文件: chapter08.md
2025-09-04 15:32:26,895 - TextbookConverter - INFO -   处理节文件: section08-01.md
2025-09-04 15:32:26,995 - TextbookConverter - INFO -   处理节文件: section08-02.md
2025-09-04 15:32:27,085 - TextbookConverter - INFO -   处理节文件: section08-03.md
2025-09-04 15:32:27,179 - TextbookConverter - INFO -   处理节文件: section08-04.md
2025-09-04 15:32:27,290 - TextbookConverter - INFO -   处理节文件: section08-05.md
2025-09-04 15:32:27,364 - TextbookConverter - INFO - ✅ 第8章转换完成
2025-09-04 15:32:27,364 - TextbookConverter - INFO - 转换第9章: chapter09
2025-09-04 15:32:27,371 - TextbookConverter - INFO -   处理主文件: chapter09.md
2025-09-04 15:32:27,396 - TextbookConverter - INFO - ✅ 第9章转换完成
2025-09-04 15:32:27,398 - TextbookConverter - INFO - 转换附录: appendixA.md
2025-09-04 15:32:27,450 - TextbookConverter - INFO - 转换附录: appendixB.md
2025-09-04 15:32:27,472 - TextbookConverter - INFO - 转换附录: appendixC.md
2025-09-04 15:32:27,528 - TextbookConverter - INFO - 处理图片文件...
2025-09-04 15:32:30,269 - TextbookConverter - INFO - 复制了 83 张图片
2025-09-04 15:32:30,269 - TextbookConverter - INFO - ✅ 所有章节转换完成
2025-09-05 13:27:29,239 - TextbookConverter - INFO - 转换器初始化完成
2025-09-05 13:27:29,240 - TextbookConverter - INFO - 项目根目录: .
2025-09-05 13:27:29,240 - TextbookConverter - INFO - 文档目录: docs
2025-09-05 13:27:29,240 - TextbookConverter - INFO - LaTeX输出目录: publish/latex
2025-09-05 13:27:29,241 - TextbookConverter - INFO - 🚀 开始教材转换流程
2025-09-05 13:27:29,319 - TextbookConverter - INFO - 发现 9 个章节目录
2025-09-05 13:27:29,321 - TextbookConverter - INFO - 转换前言...
2025-09-05 13:27:29,835 - TextbookConverter - INFO - 转换第1章: chapter01
2025-09-05 13:27:29,847 - TextbookConverter - INFO -   处理主文件: chapter01.md
2025-09-05 13:27:29,870 - TextbookConverter - INFO -   处理节文件: section01-01.md
2025-09-05 13:27:29,925 - TextbookConverter - INFO -   处理节文件: section01-02.md
2025-09-05 13:27:29,988 - TextbookConverter - INFO -   处理节文件: section01-03.md
2025-09-05 13:27:30,034 - TextbookConverter - INFO - ✅ 第1章转换完成
2025-09-05 13:27:30,035 - TextbookConverter - INFO - 转换第2章: chapter02
2025-09-05 13:27:30,046 - TextbookConverter - INFO -   处理主文件: chapter02.md
2025-09-05 13:27:30,065 - TextbookConverter - INFO -   处理节文件: section02-01.md
2025-09-05 13:27:30,087 - TextbookConverter - INFO -   处理节文件: section02-02.md
2025-09-05 13:27:30,137 - TextbookConverter - INFO -   处理节文件: section02-03.md
2025-09-05 13:27:30,191 - TextbookConverter - INFO -   处理节文件: section02-04.md
2025-09-05 13:27:30,211 - TextbookConverter - INFO -   处理节文件: section02-05.md
2025-09-05 13:27:30,274 - TextbookConverter - INFO -   处理节文件: section02-06.md
2025-09-05 13:27:30,314 - TextbookConverter - INFO - ✅ 第2章转换完成
2025-09-05 13:27:30,314 - TextbookConverter - INFO - 转换第3章: chapter03
2025-09-05 13:27:30,320 - TextbookConverter - INFO -   处理主文件: chapter03.md
2025-09-05 13:27:30,339 - TextbookConverter - INFO -   处理节文件: section03-01.md
2025-09-05 13:27:30,403 - TextbookConverter - INFO -   处理节文件: section03-02.md
2025-09-05 13:27:30,456 - TextbookConverter - INFO -   处理节文件: section03-03.md
2025-09-05 13:27:30,509 - TextbookConverter - INFO -   处理节文件: section03-04.md
2025-09-05 13:27:30,561 - TextbookConverter - INFO -   处理节文件: section03-05.md
2025-09-05 13:27:30,590 - TextbookConverter - INFO -   处理节文件: section03-06.md
2025-09-05 13:27:30,633 - TextbookConverter - INFO -   处理节文件: section03-07.md
2025-09-05 13:27:30,745 - TextbookConverter - INFO - ✅ 第3章转换完成
2025-09-05 13:27:30,745 - TextbookConverter - INFO - 转换第4章: chapter04
2025-09-05 13:27:30,753 - TextbookConverter - INFO -   处理主文件: chapter04.md
2025-09-05 13:27:30,802 - TextbookConverter - INFO -   处理节文件: section04-01.md
2025-09-05 13:27:30,831 - TextbookConverter - INFO -   处理节文件: section04-02.md
2025-09-05 13:27:30,883 - TextbookConverter - INFO -   处理节文件: section04-03.md
2025-09-05 13:27:30,935 - TextbookConverter - INFO -   处理节文件: section04-04.md
2025-09-05 13:27:31,019 - TextbookConverter - INFO -   处理节文件: section04-05.md
2025-09-05 13:27:31,092 - TextbookConverter - INFO -   处理节文件: section04-06.md
2025-09-05 13:27:31,269 - TextbookConverter - INFO -   处理节文件: section04-07.md
2025-09-05 13:27:31,405 - TextbookConverter - INFO - ✅ 第4章转换完成
2025-09-05 13:27:31,405 - TextbookConverter - INFO - 转换第5章: chapter05
2025-09-05 13:27:31,415 - TextbookConverter - INFO -   处理主文件: chapter05.md
2025-09-05 13:27:31,466 - TextbookConverter - INFO -   处理节文件: section05-01.md
2025-09-05 13:27:31,555 - TextbookConverter - INFO -   处理节文件: section05-02.md
2025-09-05 13:27:31,623 - TextbookConverter - INFO -   处理节文件: section05-03.md
2025-09-05 13:27:31,689 - TextbookConverter - INFO -   处理节文件: section05-04.md
2025-09-05 13:27:31,746 - TextbookConverter - INFO -   处理节文件: section05-05.md
2025-09-05 13:27:31,802 - TextbookConverter - INFO -   处理节文件: section05-06.md
2025-09-05 13:27:31,928 - TextbookConverter - INFO - ✅ 第5章转换完成
2025-09-05 13:27:31,928 - TextbookConverter - INFO - 转换第6章: chapter06
2025-09-05 13:27:31,934 - TextbookConverter - INFO -   处理主文件: chapter06.md
2025-09-05 13:27:31,985 - TextbookConverter - INFO -   处理节文件: section06-01.md
2025-09-05 13:27:32,006 - TextbookConverter - INFO -   处理节文件: section06-02.md
2025-09-05 13:27:32,123 - TextbookConverter - INFO -   处理节文件: section06-03.md
2025-09-05 13:27:32,789 - TextbookConverter - INFO -   处理节文件: section06-04.md
2025-09-05 13:27:32,852 - TextbookConverter - INFO -   处理节文件: section06-05.md
2025-09-05 13:27:32,905 - TextbookConverter - INFO -   处理节文件: section06-06.md
2025-09-05 13:27:32,969 - TextbookConverter - INFO -   处理节文件: section06-07.md
2025-09-05 13:27:33,088 - TextbookConverter - INFO - ✅ 第6章转换完成
2025-09-05 13:27:33,088 - TextbookConverter - INFO - 转换第7章: chapter07
2025-09-05 13:27:33,098 - TextbookConverter - INFO -   处理主文件: chapter07.md
2025-09-05 13:27:33,150 - TextbookConverter - INFO -   处理节文件: section07-01.md
2025-09-05 13:27:33,213 - TextbookConverter - INFO -   处理节文件: section07-02.md
2025-09-05 13:27:33,267 - TextbookConverter - INFO -   处理节文件: section07-03.md
2025-09-05 13:27:33,321 - TextbookConverter - INFO -   处理节文件: section07-04.md
2025-09-05 13:27:33,424 - TextbookConverter - INFO - ✅ 第7章转换完成
2025-09-05 13:27:33,425 - TextbookConverter - INFO - 转换第8章: chapter08
2025-09-05 13:27:33,435 - TextbookConverter - INFO -   处理主文件: chapter08.md
2025-09-05 13:27:33,486 - TextbookConverter - INFO -   处理节文件: section08-01.md
2025-09-05 13:27:33,580 - TextbookConverter - INFO -   处理节文件: section08-02.md
2025-09-05 13:27:33,664 - TextbookConverter - INFO -   处理节文件: section08-03.md
2025-09-05 13:27:33,728 - TextbookConverter - INFO -   处理节文件: section08-04.md
2025-09-05 13:27:33,782 - TextbookConverter - INFO -   处理节文件: section08-05.md
2025-09-05 13:27:33,875 - TextbookConverter - INFO - ✅ 第8章转换完成
2025-09-05 13:27:33,876 - TextbookConverter - INFO - 转换第9章: chapter09
2025-09-05 13:27:33,886 - TextbookConverter - INFO -   处理主文件: chapter09.md
2025-09-05 13:27:33,930 - TextbookConverter - INFO - ✅ 第9章转换完成
2025-09-05 13:27:33,933 - TextbookConverter - INFO - 转换附录: appendixA.md
2025-09-05 13:27:34,000 - TextbookConverter - INFO - 转换附录: appendixB.md
2025-09-05 13:27:34,057 - TextbookConverter - INFO - 转换附录: appendixC.md
2025-09-05 13:27:34,131 - TextbookConverter - INFO - 处理图片文件...
2025-09-05 13:27:37,136 - TextbookConverter - INFO - 复制了 83 张图片
2025-09-05 13:27:37,136 - TextbookConverter - INFO - ✅ 所有章节转换完成
2025-09-05 13:28:06,550 - TextbookConverter - INFO - 转换器初始化完成
2025-09-05 13:28:06,551 - TextbookConverter - INFO - 项目根目录: .
2025-09-05 13:28:06,551 - TextbookConverter - INFO - 文档目录: docs
2025-09-05 13:28:06,552 - TextbookConverter - INFO - LaTeX输出目录: publish/latex
2025-09-05 13:28:06,552 - TextbookConverter - INFO - 🚀 开始教材转换流程
2025-09-05 13:28:06,650 - TextbookConverter - INFO - 发现 9 个章节目录
2025-09-05 13:28:06,652 - TextbookConverter - INFO - 转换前言...
2025-09-05 13:28:06,726 - TextbookConverter - INFO - 转换第1章: chapter01
2025-09-05 13:28:06,735 - TextbookConverter - INFO -   处理主文件: chapter01.md
2025-09-05 13:28:06,758 - TextbookConverter - INFO -   处理节文件: section01-01.md
2025-09-05 13:28:06,811 - TextbookConverter - INFO -   处理节文件: section01-02.md
2025-09-05 13:28:06,876 - TextbookConverter - INFO -   处理节文件: section01-03.md
2025-09-05 13:28:06,911 - TextbookConverter - INFO - ✅ 第1章转换完成
2025-09-05 13:28:06,911 - TextbookConverter - INFO - 转换第2章: chapter02
2025-09-05 13:28:06,918 - TextbookConverter - INFO -   处理主文件: chapter02.md
2025-09-05 13:28:06,947 - TextbookConverter - INFO -   处理节文件: section02-01.md
2025-09-05 13:28:06,969 - TextbookConverter - INFO -   处理节文件: section02-02.md
2025-09-05 13:28:07,022 - TextbookConverter - INFO -   处理节文件: section02-03.md
2025-09-05 13:28:07,075 - TextbookConverter - INFO -   处理节文件: section02-04.md
2025-09-05 13:28:07,095 - TextbookConverter - INFO -   处理节文件: section02-05.md
2025-09-05 13:28:07,158 - TextbookConverter - INFO -   处理节文件: section02-06.md
2025-09-05 13:28:07,194 - TextbookConverter - INFO - ✅ 第2章转换完成
2025-09-05 13:28:07,195 - TextbookConverter - INFO - 转换第3章: chapter03
2025-09-05 13:28:07,202 - TextbookConverter - INFO -   处理主文件: chapter03.md
2025-09-05 13:28:07,222 - TextbookConverter - INFO -   处理节文件: section03-01.md
2025-09-05 13:28:07,275 - TextbookConverter - INFO -   处理节文件: section03-02.md
2025-09-05 13:28:07,329 - TextbookConverter - INFO -   处理节文件: section03-03.md
2025-09-05 13:28:07,383 - TextbookConverter - INFO -   处理节文件: section03-04.md
2025-09-05 13:28:07,434 - TextbookConverter - INFO -   处理节文件: section03-05.md
2025-09-05 13:28:07,462 - TextbookConverter - INFO -   处理节文件: section03-06.md
2025-09-05 13:28:07,514 - TextbookConverter - INFO -   处理节文件: section03-07.md
2025-09-05 13:28:07,583 - TextbookConverter - INFO - ✅ 第3章转换完成
2025-09-05 13:28:07,584 - TextbookConverter - INFO - 转换第4章: chapter04
2025-09-05 13:28:07,597 - TextbookConverter - INFO -   处理主文件: chapter04.md
2025-09-05 13:28:07,656 - TextbookConverter - INFO -   处理节文件: section04-01.md
2025-09-05 13:28:07,684 - TextbookConverter - INFO -   处理节文件: section04-02.md
2025-09-05 13:28:07,736 - TextbookConverter - INFO -   处理节文件: section04-03.md
2025-09-05 13:28:07,789 - TextbookConverter - INFO -   处理节文件: section04-04.md
2025-09-05 13:28:07,876 - TextbookConverter - INFO -   处理节文件: section04-05.md
2025-09-05 13:28:07,951 - TextbookConverter - INFO -   处理节文件: section04-06.md
2025-09-05 13:28:08,131 - TextbookConverter - INFO -   处理节文件: section04-07.md
2025-09-05 13:28:08,257 - TextbookConverter - INFO - ✅ 第4章转换完成
2025-09-05 13:28:08,258 - TextbookConverter - INFO - 转换第5章: chapter05
2025-09-05 13:28:08,271 - TextbookConverter - INFO -   处理主文件: chapter05.md
2025-09-05 13:28:08,324 - TextbookConverter - INFO -   处理节文件: section05-01.md
2025-09-05 13:28:08,420 - TextbookConverter - INFO -   处理节文件: section05-02.md
2025-09-05 13:28:08,475 - TextbookConverter - INFO -   处理节文件: section05-03.md
2025-09-05 13:28:08,542 - TextbookConverter - INFO -   处理节文件: section05-04.md
2025-09-05 13:28:08,609 - TextbookConverter - INFO -   处理节文件: section05-05.md
2025-09-05 13:28:08,663 - TextbookConverter - INFO -   处理节文件: section05-06.md
2025-09-05 13:28:08,758 - TextbookConverter - INFO - ✅ 第5章转换完成
2025-09-05 13:28:08,759 - TextbookConverter - INFO - 转换第6章: chapter06
2025-09-05 13:28:08,766 - TextbookConverter - INFO -   处理主文件: chapter06.md
2025-09-05 13:28:08,836 - TextbookConverter - INFO -   处理节文件: section06-01.md
2025-09-05 13:28:08,870 - TextbookConverter - INFO -   处理节文件: section06-02.md
2025-09-05 13:28:08,997 - TextbookConverter - INFO -   处理节文件: section06-03.md
2025-09-05 13:28:09,632 - TextbookConverter - INFO -   处理节文件: section06-04.md
2025-09-05 13:28:09,703 - TextbookConverter - INFO -   处理节文件: section06-05.md
2025-09-05 13:28:09,754 - TextbookConverter - INFO -   处理节文件: section06-06.md
2025-09-05 13:28:09,814 - TextbookConverter - INFO -   处理节文件: section06-07.md
2025-09-05 13:28:09,885 - TextbookConverter - INFO - ✅ 第6章转换完成
2025-09-05 13:28:09,885 - TextbookConverter - INFO - 转换第7章: chapter07
2025-09-05 13:28:09,893 - TextbookConverter - INFO -   处理主文件: chapter07.md
2025-09-05 13:28:09,945 - TextbookConverter - INFO -   处理节文件: section07-01.md
2025-09-05 13:28:10,008 - TextbookConverter - INFO -   处理节文件: section07-02.md
2025-09-05 13:28:10,063 - TextbookConverter - INFO -   处理节文件: section07-03.md
2025-09-05 13:28:10,115 - TextbookConverter - INFO -   处理节文件: section07-04.md
2025-09-05 13:28:10,195 - TextbookConverter - INFO - ✅ 第7章转换完成
2025-09-05 13:28:10,196 - TextbookConverter - INFO - 转换第8章: chapter08
2025-09-05 13:28:10,203 - TextbookConverter - INFO -   处理主文件: chapter08.md
2025-09-05 13:28:10,253 - TextbookConverter - INFO -   处理节文件: section08-01.md
2025-09-05 13:28:10,359 - TextbookConverter - INFO -   处理节文件: section08-02.md
2025-09-05 13:28:10,442 - TextbookConverter - INFO -   处理节文件: section08-03.md
2025-09-05 13:28:10,506 - TextbookConverter - INFO -   处理节文件: section08-04.md
2025-09-05 13:28:10,559 - TextbookConverter - INFO -   处理节文件: section08-05.md
2025-09-05 13:28:10,637 - TextbookConverter - INFO - ✅ 第8章转换完成
2025-09-05 13:28:10,638 - TextbookConverter - INFO - 转换第9章: chapter09
2025-09-05 13:28:10,647 - TextbookConverter - INFO -   处理主文件: chapter09.md
2025-09-05 13:28:10,676 - TextbookConverter - INFO - ✅ 第9章转换完成
2025-09-05 13:28:10,678 - TextbookConverter - INFO - 转换附录: appendixA.md
2025-09-05 13:28:10,735 - TextbookConverter - INFO - 转换附录: appendixB.md
2025-09-05 13:28:10,762 - TextbookConverter - INFO - 转换附录: appendixC.md
2025-09-05 13:28:10,837 - TextbookConverter - INFO - 处理图片文件...
2025-09-05 13:28:13,564 - TextbookConverter - INFO - 复制了 83 张图片
2025-09-05 13:28:13,564 - TextbookConverter - INFO - ✅ 所有章节转换完成
2025-09-05 13:37:06,272 - TextbookConverter - INFO - 转换器初始化完成
2025-09-05 13:37:06,272 - TextbookConverter - INFO - 项目根目录: E:\2025\教材\智慧水利平台架构与开发
2025-09-05 13:37:06,273 - TextbookConverter - INFO - 文档目录: E:\2025\教材\智慧水利平台架构与开发\docs
2025-09-05 13:37:06,273 - TextbookConverter - INFO - LaTeX输出目录: E:\2025\教材\智慧水利平台架构与开发\publish\latex
2025-09-05 13:37:06,273 - TextbookConverter - INFO - 🚀 开始教材转换流程
2025-09-05 13:37:06,276 - TextbookConverter - INFO - 发现 9 个章节目录
2025-09-05 13:37:06,276 - TextbookConverter - INFO - 转换前言...
2025-09-05 13:37:06,455 - TextbookConverter - INFO - 转换第1章: chapter01
2025-09-05 13:37:06,455 - TextbookConverter - INFO -   处理主文件: chapter01.md
2025-09-05 13:37:06,491 - TextbookConverter - INFO -   处理节文件: section01-01.md
2025-09-05 13:37:06,564 - TextbookConverter - INFO -   处理节文件: section01-02.md
2025-09-05 13:37:06,650 - TextbookConverter - INFO -   处理节文件: section01-03.md
2025-09-05 13:37:06,686 - TextbookConverter - INFO - ✅ 第1章转换完成
2025-09-05 13:37:06,686 - TextbookConverter - INFO - 转换第2章: chapter02
2025-09-05 13:37:06,686 - TextbookConverter - INFO -   处理主文件: chapter02.md
2025-09-05 13:37:06,722 - TextbookConverter - INFO -   处理节文件: section02-01.md
2025-09-05 13:37:06,761 - TextbookConverter - INFO -   处理节文件: section02-02.md
2025-09-05 13:37:06,832 - TextbookConverter - INFO -   处理节文件: section02-03.md
2025-09-05 13:37:06,892 - TextbookConverter - INFO -   处理节文件: section02-04.md
2025-09-05 13:37:06,923 - TextbookConverter - INFO -   处理节文件: section02-05.md
2025-09-05 13:37:06,997 - TextbookConverter - INFO -   处理节文件: section02-06.md
2025-09-05 13:37:07,025 - TextbookConverter - INFO - ✅ 第2章转换完成
2025-09-05 13:37:07,025 - TextbookConverter - INFO - 转换第3章: chapter03
2025-09-05 13:37:07,026 - TextbookConverter - INFO -   处理主文件: chapter03.md
2025-09-05 13:37:07,059 - TextbookConverter - INFO -   处理节文件: section03-01.md
2025-09-05 13:37:07,129 - TextbookConverter - INFO -   处理节文件: section03-02.md
2025-09-05 13:37:07,200 - TextbookConverter - INFO -   处理节文件: section03-03.md
2025-09-05 13:37:07,269 - TextbookConverter - INFO -   处理节文件: section03-04.md
2025-09-05 13:37:07,334 - TextbookConverter - INFO -   处理节文件: section03-05.md
2025-09-05 13:37:07,375 - TextbookConverter - INFO -   处理节文件: section03-06.md
2025-09-05 13:37:07,441 - TextbookConverter - INFO -   处理节文件: section03-07.md
2025-09-05 13:37:07,508 - TextbookConverter - INFO - ✅ 第3章转换完成
2025-09-05 13:37:07,508 - TextbookConverter - INFO - 转换第4章: chapter04
2025-09-05 13:37:07,508 - TextbookConverter - INFO -   处理主文件: chapter04.md
2025-09-05 13:37:07,577 - TextbookConverter - INFO -   处理节文件: section04-01.md
2025-09-05 13:37:07,616 - TextbookConverter - INFO -   处理节文件: section04-02.md
2025-09-05 13:37:07,734 - TextbookConverter - INFO -   处理节文件: section04-03.md
2025-09-05 13:37:07,812 - TextbookConverter - INFO -   处理节文件: section04-04.md
2025-09-05 13:37:07,931 - TextbookConverter - INFO -   处理节文件: section04-05.md
2025-09-05 13:37:08,038 - TextbookConverter - INFO -   处理节文件: section04-06.md
2025-09-05 13:37:08,274 - TextbookConverter - INFO -   处理节文件: section04-07.md
2025-09-05 13:37:08,388 - TextbookConverter - INFO - ✅ 第4章转换完成
2025-09-05 13:37:08,389 - TextbookConverter - INFO - 转换第5章: chapter05
2025-09-05 13:37:08,389 - TextbookConverter - INFO -   处理主文件: chapter05.md
2025-09-05 13:37:08,460 - TextbookConverter - INFO -   处理节文件: section05-01.md
2025-09-05 13:37:08,591 - TextbookConverter - INFO -   处理节文件: section05-02.md
2025-09-05 13:37:08,674 - TextbookConverter - INFO -   处理节文件: section05-03.md
2025-09-05 13:37:08,755 - TextbookConverter - INFO -   处理节文件: section05-04.md
2025-09-05 13:37:08,830 - TextbookConverter - INFO -   处理节文件: section05-05.md
2025-09-05 13:37:08,900 - TextbookConverter - INFO -   处理节文件: section05-06.md
2025-09-05 13:37:08,992 - TextbookConverter - INFO - ✅ 第5章转换完成
2025-09-05 13:37:08,992 - TextbookConverter - INFO - 转换第6章: chapter06
2025-09-05 13:37:08,993 - TextbookConverter - INFO -   处理主文件: chapter06.md
2025-09-05 13:37:09,059 - TextbookConverter - INFO -   处理节文件: section06-01.md
2025-09-05 13:37:09,093 - TextbookConverter - INFO -   处理节文件: section06-02.md
2025-09-05 13:37:09,233 - TextbookConverter - INFO -   处理节文件: section06-03.md
2025-09-05 13:37:09,979 - TextbookConverter - INFO -   处理节文件: section06-04.md
2025-09-05 13:37:10,063 - TextbookConverter - INFO -   处理节文件: section06-05.md
2025-09-05 13:37:10,141 - TextbookConverter - INFO -   处理节文件: section06-06.md
2025-09-05 13:37:10,226 - TextbookConverter - INFO -   处理节文件: section06-07.md
2025-09-05 13:37:10,297 - TextbookConverter - INFO - ✅ 第6章转换完成
2025-09-05 13:37:10,297 - TextbookConverter - INFO - 转换第7章: chapter07
2025-09-05 13:37:10,298 - TextbookConverter - INFO -   处理主文件: chapter07.md
2025-09-05 13:37:10,369 - TextbookConverter - INFO -   处理节文件: section07-01.md
2025-09-05 13:37:10,448 - TextbookConverter - INFO -   处理节文件: section07-02.md
2025-09-05 13:37:10,524 - TextbookConverter - INFO -   处理节文件: section07-03.md
2025-09-05 13:37:10,600 - TextbookConverter - INFO -   处理节文件: section07-04.md
2025-09-05 13:37:10,686 - TextbookConverter - INFO - ✅ 第7章转换完成
2025-09-05 13:37:10,686 - TextbookConverter - INFO - 转换第8章: chapter08
2025-09-05 13:37:10,687 - TextbookConverter - INFO -   处理主文件: chapter08.md
2025-09-05 13:37:10,763 - TextbookConverter - INFO -   处理节文件: section08-01.md
2025-09-05 13:37:10,875 - TextbookConverter - INFO -   处理节文件: section08-02.md
2025-09-05 13:37:10,978 - TextbookConverter - INFO -   处理节文件: section08-03.md
2025-09-05 13:37:11,056 - TextbookConverter - INFO -   处理节文件: section08-04.md
2025-09-05 13:37:11,131 - TextbookConverter - INFO -   处理节文件: section08-05.md
2025-09-05 13:37:11,212 - TextbookConverter - INFO - ✅ 第8章转换完成
2025-09-05 13:37:11,212 - TextbookConverter - INFO - 转换第9章: chapter09
2025-09-05 13:37:11,213 - TextbookConverter - INFO -   处理主文件: chapter09.md
2025-09-05 13:37:11,249 - TextbookConverter - INFO - ✅ 第9章转换完成
2025-09-05 13:37:11,249 - TextbookConverter - INFO - 转换附录: appendixA.md
2025-09-05 13:37:11,324 - TextbookConverter - INFO - 转换附录: appendixB.md
2025-09-05 13:37:11,360 - TextbookConverter - INFO - 转换附录: appendixC.md
2025-09-05 13:37:11,433 - TextbookConverter - INFO - 处理图片文件...
2025-09-05 13:37:11,476 - TextbookConverter - INFO - 复制了 83 张图片
2025-09-05 13:37:11,476 - TextbookConverter - INFO - ✅ 所有章节转换完成
2025-09-05 13:37:22,692 - TextbookConverter - INFO - 转换器初始化完成
2025-09-05 13:37:22,692 - TextbookConverter - INFO - 项目根目录: E:\2025\教材\智慧水利平台架构与开发
2025-09-05 13:37:22,693 - TextbookConverter - INFO - 文档目录: E:\2025\教材\智慧水利平台架构与开发\docs
2025-09-05 13:37:22,693 - TextbookConverter - INFO - LaTeX输出目录: E:\2025\教材\智慧水利平台架构与开发\publish\latex
2025-09-05 13:37:22,693 - TextbookConverter - INFO - ============================================================
2025-09-05 13:37:22,693 - TextbookConverter - INFO - 智慧水利教材转换器 - 改进版
2025-09-05 13:37:22,693 - TextbookConverter - INFO - ============================================================
2025-09-05 13:37:22,694 - TextbookConverter - INFO - 🚀 开始教材转换流程
2025-09-05 13:37:22,696 - TextbookConverter - INFO - 发现 9 个章节目录
2025-09-05 13:37:22,696 - TextbookConverter - INFO - 转换前言...
2025-09-05 13:37:22,780 - TextbookConverter - INFO - 转换第1章: chapter01
2025-09-05 13:37:22,780 - TextbookConverter - INFO -   处理主文件: chapter01.md
2025-09-05 13:37:22,818 - TextbookConverter - INFO -   处理节文件: section01-01.md
2025-09-05 13:37:22,896 - TextbookConverter - INFO -   处理节文件: section01-02.md
2025-09-05 13:37:22,981 - TextbookConverter - INFO -   处理节文件: section01-03.md
2025-09-05 13:37:23,016 - TextbookConverter - INFO - ✅ 第1章转换完成
2025-09-05 13:37:23,016 - TextbookConverter - INFO - 转换第2章: chapter02
2025-09-05 13:37:23,017 - TextbookConverter - INFO -   处理主文件: chapter02.md
2025-09-05 13:37:23,058 - TextbookConverter - INFO -   处理节文件: section02-01.md
2025-09-05 13:37:23,097 - TextbookConverter - INFO -   处理节文件: section02-02.md
2025-09-05 13:37:23,180 - TextbookConverter - INFO -   处理节文件: section02-03.md
2025-09-05 13:37:23,251 - TextbookConverter - INFO -   处理节文件: section02-04.md
2025-09-05 13:37:23,284 - TextbookConverter - INFO -   处理节文件: section02-05.md
2025-09-05 13:37:23,363 - TextbookConverter - INFO -   处理节文件: section02-06.md
2025-09-05 13:37:23,393 - TextbookConverter - INFO - ✅ 第2章转换完成
2025-09-05 13:37:23,393 - TextbookConverter - INFO - 转换第3章: chapter03
2025-09-05 13:37:23,394 - TextbookConverter - INFO -   处理主文件: chapter03.md
2025-09-05 13:37:23,426 - TextbookConverter - INFO -   处理节文件: section03-01.md
2025-09-05 13:37:23,495 - TextbookConverter - INFO -   处理节文件: section03-02.md
2025-09-05 13:37:23,567 - TextbookConverter - INFO -   处理节文件: section03-03.md
2025-09-05 13:37:23,637 - TextbookConverter - INFO -   处理节文件: section03-04.md
2025-09-05 13:37:23,706 - TextbookConverter - INFO -   处理节文件: section03-05.md
2025-09-05 13:37:23,742 - TextbookConverter - INFO -   处理节文件: section03-06.md
2025-09-05 13:37:23,807 - TextbookConverter - INFO -   处理节文件: section03-07.md
2025-09-05 13:37:23,877 - TextbookConverter - INFO - ✅ 第3章转换完成
2025-09-05 13:37:23,877 - TextbookConverter - INFO - 转换第4章: chapter04
2025-09-05 13:37:23,877 - TextbookConverter - INFO -   处理主文件: chapter04.md
2025-09-05 13:37:23,946 - TextbookConverter - INFO -   处理节文件: section04-01.md
2025-09-05 13:37:23,983 - TextbookConverter - INFO -   处理节文件: section04-02.md
2025-09-05 13:37:24,059 - TextbookConverter - INFO -   处理节文件: section04-03.md
2025-09-05 13:37:24,128 - TextbookConverter - INFO -   处理节文件: section04-04.md
2025-09-05 13:37:24,243 - TextbookConverter - INFO -   处理节文件: section04-05.md
2025-09-05 13:37:24,340 - TextbookConverter - INFO -   处理节文件: section04-06.md
2025-09-05 13:37:24,570 - TextbookConverter - INFO -   处理节文件: section04-07.md
2025-09-05 13:37:24,681 - TextbookConverter - INFO - ✅ 第4章转换完成
2025-09-05 13:37:24,682 - TextbookConverter - INFO - 转换第5章: chapter05
2025-09-05 13:37:24,682 - TextbookConverter - INFO -   处理主文件: chapter05.md
2025-09-05 13:37:24,753 - TextbookConverter - INFO -   处理节文件: section05-01.md
2025-09-05 13:37:24,889 - TextbookConverter - INFO -   处理节文件: section05-02.md
2025-09-05 13:37:24,971 - TextbookConverter - INFO -   处理节文件: section05-03.md
2025-09-05 13:37:25,052 - TextbookConverter - INFO -   处理节文件: section05-04.md
2025-09-05 13:37:25,132 - TextbookConverter - INFO -   处理节文件: section05-05.md
2025-09-05 13:37:25,217 - TextbookConverter - INFO -   处理节文件: section05-06.md
2025-09-05 13:37:25,323 - TextbookConverter - INFO - ✅ 第5章转换完成
2025-09-05 13:37:25,324 - TextbookConverter - INFO - 转换第6章: chapter06
2025-09-05 13:37:25,324 - TextbookConverter - INFO -   处理主文件: chapter06.md
2025-09-05 13:37:25,397 - TextbookConverter - INFO -   处理节文件: section06-01.md
2025-09-05 13:37:25,432 - TextbookConverter - INFO -   处理节文件: section06-02.md
2025-09-05 13:37:25,633 - TextbookConverter - INFO -   处理节文件: section06-03.md
2025-09-05 13:37:26,287 - TextbookConverter - INFO -   处理节文件: section06-04.md
2025-09-05 13:37:26,372 - TextbookConverter - INFO -   处理节文件: section06-05.md
2025-09-05 13:37:26,446 - TextbookConverter - INFO -   处理节文件: section06-06.md
2025-09-05 13:37:26,535 - TextbookConverter - INFO -   处理节文件: section06-07.md
2025-09-05 13:37:26,607 - TextbookConverter - INFO - ✅ 第6章转换完成
2025-09-05 13:37:26,607 - TextbookConverter - INFO - 转换第7章: chapter07
2025-09-05 13:37:26,607 - TextbookConverter - INFO -   处理主文件: chapter07.md
2025-09-05 13:37:26,675 - TextbookConverter - INFO -   处理节文件: section07-01.md
2025-09-05 13:37:26,801 - TextbookConverter - INFO -   处理节文件: section07-02.md
2025-09-05 13:37:26,889 - TextbookConverter - INFO -   处理节文件: section07-03.md
2025-09-05 13:37:26,964 - TextbookConverter - INFO -   处理节文件: section07-04.md
2025-09-05 13:37:27,045 - TextbookConverter - INFO - ✅ 第7章转换完成
2025-09-05 13:37:27,045 - TextbookConverter - INFO - 转换第8章: chapter08
2025-09-05 13:37:27,046 - TextbookConverter - INFO -   处理主文件: chapter08.md
2025-09-05 13:37:27,124 - TextbookConverter - INFO -   处理节文件: section08-01.md
2025-09-05 13:37:27,240 - TextbookConverter - INFO -   处理节文件: section08-02.md
2025-09-05 13:37:27,346 - TextbookConverter - INFO -   处理节文件: section08-03.md
2025-09-05 13:37:27,424 - TextbookConverter - INFO -   处理节文件: section08-04.md
2025-09-05 13:37:27,500 - TextbookConverter - INFO -   处理节文件: section08-05.md
2025-09-05 13:37:27,578 - TextbookConverter - INFO - ✅ 第8章转换完成
2025-09-05 13:37:27,578 - TextbookConverter - INFO - 转换第9章: chapter09
2025-09-05 13:37:27,578 - TextbookConverter - INFO -   处理主文件: chapter09.md
2025-09-05 13:37:27,614 - TextbookConverter - INFO - ✅ 第9章转换完成
2025-09-05 13:37:27,614 - TextbookConverter - INFO - 转换附录: appendixA.md
2025-09-05 13:37:27,686 - TextbookConverter - INFO - 转换附录: appendixB.md
2025-09-05 13:37:27,721 - TextbookConverter - INFO - 转换附录: appendixC.md
2025-09-05 13:37:27,794 - TextbookConverter - INFO - 处理图片文件...
2025-09-05 13:37:27,839 - TextbookConverter - INFO - 复制了 83 张图片
2025-09-05 13:37:27,840 - TextbookConverter - INFO - ✅ 所有章节转换完成
2025-09-05 13:37:27,840 - TextbookConverter - INFO - 🔨 开始构建LaTeX文档...
2025-09-05 13:37:27,840 - TextbookConverter - INFO - 执行命令: xelatex main.tex
2025-09-05 13:38:35,589 - TextbookConverter - INFO - 用户中断转换
2025-09-05 21:46:22,042 - TextbookConverter - INFO - 转换器初始化完成
2025-09-05 21:46:22,056 - TextbookConverter - INFO - 项目根目录: E:\2025\教材\智慧水利平台架构与开发
2025-09-05 21:46:22,056 - TextbookConverter - INFO - 文档目录: docs
2025-09-05 21:46:22,057 - TextbookConverter - INFO - LaTeX输出目录: output
2025-09-05 21:46:22,057 - TextbookConverter - INFO - ============================================================
2025-09-05 21:46:22,057 - TextbookConverter - INFO - 智慧水利教材转换器 - 改进版
2025-09-05 21:46:22,057 - TextbookConverter - INFO - ============================================================
2025-09-05 21:46:22,057 - TextbookConverter - INFO - 🚀 开始教材转换流程
2025-09-05 21:46:22,059 - TextbookConverter - INFO - 发现 1 个章节目录
2025-09-05 21:46:22,059 - TextbookConverter - INFO - 转换第6章: chapter06
2025-09-05 21:46:22,060 - TextbookConverter - INFO - ✅ 第6章转换完成
2025-09-05 21:46:22,061 - TextbookConverter - INFO - 转换附录: appendixA.md
2025-09-05 21:46:22,285 - TextbookConverter - INFO - 转换附录: appendixB.md
2025-09-05 21:46:22,333 - TextbookConverter - INFO - 转换附录: appendixC.md
2025-09-05 21:46:22,424 - TextbookConverter - INFO - 处理图片文件...
2025-09-05 21:46:22,449 - TextbookConverter - INFO - 复制了 34 张图片
2025-09-05 21:46:22,449 - TextbookConverter - INFO - ✅ 所有章节转换完成
2025-09-05 21:46:22,450 - TextbookConverter - INFO - 🔨 开始构建LaTeX文档...
2025-09-05 21:46:22,450 - TextbookConverter - INFO - 执行命令: xelatex main.tex
2025-09-05 21:46:29,288 - TextbookConverter - INFO - LaTeX命令执行成功
2025-09-05 21:46:29,288 - TextbookConverter - INFO - 执行命令: xelatex main.tex
2025-09-05 21:46:32,464 - TextbookConverter - INFO - LaTeX命令执行成功
2025-09-05 21:46:32,464 - TextbookConverter - ERROR - PDF文件未生成
2025-09-05 21:46:32,464 - TextbookConverter - ERROR - LaTeX构建失败
2025-09-06 14:07:01,527 - INFO - 🚀 改进版转换器启动
2025-09-06 14:07:01,527 - INFO - 开始复制图片文件
2025-09-06 14:07:03,815 - INFO - 复制图片: /mnt/d/Projects/教材/智慧水利平台架构与开发/docs/chapters/images/chapter02 -> /mnt/d/Projects/教材/智慧水利平台架构与开发/publish/latex/images/chapter02
2025-09-06 14:07:09,940 - INFO - 复制图片: /mnt/d/Projects/教材/智慧水利平台架构与开发/docs/chapters/chapter06/images -> /mnt/d/Projects/教材/智慧水利平台架构与开发/publish/latex/images/chapter06
2025-09-06 14:07:10,594 - INFO - 前言转换成功
2025-09-06 14:07:10,629 - INFO - 读取主文件: chapter01.md
2025-09-06 14:07:10,652 - INFO - 读取小节: section01-01.md
2025-09-06 14:07:10,668 - INFO - 读取小节: section01-02.md
2025-09-06 14:07:10,682 - INFO - 读取小节: section01-03.md
2025-09-06 14:07:11,513 - INFO - 第1章转换成功
2025-09-06 14:07:11,546 - INFO - 读取主文件: chapter02.md
2025-09-06 14:07:11,581 - INFO - 读取小节: section02-01.md
2025-09-06 14:07:11,590 - INFO - 读取小节: section02-02.md
2025-09-06 14:07:11,601 - INFO - 读取小节: section02-03.md
2025-09-06 14:07:11,628 - INFO - 读取小节: section02-04.md
2025-09-06 14:07:11,686 - INFO - 读取小节: section02-05.md
2025-09-06 14:07:11,699 - INFO - 读取小节: section02-06.md
2025-09-06 14:07:12,381 - INFO - 第2章转换成功
2025-09-06 14:07:12,417 - INFO - 读取主文件: chapter03.md
2025-09-06 14:07:12,441 - INFO - 读取小节: section03-01.md
2025-09-06 14:07:12,448 - INFO - 读取小节: section03-02.md
2025-09-06 14:07:12,457 - INFO - 读取小节: section03-03.md
2025-09-06 14:07:12,466 - INFO - 读取小节: section03-04.md
2025-09-06 14:07:12,474 - INFO - 读取小节: section03-05.md
2025-09-06 14:07:12,483 - INFO - 读取小节: section03-06.md
2025-09-06 14:07:12,492 - INFO - 读取小节: section03-07.md
2025-09-06 14:07:13,216 - INFO - 第3章转换成功
2025-09-06 14:07:13,251 - INFO - 读取主文件: chapter04.md
2025-09-06 14:07:13,266 - INFO - 读取小节: section04-01.md
2025-09-06 14:07:13,273 - INFO - 读取小节: section04-02.md
2025-09-06 14:07:13,279 - INFO - 读取小节: section04-03.md
2025-09-06 14:07:13,293 - INFO - 读取小节: section04-04.md
2025-09-06 14:07:13,305 - INFO - 读取小节: section04-05.md
2025-09-06 14:07:13,312 - INFO - 读取小节: section04-06.md
2025-09-06 14:07:13,320 - INFO - 读取小节: section04-07.md
2025-09-06 14:07:17,549 - INFO - 第4章转换成功
2025-09-06 14:07:17,627 - INFO - 读取主文件: chapter05.md
2025-09-06 14:07:17,699 - INFO - 读取小节: section05-01.md
2025-09-06 14:07:17,716 - INFO - 读取小节: section05-02.md
2025-09-06 14:07:17,728 - INFO - 读取小节: section05-03.md
2025-09-06 14:07:17,738 - INFO - 读取小节: section05-04.md
2025-09-06 14:07:17,749 - INFO - 读取小节: section05-05.md
2025-09-06 14:07:17,758 - INFO - 读取小节: section05-06.md
2025-09-06 14:07:19,281 - INFO - 第5章转换成功
2025-09-06 14:07:19,317 - INFO - 读取主文件: chapter06.md
2025-09-06 14:07:19,335 - INFO - 读取小节: section06-01.md
2025-09-06 14:07:19,345 - INFO - 读取小节: section06-02.md
2025-09-06 14:07:19,352 - INFO - 读取小节: section06-03.md
2025-09-06 14:07:19,360 - INFO - 读取小节: section06-04.md
2025-09-06 14:07:19,367 - INFO - 读取小节: section06-05.md
2025-09-06 14:07:19,379 - INFO - 读取小节: section06-06.md
2025-09-06 14:07:19,402 - INFO - 读取小节: section06-07.md
2025-09-06 14:07:22,728 - INFO - 第6章转换成功
2025-09-06 14:07:22,740 - INFO - 读取主文件: chapter07.md
2025-09-06 14:07:22,749 - INFO - 读取小节: section07-01.md
2025-09-06 14:07:22,754 - INFO - 读取小节: section07-02.md
2025-09-06 14:07:22,764 - INFO - 读取小节: section07-03.md
2025-09-06 14:07:22,771 - INFO - 读取小节: section07-04.md
2025-09-06 14:07:23,685 - INFO - 第7章转换成功
2025-09-06 14:07:23,699 - INFO - 读取主文件: chapter08.md
2025-09-06 14:07:23,715 - INFO - 读取小节: section08-01.md
2025-09-06 14:07:23,724 - INFO - 读取小节: section08-02.md
2025-09-06 14:07:23,735 - INFO - 读取小节: section08-03.md
2025-09-06 14:07:23,748 - INFO - 读取小节: section08-04.md
2025-09-06 14:07:23,762 - INFO - 读取小节: section08-05.md
2025-09-06 14:07:25,077 - INFO - 第8章转换成功
2025-09-06 14:07:25,095 - INFO - 读取主文件: chapter09.md
2025-09-06 14:07:25,592 - INFO - 第9章转换成功
2025-09-06 14:07:25,594 - INFO - 转换统计：成功章节数 9/9，图片复制 100 个项
2025-09-06 14:07:25,602 - INFO - 主LaTeX文件生成: /mnt/d/Projects/教材/智慧水利平台架构与开发/publish/latex/main.tex
2025-09-06 14:07:25,603 - INFO - 已按 --convert-only 完成转换
2025-09-06 14:08:12,397 - INFO - 前言转换成功
2025-09-06 14:08:12,410 - INFO - 读取主文件: chapter01.md
2025-09-06 14:08:12,421 - INFO - 读取小节: section01-01.md
2025-09-06 14:08:12,427 - INFO - 读取小节: section01-02.md
2025-09-06 14:08:12,431 - INFO - 读取小节: section01-03.md
2025-09-06 14:08:12,937 - INFO - 第1章转换成功
2025-09-06 14:08:43,787 - INFO - 🚀 改进版转换器启动
2025-09-06 14:08:43,788 - INFO - 开始复制图片文件
2025-09-06 14:08:45,864 - INFO - 复制图片: /mnt/d/Projects/教材/智慧水利平台架构与开发/docs/chapters/images/chapter02 -> /mnt/d/Projects/教材/智慧水利平台架构与开发/publish/latex/images/chapter02
2025-09-06 14:08:52,290 - INFO - 复制图片: /mnt/d/Projects/教材/智慧水利平台架构与开发/docs/chapters/chapter06/images -> /mnt/d/Projects/教材/智慧水利平台架构与开发/publish/latex/images/chapter06
2025-09-06 14:08:52,321 - INFO - 按 --build-only 开始编译
2025-09-06 14:09:09,563 - WARNING - 第一次编译返回非零，继续第二次编译
2025-09-06 14:09:24,646 - INFO - PDF 编译完成: /mnt/d/Projects/教材/智慧水利平台架构与开发/publish/latex/main.pdf
2025-09-06 14:13:27,957 - INFO - 🚀 改进版转换器启动
2025-09-06 14:13:27,958 - INFO - 开始复制图片文件
2025-09-06 14:13:30,914 - INFO - 复制图片: /mnt/d/Projects/教材/智慧水利平台架构与开发/docs/chapters/images/chapter02 -> /mnt/d/Projects/教材/智慧水利平台架构与开发/output/images/chapter02
2025-09-06 14:13:38,115 - INFO - 复制图片: /mnt/d/Projects/教材/智慧水利平台架构与开发/docs/chapters/chapter06/images -> /mnt/d/Projects/教材/智慧水利平台架构与开发/output/images/chapter06
2025-09-06 14:13:39,228 - INFO - 前言转换成功
2025-09-06 14:13:39,252 - INFO - 读取主文件: chapter01.md
2025-09-06 14:13:39,275 - INFO - 读取小节: section01-01.md
2025-09-06 14:13:39,284 - INFO - 读取小节: section01-02.md
2025-09-06 14:13:39,297 - INFO - 读取小节: section01-03.md
2025-09-06 14:13:40,094 - INFO - 第1章转换成功
2025-09-06 14:13:40,131 - INFO - 读取主文件: chapter02.md
2025-09-06 14:13:40,162 - INFO - 读取小节: section02-01.md
2025-09-06 14:13:40,173 - INFO - 读取小节: section02-02.md
2025-09-06 14:13:40,181 - INFO - 读取小节: section02-03.md
2025-09-06 14:13:40,200 - INFO - 读取小节: section02-04.md
2025-09-06 14:13:40,217 - INFO - 读取小节: section02-05.md
2025-09-06 14:13:40,225 - INFO - 读取小节: section02-06.md
2025-09-06 14:13:41,000 - INFO - 第2章转换成功
2025-09-06 14:13:41,048 - INFO - 读取主文件: chapter03.md
2025-09-06 14:13:41,081 - INFO - 读取小节: section03-01.md
2025-09-06 14:13:41,100 - INFO - 读取小节: section03-02.md
2025-09-06 14:13:41,109 - INFO - 读取小节: section03-03.md
2025-09-06 14:13:41,117 - INFO - 读取小节: section03-04.md
2025-09-06 14:13:41,123 - INFO - 读取小节: section03-05.md
2025-09-06 14:13:41,133 - INFO - 读取小节: section03-06.md
2025-09-06 14:13:41,140 - INFO - 读取小节: section03-07.md
2025-09-06 14:13:41,832 - INFO - 第3章转换成功
2025-09-06 14:13:41,846 - INFO - 读取主文件: chapter04.md
2025-09-06 14:13:41,857 - INFO - 读取小节: section04-01.md
2025-09-06 14:13:41,863 - INFO - 读取小节: section04-02.md
2025-09-06 14:13:41,869 - INFO - 读取小节: section04-03.md
2025-09-06 14:13:41,879 - INFO - 读取小节: section04-04.md
2025-09-06 14:13:41,886 - INFO - 读取小节: section04-05.md
2025-09-06 14:13:41,892 - INFO - 读取小节: section04-06.md
2025-09-06 14:13:41,897 - INFO - 读取小节: section04-07.md
2025-09-06 14:13:45,169 - INFO - 第4章转换成功
2025-09-06 14:13:45,192 - INFO - 读取主文件: chapter05.md
2025-09-06 14:13:45,205 - INFO - 读取小节: section05-01.md
2025-09-06 14:13:45,216 - INFO - 读取小节: section05-02.md
2025-09-06 14:13:45,224 - INFO - 读取小节: section05-03.md
2025-09-06 14:13:45,234 - INFO - 读取小节: section05-04.md
2025-09-06 14:13:45,249 - INFO - 读取小节: section05-05.md
2025-09-06 14:13:45,264 - INFO - 读取小节: section05-06.md
2025-09-06 14:13:46,498 - INFO - 第5章转换成功
2025-09-06 14:13:46,510 - INFO - 读取主文件: chapter06.md
2025-09-06 14:13:46,524 - INFO - 读取小节: section06-01.md
2025-09-06 14:13:46,531 - INFO - 读取小节: section06-02.md
2025-09-06 14:13:46,537 - INFO - 读取小节: section06-03.md
2025-09-06 14:13:46,547 - INFO - 读取小节: section06-04.md
2025-09-06 14:13:46,552 - INFO - 读取小节: section06-05.md
2025-09-06 14:13:46,559 - INFO - 读取小节: section06-06.md
2025-09-06 14:13:46,567 - INFO - 读取小节: section06-07.md
2025-09-06 14:13:48,807 - INFO - 第6章转换成功
2025-09-06 14:13:48,822 - INFO - 读取主文件: chapter07.md
2025-09-06 14:13:48,835 - INFO - 读取小节: section07-01.md
2025-09-06 14:13:48,842 - INFO - 读取小节: section07-02.md
2025-09-06 14:13:48,847 - INFO - 读取小节: section07-03.md
2025-09-06 14:13:48,853 - INFO - 读取小节: section07-04.md
2025-09-06 14:13:49,327 - INFO - 第7章转换成功
2025-09-06 14:13:49,339 - INFO - 读取主文件: chapter08.md
2025-09-06 14:13:49,354 - INFO - 读取小节: section08-01.md
2025-09-06 14:13:49,362 - INFO - 读取小节: section08-02.md
2025-09-06 14:13:49,369 - INFO - 读取小节: section08-03.md
2025-09-06 14:13:49,375 - INFO - 读取小节: section08-04.md
2025-09-06 14:13:49,381 - INFO - 读取小节: section08-05.md
2025-09-06 14:13:49,952 - INFO - 第8章转换成功
2025-09-06 14:13:49,961 - INFO - 读取主文件: chapter09.md
2025-09-06 14:13:50,277 - INFO - 第9章转换成功
2025-09-06 14:13:50,279 - INFO - 转换统计：成功章节数 9/9，图片复制 0 个项
2025-09-06 14:13:50,284 - INFO - 主LaTeX文件生成: /mnt/d/Projects/教材/智慧水利平台架构与开发/output/main.tex
2025-09-06 14:13:50,284 - INFO - 已按 --convert-only 完成转换
2025-09-06 14:15:12,178 - INFO - 🚀 改进版转换器启动
2025-09-06 14:15:12,179 - INFO - 开始复制图片文件
2025-09-06 14:15:14,674 - INFO - 复制图片: /mnt/d/Projects/教材/智慧水利平台架构与开发/docs/chapters/images/chapter02 -> /mnt/d/Projects/教材/智慧水利平台架构与开发/output/images/chapter02
2025-09-06 14:15:21,088 - INFO - 复制图片: /mnt/d/Projects/教材/智慧水利平台架构与开发/docs/chapters/chapter06/images -> /mnt/d/Projects/教材/智慧水利平台架构与开发/output/images/chapter06
2025-09-06 14:15:21,124 - INFO - 按 --build-only 开始编译
2025-09-06 14:15:38,070 - WARNING - 第一次编译返回非零，继续第二次编译
2025-09-06 14:15:51,999 - INFO - PDF 编译完成: /mnt/d/Projects/教材/智慧水利平台架构与开发/output/main.pdf
2025-09-06 14:18:41,371 - INFO - 前言转换成功
2025-09-06 14:18:41,385 - INFO - 读取主文件: chapter01.md
2025-09-06 14:18:41,412 - INFO - 读取小节: section01-01.md
2025-09-06 14:18:41,424 - INFO - 读取小节: section01-02.md
2025-09-06 14:18:41,432 - INFO - 读取小节: section01-03.md
2025-09-06 14:18:41,907 - INFO - 第1章转换成功
2025-09-06 14:23:56,290 - INFO - 🚀 改进版转换器启动
2025-09-06 14:23:57,124 - INFO - 已清理旧目录: /mnt/d/Projects/教材/智慧水利平台架构与开发/publish/latex
2025-09-06 14:23:57,166 - INFO - 开始复制图片文件
2025-09-06 14:23:58,833 - INFO - 复制图片: /mnt/d/Projects/教材/智慧水利平台架构与开发/docs/chapters/images/chapter02 -> /mnt/d/Projects/教材/智慧水利平台架构与开发/output/images/chapter02
2025-09-06 14:24:02,833 - INFO - 复制图片: /mnt/d/Projects/教材/智慧水利平台架构与开发/docs/chapters/chapter06/images -> /mnt/d/Projects/教材/智慧水利平台架构与开发/output/images/chapter06
2025-09-06 14:24:03,180 - INFO - 前言转换成功
2025-09-06 14:24:03,195 - INFO - 读取主文件: chapter01.md
2025-09-06 14:24:03,209 - INFO - 读取小节: section01-01.md
2025-09-06 14:24:03,216 - INFO - 读取小节: section01-02.md
2025-09-06 14:24:03,221 - INFO - 读取小节: section01-03.md
2025-09-06 14:24:03,586 - INFO - 第1章转换成功
2025-09-06 14:24:03,587 - INFO - 转换统计：成功章节数 1/1，图片复制 0 个项
2025-09-06 14:24:03,590 - INFO - 主LaTeX文件生成: /mnt/d/Projects/教材/智慧水利平台架构与开发/output/main.tex
2025-09-06 14:24:03,591 - INFO - 已按 --convert-only 完成转换
2025-09-06 14:24:03,823 - INFO - 🚀 改进版转换器启动
2025-09-06 14:24:03,824 - INFO - 开始复制图片文件
2025-09-06 14:24:05,222 - INFO - 复制图片: /mnt/d/Projects/教材/智慧水利平台架构与开发/docs/chapters/images/chapter02 -> /mnt/d/Projects/教材/智慧水利平台架构与开发/output/images/chapter02
2025-09-06 14:24:08,914 - INFO - 复制图片: /mnt/d/Projects/教材/智慧水利平台架构与开发/docs/chapters/chapter06/images -> /mnt/d/Projects/教材/智慧水利平台架构与开发/output/images/chapter06
2025-09-06 14:24:08,937 - INFO - 按 --build-only 开始编译
2025-09-06 14:24:16,097 - INFO - PDF 编译完成: /mnt/d/Projects/教材/智慧水利平台架构与开发/output/main.pdf
2025-09-06 14:25:27,738 - INFO - 🚀 改进版转换器启动
2025-09-06 14:25:27,789 - INFO - 开始复制图片文件
2025-09-06 14:25:30,277 - INFO - 复制图片: /mnt/d/Projects/教材/智慧水利平台架构与开发/docs/chapters/images/chapter02 -> /mnt/d/Projects/教材/智慧水利平台架构与开发/output/images/chapter02
2025-09-06 14:25:36,523 - INFO - 复制图片: /mnt/d/Projects/教材/智慧水利平台架构与开发/docs/chapters/chapter06/images -> /mnt/d/Projects/教材/智慧水利平台架构与开发/output/images/chapter06
2025-09-06 14:25:37,154 - INFO - 前言转换成功
2025-09-06 14:25:37,164 - INFO - 读取主文件: chapter01.md
2025-09-06 14:25:37,176 - INFO - 读取小节: section01-01.md
2025-09-06 14:25:37,181 - INFO - 读取小节: section01-02.md
2025-09-06 14:25:37,185 - INFO - 读取小节: section01-03.md
2025-09-06 14:36:26,618 - WARNING - 前言标题归一化失败: bad escape \c at position 0 (line 1, column 1)
2025-09-06 14:36:26,619 - INFO - 前言转换成功
2025-09-06 14:37:34,131 - INFO - 前言转换成功
2025-09-06 14:40:07,055 - INFO - 前言转换成功
2025-09-06 14:48:26,214 - INFO - 🚀 改进版转换器启动
2025-09-06 14:48:26,215 - INFO - 开始复制图片文件
2025-09-06 14:48:27,931 - INFO - 复制图片: /mnt/d/Projects/教材/智慧水利平台架构与开发/docs/chapters/images/chapter02 -> /mnt/d/Projects/教材/智慧水利平台架构与开发/output/images/chapter02
2025-09-06 14:48:32,658 - INFO - 复制图片: /mnt/d/Projects/教材/智慧水利平台架构与开发/docs/chapters/chapter06/images -> /mnt/d/Projects/教材/智慧水利平台架构与开发/output/images/chapter06
2025-09-06 14:48:33,066 - INFO - 前言转换成功
2025-09-06 14:48:33,075 - INFO - 读取主文件: chapter02.md
2025-09-06 14:48:33,086 - INFO - 读取小节: section02-01.md
2025-09-06 14:48:33,092 - INFO - 读取小节: section02-02.md
2025-09-06 14:48:33,097 - INFO - 读取小节: section02-03.md
2025-09-06 14:48:33,102 - INFO - 读取小节: section02-04.md
2025-09-06 14:48:33,107 - INFO - 读取小节: section02-05.md
2025-09-06 14:48:33,113 - INFO - 读取小节: section02-06.md
2025-09-06 14:48:33,615 - INFO - 第2章转换成功
2025-09-06 14:48:33,616 - INFO - 转换统计：成功章节数 1/1，图片复制 0 个项
2025-09-06 14:48:33,621 - INFO - 主LaTeX文件生成: /mnt/d/Projects/教材/智慧水利平台架构与开发/output/main.tex
2025-09-06 14:48:33,622 - INFO - 已按 --convert-only 完成转换
2025-09-06 14:48:57,672 - INFO - 🚀 改进版转换器启动
2025-09-06 14:48:57,689 - INFO - 开始复制图片文件
2025-09-06 14:48:59,298 - INFO - 复制图片: /mnt/d/Projects/教材/智慧水利平台架构与开发/docs/chapters/images/chapter02 -> /mnt/d/Projects/教材/智慧水利平台架构与开发/output/images/chapter02
2025-09-06 14:49:03,827 - INFO - 复制图片: /mnt/d/Projects/教材/智慧水利平台架构与开发/docs/chapters/chapter06/images -> /mnt/d/Projects/教材/智慧水利平台架构与开发/output/images/chapter06
2025-09-06 14:49:04,236 - INFO - 前言转换成功
2025-09-06 14:49:04,254 - INFO - 读取主文件: chapter02.md
2025-09-06 14:49:04,267 - INFO - 读取小节: section02-01.md
2025-09-06 14:49:04,273 - INFO - 读取小节: section02-02.md
2025-09-06 14:49:04,278 - INFO - 读取小节: section02-03.md
2025-09-06 14:49:04,284 - INFO - 读取小节: section02-04.md
2025-09-06 14:49:04,288 - INFO - 读取小节: section02-05.md
2025-09-06 14:49:04,293 - INFO - 读取小节: section02-06.md
2025-09-06 14:49:04,728 - INFO - 第2章转换成功
2025-09-06 14:49:04,729 - INFO - 转换统计：成功章节数 1/1，图片复制 0 个项
2025-09-06 14:49:04,733 - INFO - 主LaTeX文件生成: /mnt/d/Projects/教材/智慧水利平台架构与开发/output/main.tex
2025-09-06 14:49:04,733 - INFO - 已按 --convert-only 完成转换
2025-09-06 14:49:04,956 - INFO - 🚀 改进版转换器启动
2025-09-06 14:49:04,957 - INFO - 开始复制图片文件
2025-09-06 14:49:06,685 - INFO - 复制图片: /mnt/d/Projects/教材/智慧水利平台架构与开发/docs/chapters/images/chapter02 -> /mnt/d/Projects/教材/智慧水利平台架构与开发/output/images/chapter02
2025-09-06 14:49:10,853 - INFO - 复制图片: /mnt/d/Projects/教材/智慧水利平台架构与开发/docs/chapters/chapter06/images -> /mnt/d/Projects/教材/智慧水利平台架构与开发/output/images/chapter06
2025-09-06 14:49:10,871 - INFO - 按 --build-only 开始编译
2025-09-06 14:49:15,615 - WARNING - 第一次编译返回非零，继续第二次编译
2025-09-06 14:49:21,452 - INFO - PDF 编译完成: /mnt/d/Projects/教材/智慧水利平台架构与开发/output/main.pdf
2025-09-06 14:58:38,395 - INFO - 🚀 改进版转换器启动
2025-09-06 14:58:38,395 - INFO - 开始复制图片文件
2025-09-06 14:58:40,434 - INFO - 复制图片: /mnt/d/Projects/教材/智慧水利平台架构与开发/docs/chapters/images/chapter02 -> /mnt/d/Projects/教材/智慧水利平台架构与开发/output/images/chapter02
2025-09-06 14:58:44,637 - INFO - 复制图片: /mnt/d/Projects/教材/智慧水利平台架构与开发/docs/chapters/chapter06/images -> /mnt/d/Projects/教材/智慧水利平台架构与开发/output/images/chapter06
2025-09-06 14:58:45,051 - INFO - 前言转换成功
2025-09-06 14:58:45,063 - INFO - 读取主文件: chapter02.md
2025-09-06 14:58:45,080 - INFO - 读取小节: section02-01.md
2025-09-06 14:58:45,085 - INFO - 读取小节: section02-02.md
2025-09-06 14:58:45,093 - INFO - 读取小节: section02-03.md
2025-09-06 14:58:45,099 - INFO - 读取小节: section02-04.md
2025-09-06 14:58:45,103 - INFO - 读取小节: section02-05.md
2025-09-06 14:58:45,108 - INFO - 读取小节: section02-06.md
2025-09-06 14:58:45,496 - INFO - 第2章转换成功
2025-09-06 14:58:45,499 - INFO - 转换统计：成功章节数 1/1，图片复制 0 个项
2025-09-06 14:58:45,500 - ERROR - 主LaTeX文件生成失败: name 'chapters' is not defined
2025-09-06 14:58:45,501 - INFO - 已按 --convert-only 完成转换
2025-09-06 14:58:45,749 - INFO - 🚀 改进版转换器启动
2025-09-06 14:58:45,750 - INFO - 开始复制图片文件
2025-09-06 14:58:47,545 - INFO - 复制图片: /mnt/d/Projects/教材/智慧水利平台架构与开发/docs/chapters/images/chapter02 -> /mnt/d/Projects/教材/智慧水利平台架构与开发/output/images/chapter02
2025-09-06 14:58:52,122 - INFO - 复制图片: /mnt/d/Projects/教材/智慧水利平台架构与开发/docs/chapters/chapter06/images -> /mnt/d/Projects/教材/智慧水利平台架构与开发/output/images/chapter06
2025-09-06 14:58:52,149 - INFO - 按 --build-only 开始编译
2025-09-06 14:58:57,731 - WARNING - 第一次编译返回非零，继续第二次编译
2025-09-06 14:59:02,513 - INFO - PDF 编译完成: /mnt/d/Projects/教材/智慧水利平台架构与开发/output/main.pdf
2025-09-06 14:59:35,556 - INFO - 🚀 改进版转换器启动
2025-09-06 14:59:35,557 - INFO - 开始复制图片文件
2025-09-06 14:59:37,350 - INFO - 复制图片: /mnt/d/Projects/教材/智慧水利平台架构与开发/docs/chapters/images/chapter02 -> /mnt/d/Projects/教材/智慧水利平台架构与开发/output/images/chapter02
2025-09-06 14:59:41,873 - INFO - 复制图片: /mnt/d/Projects/教材/智慧水利平台架构与开发/docs/chapters/chapter06/images -> /mnt/d/Projects/教材/智慧水利平台架构与开发/output/images/chapter06
2025-09-06 14:59:42,478 - INFO - 前言转换成功
2025-09-06 14:59:42,497 - INFO - 读取主文件: chapter02.md
2025-09-06 14:59:42,518 - INFO - 读取小节: section02-01.md
2025-09-06 14:59:42,526 - INFO - 读取小节: section02-02.md
2025-09-06 14:59:42,539 - INFO - 读取小节: section02-03.md
2025-09-06 14:59:42,548 - INFO - 读取小节: section02-04.md
2025-09-06 14:59:42,558 - INFO - 读取小节: section02-05.md
2025-09-06 14:59:42,572 - INFO - 读取小节: section02-06.md
2025-09-06 14:59:43,090 - INFO - 第2章转换成功
2025-09-06 14:59:43,092 - INFO - 转换统计：成功章节数 1/1，图片复制 0 个项
2025-09-06 14:59:43,098 - INFO - 主LaTeX文件生成: /mnt/d/Projects/教材/智慧水利平台架构与开发/output/main.tex
2025-09-06 14:59:43,098 - INFO - 已按 --convert-only 完成转换
2025-09-06 14:59:55,943 - INFO - 🚀 改进版转换器启动
2025-09-06 14:59:55,944 - INFO - 开始复制图片文件
2025-09-06 14:59:57,704 - INFO - 复制图片: /mnt/d/Projects/教材/智慧水利平台架构与开发/docs/chapters/images/chapter02 -> /mnt/d/Projects/教材/智慧水利平台架构与开发/output/images/chapter02
2025-09-06 15:00:02,464 - INFO - 复制图片: /mnt/d/Projects/教材/智慧水利平台架构与开发/docs/chapters/chapter06/images -> /mnt/d/Projects/教材/智慧水利平台架构与开发/output/images/chapter06
2025-09-06 15:00:02,483 - INFO - 按 --build-only 开始编译
2025-09-06 15:00:07,361 - WARNING - 第一次编译返回非零，继续第二次编译
2025-09-06 15:00:11,543 - INFO - PDF 编译完成: /mnt/d/Projects/教材/智慧水利平台架构与开发/output/main.pdf
2025-09-06 15:01:44,431 - INFO - 🚀 改进版转换器启动
2025-09-06 15:01:44,451 - INFO - 开始复制图片文件
2025-09-06 15:01:46,070 - INFO - 复制图片: /mnt/d/Projects/教材/智慧水利平台架构与开发/docs/chapters/images/chapter02 -> /mnt/d/Projects/教材/智慧水利平台架构与开发/output/images/chapter02
2025-09-06 15:01:50,533 - INFO - 复制图片: /mnt/d/Projects/教材/智慧水利平台架构与开发/docs/chapters/chapter06/images -> /mnt/d/Projects/教材/智慧水利平台架构与开发/output/images/chapter06
2025-09-06 15:01:50,973 - INFO - 前言转换成功
2025-09-06 15:01:50,981 - INFO - 读取主文件: chapter01.md
2025-09-06 15:01:50,990 - INFO - 读取小节: section01-01.md
2025-09-06 15:01:50,996 - INFO - 读取小节: section01-02.md
2025-09-06 15:01:51,001 - INFO - 读取小节: section01-03.md
2025-09-06 15:01:51,383 - INFO - 第1章转换成功
2025-09-06 15:01:51,384 - INFO - 转换统计：成功章节数 1/1，图片复制 0 个项
2025-09-06 15:01:51,388 - INFO - 主LaTeX文件生成: /mnt/d/Projects/教材/智慧水利平台架构与开发/output/main.tex
2025-09-06 15:01:51,388 - INFO - 已按 --convert-only 完成转换
2025-09-06 15:01:51,635 - INFO - 🚀 改进版转换器启动
2025-09-06 15:01:51,636 - INFO - 开始复制图片文件
2025-09-06 15:01:53,342 - INFO - 复制图片: /mnt/d/Projects/教材/智慧水利平台架构与开发/docs/chapters/images/chapter02 -> /mnt/d/Projects/教材/智慧水利平台架构与开发/output/images/chapter02
2025-09-06 15:01:56,922 - INFO - 复制图片: /mnt/d/Projects/教材/智慧水利平台架构与开发/docs/chapters/chapter06/images -> /mnt/d/Projects/教材/智慧水利平台架构与开发/output/images/chapter06
2025-09-06 15:01:56,965 - INFO - 按 --build-only 开始编译
2025-09-06 15:02:04,706 - INFO - PDF 编译完成: /mnt/d/Projects/教材/智慧水利平台架构与开发/output/main.pdf
2025-09-06 15:02:04,943 - INFO - 🚀 改进版转换器启动
2025-09-06 15:02:04,943 - INFO - 开始复制图片文件
2025-09-06 15:02:06,474 - INFO - 复制图片: /mnt/d/Projects/教材/智慧水利平台架构与开发/docs/chapters/images/chapter02 -> /mnt/d/Projects/教材/智慧水利平台架构与开发/output/images/chapter02
2025-09-06 15:02:10,362 - INFO - 复制图片: /mnt/d/Projects/教材/智慧水利平台架构与开发/docs/chapters/chapter06/images -> /mnt/d/Projects/教材/智慧水利平台架构与开发/output/images/chapter06
2025-09-06 15:02:10,768 - INFO - 前言转换成功
2025-09-06 15:02:10,777 - INFO - 读取主文件: chapter01.md
2025-09-06 15:02:10,798 - INFO - 读取小节: section01-01.md
2025-09-06 15:02:10,805 - INFO - 读取小节: section01-02.md
2025-09-06 15:02:10,811 - INFO - 读取小节: section01-03.md
2025-09-06 15:02:11,210 - INFO - 第1章转换成功
2025-09-06 15:02:11,234 - INFO - 读取主文件: chapter02.md
2025-09-06 15:02:11,255 - INFO - 读取小节: section02-01.md
2025-09-06 15:02:11,265 - INFO - 读取小节: section02-02.md
2025-09-06 15:02:11,273 - INFO - 读取小节: section02-03.md
2025-09-06 15:02:11,282 - INFO - 读取小节: section02-04.md
2025-09-06 15:02:11,290 - INFO - 读取小节: section02-05.md
2025-09-06 15:02:11,297 - INFO - 读取小节: section02-06.md
2025-09-06 15:02:11,900 - INFO - 第2章转换成功
2025-09-06 15:02:11,901 - INFO - 转换统计：成功章节数 2/2，图片复制 0 个项
2025-09-06 15:02:11,910 - INFO - 主LaTeX文件生成: /mnt/d/Projects/教材/智慧水利平台架构与开发/output/main.tex
2025-09-06 15:02:11,911 - INFO - 已按 --convert-only 完成转换
2025-09-06 15:02:12,319 - INFO - 🚀 改进版转换器启动
2025-09-06 15:02:12,320 - INFO - 开始复制图片文件
2025-09-06 15:02:14,041 - INFO - 复制图片: /mnt/d/Projects/教材/智慧水利平台架构与开发/docs/chapters/images/chapter02 -> /mnt/d/Projects/教材/智慧水利平台架构与开发/output/images/chapter02
2025-09-06 15:02:18,434 - INFO - 复制图片: /mnt/d/Projects/教材/智慧水利平台架构与开发/docs/chapters/chapter06/images -> /mnt/d/Projects/教材/智慧水利平台架构与开发/output/images/chapter06
2025-09-06 15:02:18,451 - INFO - 按 --build-only 开始编译
2025-09-06 15:02:23,403 - WARNING - 第一次编译返回非零，继续第二次编译
2025-09-06 15:02:28,055 - INFO - PDF 编译完成: /mnt/d/Projects/教材/智慧水利平台架构与开发/output/main.pdf
2025-09-06 15:06:14,035 - INFO - 🚀 改进版转换器启动
2025-09-06 15:06:14,077 - INFO - 开始复制图片文件
2025-09-06 15:06:16,304 - INFO - 复制图片: /mnt/d/Projects/教材/智慧水利平台架构与开发/docs/chapters/images/chapter02 -> /mnt/d/Projects/教材/智慧水利平台架构与开发/output/images/chapter02
2025-09-06 15:06:21,403 - INFO - 复制图片: /mnt/d/Projects/教材/智慧水利平台架构与开发/docs/chapters/chapter06/images -> /mnt/d/Projects/教材/智慧水利平台架构与开发/output/images/chapter06
2025-09-06 15:06:21,848 - INFO - 前言转换成功
2025-09-06 15:06:21,861 - INFO - 读取主文件: chapter01.md
2025-09-06 15:06:21,871 - INFO - 读取小节: section01-01.md
2025-09-06 15:06:21,876 - INFO - 读取小节: section01-02.md
2025-09-06 15:06:21,881 - INFO - 读取小节: section01-03.md
2025-09-06 15:06:22,268 - INFO - 第1章转换成功
2025-09-06 15:06:22,269 - INFO - 转换统计：成功章节数 1/1，图片复制 0 个项
2025-09-06 15:06:22,275 - INFO - 主LaTeX文件生成: /mnt/d/Projects/教材/智慧水利平台架构与开发/output/main.tex
2025-09-06 15:06:22,275 - INFO - 已按 --convert-only 完成转换
2025-09-06 15:06:22,519 - INFO - 🚀 改进版转换器启动
2025-09-06 15:06:22,520 - INFO - 开始复制图片文件
2025-09-06 15:06:24,407 - INFO - 复制图片: /mnt/d/Projects/教材/智慧水利平台架构与开发/docs/chapters/images/chapter02 -> /mnt/d/Projects/教材/智慧水利平台架构与开发/output/images/chapter02
2025-09-06 15:06:29,334 - INFO - 复制图片: /mnt/d/Projects/教材/智慧水利平台架构与开发/docs/chapters/chapter06/images -> /mnt/d/Projects/教材/智慧水利平台架构与开发/output/images/chapter06
2025-09-06 15:06:29,351 - INFO - 按 --build-only 开始编译
2025-09-06 15:06:37,183 - INFO - PDF 编译完成: /mnt/d/Projects/教材/智慧水利平台架构与开发/output/main.pdf
2025-09-06 15:15:40,412 - INFO - 🚀 改进版转换器启动
2025-09-06 15:15:40,427 - INFO - 开始复制图片文件
2025-09-06 15:15:42,338 - INFO - 复制图片: /mnt/d/Projects/教材/智慧水利平台架构与开发/docs/chapters/images/chapter02 -> /mnt/d/Projects/教材/智慧水利平台架构与开发/output/images/chapter02
2025-09-06 15:15:46,517 - INFO - 复制图片: /mnt/d/Projects/教材/智慧水利平台架构与开发/docs/chapters/chapter06/images -> /mnt/d/Projects/教材/智慧水利平台架构与开发/output/images/chapter06
2025-09-06 15:15:46,966 - INFO - 前言转换成功
2025-09-06 15:15:46,979 - INFO - 读取主文件: chapter01.md
2025-09-06 15:15:46,995 - INFO - 读取小节: section01-01.md
2025-09-06 15:15:47,002 - INFO - 读取小节: section01-02.md
2025-09-06 15:15:47,009 - INFO - 读取小节: section01-03.md
2025-09-06 15:15:47,470 - INFO - 第1章转换成功
2025-09-06 15:15:47,471 - INFO - 转换统计：成功章节数 1/1，图片复制 0 个项
2025-09-06 15:15:47,475 - INFO - 主LaTeX文件生成: /mnt/d/Projects/教材/智慧水利平台架构与开发/output/main.tex
2025-09-06 15:15:47,476 - INFO - 已按 --convert-only 完成转换
2025-09-06 15:15:47,729 - INFO - 🚀 改进版转换器启动
2025-09-06 15:15:47,729 - INFO - 开始复制图片文件
2025-09-06 15:15:49,562 - INFO - 复制图片: /mnt/d/Projects/教材/智慧水利平台架构与开发/docs/chapters/images/chapter02 -> /mnt/d/Projects/教材/智慧水利平台架构与开发/output/images/chapter02
2025-09-06 15:15:54,101 - INFO - 复制图片: /mnt/d/Projects/教材/智慧水利平台架构与开发/docs/chapters/chapter06/images -> /mnt/d/Projects/教材/智慧水利平台架构与开发/output/images/chapter06
2025-09-06 15:15:54,122 - INFO - 按 --build-only 开始编译
2025-09-06 15:15:58,519 - WARNING - 第一次编译返回非零，继续第二次编译
2025-09-06 15:16:01,817 - INFO - PDF 编译完成: /mnt/d/Projects/教材/智慧水利平台架构与开发/output/main.pdf
2025-09-06 15:17:32,115 - INFO - 🚀 改进版转换器启动
2025-09-06 15:17:32,133 - INFO - 开始复制图片文件
2025-09-06 15:17:34,171 - INFO - 复制图片: /mnt/d/Projects/教材/智慧水利平台架构与开发/docs/chapters/images/chapter02 -> /mnt/d/Projects/教材/智慧水利平台架构与开发/output/images/chapter02
2025-09-06 15:17:38,705 - INFO - 复制图片: /mnt/d/Projects/教材/智慧水利平台架构与开发/docs/chapters/chapter06/images -> /mnt/d/Projects/教材/智慧水利平台架构与开发/output/images/chapter06
2025-09-06 15:17:39,243 - INFO - 前言转换成功
2025-09-06 15:17:39,253 - INFO - 读取主文件: chapter01.md
2025-09-06 15:17:39,266 - INFO - 读取小节: section01-01.md
2025-09-06 15:17:39,271 - INFO - 读取小节: section01-02.md
2025-09-06 15:17:39,277 - INFO - 读取小节: section01-03.md
2025-09-06 15:17:39,665 - INFO - 第1章转换成功
2025-09-06 15:17:39,665 - INFO - 转换统计：成功章节数 1/1，图片复制 0 个项
2025-09-06 15:17:39,670 - INFO - 主LaTeX文件生成: /mnt/d/Projects/教材/智慧水利平台架构与开发/output/main.tex
2025-09-06 15:17:39,670 - INFO - 已按 --convert-only 完成转换
2025-09-06 15:17:39,962 - INFO - 🚀 改进版转换器启动
2025-09-06 15:17:39,963 - INFO - 开始复制图片文件
2025-09-06 15:17:42,161 - INFO - 复制图片: /mnt/d/Projects/教材/智慧水利平台架构与开发/docs/chapters/images/chapter02 -> /mnt/d/Projects/教材/智慧水利平台架构与开发/output/images/chapter02
2025-09-06 15:17:46,171 - INFO - 复制图片: /mnt/d/Projects/教材/智慧水利平台架构与开发/docs/chapters/chapter06/images -> /mnt/d/Projects/教材/智慧水利平台架构与开发/output/images/chapter06
2025-09-06 15:17:46,186 - INFO - 按 --build-only 开始编译
2025-09-06 15:17:51,213 - WARNING - 第一次编译返回非零，继续第二次编译
2025-09-06 15:17:55,176 - INFO - PDF 编译完成: /mnt/d/Projects/教材/智慧水利平台架构与开发/output/main.pdf
2025-09-06 15:28:55,905 - INFO - 🚀 改进版转换器启动
2025-09-06 15:28:55,925 - INFO - 开始复制图片文件
2025-09-06 15:28:58,200 - INFO - 复制图片: /mnt/d/Projects/教材/智慧水利平台架构与开发/docs/chapters/images/chapter02 -> /mnt/d/Projects/教材/智慧水利平台架构与开发/output/images/chapter02
2025-09-06 15:29:03,637 - INFO - 复制图片: /mnt/d/Projects/教材/智慧水利平台架构与开发/docs/chapters/chapter06/images -> /mnt/d/Projects/教材/智慧水利平台架构与开发/output/images/chapter06
2025-09-06 15:29:04,101 - INFO - 前言转换成功
2025-09-06 15:29:04,111 - INFO - 读取主文件: chapter01.md
2025-09-06 15:29:04,123 - INFO - 读取小节: section01-01.md
2025-09-06 15:29:04,128 - INFO - 读取小节: section01-02.md
2025-09-06 15:29:04,134 - INFO - 读取小节: section01-03.md
2025-09-06 15:29:04,712 - INFO - 第1章转换成功
2025-09-06 15:29:04,712 - INFO - 转换统计：成功章节数 1/1，图片复制 0 个项
2025-09-06 15:29:04,715 - INFO - 主LaTeX文件生成: /mnt/d/Projects/教材/智慧水利平台架构与开发/output/main.tex
2025-09-06 15:29:04,715 - INFO - 已按 --convert-only 完成转换
2025-09-06 15:29:05,249 - INFO - 🚀 改进版转换器启动
2025-09-06 15:29:05,249 - INFO - 开始复制图片文件
2025-09-06 15:32:48,331 - INFO - 🚀 改进版转换器启动
2025-09-06 15:32:48,346 - INFO - 开始复制图片文件
2025-09-06 15:32:50,686 - INFO - 复制图片: /mnt/d/Projects/教材/智慧水利平台架构与开发/docs/chapters/images/chapter02 -> /mnt/d/Projects/教材/智慧水利平台架构与开发/output/images/chapter02
2025-09-06 15:32:58,117 - INFO - 复制图片: /mnt/d/Projects/教材/智慧水利平台架构与开发/docs/chapters/chapter06/images -> /mnt/d/Projects/教材/智慧水利平台架构与开发/output/images/chapter06
2025-09-06 15:32:58,643 - INFO - 前言转换成功
2025-09-06 15:32:58,655 - INFO - 读取主文件: chapter01.md
2025-09-06 15:32:58,667 - INFO - 读取小节: section01-01.md
2025-09-06 15:32:58,672 - INFO - 读取小节: section01-02.md
2025-09-06 15:32:58,677 - INFO - 读取小节: section01-03.md
2025-09-06 15:32:59,091 - INFO - 第1章转换成功
2025-09-06 15:32:59,092 - INFO - 转换统计：成功章节数 1/1，图片复制 0 个项
2025-09-06 15:32:59,118 - INFO - 主LaTeX文件生成: /mnt/d/Projects/教材/智慧水利平台架构与开发/output/main.tex
2025-09-06 15:32:59,119 - INFO - 已按 --convert-only 完成转换
2025-09-06 15:32:59,385 - INFO - 🚀 改进版转换器启动
2025-09-06 15:32:59,386 - INFO - 开始复制图片文件
2025-09-06 15:33:01,396 - INFO - 复制图片: /mnt/d/Projects/教材/智慧水利平台架构与开发/docs/chapters/images/chapter02 -> /mnt/d/Projects/教材/智慧水利平台架构与开发/output/images/chapter02
2025-09-06 15:33:05,995 - INFO - 复制图片: /mnt/d/Projects/教材/智慧水利平台架构与开发/docs/chapters/chapter06/images -> /mnt/d/Projects/教材/智慧水利平台架构与开发/output/images/chapter06
2025-09-06 15:33:06,018 - INFO - 按 --build-only 开始编译
2025-09-06 15:33:09,541 - WARNING - 第一次编译返回非零，继续第二次编译
2025-09-06 15:33:13,078 - INFO - PDF 编译完成: /mnt/d/Projects/教材/智慧水利平台架构与开发/output/main.pdf
2025-09-06 15:45:59,061 - INFO - 🚀 改进版转换器启动
2025-09-06 15:45:59,074 - INFO - 开始复制图片文件
2025-09-06 15:46:00,846 - INFO - 复制图片: /mnt/d/Projects/教材/智慧水利平台架构与开发/docs/chapters/images/chapter02 -> /mnt/d/Projects/教材/智慧水利平台架构与开发/output/images/chapter02
2025-09-06 15:46:05,406 - INFO - 复制图片: /mnt/d/Projects/教材/智慧水利平台架构与开发/docs/chapters/chapter06/images -> /mnt/d/Projects/教材/智慧水利平台架构与开发/output/images/chapter06
2025-09-06 15:46:05,854 - INFO - 前言转换成功
2025-09-06 15:46:05,866 - INFO - 读取主文件: chapter01.md
2025-09-06 15:46:05,879 - INFO - 读取小节: section01-01.md
2025-09-06 15:46:05,885 - INFO - 读取小节: section01-02.md
2025-09-06 15:46:05,890 - INFO - 读取小节: section01-03.md
2025-09-06 15:46:06,237 - INFO - 第1章转换成功
2025-09-06 15:46:06,238 - INFO - 转换统计：成功章节数 1/1，图片复制 0 个项
2025-09-06 15:46:06,243 - INFO - 主LaTeX文件生成: /mnt/d/Projects/教材/智慧水利平台架构与开发/output/main.tex
2025-09-06 15:46:06,243 - INFO - 已按 --convert-only 完成转换
2025-09-06 15:46:06,486 - INFO - 🚀 改进版转换器启动
2025-09-06 15:46:06,486 - INFO - 开始复制图片文件
2025-09-06 15:46:08,190 - INFO - 复制图片: /mnt/d/Projects/教材/智慧水利平台架构与开发/docs/chapters/images/chapter02 -> /mnt/d/Projects/教材/智慧水利平台架构与开发/output/images/chapter02
2025-09-06 15:46:12,636 - INFO - 复制图片: /mnt/d/Projects/教材/智慧水利平台架构与开发/docs/chapters/chapter06/images -> /mnt/d/Projects/教材/智慧水利平台架构与开发/output/images/chapter06
2025-09-06 15:46:12,657 - INFO - 按 --build-only 开始编译
2025-09-06 15:46:16,346 - WARNING - 第一次编译返回非零，继续第二次编译
2025-09-06 15:46:19,620 - INFO - PDF 编译完成: /mnt/d/Projects/教材/智慧水利平台架构与开发/output/main.pdf
2025-09-06 15:51:01,504 - INFO - 🚀 改进版转换器启动
2025-09-06 15:51:01,520 - INFO - 开始复制图片文件
2025-09-06 15:51:04,141 - INFO - 复制图片: /mnt/d/Projects/教材/智慧水利平台架构与开发/docs/chapters/images/chapter02 -> /mnt/d/Projects/教材/智慧水利平台架构与开发/output/images/chapter02
2025-09-06 15:51:10,404 - INFO - 复制图片: /mnt/d/Projects/教材/智慧水利平台架构与开发/docs/chapters/chapter06/images -> /mnt/d/Projects/教材/智慧水利平台架构与开发/output/images/chapter06
2025-09-06 15:51:10,934 - INFO - 前言转换成功
2025-09-06 15:51:10,960 - INFO - 读取主文件: chapter01.md
2025-09-06 15:51:10,981 - INFO - 读取小节: section01-01.md
2025-09-06 15:51:10,995 - INFO - 读取小节: section01-02.md
2025-09-06 15:51:11,001 - INFO - 读取小节: section01-03.md
2025-09-06 15:51:11,458 - INFO - 第1章转换成功
2025-09-06 15:51:11,459 - INFO - 转换统计：成功章节数 1/1，图片复制 0 个项
2025-09-06 15:51:11,464 - INFO - 主LaTeX文件生成: /mnt/d/Projects/教材/智慧水利平台架构与开发/output/main.tex
2025-09-06 15:51:11,465 - INFO - 已按 --convert-only 完成转换
2025-09-06 15:51:11,765 - INFO - 🚀 改进版转换器启动
2025-09-06 15:51:11,766 - INFO - 开始复制图片文件
2025-09-06 15:51:14,266 - INFO - 复制图片: /mnt/d/Projects/教材/智慧水利平台架构与开发/docs/chapters/images/chapter02 -> /mnt/d/Projects/教材/智慧水利平台架构与开发/output/images/chapter02
2025-09-06 15:51:18,898 - INFO - 复制图片: /mnt/d/Projects/教材/智慧水利平台架构与开发/docs/chapters/chapter06/images -> /mnt/d/Projects/教材/智慧水利平台架构与开发/output/images/chapter06
2025-09-06 15:51:18,917 - INFO - 按 --build-only 开始编译
2025-09-06 15:51:22,611 - WARNING - 第一次编译返回非零，继续第二次编译
2025-09-06 15:51:25,965 - INFO - PDF 编译完成: /mnt/d/Projects/教材/智慧水利平台架构与开发/output/main.pdf
2025-09-06 15:58:06,370 - INFO - 🚀 改进版转换器启动
2025-09-06 15:58:06,389 - INFO - 开始复制图片文件
2025-09-06 15:58:08,786 - INFO - 复制图片: /mnt/d/Projects/教材/智慧水利平台架构与开发/docs/chapters/images/chapter02 -> /mnt/d/Projects/教材/智慧水利平台架构与开发/output/images/chapter02
2025-09-06 15:58:14,639 - INFO - 复制图片: /mnt/d/Projects/教材/智慧水利平台架构与开发/docs/chapters/chapter06/images -> /mnt/d/Projects/教材/智慧水利平台架构与开发/output/images/chapter06
2025-09-06 15:58:15,614 - INFO - 前言转换成功
2025-09-06 15:58:15,625 - INFO - 读取主文件: chapter01.md
2025-09-06 15:58:15,643 - INFO - 读取小节: section01-01.md
2025-09-06 15:58:15,668 - INFO - 读取小节: section01-02.md
2025-09-06 15:58:15,698 - INFO - 读取小节: section01-03.md
2025-09-06 15:58:16,554 - INFO - 第1章转换成功
2025-09-06 15:58:16,555 - INFO - 转换统计：成功章节数 1/1，图片复制 0 个项
2025-09-06 15:58:16,559 - INFO - 主LaTeX文件生成: /mnt/d/Projects/教材/智慧水利平台架构与开发/output/main.tex
2025-09-06 15:58:16,559 - INFO - 已按 --convert-only 完成转换
2025-09-06 15:58:17,000 - INFO - 🚀 改进版转换器启动
2025-09-06 15:58:17,001 - INFO - 开始复制图片文件
2025-09-06 15:58:19,165 - INFO - 复制图片: /mnt/d/Projects/教材/智慧水利平台架构与开发/docs/chapters/images/chapter02 -> /mnt/d/Projects/教材/智慧水利平台架构与开发/output/images/chapter02
2025-09-06 15:58:24,182 - INFO - 复制图片: /mnt/d/Projects/教材/智慧水利平台架构与开发/docs/chapters/chapter06/images -> /mnt/d/Projects/教材/智慧水利平台架构与开发/output/images/chapter06
2025-09-06 15:58:24,205 - INFO - 按 --build-only 开始编译
2025-09-06 15:58:27,963 - WARNING - 第一次编译返回非零，继续第二次编译
2025-09-06 15:58:31,118 - INFO - PDF 编译完成: /mnt/d/Projects/教材/智慧水利平台架构与开发/output/main.pdf
2025-09-06 16:03:10,916 - INFO - 🚀 改进版转换器启动
2025-09-06 16:03:10,931 - INFO - 开始复制图片文件
2025-09-06 16:03:12,694 - INFO - 复制图片: /mnt/d/Projects/教材/智慧水利平台架构与开发/docs/chapters/images/chapter02 -> /mnt/d/Projects/教材/智慧水利平台架构与开发/output/images/chapter02
2025-09-06 16:03:17,129 - INFO - 复制图片: /mnt/d/Projects/教材/智慧水利平台架构与开发/docs/chapters/chapter06/images -> /mnt/d/Projects/教材/智慧水利平台架构与开发/output/images/chapter06
2025-09-06 16:03:17,566 - INFO - 前言转换成功
2025-09-06 16:03:17,580 - INFO - 读取主文件: chapter01.md
2025-09-06 16:03:17,591 - INFO - 读取小节: section01-01.md
2025-09-06 16:03:17,597 - INFO - 读取小节: section01-02.md
2025-09-06 16:03:17,601 - INFO - 读取小节: section01-03.md
2025-09-06 16:03:17,950 - INFO - 第1章转换成功
2025-09-06 16:03:17,979 - INFO - 读取主文件: chapter02.md
2025-09-06 16:03:17,998 - INFO - 读取小节: section02-01.md
2025-09-06 16:03:18,008 - INFO - 读取小节: section02-02.md
2025-09-06 16:03:18,015 - INFO - 读取小节: section02-03.md
2025-09-06 16:03:18,021 - INFO - 读取小节: section02-04.md
2025-09-06 16:03:18,027 - INFO - 读取小节: section02-05.md
2025-09-06 16:03:18,032 - INFO - 读取小节: section02-06.md
2025-09-06 16:03:18,440 - INFO - 第2章转换成功
2025-09-06 16:03:18,441 - INFO - 转换统计：成功章节数 2/2，图片复制 0 个项
2025-09-06 16:03:18,449 - INFO - 主LaTeX文件生成: /mnt/d/Projects/教材/智慧水利平台架构与开发/output/main.tex
2025-09-06 16:03:18,449 - INFO - 已按 --convert-only 完成转换
2025-09-06 16:03:18,670 - INFO - 🚀 改进版转换器启动
2025-09-06 16:03:18,670 - INFO - 开始复制图片文件
2025-09-06 16:03:20,404 - INFO - 复制图片: /mnt/d/Projects/教材/智慧水利平台架构与开发/docs/chapters/images/chapter02 -> /mnt/d/Projects/教材/智慧水利平台架构与开发/output/images/chapter02
2025-09-06 16:03:25,395 - INFO - 复制图片: /mnt/d/Projects/教材/智慧水利平台架构与开发/docs/chapters/chapter06/images -> /mnt/d/Projects/教材/智慧水利平台架构与开发/output/images/chapter06
2025-09-06 16:03:25,430 - INFO - 按 --build-only 开始编译
2025-09-06 16:03:30,557 - WARNING - 第一次编译返回非零，继续第二次编译
2025-09-06 16:03:35,104 - INFO - PDF 编译完成: /mnt/d/Projects/教材/智慧水利平台架构与开发/output/main.pdf
2025-09-06 16:08:14,685 - INFO - 🚀 改进版转换器启动
2025-09-06 16:08:14,711 - INFO - 开始复制图片文件
2025-09-06 16:08:16,921 - INFO - 复制图片: /mnt/d/Projects/教材/智慧水利平台架构与开发/docs/chapters/images/chapter02 -> /mnt/d/Projects/教材/智慧水利平台架构与开发/output/images/chapter02
2025-09-06 16:08:21,858 - INFO - 复制图片: /mnt/d/Projects/教材/智慧水利平台架构与开发/docs/chapters/chapter06/images -> /mnt/d/Projects/教材/智慧水利平台架构与开发/output/images/chapter06
2025-09-06 16:08:22,388 - INFO - 前言转换成功
2025-09-06 16:08:22,407 - INFO - 读取主文件: chapter02.md
2025-09-06 16:08:22,422 - INFO - 读取小节: section02-01.md
2025-09-06 16:08:22,428 - INFO - 读取小节: section02-02.md
2025-09-06 16:08:22,433 - INFO - 读取小节: section02-03.md
2025-09-06 16:08:22,449 - INFO - 读取小节: section02-04.md
2025-09-06 16:08:22,457 - INFO - 读取小节: section02-05.md
2025-09-06 16:08:22,462 - INFO - 读取小节: section02-06.md
2025-09-06 16:08:22,883 - INFO - 第2章转换成功
2025-09-06 16:08:22,884 - INFO - 转换统计：成功章节数 1/1，图片复制 0 个项
2025-09-06 16:08:22,904 - INFO - 主LaTeX文件生成: /mnt/d/Projects/教材/智慧水利平台架构与开发/output/main.tex
2025-09-06 16:08:22,904 - INFO - 已按 --convert-only 完成转换
2025-09-06 16:08:23,282 - INFO - 🚀 改进版转换器启动
2025-09-06 16:08:23,282 - INFO - 开始复制图片文件
2025-09-06 16:08:25,309 - INFO - 复制图片: /mnt/d/Projects/教材/智慧水利平台架构与开发/docs/chapters/images/chapter02 -> /mnt/d/Projects/教材/智慧水利平台架构与开发/output/images/chapter02
2025-09-06 16:08:29,532 - INFO - 复制图片: /mnt/d/Projects/教材/智慧水利平台架构与开发/docs/chapters/chapter06/images -> /mnt/d/Projects/教材/智慧水利平台架构与开发/output/images/chapter06
2025-09-06 16:08:29,550 - INFO - 按 --build-only 开始编译
2025-09-06 16:08:42,532 - WARNING - 第一次编译返回非零，继续第二次编译
2025-09-06 16:08:46,503 - INFO - PDF 编译完成: /mnt/d/Projects/教材/智慧水利平台架构与开发/output/main.pdf
2025-09-06 16:24:20,026 - INFO - 🚀 改进版转换器启动
2025-09-06 16:24:20,042 - INFO - 开始复制图片文件
2025-09-06 16:24:21,826 - INFO - 复制图片: /mnt/d/Projects/教材/智慧水利平台架构与开发/docs/chapters/images/chapter02 -> /mnt/d/Projects/教材/智慧水利平台架构与开发/output/images/chapter02
2025-09-06 16:24:25,959 - INFO - 复制图片: /mnt/d/Projects/教材/智慧水利平台架构与开发/docs/chapters/chapter06/images -> /mnt/d/Projects/教材/智慧水利平台架构与开发/output/images/chapter06
2025-09-06 16:24:26,431 - INFO - 前言转换成功
2025-09-06 16:24:26,445 - INFO - 读取主文件: chapter01.md
2025-09-06 16:24:26,458 - INFO - 读取小节: section01-01.md
2025-09-06 16:24:26,463 - INFO - 读取小节: section01-02.md
2025-09-06 16:24:26,468 - INFO - 读取小节: section01-03.md
2025-09-06 16:24:26,823 - INFO - 第1章转换成功
2025-09-06 16:24:26,832 - INFO - 读取主文件: chapter02.md
2025-09-06 16:24:26,843 - INFO - 读取小节: section02-01.md
2025-09-06 16:24:26,848 - INFO - 读取小节: section02-02.md
2025-09-06 16:24:26,853 - INFO - 读取小节: section02-03.md
2025-09-06 16:24:26,858 - INFO - 读取小节: section02-04.md
2025-09-06 16:24:26,862 - INFO - 读取小节: section02-05.md
2025-09-06 16:24:26,869 - INFO - 读取小节: section02-06.md
2025-09-06 16:24:27,286 - INFO - 第2章转换成功
2025-09-06 16:24:27,286 - INFO - 转换统计：成功章节数 2/2，图片复制 0 个项
2025-09-06 16:24:27,290 - INFO - 主LaTeX文件生成: /mnt/d/Projects/教材/智慧水利平台架构与开发/output/main.tex
2025-09-06 16:24:27,291 - INFO - 已按 --convert-only 完成转换
2025-09-06 16:24:27,580 - INFO - 🚀 改进版转换器启动
2025-09-06 16:24:27,583 - INFO - 开始复制图片文件
2025-09-06 16:24:29,262 - INFO - 复制图片: /mnt/d/Projects/教材/智慧水利平台架构与开发/docs/chapters/images/chapter02 -> /mnt/d/Projects/教材/智慧水利平台架构与开发/output/images/chapter02
2025-09-06 16:53:59,278 - INFO - 🚀 改进版转换器启动
2025-09-06 16:53:59,293 - INFO - 开始复制图片文件
2025-09-06 16:54:01,170 - INFO - 复制图片: /mnt/d/Projects/教材/智慧水利平台架构与开发/docs/chapters/images/chapter02 -> /mnt/d/Projects/教材/智慧水利平台架构与开发/output/images/chapter02
2025-09-06 16:54:05,600 - INFO - 复制图片: /mnt/d/Projects/教材/智慧水利平台架构与开发/docs/chapters/chapter06/images -> /mnt/d/Projects/教材/智慧水利平台架构与开发/output/images/chapter06
2025-09-06 16:54:06,067 - INFO - 前言转换成功
2025-09-06 16:54:06,098 - INFO - 读取主文件: chapter01.md
2025-09-06 16:54:06,110 - INFO - 读取小节: section01-01.md
2025-09-06 16:54:06,114 - INFO - 读取小节: section01-02.md
2025-09-06 16:54:06,119 - INFO - 读取小节: section01-03.md
2025-09-06 16:54:06,493 - INFO - 第1章转换成功
2025-09-06 16:54:06,512 - INFO - 读取主文件: chapter02.md
2025-09-06 16:54:06,536 - INFO - 读取小节: section02-01.md
2025-09-06 16:54:06,543 - INFO - 读取小节: section02-02.md
2025-09-06 16:54:06,547 - INFO - 读取小节: section02-03.md
2025-09-06 16:54:06,554 - INFO - 读取小节: section02-04.md
2025-09-06 16:54:06,559 - INFO - 读取小节: section02-05.md
2025-09-06 16:54:06,563 - INFO - 读取小节: section02-06.md
2025-09-06 16:54:07,002 - INFO - 第2章转换成功
2025-09-06 16:54:07,002 - INFO - 转换统计：成功章节数 2/2，图片复制 0 个项
2025-09-06 16:54:07,007 - INFO - 主LaTeX文件生成: /mnt/d/Projects/教材/智慧水利平台架构与开发/output/main.tex
2025-09-06 16:54:07,007 - INFO - 已按 --convert-only 完成转换
2025-09-06 16:54:07,389 - INFO - 🚀 改进版转换器启动
2025-09-06 16:54:07,390 - INFO - 开始复制图片文件
2025-09-06 16:59:33,628 - INFO - 🚀 改进版转换器启动
2025-09-06 16:59:33,638 - INFO - 开始复制图片文件
2025-09-06 16:59:35,461 - INFO - 复制图片: /mnt/d/Projects/教材/智慧水利平台架构与开发/docs/chapters/images/chapter02 -> /mnt/d/Projects/教材/智慧水利平台架构与开发/output/images/chapter02
2025-09-06 16:59:38,853 - INFO - 复制图片: /mnt/d/Projects/教材/智慧水利平台架构与开发/docs/chapters/chapter06/images -> /mnt/d/Projects/教材/智慧水利平台架构与开发/output/images/chapter06
2025-09-06 16:59:39,207 - INFO - 前言转换成功
2025-09-06 16:59:39,214 - INFO - 读取主文件: chapter01.md
2025-09-06 16:59:39,223 - INFO - 读取小节: section01-01.md
2025-09-06 16:59:39,226 - INFO - 读取小节: section01-02.md
2025-09-06 16:59:39,230 - INFO - 读取小节: section01-03.md
2025-09-06 16:59:39,536 - INFO - 第1章转换成功
2025-09-06 16:59:39,545 - INFO - 读取主文件: chapter02.md
2025-09-06 16:59:39,557 - INFO - 读取小节: section02-01.md
2025-09-06 16:59:39,561 - INFO - 读取小节: section02-02.md
2025-09-06 16:59:39,564 - INFO - 读取小节: section02-03.md
2025-09-06 16:59:39,568 - INFO - 读取小节: section02-04.md
2025-09-06 16:59:39,573 - INFO - 读取小节: section02-05.md
2025-09-06 16:59:39,576 - INFO - 读取小节: section02-06.md
2025-09-06 16:59:39,927 - INFO - 第2章转换成功
2025-09-06 16:59:39,930 - INFO - 转换统计：成功章节数 2/2，图片复制 0 个项
2025-09-06 16:59:39,934 - INFO - 主LaTeX文件生成: /mnt/d/Projects/教材/智慧水利平台架构与开发/output/main.tex
2025-09-06 16:59:39,935 - INFO - 已按 --convert-only 完成转换
2025-09-06 16:59:40,140 - INFO - 🚀 改进版转换器启动
2025-09-06 16:59:40,140 - INFO - 开始复制图片文件
2025-09-06 16:59:41,336 - INFO - 复制图片: /mnt/d/Projects/教材/智慧水利平台架构与开发/docs/chapters/images/chapter02 -> /mnt/d/Projects/教材/智慧水利平台架构与开发/output/images/chapter02
2025-09-06 17:05:04,233 - INFO - 🚀 改进版转换器启动
2025-09-06 17:05:04,246 - INFO - 开始复制图片文件
2025-09-06 17:05:05,423 - INFO - 复制图片: /mnt/d/Projects/教材/智慧水利平台架构与开发/docs/chapters/images/chapter02 -> /mnt/d/Projects/教材/智慧水利平台架构与开发/output/images/chapter02
2025-09-06 17:05:09,182 - INFO - 复制图片: /mnt/d/Projects/教材/智慧水利平台架构与开发/docs/chapters/chapter06/images -> /mnt/d/Projects/教材/智慧水利平台架构与开发/output/images/chapter06
2025-09-06 17:05:09,597 - INFO - 前言转换成功
2025-09-06 17:05:09,608 - INFO - 读取主文件: chapter01.md
2025-09-06 17:05:09,619 - INFO - 读取小节: section01-01.md
2025-09-06 17:05:09,623 - INFO - 读取小节: section01-02.md
2025-09-06 17:05:09,628 - INFO - 读取小节: section01-03.md
2025-09-06 17:05:09,951 - INFO - 第1章转换成功
2025-09-06 17:05:09,960 - INFO - 读取主文件: chapter02.md
2025-09-06 17:05:09,968 - INFO - 读取小节: section02-01.md
2025-09-06 17:05:09,972 - INFO - 读取小节: section02-02.md
2025-09-06 17:05:09,977 - INFO - 读取小节: section02-03.md
2025-09-06 17:05:09,981 - INFO - 读取小节: section02-04.md
2025-09-06 17:05:09,988 - INFO - 读取小节: section02-05.md
2025-09-06 17:05:09,994 - INFO - 读取小节: section02-06.md
2025-09-06 17:05:10,346 - INFO - 第2章转换成功
2025-09-06 17:05:10,362 - INFO - 读取主文件: chapter03.md
2025-09-06 17:05:10,373 - INFO - 读取小节: section03-01.md
2025-09-06 17:05:10,378 - INFO - 读取小节: section03-02.md
2025-09-06 17:05:10,383 - INFO - 读取小节: section03-03.md
2025-09-06 17:05:10,389 - INFO - 读取小节: section03-04.md
2025-09-06 17:05:10,394 - INFO - 读取小节: section03-05.md
2025-09-06 17:05:10,399 - INFO - 读取小节: section03-06.md
2025-09-06 17:05:10,404 - INFO - 读取小节: section03-07.md
2025-09-06 17:05:10,786 - INFO - 第3章转换成功
2025-09-06 17:05:10,787 - INFO - 转换统计：成功章节数 3/3，图片复制 0 个项
2025-09-06 17:05:10,792 - INFO - 主LaTeX文件生成: /mnt/d/Projects/教材/智慧水利平台架构与开发/output/main.tex
2025-09-06 17:05:10,793 - INFO - 已按 --convert-only 完成转换
2025-09-06 17:05:11,168 - INFO - 🚀 改进版转换器启动
2025-09-06 17:05:11,169 - INFO - 开始复制图片文件
2025-09-06 17:05:12,684 - INFO - 复制图片: /mnt/d/Projects/教材/智慧水利平台架构与开发/docs/chapters/images/chapter02 -> /mnt/d/Projects/教材/智慧水利平台架构与开发/output/images/chapter02
2025-09-06 17:05:16,176 - INFO - 复制图片: /mnt/d/Projects/教材/智慧水利平台架构与开发/docs/chapters/chapter06/images -> /mnt/d/Projects/教材/智慧水利平台架构与开发/output/images/chapter06
2025-09-06 17:05:16,191 - INFO - 按 --build-only 开始编译
2025-09-06 17:05:21,352 - WARNING - 第1次编译返回非零，继续后续编译以稳定目录/引用
2025-09-06 17:05:26,144 - WARNING - 第2次编译返回非零，继续后续编译以稳定目录/引用
2025-09-06 17:05:30,881 - WARNING - 第3次编译返回非零，继续后续编译以稳定目录/引用
2025-09-06 17:05:30,884 - INFO - PDF 编译完成: /mnt/d/Projects/教材/智慧水利平台架构与开发/output/main.pdf
2025-09-06 17:10:27,845 - INFO - 🚀 改进版转换器启动
2025-09-06 17:10:27,854 - INFO - 开始复制图片文件
2025-09-06 17:10:29,620 - INFO - 复制图片: /mnt/d/Projects/教材/智慧水利平台架构与开发/docs/chapters/images/chapter02 -> /mnt/d/Projects/教材/智慧水利平台架构与开发/output/images/chapter02
2025-09-06 17:10:33,214 - INFO - 复制图片: /mnt/d/Projects/教材/智慧水利平台架构与开发/docs/chapters/chapter06/images -> /mnt/d/Projects/教材/智慧水利平台架构与开发/output/images/chapter06
2025-09-06 17:10:33,638 - INFO - 前言转换成功
2025-09-06 17:10:33,653 - INFO - 读取主文件: chapter01.md
2025-09-06 17:10:33,666 - INFO - 读取小节: section01-01.md
2025-09-06 17:10:33,672 - INFO - 读取小节: section01-02.md
2025-09-06 17:10:33,677 - INFO - 读取小节: section01-03.md
2025-09-06 17:10:34,046 - INFO - 第1章转换成功
2025-09-06 17:10:34,054 - INFO - 读取主文件: chapter02.md
2025-09-06 17:10:34,064 - INFO - 读取小节: section02-01.md
2025-09-06 17:10:34,068 - INFO - 读取小节: section02-02.md
2025-09-06 17:10:34,072 - INFO - 读取小节: section02-03.md
2025-09-06 17:10:34,076 - INFO - 读取小节: section02-04.md
2025-09-06 17:10:34,079 - INFO - 读取小节: section02-05.md
2025-09-06 17:10:34,083 - INFO - 读取小节: section02-06.md
2025-09-06 17:10:34,429 - INFO - 第2章转换成功
2025-09-06 17:10:34,443 - INFO - 读取主文件: chapter03.md
2025-09-06 17:10:34,456 - INFO - 读取小节: section03-01.md
2025-09-06 17:10:34,461 - INFO - 读取小节: section03-02.md
2025-09-06 17:10:34,466 - INFO - 读取小节: section03-03.md
2025-09-06 17:10:34,472 - INFO - 读取小节: section03-04.md
2025-09-06 17:10:34,477 - INFO - 读取小节: section03-05.md
2025-09-06 17:10:34,482 - INFO - 读取小节: section03-06.md
2025-09-06 17:10:34,489 - INFO - 读取小节: section03-07.md
2025-09-06 17:10:34,889 - INFO - 第3章转换成功
2025-09-06 17:10:34,891 - INFO - 转换统计：成功章节数 3/3，图片复制 0 个项
2025-09-06 17:10:34,893 - INFO - 主LaTeX文件生成: /mnt/d/Projects/教材/智慧水利平台架构与开发/output/main.tex
2025-09-06 17:10:34,894 - INFO - 已按 --convert-only 完成转换
2025-09-06 17:10:35,107 - INFO - 🚀 改进版转换器启动
2025-09-06 17:10:35,108 - INFO - 开始复制图片文件
2025-09-06 17:10:36,485 - INFO - 复制图片: /mnt/d/Projects/教材/智慧水利平台架构与开发/docs/chapters/images/chapter02 -> /mnt/d/Projects/教材/智慧水利平台架构与开发/output/images/chapter02
2025-09-06 17:12:51,750 - INFO - 🚀 改进版转换器启动
2025-09-06 17:12:51,763 - INFO - 开始复制图片文件
2025-09-06 17:12:53,299 - INFO - 复制图片: /mnt/d/Projects/教材/智慧水利平台架构与开发/docs/chapters/images/chapter02 -> /mnt/d/Projects/教材/智慧水利平台架构与开发/output/images/chapter02
2025-09-06 17:12:56,352 - INFO - 复制图片: /mnt/d/Projects/教材/智慧水利平台架构与开发/docs/chapters/chapter06/images -> /mnt/d/Projects/教材/智慧水利平台架构与开发/output/images/chapter06
2025-09-06 17:12:56,733 - INFO - 前言转换成功
2025-09-06 17:12:56,748 - INFO - 读取主文件: chapter01.md
2025-09-06 17:12:56,762 - INFO - 读取小节: section01-01.md
2025-09-06 17:12:56,766 - INFO - 读取小节: section01-02.md
2025-09-06 17:12:56,773 - INFO - 读取小节: section01-03.md
2025-09-06 17:12:57,273 - INFO - 第1章转换成功
2025-09-06 17:12:57,282 - INFO - 读取主文件: chapter02.md
2025-09-06 17:12:57,292 - INFO - 读取小节: section02-01.md
2025-09-06 17:12:57,296 - INFO - 读取小节: section02-02.md
2025-09-06 17:12:57,300 - INFO - 读取小节: section02-03.md
2025-09-06 17:12:57,304 - INFO - 读取小节: section02-04.md
2025-09-06 17:12:57,308 - INFO - 读取小节: section02-05.md
2025-09-06 17:12:57,312 - INFO - 读取小节: section02-06.md
2025-09-06 17:12:57,693 - INFO - 第2章转换成功
2025-09-06 17:12:57,704 - INFO - 读取主文件: chapter03.md
2025-09-06 17:12:57,714 - INFO - 读取小节: section03-01.md
2025-09-06 17:12:57,718 - INFO - 读取小节: section03-02.md
2025-09-06 17:12:57,723 - INFO - 读取小节: section03-03.md
2025-09-06 17:12:57,727 - INFO - 读取小节: section03-04.md
2025-09-06 17:12:57,731 - INFO - 读取小节: section03-05.md
2025-09-06 17:12:57,735 - INFO - 读取小节: section03-06.md
2025-09-06 17:12:57,745 - INFO - 读取小节: section03-07.md
2025-09-06 17:12:58,143 - INFO - 第3章转换成功
2025-09-06 17:12:58,145 - INFO - 转换统计：成功章节数 3/3，图片复制 0 个项
2025-09-06 17:12:58,149 - INFO - 主LaTeX文件生成: /mnt/d/Projects/教材/智慧水利平台架构与开发/output/main.tex
2025-09-06 17:12:58,149 - INFO - 已按 --convert-only 完成转换
2025-09-06 17:12:58,336 - INFO - 🚀 改进版转换器启动
2025-09-06 17:12:58,337 - INFO - 开始复制图片文件
2025-09-06 17:12:59,536 - INFO - 复制图片: /mnt/d/Projects/教材/智慧水利平台架构与开发/docs/chapters/images/chapter02 -> /mnt/d/Projects/教材/智慧水利平台架构与开发/output/images/chapter02
2025-09-06 17:31:46,851 - INFO - 🚀 改进版转换器启动
2025-09-06 17:31:46,851 - INFO - 开始复制图片文件
2025-09-06 17:31:48,218 - INFO - 复制图片: /mnt/d/Projects/教材/智慧水利平台架构与开发/docs/chapters/images/chapter02 -> /mnt/d/Projects/教材/智慧水利平台架构与开发/output/images/chapter02
2025-09-06 17:31:51,430 - INFO - 复制图片: /mnt/d/Projects/教材/智慧水利平台架构与开发/docs/chapters/chapter06/images -> /mnt/d/Projects/教材/智慧水利平台架构与开发/output/images/chapter06
2025-09-06 17:31:51,444 - INFO - 按 --build-only 开始编译
2025-09-06 17:31:56,220 - WARNING - 第1次编译返回非零，继续后续编译以稳定目录/引用
2025-09-06 17:32:00,814 - WARNING - 第2次编译返回非零，继续后续编译以稳定目录/引用
2025-09-06 17:32:05,369 - WARNING - 第3次编译返回非零，继续后续编译以稳定目录/引用
2025-09-06 17:32:05,372 - INFO - PDF 编译完成: /mnt/d/Projects/教材/智慧水利平台架构与开发/output/main.pdf
2025-09-06 17:33:19,644 - INFO - 🚀 改进版转换器启动
2025-09-06 17:33:19,645 - INFO - 开始复制图片文件
2025-09-06 17:33:20,751 - INFO - 复制图片: /mnt/d/Projects/教材/智慧水利平台架构与开发/docs/chapters/images/chapter02 -> /mnt/d/Projects/教材/智慧水利平台架构与开发/output/images/chapter02
2025-09-06 17:33:24,129 - INFO - 复制图片: /mnt/d/Projects/教材/智慧水利平台架构与开发/docs/chapters/chapter06/images -> /mnt/d/Projects/教材/智慧水利平台架构与开发/output/images/chapter06
2025-09-06 17:33:24,505 - INFO - 前言转换成功
2025-09-06 17:33:24,519 - INFO - 读取主文件: chapter01.md
2025-09-06 17:33:24,529 - INFO - 读取小节: section01-01.md
2025-09-06 17:33:24,534 - INFO - 读取小节: section01-02.md
2025-09-06 17:33:24,540 - INFO - 读取小节: section01-03.md
2025-09-06 17:33:24,828 - INFO - 第1章转换成功
2025-09-06 17:33:24,839 - INFO - 读取主文件: chapter02.md
2025-09-06 17:33:24,851 - INFO - 读取小节: section02-01.md
2025-09-06 17:33:24,857 - INFO - 读取小节: section02-02.md
2025-09-06 17:33:24,863 - INFO - 读取小节: section02-03.md
2025-09-06 17:33:24,868 - INFO - 读取小节: section02-04.md
2025-09-06 17:33:24,873 - INFO - 读取小节: section02-05.md
2025-09-06 17:33:24,877 - INFO - 读取小节: section02-06.md
2025-09-06 17:33:25,208 - INFO - 第2章转换成功
2025-09-06 17:33:25,217 - INFO - 读取主文件: chapter03.md
2025-09-06 17:33:25,226 - INFO - 读取小节: section03-01.md
2025-09-06 17:33:25,231 - INFO - 读取小节: section03-02.md
2025-09-06 17:33:25,236 - INFO - 读取小节: section03-03.md
2025-09-06 17:33:25,240 - INFO - 读取小节: section03-04.md
2025-09-06 17:33:25,245 - INFO - 读取小节: section03-05.md
2025-09-06 17:33:25,250 - INFO - 读取小节: section03-06.md
2025-09-06 17:33:25,254 - INFO - 读取小节: section03-07.md
2025-09-06 17:33:25,613 - INFO - 第3章转换成功
2025-09-06 17:33:25,621 - INFO - 读取主文件: chapter04.md
2025-09-06 17:33:25,632 - INFO - 读取小节: section04-01.md
2025-09-06 17:33:25,637 - INFO - 读取小节: section04-02.md
2025-09-06 17:33:25,642 - INFO - 读取小节: section04-03.md
2025-09-06 17:33:25,651 - INFO - 读取小节: section04-04.md
2025-09-06 17:33:25,658 - INFO - 读取小节: section04-05.md
2025-09-06 17:33:25,662 - INFO - 读取小节: section04-06.md
2025-09-06 17:33:25,666 - INFO - 读取小节: section04-07.md
2025-09-06 17:33:28,045 - INFO - 第4章转换成功
2025-09-06 17:33:28,046 - INFO - 转换统计：成功章节数 4/4，图片复制 0 个项
2025-09-06 17:33:28,050 - INFO - 主LaTeX文件生成: /mnt/d/Projects/教材/智慧水利平台架构与开发/output/main.tex
2025-09-06 17:33:28,050 - INFO - 已按 --convert-only 完成转换
2025-09-06 17:33:40,967 - INFO - 🚀 改进版转换器启动
2025-09-06 17:33:40,967 - INFO - 开始复制图片文件
2025-09-06 17:33:42,159 - INFO - 复制图片: /mnt/d/Projects/教材/智慧水利平台架构与开发/docs/chapters/images/chapter02 -> /mnt/d/Projects/教材/智慧水利平台架构与开发/output/images/chapter02
2025-09-06 17:33:44,932 - INFO - 复制图片: /mnt/d/Projects/教材/智慧水利平台架构与开发/docs/chapters/chapter06/images -> /mnt/d/Projects/教材/智慧水利平台架构与开发/output/images/chapter06
2025-09-06 17:33:44,945 - INFO - 按 --build-only 开始编译
2025-09-06 17:33:53,618 - WARNING - 第1次编译返回非零，继续后续编译以稳定目录/引用
2025-09-06 17:34:02,217 - WARNING - 第2次编译返回非零，继续后续编译以稳定目录/引用
2025-09-06 17:34:10,783 - WARNING - 第3次编译返回非零，继续后续编译以稳定目录/引用
2025-09-06 17:34:10,786 - INFO - PDF 编译完成: /mnt/d/Projects/教材/智慧水利平台架构与开发/output/main.pdf
2025-09-06 17:35:31,209 - INFO - 🚀 改进版转换器启动
2025-09-06 17:35:31,210 - INFO - 开始复制图片文件
2025-09-06 17:35:31,233 - INFO - 复制图片: D:\Projects\教材\智慧水利平台架构与开发\docs\chapters\images\chapter02 -> D:\Projects\教材\智慧水利平台架构与开发\output\images\chapter02
2025-09-06 17:35:31,279 - INFO - 复制图片: D:\Projects\教材\智慧水利平台架构与开发\docs\chapters\chapter06\images -> D:\Projects\教材\智慧水利平台架构与开发\output\images\chapter06
2025-09-06 17:35:31,279 - INFO - 按 --build-only 开始编译
2025-09-06 17:35:40,123 - WARNING - 第1次编译返回非零，继续后续编译以稳定目录/引用
2025-09-06 17:35:48,473 - WARNING - 第2次编译返回非零，继续后续编译以稳定目录/引用
2025-09-06 17:35:57,191 - WARNING - 第3次编译返回非零，继续后续编译以稳定目录/引用
2025-09-06 17:35:57,191 - INFO - PDF 编译完成: D:\Projects\教材\智慧水利平台架构与开发\output\main.pdf
2025-09-06 18:00:03,814 - INFO - 🚀 改进版转换器启动
2025-09-06 18:00:03,814 - INFO - 开始复制图片文件
2025-09-06 18:00:05,175 - INFO - 复制图片: /mnt/d/Projects/教材/智慧水利平台架构与开发/docs/chapters/images/chapter02 -> /mnt/d/Projects/教材/智慧水利平台架构与开发/output/images/chapter02
2025-09-06 18:00:09,307 - INFO - 复制图片: /mnt/d/Projects/教材/智慧水利平台架构与开发/docs/chapters/chapter06/images -> /mnt/d/Projects/教材/智慧水利平台架构与开发/output/images/chapter06
2025-09-06 18:00:09,749 - INFO - 前言转换成功
2025-09-06 18:00:09,760 - INFO - 读取主文件: chapter01.md
2025-09-06 18:00:09,772 - INFO - 读取小节: section01-01.md
2025-09-06 18:00:09,777 - INFO - 读取小节: section01-02.md
2025-09-06 18:00:09,782 - INFO - 读取小节: section01-03.md
2025-09-06 18:00:10,115 - INFO - 第1章转换成功
2025-09-06 18:00:10,129 - INFO - 读取主文件: chapter02.md
2025-09-06 18:00:10,139 - INFO - 读取小节: section02-01.md
2025-09-06 18:00:10,144 - INFO - 读取小节: section02-02.md
2025-09-06 18:00:10,148 - INFO - 读取小节: section02-03.md
2025-09-06 18:00:10,153 - INFO - 读取小节: section02-04.md
2025-09-06 18:00:10,157 - INFO - 读取小节: section02-05.md
2025-09-06 18:00:10,162 - INFO - 读取小节: section02-06.md
2025-09-06 18:00:10,509 - INFO - 第2章转换成功
2025-09-06 18:00:10,524 - INFO - 读取主文件: chapter03.md
2025-09-06 18:00:10,534 - INFO - 读取小节: section03-01.md
2025-09-06 18:00:10,538 - INFO - 读取小节: section03-02.md
2025-09-06 18:00:10,543 - INFO - 读取小节: section03-03.md
2025-09-06 18:00:10,548 - INFO - 读取小节: section03-04.md
2025-09-06 18:00:10,552 - INFO - 读取小节: section03-05.md
2025-09-06 18:00:10,557 - INFO - 读取小节: section03-06.md
2025-09-06 18:00:10,564 - INFO - 读取小节: section03-07.md
2025-09-06 18:00:10,971 - INFO - 第3章转换成功
2025-09-06 18:00:10,990 - INFO - 读取主文件: chapter04.md
2025-09-06 18:00:11,002 - INFO - 读取小节: section04-01.md
2025-09-06 18:00:11,024 - INFO - 读取小节: section04-02.md
2025-09-06 18:00:11,039 - INFO - 读取小节: section04-03.md
2025-09-06 18:00:11,052 - INFO - 读取小节: section04-04.md
2025-09-06 18:00:11,059 - INFO - 读取小节: section04-05.md
2025-09-06 18:00:11,066 - INFO - 读取小节: section04-06.md
2025-09-06 18:00:11,072 - INFO - 读取小节: section04-07.md
2025-09-06 18:00:13,445 - INFO - 第4章转换成功
2025-09-06 18:00:13,456 - INFO - 读取主文件: chapter05.md
2025-09-06 18:00:13,471 - INFO - 读取小节: section05-01.md
2025-09-06 18:00:13,475 - INFO - 读取小节: section05-02.md
2025-09-06 18:00:13,480 - INFO - 读取小节: section05-03.md
2025-09-06 18:00:13,486 - INFO - 读取小节: section05-04.md
2025-09-06 18:00:13,490 - INFO - 读取小节: section05-05.md
2025-09-06 18:00:13,494 - INFO - 读取小节: section05-06.md
2025-09-06 18:00:14,395 - INFO - 第5章转换成功
2025-09-06 18:00:14,409 - INFO - 读取主文件: chapter06.md
2025-09-06 18:00:14,421 - INFO - 读取小节: section06-01.md
2025-09-06 18:00:14,428 - INFO - 读取小节: section06-02.md
2025-09-06 18:00:14,434 - INFO - 读取小节: section06-03.md
2025-09-06 18:00:14,440 - INFO - 读取小节: section06-04.md
2025-09-06 18:00:14,445 - INFO - 读取小节: section06-05.md
2025-09-06 18:00:14,451 - INFO - 读取小节: section06-06.md
2025-09-06 18:00:14,457 - INFO - 读取小节: section06-07.md
2025-09-06 18:00:16,448 - INFO - 第6章转换成功
2025-09-06 18:00:16,460 - INFO - 读取主文件: chapter07.md
2025-09-06 18:00:16,470 - INFO - 读取小节: section07-01.md
2025-09-06 18:00:16,473 - INFO - 读取小节: section07-02.md
2025-09-06 18:00:16,477 - INFO - 读取小节: section07-03.md
2025-09-06 18:00:16,483 - INFO - 读取小节: section07-04.md
2025-09-06 18:00:16,865 - INFO - 第7章转换成功
2025-09-06 18:00:16,878 - INFO - 读取主文件: chapter08.md
2025-09-06 18:00:16,889 - INFO - 读取小节: section08-01.md
2025-09-06 18:00:16,894 - INFO - 读取小节: section08-02.md
2025-09-06 18:00:16,899 - INFO - 读取小节: section08-03.md
2025-09-06 18:00:16,903 - INFO - 读取小节: section08-04.md
2025-09-06 18:00:16,907 - INFO - 读取小节: section08-05.md
2025-09-06 18:00:17,375 - INFO - 第8章转换成功
2025-09-06 18:00:17,391 - INFO - 读取主文件: chapter09.md
2025-09-06 18:00:17,612 - INFO - 第9章转换成功
2025-09-06 18:00:17,614 - INFO - 转换统计：成功章节数 9/9，图片复制 0 个项
2025-09-06 18:00:17,617 - INFO - 主LaTeX文件生成: /mnt/d/Projects/教材/智慧水利平台架构与开发/output/main.tex
2025-09-06 18:00:17,617 - INFO - 已按 --convert-only 完成转换
2025-09-06 18:01:17,616 - INFO - 🚀 改进版转换器启动
2025-09-06 18:01:17,617 - INFO - 开始复制图片文件
2025-09-06 18:01:18,787 - INFO - 复制图片: /mnt/d/Projects/教材/智慧水利平台架构与开发/docs/chapters/images/chapter02 -> /mnt/d/Projects/教材/智慧水利平台架构与开发/output/images/chapter02
2025-09-06 18:01:22,426 - INFO - 复制图片: /mnt/d/Projects/教材/智慧水利平台架构与开发/docs/chapters/chapter06/images -> /mnt/d/Projects/教材/智慧水利平台架构与开发/output/images/chapter06
2025-09-06 18:01:22,442 - INFO - 按 --build-only 开始编译
2025-09-06 18:01:31,395 - WARNING - 第1次编译返回非零，继续后续编译以稳定目录/引用
2025-09-06 18:01:40,617 - WARNING - 第2次编译返回非零，继续后续编译以稳定目录/引用
2025-09-06 18:01:50,054 - WARNING - 第3次编译返回非零，继续后续编译以稳定目录/引用
2025-09-06 18:01:50,056 - INFO - PDF 编译完成: /mnt/d/Projects/教材/智慧水利平台架构与开发/output/main.pdf
2025-09-06 18:07:29,960 - INFO - 🚀 改进版转换器启动
2025-09-06 18:07:29,960 - INFO - 开始复制图片文件
2025-09-06 18:07:31,131 - INFO - 复制图片: /mnt/d/Projects/教材/智慧水利平台架构与开发/docs/chapters/images/chapter02 -> /mnt/d/Projects/教材/智慧水利平台架构与开发/output/images/chapter02
2025-09-06 18:07:34,838 - INFO - 复制图片: /mnt/d/Projects/教材/智慧水利平台架构与开发/docs/chapters/chapter06/images -> /mnt/d/Projects/教材/智慧水利平台架构与开发/output/images/chapter06
2025-09-06 18:07:35,223 - INFO - 前言转换成功
2025-09-06 18:07:35,233 - INFO - 读取主文件: chapter01.md
2025-09-06 18:07:35,245 - INFO - 读取小节: section01-01.md
2025-09-06 18:07:35,249 - INFO - 读取小节: section01-02.md
2025-09-06 18:07:35,254 - INFO - 读取小节: section01-03.md
2025-09-06 18:07:35,569 - INFO - 第1章转换成功
2025-09-06 18:07:35,584 - INFO - 读取主文件: chapter02.md
2025-09-06 18:07:35,593 - INFO - 读取小节: section02-01.md
2025-09-06 18:07:35,596 - INFO - 读取小节: section02-02.md
2025-09-06 18:07:35,600 - INFO - 读取小节: section02-03.md
2025-09-06 18:07:35,605 - INFO - 读取小节: section02-04.md
2025-09-06 18:07:35,610 - INFO - 读取小节: section02-05.md
2025-09-06 18:07:35,614 - INFO - 读取小节: section02-06.md
2025-09-06 18:07:35,964 - INFO - 第2章转换成功
2025-09-06 18:07:35,982 - INFO - 读取主文件: chapter03.md
2025-09-06 18:07:35,990 - INFO - 读取小节: section03-01.md
2025-09-06 18:07:35,994 - INFO - 读取小节: section03-02.md
2025-09-06 18:07:35,997 - INFO - 读取小节: section03-03.md
2025-09-06 18:07:36,001 - INFO - 读取小节: section03-04.md
2025-09-06 18:07:36,005 - INFO - 读取小节: section03-05.md
2025-09-06 18:07:36,014 - INFO - 读取小节: section03-06.md
2025-09-06 18:07:36,017 - INFO - 读取小节: section03-07.md
2025-09-06 18:07:36,416 - INFO - 第3章转换成功
2025-09-06 18:07:36,428 - INFO - 读取主文件: chapter04.md
2025-09-06 18:07:36,440 - INFO - 读取小节: section04-01.md
2025-09-06 18:07:36,447 - INFO - 读取小节: section04-02.md
2025-09-06 18:07:36,450 - INFO - 读取小节: section04-03.md
2025-09-06 18:07:36,459 - INFO - 读取小节: section04-04.md
2025-09-06 18:07:36,464 - INFO - 读取小节: section04-05.md
2025-09-06 18:07:36,468 - INFO - 读取小节: section04-06.md
2025-09-06 18:07:36,476 - INFO - 读取小节: section04-07.md
2025-09-06 18:07:39,370 - INFO - 第4章转换成功
2025-09-06 18:07:39,379 - INFO - 读取主文件: chapter05.md
2025-09-06 18:07:39,386 - INFO - 读取小节: section05-01.md
2025-09-06 18:07:39,390 - INFO - 读取小节: section05-02.md
2025-09-06 18:07:39,396 - INFO - 读取小节: section05-03.md
2025-09-06 18:07:39,403 - INFO - 读取小节: section05-04.md
2025-09-06 18:07:39,407 - INFO - 读取小节: section05-05.md
2025-09-06 18:07:39,415 - INFO - 读取小节: section05-06.md
2025-09-06 18:07:40,428 - INFO - 第5章转换成功
2025-09-06 18:07:40,439 - INFO - 读取主文件: chapter06.md
2025-09-06 18:07:40,448 - INFO - 读取小节: section06-01.md
2025-09-06 18:07:40,453 - INFO - 读取小节: section06-02.md
2025-09-06 18:07:40,458 - INFO - 读取小节: section06-03.md
2025-09-06 18:07:40,463 - INFO - 读取小节: section06-04.md
2025-09-06 18:07:40,466 - INFO - 读取小节: section06-05.md
2025-09-06 18:07:40,470 - INFO - 读取小节: section06-06.md
2025-09-06 18:07:40,475 - INFO - 读取小节: section06-07.md
2025-09-06 18:07:42,601 - INFO - 第6章转换成功
2025-09-06 18:07:42,611 - INFO - 读取主文件: chapter07.md
2025-09-06 18:07:42,619 - INFO - 读取小节: section07-01.md
2025-09-06 18:07:42,625 - INFO - 读取小节: section07-02.md
2025-09-06 18:07:42,629 - INFO - 读取小节: section07-03.md
2025-09-06 18:07:42,633 - INFO - 读取小节: section07-04.md
2025-09-06 18:07:43,157 - INFO - 第7章转换成功
2025-09-06 18:07:43,167 - INFO - 读取主文件: chapter08.md
2025-09-06 18:07:43,178 - INFO - 读取小节: section08-01.md
2025-09-06 18:07:43,184 - INFO - 读取小节: section08-02.md
2025-09-06 18:07:43,188 - INFO - 读取小节: section08-03.md
2025-09-06 18:07:43,193 - INFO - 读取小节: section08-04.md
2025-09-06 18:07:43,198 - INFO - 读取小节: section08-05.md
2025-09-06 18:07:44,365 - INFO - 第8章转换成功
2025-09-06 18:07:44,383 - INFO - 读取主文件: chapter09.md
2025-09-06 18:07:44,644 - INFO - 第9章转换成功
2025-09-06 18:07:44,646 - INFO - 转换统计：成功章节数 9/9，图片复制 0 个项
2025-09-06 18:07:44,650 - INFO - 主LaTeX文件生成: /mnt/d/Projects/教材/智慧水利平台架构与开发/output/main.tex
2025-09-06 18:07:44,650 - INFO - 已按 --convert-only 完成转换
2025-09-06 18:10:58,798 - INFO - 🚀 改进版转换器启动
2025-09-06 18:10:58,799 - INFO - 开始复制图片文件
2025-09-06 18:11:00,123 - INFO - 复制图片: /mnt/d/Projects/教材/智慧水利平台架构与开发/docs/chapters/images/chapter02 -> /mnt/d/Projects/教材/智慧水利平台架构与开发/output/images/chapter02
2025-09-06 18:11:03,366 - INFO - 复制图片: /mnt/d/Projects/教材/智慧水利平台架构与开发/docs/chapters/chapter06/images -> /mnt/d/Projects/教材/智慧水利平台架构与开发/output/images/chapter06
2025-09-06 18:11:03,720 - INFO - 前言转换成功
2025-09-06 18:11:03,727 - INFO - 读取主文件: chapter01.md
2025-09-06 18:11:03,736 - INFO - 读取小节: section01-01.md
2025-09-06 18:11:03,741 - INFO - 读取小节: section01-02.md
2025-09-06 18:11:03,745 - INFO - 读取小节: section01-03.md
2025-09-06 18:11:04,217 - INFO - 第1章转换成功
2025-09-06 18:11:04,242 - INFO - 读取主文件: chapter02.md
2025-09-06 18:11:04,270 - INFO - 读取小节: section02-01.md
2025-09-06 18:11:04,280 - INFO - 读取小节: section02-02.md
2025-09-06 18:11:04,290 - INFO - 读取小节: section02-03.md
2025-09-06 18:11:04,303 - INFO - 读取小节: section02-04.md
2025-09-06 18:11:04,313 - INFO - 读取小节: section02-05.md
2025-09-06 18:11:04,323 - INFO - 读取小节: section02-06.md
2025-09-06 18:11:04,689 - INFO - 第2章转换成功
2025-09-06 18:11:04,700 - INFO - 读取主文件: chapter03.md
2025-09-06 18:11:04,709 - INFO - 读取小节: section03-01.md
2025-09-06 18:11:04,713 - INFO - 读取小节: section03-02.md
2025-09-06 18:11:04,718 - INFO - 读取小节: section03-03.md
2025-09-06 18:11:04,723 - INFO - 读取小节: section03-04.md
2025-09-06 18:11:04,727 - INFO - 读取小节: section03-05.md
2025-09-06 18:11:04,733 - INFO - 读取小节: section03-06.md
2025-09-06 18:11:04,738 - INFO - 读取小节: section03-07.md
2025-09-06 18:11:05,130 - INFO - 第3章转换成功
2025-09-06 18:11:05,147 - INFO - 读取主文件: chapter04.md
2025-09-06 18:11:05,158 - INFO - 读取小节: section04-01.md
2025-09-06 18:11:05,164 - INFO - 读取小节: section04-02.md
2025-09-06 18:11:05,170 - INFO - 读取小节: section04-03.md
2025-09-06 18:11:05,178 - INFO - 读取小节: section04-04.md
2025-09-06 18:11:05,184 - INFO - 读取小节: section04-05.md
2025-09-06 18:11:05,191 - INFO - 读取小节: section04-06.md
2025-09-06 18:11:05,196 - INFO - 读取小节: section04-07.md
2025-09-06 18:11:07,883 - INFO - 第4章转换成功
2025-09-06 18:11:07,894 - INFO - 读取主文件: chapter05.md
2025-09-06 18:11:07,905 - INFO - 读取小节: section05-01.md
2025-09-06 18:11:07,911 - INFO - 读取小节: section05-02.md
2025-09-06 18:11:07,917 - INFO - 读取小节: section05-03.md
2025-09-06 18:11:07,922 - INFO - 读取小节: section05-04.md
2025-09-06 18:11:07,928 - INFO - 读取小节: section05-05.md
2025-09-06 18:11:07,934 - INFO - 读取小节: section05-06.md
2025-09-06 18:11:29,248 - INFO - 🚀 改进版转换器启动
2025-09-06 18:11:29,249 - INFO - 开始复制图片文件
2025-09-06 18:11:30,659 - INFO - 复制图片: /mnt/d/Projects/教材/智慧水利平台架构与开发/docs/chapters/images/chapter02 -> /mnt/d/Projects/教材/智慧水利平台架构与开发/output/images/chapter02
2025-09-06 18:11:33,380 - INFO - 复制图片: /mnt/d/Projects/教材/智慧水利平台架构与开发/docs/chapters/chapter06/images -> /mnt/d/Projects/教材/智慧水利平台架构与开发/output/images/chapter06
2025-09-06 18:11:33,393 - INFO - 按 --build-only 开始编译
2025-09-06 18:12:07,179 - WARNING - 第1次编译返回非零，继续后续编译以稳定目录/引用
2025-09-06 18:12:41,427 - WARNING - 第2次编译返回非零，继续后续编译以稳定目录/引用
2025-09-06 18:13:18,551 - WARNING - 第3次编译返回非零，继续后续编译以稳定目录/引用
2025-09-06 18:13:18,553 - INFO - PDF 编译完成: /mnt/d/Projects/教材/智慧水利平台架构与开发/output/main.pdf
2025-09-06 18:19:11,321 - INFO - 🚀 改进版转换器启动
2025-09-06 18:19:11,322 - INFO - 开始复制图片文件
2025-09-06 18:19:12,853 - INFO - 复制图片: /mnt/d/Projects/教材/智慧水利平台架构与开发/docs/chapters/images/chapter02 -> /mnt/d/Projects/教材/智慧水利平台架构与开发/output/images/chapter02
2025-09-06 18:19:16,354 - INFO - 复制图片: /mnt/d/Projects/教材/智慧水利平台架构与开发/docs/chapters/chapter06/images -> /mnt/d/Projects/教材/智慧水利平台架构与开发/output/images/chapter06
2025-09-06 18:19:16,763 - INFO - 前言转换成功
2025-09-06 18:19:16,774 - INFO - 读取主文件: chapter01.md
2025-09-06 18:19:16,793 - INFO - 读取小节: section01-01.md
2025-09-06 18:19:16,803 - INFO - 读取小节: section01-02.md
2025-09-06 18:19:16,808 - INFO - 读取小节: section01-03.md
2025-09-06 18:19:17,249 - INFO - 第1章转换成功
2025-09-06 18:19:17,270 - INFO - 读取主文件: chapter02.md
2025-09-06 18:19:17,281 - INFO - 读取小节: section02-01.md
2025-09-06 18:19:17,286 - INFO - 读取小节: section02-02.md
2025-09-06 18:19:17,290 - INFO - 读取小节: section02-03.md
2025-09-06 18:19:17,296 - INFO - 读取小节: section02-04.md
2025-09-06 18:19:17,300 - INFO - 读取小节: section02-05.md
2025-09-06 18:19:17,305 - INFO - 读取小节: section02-06.md
2025-09-06 18:19:17,680 - INFO - 第2章转换成功
2025-09-06 18:19:17,699 - INFO - 读取主文件: chapter03.md
2025-09-06 18:19:17,708 - INFO - 读取小节: section03-01.md
2025-09-06 18:19:17,722 - INFO - 读取小节: section03-02.md
2025-09-06 18:19:17,730 - INFO - 读取小节: section03-03.md
2025-09-06 18:19:17,736 - INFO - 读取小节: section03-04.md
2025-09-06 18:19:17,740 - INFO - 读取小节: section03-05.md
2025-09-06 18:19:17,747 - INFO - 读取小节: section03-06.md
2025-09-06 18:19:17,751 - INFO - 读取小节: section03-07.md
2025-09-06 18:19:18,197 - INFO - 第3章转换成功
2025-09-06 18:19:18,207 - INFO - 读取主文件: chapter04.md
2025-09-06 18:19:18,217 - INFO - 读取小节: section04-01.md
2025-09-06 18:19:18,221 - INFO - 读取小节: section04-02.md
2025-09-06 18:19:18,226 - INFO - 读取小节: section04-03.md
2025-09-06 18:19:18,234 - INFO - 读取小节: section04-04.md
2025-09-06 18:19:18,239 - INFO - 读取小节: section04-05.md
2025-09-06 18:19:18,244 - INFO - 读取小节: section04-06.md
2025-09-06 18:19:18,249 - INFO - 读取小节: section04-07.md
2025-09-06 18:20:42,630 - INFO - 🚀 改进版转换器启动
2025-09-06 18:20:42,630 - INFO - 开始复制图片文件
2025-09-06 18:20:43,877 - INFO - 复制图片: /mnt/d/Projects/教材/智慧水利平台架构与开发/docs/chapters/images/chapter02 -> /mnt/d/Projects/教材/智慧水利平台架构与开发/output/images/chapter02
2025-09-06 18:20:47,057 - INFO - 复制图片: /mnt/d/Projects/教材/智慧水利平台架构与开发/docs/chapters/chapter06/images -> /mnt/d/Projects/教材/智慧水利平台架构与开发/output/images/chapter06
2025-09-06 18:20:47,398 - INFO - 前言转换成功
2025-09-06 18:20:47,409 - INFO - 读取主文件: chapter01.md
2025-09-06 18:20:47,421 - INFO - 读取小节: section01-01.md
2025-09-06 18:20:47,426 - INFO - 读取小节: section01-02.md
2025-09-06 18:20:47,430 - INFO - 读取小节: section01-03.md
2025-09-06 18:20:47,780 - INFO - 第1章转换成功
2025-09-06 18:20:47,793 - INFO - 读取主文件: chapter02.md
2025-09-06 18:20:47,808 - INFO - 读取小节: section02-01.md
2025-09-06 18:20:47,820 - INFO - 读取小节: section02-02.md
2025-09-06 18:20:47,827 - INFO - 读取小节: section02-03.md
2025-09-06 18:20:47,831 - INFO - 读取小节: section02-04.md
2025-09-06 18:20:47,835 - INFO - 读取小节: section02-05.md
2025-09-06 18:20:47,840 - INFO - 读取小节: section02-06.md
2025-09-06 18:20:48,192 - INFO - 第2章转换成功
2025-09-06 18:20:48,202 - INFO - 读取主文件: chapter03.md
2025-09-06 18:20:48,211 - INFO - 读取小节: section03-01.md
2025-09-06 18:20:48,217 - INFO - 读取小节: section03-02.md
2025-09-06 18:20:48,221 - INFO - 读取小节: section03-03.md
2025-09-06 18:20:48,224 - INFO - 读取小节: section03-04.md
2025-09-06 18:20:48,228 - INFO - 读取小节: section03-05.md
2025-09-06 18:20:48,234 - INFO - 读取小节: section03-06.md
2025-09-06 18:20:48,238 - INFO - 读取小节: section03-07.md
2025-09-06 18:20:48,614 - INFO - 第3章转换成功
2025-09-06 18:20:48,626 - INFO - 读取主文件: chapter04.md
2025-09-06 18:20:48,639 - INFO - 读取小节: section04-01.md
2025-09-06 18:20:48,643 - INFO - 读取小节: section04-02.md
2025-09-06 18:20:48,648 - INFO - 读取小节: section04-03.md
2025-09-06 18:20:48,656 - INFO - 读取小节: section04-04.md
2025-09-06 18:20:48,661 - INFO - 读取小节: section04-05.md
2025-09-06 18:20:48,668 - INFO - 读取小节: section04-06.md
2025-09-06 18:20:48,673 - INFO - 读取小节: section04-07.md
2025-09-06 18:20:51,591 - INFO - 第4章转换成功
2025-09-06 18:20:51,684 - INFO - 读取主文件: chapter05.md
2025-09-06 18:20:51,739 - INFO - 读取小节: section05-01.md
2025-09-06 18:20:51,746 - INFO - 读取小节: section05-02.md
2025-09-06 18:20:51,755 - INFO - 读取小节: section05-03.md
2025-09-06 18:20:51,761 - INFO - 读取小节: section05-04.md
2025-09-06 18:20:51,767 - INFO - 读取小节: section05-05.md
2025-09-06 18:20:51,774 - INFO - 读取小节: section05-06.md
2025-09-06 18:21:25,624 - INFO - 🚀 改进版转换器启动
2025-09-06 18:21:25,625 - INFO - 开始复制图片文件
2025-09-06 18:21:27,035 - INFO - 复制图片: /mnt/d/Projects/教材/智慧水利平台架构与开发/docs/chapters/images/chapter02 -> /mnt/d/Projects/教材/智慧水利平台架构与开发/output/images/chapter02
2025-09-06 18:21:30,244 - INFO - 复制图片: /mnt/d/Projects/教材/智慧水利平台架构与开发/docs/chapters/chapter06/images -> /mnt/d/Projects/教材/智慧水利平台架构与开发/output/images/chapter06
2025-09-06 18:21:30,261 - INFO - 按 --build-only 开始编译
2025-09-06 18:22:03,581 - WARNING - 第1次编译返回非零，继续后续编译以稳定目录/引用
2025-09-06 18:22:36,613 - WARNING - 第2次编译返回非零，继续后续编译以稳定目录/引用
2025-09-06 18:23:09,848 - WARNING - 第3次编译返回非零，继续后续编译以稳定目录/引用
2025-09-06 18:23:09,851 - INFO - PDF 编译完成: /mnt/d/Projects/教材/智慧水利平台架构与开发/output/main.pdf
2025-09-06 19:23:47,438 - INFO - 🚀 改进版转换器启动
2025-09-06 19:23:47,439 - INFO - 开始复制图片文件
2025-09-06 19:23:49,344 - INFO - 复制图片: /mnt/d/Projects/教材/智慧水利平台架构与开发/docs/chapters/images/chapter02 -> /mnt/d/Projects/教材/智慧水利平台架构与开发/output/images/chapter02
2025-09-06 19:23:53,767 - INFO - 复制图片: /mnt/d/Projects/教材/智慧水利平台架构与开发/docs/chapters/chapter06/images -> /mnt/d/Projects/教材/智慧水利平台架构与开发/output/images/chapter06
2025-09-06 19:23:54,186 - INFO - 前言转换成功
2025-09-06 19:23:54,201 - INFO - 读取主文件: chapter04.md
2025-09-06 19:23:54,211 - INFO - 读取小节: section04-01.md
2025-09-06 19:23:54,218 - INFO - 读取小节: section04-02.md
2025-09-06 19:23:54,222 - INFO - 读取小节: section04-03.md
2025-09-06 19:23:54,229 - INFO - 读取小节: section04-04.md
2025-09-06 19:23:54,235 - INFO - 读取小节: section04-05.md
2025-09-06 19:23:54,242 - INFO - 读取小节: section04-06.md
2025-09-06 19:23:54,247 - INFO - 读取小节: section04-07.md
2025-09-06 19:23:57,674 - INFO - 第4章转换成功
2025-09-06 19:23:57,676 - INFO - 转换统计：成功章节数 1/1，图片复制 0 个项
2025-09-06 19:23:57,680 - INFO - 主LaTeX文件生成: /mnt/d/Projects/教材/智慧水利平台架构与开发/output/main.tex
2025-09-06 19:23:57,680 - INFO - 已按 --convert-only 完成转换
2025-09-06 19:24:35,548 - INFO - 🚀 改进版转换器启动
2025-09-06 19:24:35,548 - INFO - 开始复制图片文件
2025-09-06 19:24:37,099 - INFO - 复制图片: /mnt/d/Projects/教材/智慧水利平台架构与开发/docs/chapters/images/chapter02 -> /mnt/d/Projects/教材/智慧水利平台架构与开发/output/images/chapter02
2025-09-06 19:24:41,396 - INFO - 复制图片: /mnt/d/Projects/教材/智慧水利平台架构与开发/docs/chapters/chapter06/images -> /mnt/d/Projects/教材/智慧水利平台架构与开发/output/images/chapter06
2025-09-06 19:24:41,746 - INFO - 前言转换成功
2025-09-06 19:24:41,765 - INFO - 读取主文件: chapter01.md
2025-09-06 19:24:41,781 - INFO - 读取小节: section01-01.md
2025-09-06 19:24:41,789 - INFO - 读取小节: section01-02.md
2025-09-06 19:24:41,798 - INFO - 读取小节: section01-03.md
2025-09-06 19:24:42,128 - INFO - 第1章转换成功
2025-09-06 19:24:42,141 - INFO - 读取主文件: chapter02.md
2025-09-06 19:24:42,151 - INFO - 读取小节: section02-01.md
2025-09-06 19:24:42,158 - INFO - 读取小节: section02-02.md
2025-09-06 19:24:42,163 - INFO - 读取小节: section02-03.md
2025-09-06 19:24:42,168 - INFO - 读取小节: section02-04.md
2025-09-06 19:24:42,174 - INFO - 读取小节: section02-05.md
2025-09-06 19:24:42,180 - INFO - 读取小节: section02-06.md
2025-09-06 19:24:42,672 - INFO - 第2章转换成功
2025-09-06 19:24:42,683 - INFO - 读取主文件: chapter03.md
2025-09-06 19:24:42,696 - INFO - 读取小节: section03-01.md
2025-09-06 19:24:42,704 - INFO - 读取小节: section03-02.md
2025-09-06 19:24:42,711 - INFO - 读取小节: section03-03.md
2025-09-06 19:24:42,716 - INFO - 读取小节: section03-04.md
2025-09-06 19:24:42,722 - INFO - 读取小节: section03-05.md
2025-09-06 19:24:42,728 - INFO - 读取小节: section03-06.md
2025-09-06 19:24:42,734 - INFO - 读取小节: section03-07.md
2025-09-06 19:24:43,203 - INFO - 第3章转换成功
2025-09-06 19:24:43,218 - INFO - 读取主文件: chapter04.md
2025-09-06 19:24:43,232 - INFO - 读取小节: section04-01.md
2025-09-06 19:24:43,240 - INFO - 读取小节: section04-02.md
2025-09-06 19:24:43,246 - INFO - 读取小节: section04-03.md
2025-09-06 19:24:43,255 - INFO - 读取小节: section04-04.md
2025-09-06 19:24:43,263 - INFO - 读取小节: section04-05.md
2025-09-06 19:24:43,268 - INFO - 读取小节: section04-06.md
2025-09-06 19:24:43,275 - INFO - 读取小节: section04-07.md
2025-09-06 19:24:46,515 - INFO - 第4章转换成功
2025-09-06 19:24:46,516 - INFO - 转换统计：成功章节数 4/4，图片复制 0 个项
2025-09-06 19:24:46,520 - INFO - 主LaTeX文件生成: /mnt/d/Projects/教材/智慧水利平台架构与开发/output/main.tex
2025-09-06 19:24:46,521 - INFO - 已按 --convert-only 完成转换
2025-09-06 19:24:59,964 - INFO - 🚀 改进版转换器启动
2025-09-06 19:24:59,965 - INFO - 开始复制图片文件
2025-09-06 19:25:01,806 - INFO - 复制图片: /mnt/d/Projects/教材/智慧水利平台架构与开发/docs/chapters/images/chapter02 -> /mnt/d/Projects/教材/智慧水利平台架构与开发/output/images/chapter02
2025-09-06 19:25:05,879 - INFO - 复制图片: /mnt/d/Projects/教材/智慧水利平台架构与开发/docs/chapters/chapter06/images -> /mnt/d/Projects/教材/智慧水利平台架构与开发/output/images/chapter06
2025-09-06 19:25:05,898 - INFO - 按 --build-only 开始编译
2025-09-06 19:25:31,535 - WARNING - 第1次编译返回非零，继续后续编译以稳定目录/引用
2025-09-06 19:25:55,514 - WARNING - 第2次编译返回非零，继续后续编译以稳定目录/引用
2025-09-06 19:26:20,472 - WARNING - 第3次编译返回非零，继续后续编译以稳定目录/引用
2025-09-06 19:26:20,477 - INFO - PDF 编译完成: /mnt/d/Projects/教材/智慧水利平台架构与开发/output/main.pdf
2025-09-06 19:27:40,005 - INFO - 🚀 改进版转换器启动
2025-09-06 19:27:40,006 - INFO - 开始复制图片文件
2025-09-06 19:27:40,027 - INFO - 复制图片: D:\Projects\教材\智慧水利平台架构与开发\docs\chapters\images\chapter02 -> D:\Projects\教材\智慧水利平台架构与开发\output\images\chapter02
2025-09-06 19:27:40,074 - INFO - 复制图片: D:\Projects\教材\智慧水利平台架构与开发\docs\chapters\chapter06\images -> D:\Projects\教材\智慧水利平台架构与开发\output\images\chapter06
2025-09-06 19:27:40,074 - INFO - 按 --build-only 开始编译
2025-09-06 19:27:59,648 - WARNING - 第1次编译返回非零，继续后续编译以稳定目录/引用
2025-09-06 19:28:18,209 - WARNING - 第2次编译返回非零，继续后续编译以稳定目录/引用
2025-09-06 19:28:36,343 - WARNING - 第3次编译返回非零，继续后续编译以稳定目录/引用
2025-09-06 19:28:36,343 - INFO - PDF 编译完成: D:\Projects\教材\智慧水利平台架构与开发\output\main.pdf
2025-09-06 19:33:38,841 - INFO - 🚀 改进版转换器启动
2025-09-06 19:33:38,842 - INFO - 开始复制图片文件
2025-09-06 19:33:40,030 - INFO - 复制图片: /mnt/d/Projects/教材/智慧水利平台架构与开发/docs/chapters/images/chapter02 -> /mnt/d/Projects/教材/智慧水利平台架构与开发/output/images/chapter02
2025-09-06 19:33:43,729 - INFO - 复制图片: /mnt/d/Projects/教材/智慧水利平台架构与开发/docs/chapters/chapter06/images -> /mnt/d/Projects/教材/智慧水利平台架构与开发/output/images/chapter06
2025-09-06 19:33:44,042 - INFO - 前言转换成功
2025-09-06 19:33:44,049 - INFO - 读取主文件: chapter04.md
2025-09-06 19:33:44,056 - INFO - 读取小节: section04-01.md
2025-09-06 19:33:44,059 - INFO - 读取小节: section04-02.md
2025-09-06 19:33:44,063 - INFO - 读取小节: section04-03.md
2025-09-06 19:33:44,068 - INFO - 读取小节: section04-04.md
2025-09-06 19:33:44,073 - INFO - 读取小节: section04-05.md
2025-09-06 19:33:44,077 - INFO - 读取小节: section04-06.md
2025-09-06 19:33:44,081 - INFO - 读取小节: section04-07.md
2025-09-06 19:33:46,065 - INFO - 第4章转换成功
2025-09-06 19:33:46,066 - INFO - 转换统计：成功章节数 1/1，图片复制 0 个项
2025-09-06 19:33:46,071 - INFO - 主LaTeX文件生成: /mnt/d/Projects/教材/智慧水利平台架构与开发/output/main.tex
2025-09-06 19:33:46,071 - INFO - 已按 --convert-only 完成转换
2025-09-06 19:34:50,993 - INFO - 🚀 改进版转换器启动
2025-09-06 19:34:50,993 - INFO - 开始复制图片文件
2025-09-06 19:34:52,296 - INFO - 复制图片: /mnt/d/Projects/教材/智慧水利平台架构与开发/docs/chapters/images/chapter02 -> /mnt/d/Projects/教材/智慧水利平台架构与开发/output/images/chapter02
2025-09-06 19:34:55,047 - INFO - 复制图片: /mnt/d/Projects/教材/智慧水利平台架构与开发/docs/chapters/chapter06/images -> /mnt/d/Projects/教材/智慧水利平台架构与开发/output/images/chapter06
2025-09-06 19:34:55,388 - INFO - 前言转换成功
2025-09-06 19:34:55,406 - INFO - 读取主文件: chapter04.md
2025-09-06 19:34:55,418 - INFO - 读取小节: section04-01.md
2025-09-06 19:34:55,422 - INFO - 读取小节: section04-02.md
2025-09-06 19:34:55,427 - INFO - 读取小节: section04-03.md
2025-09-06 19:34:55,433 - INFO - 读取小节: section04-04.md
2025-09-06 19:34:55,439 - INFO - 读取小节: section04-05.md
2025-09-06 19:34:55,443 - INFO - 读取小节: section04-06.md
2025-09-06 19:34:55,447 - INFO - 读取小节: section04-07.md
2025-09-06 19:34:57,272 - INFO - 第4章转换成功
2025-09-06 19:34:57,274 - INFO - 转换统计：成功章节数 1/1，图片复制 0 个项
2025-09-06 19:34:57,278 - INFO - 主LaTeX文件生成: /mnt/d/Projects/教材/智慧水利平台架构与开发/output/main.tex
2025-09-06 19:34:57,278 - INFO - 已按 --convert-only 完成转换
2025-09-06 19:35:24,267 - INFO - 🚀 改进版转换器启动
2025-09-06 19:35:24,268 - INFO - 开始复制图片文件
2025-09-06 19:35:25,491 - INFO - 复制图片: /mnt/d/Projects/教材/智慧水利平台架构与开发/docs/chapters/images/chapter02 -> /mnt/d/Projects/教材/智慧水利平台架构与开发/output/images/chapter02
2025-09-06 19:35:28,249 - INFO - 复制图片: /mnt/d/Projects/教材/智慧水利平台架构与开发/docs/chapters/chapter06/images -> /mnt/d/Projects/教材/智慧水利平台架构与开发/output/images/chapter06
2025-09-06 19:35:28,598 - INFO - 前言转换成功
2025-09-06 19:35:28,607 - INFO - 读取主文件: chapter01.md
2025-09-06 19:35:28,617 - INFO - 读取小节: section01-01.md
2025-09-06 19:35:28,620 - INFO - 读取小节: section01-02.md
2025-09-06 19:35:28,624 - INFO - 读取小节: section01-03.md
2025-09-06 19:35:28,856 - INFO - 第1章转换成功
2025-09-06 19:35:28,875 - INFO - 读取主文件: chapter02.md
2025-09-06 19:35:28,887 - INFO - 读取小节: section02-01.md
2025-09-06 19:35:28,895 - INFO - 读取小节: section02-02.md
2025-09-06 19:35:28,900 - INFO - 读取小节: section02-03.md
2025-09-06 19:35:28,903 - INFO - 读取小节: section02-04.md
2025-09-06 19:35:28,913 - INFO - 读取小节: section02-05.md
2025-09-06 19:35:28,917 - INFO - 读取小节: section02-06.md
2025-09-06 19:35:29,205 - INFO - 第2章转换成功
2025-09-06 19:35:29,216 - INFO - 读取主文件: chapter03.md
2025-09-06 19:35:29,227 - INFO - 读取小节: section03-01.md
2025-09-06 19:35:29,231 - INFO - 读取小节: section03-02.md
2025-09-06 19:35:29,234 - INFO - 读取小节: section03-03.md
2025-09-06 19:35:29,238 - INFO - 读取小节: section03-04.md
2025-09-06 19:35:29,243 - INFO - 读取小节: section03-05.md
2025-09-06 19:35:29,247 - INFO - 读取小节: section03-06.md
2025-09-06 19:35:29,251 - INFO - 读取小节: section03-07.md
2025-09-06 19:35:29,633 - INFO - 第3章转换成功
2025-09-06 19:35:29,642 - INFO - 读取主文件: chapter04.md
2025-09-06 19:35:29,650 - INFO - 读取小节: section04-01.md
2025-09-06 19:35:29,654 - INFO - 读取小节: section04-02.md
2025-09-06 19:35:29,659 - INFO - 读取小节: section04-03.md
2025-09-06 19:35:29,666 - INFO - 读取小节: section04-04.md
2025-09-06 19:35:29,672 - INFO - 读取小节: section04-05.md
2025-09-06 19:35:29,676 - INFO - 读取小节: section04-06.md
2025-09-06 19:35:29,679 - INFO - 读取小节: section04-07.md
2025-09-06 19:35:31,483 - INFO - 第4章转换成功
2025-09-06 19:35:31,484 - INFO - 转换统计：成功章节数 4/4，图片复制 0 个项
2025-09-06 19:35:31,488 - INFO - 主LaTeX文件生成: /mnt/d/Projects/教材/智慧水利平台架构与开发/output/main.tex
2025-09-06 19:35:31,488 - INFO - 已按 --convert-only 完成转换
2025-09-06 19:35:47,004 - INFO - 🚀 改进版转换器启动
2025-09-06 19:35:47,005 - INFO - 开始复制图片文件
2025-09-06 19:35:48,167 - INFO - 复制图片: /mnt/d/Projects/教材/智慧水利平台架构与开发/docs/chapters/images/chapter02 -> /mnt/d/Projects/教材/智慧水利平台架构与开发/output/images/chapter02
2025-09-06 19:35:50,784 - INFO - 复制图片: /mnt/d/Projects/教材/智慧水利平台架构与开发/docs/chapters/chapter06/images -> /mnt/d/Projects/教材/智慧水利平台架构与开发/output/images/chapter06
2025-09-06 19:35:50,795 - INFO - 按 --build-only 开始编译
2025-09-06 19:36:11,929 - WARNING - 第1次编译返回非零，继续后续编译以稳定目录/引用
2025-09-06 19:36:31,891 - WARNING - 第2次编译返回非零，继续后续编译以稳定目录/引用
2025-09-06 19:36:51,911 - WARNING - 第3次编译返回非零，继续后续编译以稳定目录/引用
2025-09-06 19:36:51,915 - INFO - PDF 编译完成: /mnt/d/Projects/教材/智慧水利平台架构与开发/output/main.pdf
2025-09-06 19:45:44,576 - INFO - 🚀 改进版转换器启动
2025-09-06 19:45:44,577 - INFO - 开始复制图片文件
2025-09-06 19:45:46,113 - INFO - 复制图片: /mnt/d/Projects/教材/智慧水利平台架构与开发/docs/chapters/images/chapter02 -> /mnt/d/Projects/教材/智慧水利平台架构与开发/output/images/chapter02
2025-09-06 19:45:49,759 - INFO - 复制图片: /mnt/d/Projects/教材/智慧水利平台架构与开发/docs/chapters/chapter06/images -> /mnt/d/Projects/教材/智慧水利平台架构与开发/output/images/chapter06
2025-09-06 19:45:50,309 - INFO - 前言转换成功
2025-09-06 19:45:50,327 - INFO - 读取主文件: chapter04.md
2025-09-06 19:45:50,345 - INFO - 读取小节: section04-01.md
2025-09-06 19:45:50,370 - INFO - 读取小节: section04-02.md
2025-09-06 19:45:50,401 - INFO - 读取小节: section04-03.md
2025-09-06 19:45:50,446 - INFO - 读取小节: section04-04.md
2025-09-06 19:45:50,454 - INFO - 读取小节: section04-05.md
2025-09-06 19:45:50,462 - INFO - 读取小节: section04-06.md
2025-09-06 19:45:50,467 - INFO - 读取小节: section04-07.md
2025-09-06 19:45:52,629 - INFO - 第4章转换成功
2025-09-06 19:45:52,632 - INFO - 转换统计：成功章节数 1/1，图片复制 0 个项
2025-09-06 19:45:52,638 - INFO - 主LaTeX文件生成: /mnt/d/Projects/教材/智慧水利平台架构与开发/output/main.tex
2025-09-06 19:45:52,638 - INFO - 已按 --convert-only 完成转换
2025-09-06 19:50:09,533 - INFO - 🚀 改进版转换器启动
2025-09-06 19:50:09,534 - INFO - 开始复制图片文件
2025-09-06 19:50:10,707 - INFO - 复制图片: /mnt/d/Projects/教材/智慧水利平台架构与开发/docs/chapters/images/chapter02 -> /mnt/d/Projects/教材/智慧水利平台架构与开发/output/images/chapter02
2025-09-06 19:50:13,933 - INFO - 复制图片: /mnt/d/Projects/教材/智慧水利平台架构与开发/docs/chapters/chapter06/images -> /mnt/d/Projects/教材/智慧水利平台架构与开发/output/images/chapter06
2025-09-06 19:50:14,245 - INFO - 前言转换成功
2025-09-06 19:50:14,303 - INFO - 读取主文件: chapter04.md
2025-09-06 19:50:14,315 - INFO - 读取小节: section04-01.md
2025-09-06 19:50:14,320 - INFO - 读取小节: section04-02.md
2025-09-06 19:50:14,326 - INFO - 读取小节: section04-03.md
2025-09-06 19:50:14,331 - INFO - 读取小节: section04-04.md
2025-09-06 19:50:14,337 - INFO - 读取小节: section04-05.md
2025-09-06 19:50:14,344 - INFO - 读取小节: section04-06.md
2025-09-06 19:50:14,347 - INFO - 读取小节: section04-07.md
2025-09-06 19:50:16,022 - INFO - 第4章转换成功
2025-09-06 19:50:16,024 - INFO - 转换统计：成功章节数 1/1，图片复制 0 个项
2025-09-06 19:50:16,027 - INFO - 主LaTeX文件生成: /mnt/d/Projects/教材/智慧水利平台架构与开发/output/main.tex
2025-09-06 19:50:33,538 - WARNING - 第1次编译返回非零，继续后续编译以稳定目录/引用
2025-09-06 19:50:51,648 - WARNING - 第2次编译返回非零，继续后续编译以稳定目录/引用
2025-09-06 19:51:08,545 - WARNING - 第3次编译返回非零，继续后续编译以稳定目录/引用
2025-09-06 19:51:08,548 - INFO - PDF 编译完成: /mnt/d/Projects/教材/智慧水利平台架构与开发/output/main.pdf
2025-09-06 19:51:35,030 - INFO - 🚀 改进版转换器启动
2025-09-06 19:51:35,031 - INFO - 开始复制图片文件
2025-09-06 19:51:35,055 - INFO - 复制图片: D:\Projects\教材\智慧水利平台架构与开发\docs\chapters\images\chapter02 -> D:\Projects\教材\智慧水利平台架构与开发\output\images\chapter02
2025-09-06 19:51:35,121 - INFO - 复制图片: D:\Projects\教材\智慧水利平台架构与开发\docs\chapters\chapter06\images -> D:\Projects\教材\智慧水利平台架构与开发\output\images\chapter06
2025-09-06 19:51:35,122 - INFO - 按 --build-only 开始编译
2025-09-06 19:51:53,949 - WARNING - 第1次编译返回非零，继续后续编译以稳定目录/引用
2025-09-06 19:52:14,808 - WARNING - 第2次编译返回非零，继续后续编译以稳定目录/引用
2025-09-06 19:52:34,135 - WARNING - 第3次编译返回非零，继续后续编译以稳定目录/引用
2025-09-06 19:52:34,135 - INFO - PDF 编译完成: D:\Projects\教材\智慧水利平台架构与开发\output\main.pdf
2025-09-06 19:54:14,185 - INFO - 🚀 改进版转换器启动
2025-09-06 19:54:14,185 - INFO - 开始复制图片文件
2025-09-06 19:54:16,118 - INFO - 复制图片: /mnt/d/Projects/教材/智慧水利平台架构与开发/docs/chapters/images/chapter02 -> /mnt/d/Projects/教材/智慧水利平台架构与开发/output/images/chapter02
2025-09-06 19:54:20,397 - INFO - 复制图片: /mnt/d/Projects/教材/智慧水利平台架构与开发/docs/chapters/chapter06/images -> /mnt/d/Projects/教材/智慧水利平台架构与开发/output/images/chapter06
2025-09-06 19:54:20,733 - INFO - 前言转换成功
2025-09-06 19:54:20,742 - INFO - 读取主文件: chapter04.md
2025-09-06 19:54:20,760 - INFO - 读取小节: section04-01.md
2025-09-06 19:54:20,764 - INFO - 读取小节: section04-02.md
2025-09-06 19:54:20,768 - INFO - 读取小节: section04-03.md
2025-09-06 19:54:20,774 - INFO - 读取小节: section04-04.md
2025-09-06 19:54:20,779 - INFO - 读取小节: section04-05.md
2025-09-06 19:54:20,783 - INFO - 读取小节: section04-06.md
2025-09-06 19:54:20,790 - INFO - 读取小节: section04-07.md
2025-09-06 19:54:22,634 - INFO - 第4章转换成功
2025-09-06 19:54:22,635 - INFO - 转换统计：成功章节数 1/1，图片复制 0 个项
2025-09-06 19:54:22,640 - INFO - 主LaTeX文件生成: /mnt/d/Projects/教材/智慧水利平台架构与开发/output/main.tex
2025-09-06 19:54:41,255 - WARNING - 第1次编译返回非零，继续后续编译以稳定目录/引用
2025-09-06 19:54:58,422 - WARNING - 第2次编译返回非零，继续后续编译以稳定目录/引用
2025-09-06 19:55:15,607 - WARNING - 第3次编译返回非零，继续后续编译以稳定目录/引用
2025-09-06 19:55:15,610 - INFO - PDF 编译完成: /mnt/d/Projects/教材/智慧水利平台架构与开发/output/main.pdf
2025-09-06 19:57:13,017 - INFO - 🚀 改进版转换器启动
2025-09-06 19:57:13,018 - INFO - 开始复制图片文件
2025-09-06 19:57:14,404 - INFO - 复制图片: /mnt/d/Projects/教材/智慧水利平台架构与开发/docs/chapters/images/chapter02 -> /mnt/d/Projects/教材/智慧水利平台架构与开发/output/images/chapter02
2025-09-06 19:57:17,302 - INFO - 复制图片: /mnt/d/Projects/教材/智慧水利平台架构与开发/docs/chapters/chapter06/images -> /mnt/d/Projects/教材/智慧水利平台架构与开发/output/images/chapter06
2025-09-06 19:57:17,645 - INFO - 前言转换成功
2025-09-06 19:57:17,655 - INFO - 读取主文件: chapter04.md
2025-09-06 19:57:17,664 - INFO - 读取小节: section04-01.md
2025-09-06 19:57:17,669 - INFO - 读取小节: section04-02.md
2025-09-06 19:57:17,673 - INFO - 读取小节: section04-03.md
2025-09-06 19:57:17,679 - INFO - 读取小节: section04-04.md
2025-09-06 19:57:17,685 - INFO - 读取小节: section04-05.md
2025-09-06 19:57:17,689 - INFO - 读取小节: section04-06.md
2025-09-06 19:57:17,693 - INFO - 读取小节: section04-07.md
2025-09-06 19:57:19,264 - INFO - 第4章转换成功
2025-09-06 19:57:19,268 - INFO - 转换统计：成功章节数 1/1，图片复制 0 个项
2025-09-06 19:57:19,275 - INFO - 主LaTeX文件生成: /mnt/d/Projects/教材/智慧水利平台架构与开发/output/main.tex
2025-09-06 19:57:44,295 - WARNING - 第1次编译返回非零，继续后续编译以稳定目录/引用
2025-09-06 19:58:08,740 - WARNING - 第2次编译返回非零，继续后续编译以稳定目录/引用
2025-09-06 19:58:32,600 - WARNING - 第3次编译返回非零，继续后续编译以稳定目录/引用
2025-09-06 19:58:32,603 - INFO - PDF 编译完成: /mnt/d/Projects/教材/智慧水利平台架构与开发/output/main.pdf
2025-09-06 20:04:46,148 - INFO - 🚀 改进版转换器启动
2025-09-06 20:04:46,148 - INFO - 开始复制图片文件
2025-09-06 20:04:47,644 - INFO - 复制图片: /mnt/d/Projects/教材/智慧水利平台架构与开发/docs/chapters/images/chapter02 -> /mnt/d/Projects/教材/智慧水利平台架构与开发/output/images/chapter02
2025-09-06 20:04:51,221 - INFO - 复制图片: /mnt/d/Projects/教材/智慧水利平台架构与开发/docs/chapters/chapter06/images -> /mnt/d/Projects/教材/智慧水利平台架构与开发/output/images/chapter06
2025-09-06 20:04:51,714 - INFO - 前言转换成功
2025-09-06 20:04:51,732 - INFO - 读取主文件: chapter04.md
2025-09-06 20:04:51,749 - INFO - 读取小节: section04-01.md
2025-09-06 20:04:51,753 - INFO - 读取小节: section04-02.md
2025-09-06 20:04:51,760 - INFO - 读取小节: section04-03.md
2025-09-06 20:04:51,768 - INFO - 读取小节: section04-04.md
2025-09-06 20:04:51,775 - INFO - 读取小节: section04-05.md
2025-09-06 20:04:51,781 - INFO - 读取小节: section04-06.md
2025-09-06 20:04:51,786 - INFO - 读取小节: section04-07.md
2025-09-06 20:04:53,554 - INFO - 第4章转换成功
2025-09-06 20:04:53,557 - INFO - 转换统计：成功章节数 1/1，图片复制 0 个项
2025-09-06 20:04:53,564 - INFO - 主LaTeX文件生成: /mnt/d/Projects/教材/智慧水利平台架构与开发/output/main.tex
2025-09-06 20:05:19,515 - WARNING - 第1次编译返回非零，继续后续编译以稳定目录/引用
2025-09-06 20:05:44,637 - WARNING - 第2次编译返回非零，继续后续编译以稳定目录/引用
2025-09-06 20:06:08,737 - WARNING - 第3次编译返回非零，继续后续编译以稳定目录/引用
2025-09-06 20:06:08,741 - INFO - PDF 编译完成: /mnt/d/Projects/教材/智慧水利平台架构与开发/output/main.pdf
2025-09-06 20:08:46,166 - INFO - 🚀 改进版转换器启动
2025-09-06 20:08:46,167 - INFO - 开始复制图片文件
2025-09-06 20:08:47,546 - INFO - 复制图片: /mnt/d/Projects/教材/智慧水利平台架构与开发/docs/chapters/images/chapter02 -> /mnt/d/Projects/教材/智慧水利平台架构与开发/output/images/chapter02
2025-09-06 20:08:51,445 - INFO - 复制图片: /mnt/d/Projects/教材/智慧水利平台架构与开发/docs/chapters/chapter06/images -> /mnt/d/Projects/教材/智慧水利平台架构与开发/output/images/chapter06
2025-09-06 20:08:51,832 - INFO - 前言转换成功
2025-09-06 20:08:51,850 - INFO - 读取主文件: chapter04.md
2025-09-06 20:08:51,858 - INFO - 读取小节: section04-01.md
2025-09-06 20:08:51,862 - INFO - 读取小节: section04-02.md
2025-09-06 20:08:51,865 - INFO - 读取小节: section04-03.md
2025-09-06 20:08:51,871 - INFO - 读取小节: section04-04.md
2025-09-06 20:08:51,877 - INFO - 读取小节: section04-05.md
2025-09-06 20:08:51,881 - INFO - 读取小节: section04-06.md
2025-09-06 20:08:51,885 - INFO - 读取小节: section04-07.md
2025-09-06 20:08:53,375 - INFO - 第4章转换成功
2025-09-06 20:08:53,379 - INFO - 转换统计：成功章节数 1/1，图片复制 0 个项
2025-09-06 20:08:53,395 - INFO - 主LaTeX文件生成: /mnt/d/Projects/教材/智慧水利平台架构与开发/output/main.tex
2025-09-06 20:09:11,712 - WARNING - 第1次编译返回非零，继续后续编译以稳定目录/引用
2025-09-06 20:09:28,721 - WARNING - 第2次编译返回非零，继续后续编译以稳定目录/引用
2025-09-06 20:09:45,539 - WARNING - 第3次编译返回非零，继续后续编译以稳定目录/引用
2025-09-06 20:09:45,545 - INFO - PDF 编译完成: /mnt/d/Projects/教材/智慧水利平台架构与开发/output/main.pdf
2025-09-06 20:14:29,970 - INFO - 🚀 改进版转换器启动
2025-09-06 20:14:29,970 - INFO - 开始复制图片文件
2025-09-06 20:14:31,423 - INFO - 复制图片: /mnt/d/Projects/教材/智慧水利平台架构与开发/docs/chapters/images/chapter02 -> /mnt/d/Projects/教材/智慧水利平台架构与开发/output/images/chapter02
2025-09-06 20:14:34,179 - INFO - 复制图片: /mnt/d/Projects/教材/智慧水利平台架构与开发/docs/chapters/chapter06/images -> /mnt/d/Projects/教材/智慧水利平台架构与开发/output/images/chapter06
2025-09-06 20:14:34,531 - INFO - 前言转换成功
2025-09-06 20:14:34,545 - INFO - 读取主文件: chapter04.md
2025-09-06 20:14:34,555 - INFO - 读取小节: section04-01.md
2025-09-06 20:14:34,559 - INFO - 读取小节: section04-02.md
2025-09-06 20:14:34,564 - INFO - 读取小节: section04-03.md
2025-09-06 20:14:34,623 - INFO - 读取小节: section04-04.md
2025-09-06 20:14:34,632 - INFO - 读取小节: section04-05.md
2025-09-06 20:14:34,638 - INFO - 读取小节: section04-06.md
2025-09-06 20:14:34,644 - INFO - 读取小节: section04-07.md
2025-09-06 20:14:36,163 - INFO - 第4章转换成功
2025-09-06 20:14:36,165 - INFO - 转换统计：成功章节数 1/1，图片复制 0 个项
2025-09-06 20:14:36,179 - INFO - 主LaTeX文件生成: /mnt/d/Projects/教材/智慧水利平台架构与开发/output/main.tex
2025-09-06 20:14:52,651 - WARNING - 第1次编译返回非零，继续后续编译以稳定目录/引用
2025-09-06 20:15:08,658 - WARNING - 第2次编译返回非零，继续后续编译以稳定目录/引用
2025-09-06 20:15:24,889 - WARNING - 第3次编译返回非零，继续后续编译以稳定目录/引用
2025-09-06 20:15:24,892 - INFO - PDF 编译完成: /mnt/d/Projects/教材/智慧水利平台架构与开发/output/main.pdf
2025-09-06 20:17:52,688 - INFO - 🚀 改进版转换器启动
2025-09-06 20:17:52,688 - INFO - 开始复制图片文件
2025-09-06 20:17:52,731 - INFO - 复制图片: D:\Projects\教材\智慧水利平台架构与开发\docs\chapters\images\chapter02 -> D:\Projects\教材\智慧水利平台架构与开发\output\images\chapter02
2025-09-06 20:17:52,789 - INFO - 复制图片: D:\Projects\教材\智慧水利平台架构与开发\docs\chapters\chapter06\images -> D:\Projects\教材\智慧水利平台架构与开发\output\images\chapter06
2025-09-06 20:17:52,791 - INFO - 按 --build-only 开始编译
2025-09-06 20:18:09,059 - WARNING - 第1次编译返回非零，继续后续编译以稳定目录/引用
2025-09-06 20:18:25,398 - WARNING - 第2次编译返回非零，继续后续编译以稳定目录/引用
2025-09-06 20:18:41,467 - WARNING - 第3次编译返回非零，继续后续编译以稳定目录/引用
2025-09-06 20:18:41,469 - INFO - PDF 编译完成: D:\Projects\教材\智慧水利平台架构与开发\output\main.pdf
2025-09-06 20:24:27,807 - INFO - 🚀 改进版转换器启动
2025-09-06 20:24:27,808 - INFO - 开始复制图片文件
2025-09-06 20:24:29,618 - INFO - 复制图片: /mnt/d/Projects/教材/智慧水利平台架构与开发/docs/chapters/images/chapter02 -> /mnt/d/Projects/教材/智慧水利平台架构与开发/output/images/chapter02
2025-09-06 20:24:33,418 - INFO - 复制图片: /mnt/d/Projects/教材/智慧水利平台架构与开发/docs/chapters/chapter06/images -> /mnt/d/Projects/教材/智慧水利平台架构与开发/output/images/chapter06
2025-09-06 20:24:33,807 - INFO - 前言转换成功
2025-09-06 20:24:33,977 - INFO - 读取主文件: chapter04.md
2025-09-06 20:24:33,998 - INFO - 读取小节: section04-01.md
2025-09-06 20:24:34,005 - INFO - 读取小节: section04-02.md
2025-09-06 20:24:34,011 - INFO - 读取小节: section04-03.md
2025-09-06 20:24:34,021 - INFO - 读取小节: section04-04.md
2025-09-06 20:24:34,029 - INFO - 读取小节: section04-05.md
2025-09-06 20:24:34,035 - INFO - 读取小节: section04-06.md
2025-09-06 20:24:34,041 - INFO - 读取小节: section04-07.md
2025-09-06 20:24:35,602 - INFO - 第4章转换成功
2025-09-06 20:24:35,604 - INFO - 转换统计：成功章节数 1/1，图片复制 0 个项
2025-09-06 20:24:35,608 - INFO - 主LaTeX文件生成: /mnt/d/Projects/教材/智慧水利平台架构与开发/output/main.tex
2025-09-06 20:24:58,968 - WARNING - 第1次编译返回非零，继续后续编译以稳定目录/引用
2025-09-06 20:25:22,902 - WARNING - 第2次编译返回非零，继续后续编译以稳定目录/引用
2025-09-06 20:25:45,959 - WARNING - 第3次编译返回非零，继续后续编译以稳定目录/引用
2025-09-06 20:25:45,962 - INFO - PDF 编译完成: /mnt/d/Projects/教材/智慧水利平台架构与开发/output/main.pdf
2025-09-06 20:27:09,956 - INFO - 🚀 改进版转换器启动
2025-09-06 20:27:09,957 - INFO - 开始复制图片文件
2025-09-06 20:27:09,989 - INFO - 复制图片: D:\Projects\教材\智慧水利平台架构与开发\docs\chapters\images\chapter02 -> D:\Projects\教材\智慧水利平台架构与开发\output\images\chapter02
2025-09-06 20:27:10,045 - INFO - 复制图片: D:\Projects\教材\智慧水利平台架构与开发\docs\chapters\chapter06\images -> D:\Projects\教材\智慧水利平台架构与开发\output\images\chapter06
2025-09-06 20:27:10,046 - INFO - 按 --build-only 开始编译
2025-09-06 20:27:32,440 - WARNING - 第1次编译返回非零，继续后续编译以稳定目录/引用
2025-09-06 20:27:54,607 - WARNING - 第2次编译返回非零，继续后续编译以稳定目录/引用
2025-09-06 20:28:17,180 - WARNING - 第3次编译返回非零，继续后续编译以稳定目录/引用
2025-09-06 20:28:17,182 - INFO - PDF 编译完成: D:\Projects\教材\智慧水利平台架构与开发\output\main.pdf
2025-09-06 20:30:39,556 - INFO - 🚀 改进版转换器启动
2025-09-06 20:30:39,557 - INFO - 开始复制图片文件
2025-09-06 20:30:41,283 - INFO - 复制图片: /mnt/d/Projects/教材/智慧水利平台架构与开发/docs/chapters/images/chapter02 -> /mnt/d/Projects/教材/智慧水利平台架构与开发/output/images/chapter02
2025-09-06 20:30:45,620 - INFO - 复制图片: /mnt/d/Projects/教材/智慧水利平台架构与开发/docs/chapters/chapter06/images -> /mnt/d/Projects/教材/智慧水利平台架构与开发/output/images/chapter06
2025-09-06 20:30:46,030 - INFO - 前言转换成功
2025-09-06 20:30:46,044 - INFO - 读取主文件: chapter05.md
2025-09-06 20:30:46,060 - INFO - 读取小节: section05-01.md
2025-09-06 20:30:46,066 - INFO - 读取小节: section05-02.md
2025-09-06 20:30:46,072 - INFO - 读取小节: section05-03.md
2025-09-06 20:30:46,081 - INFO - 读取小节: section05-04.md
2025-09-06 20:30:46,088 - INFO - 读取小节: section05-05.md
2025-09-06 20:30:46,094 - INFO - 读取小节: section05-06.md
2025-09-06 20:30:47,126 - INFO - 第5章转换成功
2025-09-06 20:30:47,130 - INFO - 转换统计：成功章节数 1/1，图片复制 0 个项
2025-09-06 20:30:47,140 - INFO - 主LaTeX文件生成: /mnt/d/Projects/教材/智慧水利平台架构与开发/output/main.tex
2025-09-06 20:31:04,678 - WARNING - 第1次编译返回非零，继续后续编译以稳定目录/引用
2025-09-06 20:31:21,174 - WARNING - 第2次编译返回非零，继续后续编译以稳定目录/引用
2025-09-06 20:31:37,203 - WARNING - 第3次编译返回非零，继续后续编译以稳定目录/引用
2025-09-06 20:31:37,211 - INFO - PDF 编译完成: /mnt/d/Projects/教材/智慧水利平台架构与开发/output/main.pdf
2025-09-06 20:55:09,364 - INFO - 🚀 改进版转换器启动
2025-09-06 20:55:09,365 - INFO - 开始复制图片文件
2025-09-06 20:55:11,051 - INFO - 复制图片: /mnt/d/Projects/教材/智慧水利平台架构与开发/docs/chapters/images/chapter02 -> /mnt/d/Projects/教材/智慧水利平台架构与开发/output/images/chapter02
2025-09-06 20:55:15,016 - INFO - 复制图片: /mnt/d/Projects/教材/智慧水利平台架构与开发/docs/chapters/chapter06/images -> /mnt/d/Projects/教材/智慧水利平台架构与开发/output/images/chapter06
2025-09-06 20:55:15,514 - INFO - 前言转换成功
2025-09-06 20:55:15,523 - INFO - 读取主文件: chapter06.md
2025-09-06 20:55:15,536 - INFO - 读取小节: section06-01.md
2025-09-06 20:55:15,543 - INFO - 读取小节: section06-02.md
2025-09-06 20:55:15,548 - INFO - 读取小节: section06-03.md
2025-09-06 20:55:15,553 - INFO - 读取小节: section06-04.md
2025-09-06 20:55:15,559 - INFO - 读取小节: section06-05.md
2025-09-06 20:55:15,564 - INFO - 读取小节: section06-06.md
2025-09-06 20:55:15,569 - INFO - 读取小节: section06-07.md
2025-09-06 20:55:17,800 - INFO - 第6章转换成功
2025-09-06 20:55:17,802 - INFO - 转换统计：成功章节数 1/1，图片复制 0 个项
2025-09-06 20:55:17,809 - INFO - 主LaTeX文件生成: /mnt/d/Projects/教材/智慧水利平台架构与开发/output/main.tex
2025-09-06 20:55:21,894 - WARNING - 第1次编译返回非零，继续后续编译以稳定目录/引用
2025-09-06 20:55:25,396 - WARNING - 第2次编译返回非零，继续后续编译以稳定目录/引用
2025-09-06 20:55:28,883 - WARNING - 第3次编译返回非零，继续后续编译以稳定目录/引用
2025-09-06 20:55:28,889 - INFO - PDF 编译完成: /mnt/d/Projects/教材/智慧水利平台架构与开发/output/main.pdf
2025-09-06 21:10:29,487 - INFO - 🚀 改进版转换器启动
2025-09-06 21:10:29,488 - INFO - 开始复制图片文件
2025-09-06 21:10:30,778 - INFO - 复制图片: /mnt/d/Projects/教材/智慧水利平台架构与开发/docs/chapters/images/chapter02 -> /mnt/d/Projects/教材/智慧水利平台架构与开发/output/images/chapter02
2025-09-06 21:10:34,182 - INFO - 复制图片: /mnt/d/Projects/教材/智慧水利平台架构与开发/docs/chapters/chapter06/images -> /mnt/d/Projects/教材/智慧水利平台架构与开发/output/images/chapter06
2025-09-06 21:10:34,690 - INFO - 前言转换成功
2025-09-06 21:10:34,703 - INFO - 读取主文件: chapter01.md
2025-09-06 21:10:34,714 - INFO - 读取小节: section01-01.md
2025-09-06 21:10:34,720 - INFO - 读取小节: section01-02.md
2025-09-06 21:10:34,725 - INFO - 读取小节: section01-03.md
2025-09-06 21:10:35,095 - INFO - 第1章转换成功
2025-09-06 21:10:35,110 - INFO - 读取主文件: chapter02.md
2025-09-06 21:10:35,124 - INFO - 读取小节: section02-01.md
2025-09-06 21:10:35,130 - INFO - 读取小节: section02-02.md
2025-09-06 21:10:35,138 - INFO - 读取小节: section02-03.md
2025-09-06 21:10:35,146 - INFO - 读取小节: section02-04.md
2025-09-06 21:10:35,155 - INFO - 读取小节: section02-05.md
2025-09-06 21:10:35,161 - INFO - 读取小节: section02-06.md
2025-09-06 21:10:35,578 - INFO - 第2章转换成功
2025-09-06 21:10:35,592 - INFO - 读取主文件: chapter03.md
2025-09-06 21:10:35,606 - INFO - 读取小节: section03-01.md
2025-09-06 21:10:35,611 - INFO - 读取小节: section03-02.md
2025-09-06 21:10:35,617 - INFO - 读取小节: section03-03.md
2025-09-06 21:10:35,623 - INFO - 读取小节: section03-04.md
2025-09-06 21:10:35,628 - INFO - 读取小节: section03-05.md
2025-09-06 21:10:35,634 - INFO - 读取小节: section03-06.md
2025-09-06 21:10:35,640 - INFO - 读取小节: section03-07.md
2025-09-06 21:10:36,110 - INFO - 第3章转换成功
2025-09-06 21:10:36,129 - INFO - 读取主文件: chapter04.md
2025-09-06 21:10:36,142 - INFO - 读取小节: section04-01.md
2025-09-06 21:10:36,148 - INFO - 读取小节: section04-02.md
2025-09-06 21:10:36,155 - INFO - 读取小节: section04-03.md
2025-09-06 21:10:36,165 - INFO - 读取小节: section04-04.md
2025-09-06 21:10:36,175 - INFO - 读取小节: section04-05.md
2025-09-06 21:10:36,181 - INFO - 读取小节: section04-06.md
2025-09-06 21:10:36,188 - INFO - 读取小节: section04-07.md
2025-09-06 21:10:38,145 - INFO - 第4章转换成功
2025-09-06 21:10:38,164 - INFO - 读取主文件: chapter05.md
2025-09-06 21:10:38,186 - INFO - 读取小节: section05-01.md
2025-09-06 21:10:38,195 - INFO - 读取小节: section05-02.md
2025-09-06 21:10:38,210 - INFO - 读取小节: section05-03.md
2025-09-06 21:10:38,231 - INFO - 读取小节: section05-04.md
2025-09-06 21:10:38,243 - INFO - 读取小节: section05-05.md
2025-09-06 21:10:38,254 - INFO - 读取小节: section05-06.md
2025-09-06 21:10:39,998 - INFO - 第5章转换成功
2025-09-06 21:10:40,015 - INFO - 读取主文件: chapter06.md
2025-09-06 21:10:40,034 - INFO - 读取小节: section06-01.md
2025-09-06 21:10:40,042 - INFO - 读取小节: section06-02.md
2025-09-06 21:10:40,051 - INFO - 读取小节: section06-03.md
2025-09-06 21:10:40,059 - INFO - 读取小节: section06-04.md
2025-09-06 21:10:40,069 - INFO - 读取小节: section06-05.md
2025-09-06 21:10:40,078 - INFO - 读取小节: section06-06.md
2025-09-06 21:10:40,086 - INFO - 读取小节: section06-07.md
2025-09-06 21:10:42,939 - INFO - 第6章转换成功
2025-09-06 21:10:42,956 - INFO - 读取主文件: chapter07.md
2025-09-06 21:10:42,968 - INFO - 读取小节: section07-01.md
2025-09-06 21:10:42,973 - INFO - 读取小节: section07-02.md
2025-09-06 21:10:42,978 - INFO - 读取小节: section07-03.md
2025-09-06 21:10:42,985 - INFO - 读取小节: section07-04.md
2025-09-06 21:10:43,609 - INFO - 第7章转换成功
2025-09-06 21:10:43,626 - INFO - 读取主文件: chapter08.md
2025-09-06 21:10:43,638 - INFO - 读取小节: section08-01.md
2025-09-06 21:10:43,644 - INFO - 读取小节: section08-02.md
2025-09-06 21:10:43,649 - INFO - 读取小节: section08-03.md
2025-09-06 21:10:43,655 - INFO - 读取小节: section08-04.md
2025-09-06 21:10:43,661 - INFO - 读取小节: section08-05.md
2025-09-06 21:10:44,689 - INFO - 第8章转换成功
2025-09-06 21:10:44,714 - INFO - 读取主文件: chapter09.md
2025-09-06 21:10:45,098 - INFO - 第9章转换成功
2025-09-06 21:10:45,099 - INFO - 转换统计：成功章节数 9/9，图片复制 0 个项
2025-09-06 21:10:45,104 - INFO - 主LaTeX文件生成: /mnt/d/Projects/教材/智慧水利平台架构与开发/output/main.tex
2025-09-06 21:10:45,104 - INFO - 已按 --convert-only 完成转换
2025-09-06 21:13:04,220 - INFO - 🚀 改进版转换器启动
2025-09-06 21:13:04,221 - INFO - 开始复制图片文件
2025-09-06 21:13:05,976 - INFO - 复制图片: /mnt/d/Projects/教材/智慧水利平台架构与开发/docs/chapters/images/chapter02 -> /mnt/d/Projects/教材/智慧水利平台架构与开发/output/images/chapter02
2025-09-06 21:13:11,047 - INFO - 复制图片: /mnt/d/Projects/教材/智慧水利平台架构与开发/docs/chapters/chapter06/images -> /mnt/d/Projects/教材/智慧水利平台架构与开发/output/images/chapter06
2025-09-06 21:13:11,625 - INFO - 前言转换成功
2025-09-06 21:13:11,640 - INFO - 读取主文件: chapter01.md
2025-09-06 21:13:11,655 - INFO - 读取小节: section01-01.md
2025-09-06 21:13:11,712 - INFO - 读取小节: section01-02.md
2025-09-06 21:13:11,720 - INFO - 读取小节: section01-03.md
2025-09-06 21:13:12,186 - INFO - 第1章转换成功
2025-09-06 21:13:12,202 - INFO - 读取主文件: chapter02.md
2025-09-06 21:13:12,216 - INFO - 读取小节: section02-01.md
2025-09-06 21:13:12,222 - INFO - 读取小节: section02-02.md
2025-09-06 21:13:12,228 - INFO - 读取小节: section02-03.md
2025-09-06 21:13:12,237 - INFO - 读取小节: section02-04.md
2025-09-06 21:13:12,244 - INFO - 读取小节: section02-05.md
2025-09-06 21:13:12,250 - INFO - 读取小节: section02-06.md
2025-09-06 21:13:12,697 - INFO - 第2章转换成功
2025-09-06 21:13:12,709 - INFO - 读取主文件: chapter03.md
2025-09-06 21:13:12,722 - INFO - 读取小节: section03-01.md
2025-09-06 21:13:12,728 - INFO - 读取小节: section03-02.md
2025-09-06 21:13:12,734 - INFO - 读取小节: section03-03.md
2025-09-06 21:13:12,740 - INFO - 读取小节: section03-04.md
2025-09-06 21:13:12,746 - INFO - 读取小节: section03-05.md
2025-09-06 21:13:12,753 - INFO - 读取小节: section03-06.md
2025-09-06 21:13:12,760 - INFO - 读取小节: section03-07.md
2025-09-06 21:13:13,301 - INFO - 第3章转换成功
2025-09-06 21:13:13,317 - INFO - 读取主文件: chapter04.md
2025-09-06 21:13:13,330 - INFO - 读取小节: section04-01.md
2025-09-06 21:13:13,336 - INFO - 读取小节: section04-02.md
2025-09-06 21:13:13,342 - INFO - 读取小节: section04-03.md
2025-09-06 21:13:13,353 - INFO - 读取小节: section04-04.md
2025-09-06 21:13:13,361 - INFO - 读取小节: section04-05.md
2025-09-06 21:13:13,369 - INFO - 读取小节: section04-06.md
2025-09-06 21:13:13,375 - INFO - 读取小节: section04-07.md
2025-09-06 21:13:25,881 - INFO - 🚀 改进版转换器启动
2025-09-06 21:13:25,882 - INFO - 开始复制图片文件
2025-09-06 21:13:27,786 - INFO - 复制图片: /mnt/d/Projects/教材/智慧水利平台架构与开发/docs/chapters/images/chapter02 -> /mnt/d/Projects/教材/智慧水利平台架构与开发/output/images/chapter02
2025-09-06 21:13:32,236 - INFO - 复制图片: /mnt/d/Projects/教材/智慧水利平台架构与开发/docs/chapters/chapter06/images -> /mnt/d/Projects/教材/智慧水利平台架构与开发/output/images/chapter06
2025-09-06 21:13:32,860 - INFO - 前言转换成功
2025-09-06 21:13:32,876 - INFO - 读取主文件: chapter06.md
2025-09-06 21:13:32,891 - INFO - 读取小节: section06-01.md
2025-09-06 21:13:32,898 - INFO - 读取小节: section06-02.md
2025-09-06 21:13:32,904 - INFO - 读取小节: section06-03.md
2025-09-06 21:13:32,910 - INFO - 读取小节: section06-04.md
2025-09-06 21:13:32,917 - INFO - 读取小节: section06-05.md
2025-09-06 21:13:32,924 - INFO - 读取小节: section06-06.md
2025-09-06 21:13:32,929 - INFO - 读取小节: section06-07.md
2025-09-06 21:13:35,768 - INFO - 第6章转换成功
2025-09-06 21:13:35,768 - INFO - 转换统计：成功章节数 1/1，图片复制 0 个项
2025-09-06 21:13:35,777 - INFO - 主LaTeX文件生成: /mnt/d/Projects/教材/智慧水利平台架构与开发/output/main.tex
2025-09-06 21:13:35,778 - INFO - 已按 --convert-only 完成转换
2025-09-06 21:13:46,371 - INFO - 🚀 改进版转换器启动
2025-09-06 21:13:46,373 - INFO - 开始复制图片文件
2025-09-06 21:13:48,484 - INFO - 复制图片: /mnt/d/Projects/教材/智慧水利平台架构与开发/docs/chapters/images/chapter02 -> /mnt/d/Projects/教材/智慧水利平台架构与开发/output/images/chapter02
2025-09-06 21:13:53,996 - INFO - 复制图片: /mnt/d/Projects/教材/智慧水利平台架构与开发/docs/chapters/chapter06/images -> /mnt/d/Projects/教材/智慧水利平台架构与开发/output/images/chapter06
2025-09-06 21:13:54,018 - INFO - 按 --build-only 开始编译
2025-09-06 21:13:58,299 - WARNING - 第1次编译返回非零，继续后续编译以稳定目录/引用
2025-09-06 21:14:00,592 - WARNING - 第2次编译返回非零，继续后续编译以稳定目录/引用
2025-09-06 21:14:02,775 - WARNING - 第3次编译返回非零，继续后续编译以稳定目录/引用
2025-09-06 21:14:02,782 - INFO - PDF 编译完成: /mnt/d/Projects/教材/智慧水利平台架构与开发/output/main.pdf
2025-09-06 21:15:52,996 - INFO - 🚀 改进版转换器启动
2025-09-06 21:15:52,996 - INFO - 开始复制图片文件
2025-09-06 21:15:54,507 - INFO - 复制图片: /mnt/d/Projects/教材/智慧水利平台架构与开发/docs/chapters/images/chapter02 -> /mnt/d/Projects/教材/智慧水利平台架构与开发/output/images/chapter02
2025-09-06 21:15:58,746 - INFO - 复制图片: /mnt/d/Projects/教材/智慧水利平台架构与开发/docs/chapters/chapter06/images -> /mnt/d/Projects/教材/智慧水利平台架构与开发/output/images/chapter06
2025-09-06 21:15:59,212 - INFO - 前言转换成功
2025-09-06 21:15:59,222 - INFO - 读取主文件: chapter06.md
2025-09-06 21:15:59,238 - INFO - 读取小节: section06-01.md
2025-09-06 21:15:59,245 - INFO - 读取小节: section06-02.md
2025-09-06 21:15:59,255 - INFO - 读取小节: section06-03.md
2025-09-06 21:15:59,262 - INFO - 读取小节: section06-04.md
2025-09-06 21:15:59,267 - INFO - 读取小节: section06-05.md
2025-09-06 21:15:59,272 - INFO - 读取小节: section06-06.md
2025-09-06 21:15:59,280 - INFO - 读取小节: section06-07.md
2025-09-06 21:16:01,811 - INFO - 第6章转换成功
2025-09-06 21:16:01,811 - INFO - 转换统计：成功章节数 1/1，图片复制 0 个项
2025-09-06 21:16:01,817 - INFO - 主LaTeX文件生成: /mnt/d/Projects/教材/智慧水利平台架构与开发/output/main.tex
2025-09-06 21:16:01,823 - INFO - 已按 --convert-only 完成转换
2025-09-06 21:16:22,655 - INFO - 🚀 改进版转换器启动
2025-09-06 21:16:22,656 - INFO - 开始复制图片文件
2025-09-06 21:16:24,138 - INFO - 复制图片: /mnt/d/Projects/教材/智慧水利平台架构与开发/docs/chapters/images/chapter02 -> /mnt/d/Projects/教材/智慧水利平台架构与开发/output/images/chapter02
2025-09-06 21:16:28,078 - INFO - 复制图片: /mnt/d/Projects/教材/智慧水利平台架构与开发/docs/chapters/chapter06/images -> /mnt/d/Projects/教材/智慧水利平台架构与开发/output/images/chapter06
2025-09-06 21:16:28,095 - INFO - 按 --build-only 开始编译
2025-09-06 21:16:31,422 - WARNING - 第1次编译返回非零，继续后续编译以稳定目录/引用
2025-09-06 21:16:34,597 - WARNING - 第2次编译返回非零，继续后续编译以稳定目录/引用
2025-09-06 21:16:37,803 - WARNING - 第3次编译返回非零，继续后续编译以稳定目录/引用
2025-09-06 21:16:37,810 - INFO - PDF 编译完成: /mnt/d/Projects/教材/智慧水利平台架构与开发/output/main.pdf
2025-09-06 21:18:32,250 - INFO - 🚀 改进版转换器启动
2025-09-06 21:18:32,250 - INFO - 开始复制图片文件
2025-09-06 21:18:34,094 - INFO - 复制图片: /mnt/d/Projects/教材/智慧水利平台架构与开发/docs/chapters/images/chapter02 -> /mnt/d/Projects/教材/智慧水利平台架构与开发/output/images/chapter02
2025-09-06 21:18:38,219 - INFO - 复制图片: /mnt/d/Projects/教材/智慧水利平台架构与开发/docs/chapters/chapter06/images -> /mnt/d/Projects/教材/智慧水利平台架构与开发/output/images/chapter06
2025-09-06 21:18:38,651 - INFO - 前言转换成功
2025-09-06 21:18:38,664 - INFO - 读取主文件: chapter06.md
2025-09-06 21:18:38,676 - INFO - 读取小节: section06-01.md
2025-09-06 21:18:38,683 - INFO - 读取小节: section06-02.md
2025-09-06 21:18:38,689 - INFO - 读取小节: section06-03.md
2025-09-06 21:18:38,695 - INFO - 读取小节: section06-04.md
2025-09-06 21:18:38,700 - INFO - 读取小节: section06-05.md
2025-09-06 21:18:38,706 - INFO - 读取小节: section06-06.md
2025-09-06 21:18:38,711 - INFO - 读取小节: section06-07.md
2025-09-06 21:19:17,942 - INFO - 🚀 改进版转换器启动
2025-09-06 21:19:17,942 - INFO - 开始复制图片文件
2025-09-06 21:19:19,502 - INFO - 复制图片: /mnt/d/Projects/教材/智慧水利平台架构与开发/docs/chapters/images/chapter02 -> /mnt/d/Projects/教材/智慧水利平台架构与开发/output/images/chapter02
2025-09-06 21:19:23,315 - INFO - 复制图片: /mnt/d/Projects/教材/智慧水利平台架构与开发/docs/chapters/chapter06/images -> /mnt/d/Projects/教材/智慧水利平台架构与开发/output/images/chapter06
2025-09-06 21:19:23,766 - INFO - 前言转换成功
2025-09-06 21:19:23,777 - INFO - 读取主文件: chapter06.md
2025-09-06 21:19:23,787 - INFO - 读取小节: section06-01.md
2025-09-06 21:19:23,793 - INFO - 读取小节: section06-02.md
2025-09-06 21:19:23,797 - INFO - 读取小节: section06-03.md
2025-09-06 21:19:23,802 - INFO - 读取小节: section06-04.md
2025-09-06 21:19:23,808 - INFO - 读取小节: section06-05.md
2025-09-06 21:19:23,813 - INFO - 读取小节: section06-06.md
2025-09-06 21:19:23,818 - INFO - 读取小节: section06-07.md
2025-09-06 21:19:26,244 - INFO - 第6章转换成功
2025-09-06 21:19:26,248 - INFO - 转换统计：成功章节数 1/1，图片复制 0 个项
2025-09-06 21:19:26,274 - INFO - 主LaTeX文件生成: /mnt/d/Projects/教材/智慧水利平台架构与开发/output/main.tex
2025-09-06 21:19:26,282 - INFO - 已按 --convert-only 完成转换
2025-09-06 21:19:51,427 - INFO - 🚀 改进版转换器启动
2025-09-06 21:19:51,428 - INFO - 开始复制图片文件
2025-09-06 21:19:53,020 - INFO - 复制图片: /mnt/d/Projects/教材/智慧水利平台架构与开发/docs/chapters/images/chapter02 -> /mnt/d/Projects/教材/智慧水利平台架构与开发/output/images/chapter02
2025-09-06 21:19:56,800 - INFO - 复制图片: /mnt/d/Projects/教材/智慧水利平台架构与开发/docs/chapters/chapter06/images -> /mnt/d/Projects/教材/智慧水利平台架构与开发/output/images/chapter06
2025-09-06 21:19:57,273 - INFO - 前言转换成功
2025-09-06 21:19:57,282 - INFO - 读取主文件: chapter06.md
2025-09-06 21:19:57,293 - INFO - 读取小节: section06-01.md
2025-09-06 21:19:57,299 - INFO - 读取小节: section06-02.md
2025-09-06 21:19:57,304 - INFO - 读取小节: section06-03.md
2025-09-06 21:19:57,310 - INFO - 读取小节: section06-04.md
2025-09-06 21:19:57,315 - INFO - 读取小节: section06-05.md
2025-09-06 21:19:57,320 - INFO - 读取小节: section06-06.md
2025-09-06 21:19:57,325 - INFO - 读取小节: section06-07.md
2025-09-06 21:19:59,726 - INFO - 第6章转换成功
2025-09-06 21:19:59,726 - INFO - 转换统计：成功章节数 1/1，图片复制 0 个项
2025-09-06 21:19:59,744 - INFO - 主LaTeX文件生成: /mnt/d/Projects/教材/智慧水利平台架构与开发/output/main.tex
2025-09-06 21:19:59,745 - INFO - 已按 --convert-only 完成转换
2025-09-06 21:20:13,387 - INFO - 🚀 改进版转换器启动
2025-09-06 21:20:13,388 - INFO - 开始复制图片文件
2025-09-06 21:20:14,933 - INFO - 复制图片: /mnt/d/Projects/教材/智慧水利平台架构与开发/docs/chapters/images/chapter02 -> /mnt/d/Projects/教材/智慧水利平台架构与开发/output/images/chapter02
2025-09-06 21:20:19,264 - INFO - 复制图片: /mnt/d/Projects/教材/智慧水利平台架构与开发/docs/chapters/chapter06/images -> /mnt/d/Projects/教材/智慧水利平台架构与开发/output/images/chapter06
2025-09-06 21:20:19,281 - INFO - 按 --build-only 开始编译
2025-09-06 21:20:27,561 - WARNING - 第1次编译返回非零，继续后续编译以稳定目录/引用
2025-09-06 21:20:35,703 - WARNING - 第2次编译返回非零，继续后续编译以稳定目录/引用
2025-09-06 21:20:44,106 - WARNING - 第3次编译返回非零，继续后续编译以稳定目录/引用
2025-09-06 21:20:44,114 - INFO - PDF 编译完成: /mnt/d/Projects/教材/智慧水利平台架构与开发/output/main.pdf
2025-09-06 21:22:31,236 - INFO - 🚀 改进版转换器启动
2025-09-06 21:22:31,237 - INFO - 开始复制图片文件
2025-09-06 21:22:32,825 - INFO - 复制图片: /mnt/d/Projects/教材/智慧水利平台架构与开发/docs/chapters/images/chapter02 -> /mnt/d/Projects/教材/智慧水利平台架构与开发/output/images/chapter02
2025-09-06 21:22:37,017 - INFO - 复制图片: /mnt/d/Projects/教材/智慧水利平台架构与开发/docs/chapters/chapter06/images -> /mnt/d/Projects/教材/智慧水利平台架构与开发/output/images/chapter06
2025-09-06 21:22:37,438 - INFO - 前言转换成功
2025-09-06 21:22:37,456 - INFO - 读取主文件: chapter01.md
2025-09-06 21:22:37,469 - INFO - 读取小节: section01-01.md
2025-09-06 21:22:37,475 - INFO - 读取小节: section01-02.md
2025-09-06 21:22:37,480 - INFO - 读取小节: section01-03.md
2025-09-06 21:22:37,862 - INFO - 第1章转换成功
2025-09-06 21:22:37,876 - INFO - 读取主文件: chapter02.md
2025-09-06 21:22:37,887 - INFO - 读取小节: section02-01.md
2025-09-06 21:22:37,893 - INFO - 读取小节: section02-02.md
2025-09-06 21:22:37,897 - INFO - 读取小节: section02-03.md
2025-09-06 21:22:37,903 - INFO - 读取小节: section02-04.md
2025-09-06 21:22:37,909 - INFO - 读取小节: section02-05.md
2025-09-06 21:22:37,914 - INFO - 读取小节: section02-06.md
2025-09-06 21:22:38,457 - INFO - 第2章转换成功
2025-09-06 21:22:38,468 - INFO - 读取主文件: chapter03.md
2025-09-06 21:22:38,479 - INFO - 读取小节: section03-01.md
2025-09-06 21:22:38,486 - INFO - 读取小节: section03-02.md
2025-09-06 21:22:38,492 - INFO - 读取小节: section03-03.md
2025-09-06 21:22:38,498 - INFO - 读取小节: section03-04.md
2025-09-06 21:22:38,505 - INFO - 读取小节: section03-05.md
2025-09-06 21:22:38,511 - INFO - 读取小节: section03-06.md
2025-09-06 21:22:38,517 - INFO - 读取小节: section03-07.md
2025-09-06 21:22:38,984 - INFO - 第3章转换成功
2025-09-06 21:22:38,995 - INFO - 读取主文件: chapter04.md
2025-09-06 21:22:39,006 - INFO - 读取小节: section04-01.md
2025-09-06 21:22:39,013 - INFO - 读取小节: section04-02.md
2025-09-06 21:22:39,020 - INFO - 读取小节: section04-03.md
2025-09-06 21:22:39,027 - INFO - 读取小节: section04-04.md
2025-09-06 21:22:39,035 - INFO - 读取小节: section04-05.md
2025-09-06 21:22:39,041 - INFO - 读取小节: section04-06.md
2025-09-06 21:22:39,047 - INFO - 读取小节: section04-07.md
2025-09-06 21:22:45,121 - INFO - 第4章转换成功
2025-09-06 21:22:45,144 - INFO - 读取主文件: chapter05.md
2025-09-06 21:22:45,158 - INFO - 读取小节: section05-01.md
2025-09-06 21:22:45,164 - INFO - 读取小节: section05-02.md
2025-09-06 21:22:45,170 - INFO - 读取小节: section05-03.md
2025-09-06 21:22:45,176 - INFO - 读取小节: section05-04.md
2025-09-06 21:22:45,182 - INFO - 读取小节: section05-05.md
2025-09-06 21:22:45,189 - INFO - 读取小节: section05-06.md
2025-09-06 21:22:48,394 - INFO - 第5章转换成功
2025-09-06 21:22:48,406 - INFO - 读取主文件: chapter06.md
2025-09-06 21:22:48,420 - INFO - 读取小节: section06-01.md
2025-09-06 21:22:48,425 - INFO - 读取小节: section06-02.md
2025-09-06 21:22:48,431 - INFO - 读取小节: section06-03.md
2025-09-06 21:22:48,437 - INFO - 读取小节: section06-04.md
2025-09-06 21:22:48,445 - INFO - 读取小节: section06-05.md
2025-09-06 21:22:48,453 - INFO - 读取小节: section06-06.md
2025-09-06 21:22:48,458 - INFO - 读取小节: section06-07.md
2025-09-06 21:22:51,002 - INFO - 第6章转换成功
2025-09-06 21:22:51,017 - INFO - 读取主文件: chapter07.md
2025-09-06 21:22:51,027 - INFO - 读取小节: section07-01.md
2025-09-06 21:22:51,033 - INFO - 读取小节: section07-02.md
2025-09-06 21:22:51,040 - INFO - 读取小节: section07-03.md
2025-09-06 21:22:51,046 - INFO - 读取小节: section07-04.md
2025-09-06 21:22:51,825 - INFO - 第7章转换成功
2025-09-06 21:22:51,840 - INFO - 读取主文件: chapter08.md
2025-09-06 21:22:51,856 - INFO - 读取小节: section08-01.md
2025-09-06 21:22:51,862 - INFO - 读取小节: section08-02.md
2025-09-06 21:22:51,868 - INFO - 读取小节: section08-03.md
2025-09-06 21:22:51,873 - INFO - 读取小节: section08-04.md
2025-09-06 21:22:51,879 - INFO - 读取小节: section08-05.md
2025-09-06 21:22:53,177 - INFO - 第8章转换成功
2025-09-06 21:22:53,193 - INFO - 读取主文件: chapter09.md
2025-09-06 21:22:53,497 - INFO - 第9章转换成功
2025-09-06 21:22:53,497 - INFO - 转换统计：成功章节数 9/9，图片复制 0 个项
2025-09-06 21:22:53,501 - INFO - 主LaTeX文件生成: /mnt/d/Projects/教材/智慧水利平台架构与开发/output/main.tex
2025-09-06 21:22:53,502 - INFO - 已按 --convert-only 完成转换
2025-09-06 21:23:10,550 - INFO - 🚀 改进版转换器启动
2025-09-06 21:23:10,551 - INFO - 开始复制图片文件
2025-09-06 21:23:12,079 - INFO - 复制图片: /mnt/d/Projects/教材/智慧水利平台架构与开发/docs/chapters/images/chapter02 -> /mnt/d/Projects/教材/智慧水利平台架构与开发/output/images/chapter02
2025-09-06 21:23:15,737 - INFO - 复制图片: /mnt/d/Projects/教材/智慧水利平台架构与开发/docs/chapters/chapter06/images -> /mnt/d/Projects/教材/智慧水利平台架构与开发/output/images/chapter06
2025-09-06 21:23:15,751 - INFO - 按 --build-only 开始编译
2025-09-06 21:24:13,238 - WARNING - 第1次编译返回非零，继续后续编译以稳定目录/引用
2025-09-06 22:02:22,785 - INFO - 🚀 改进版转换器启动
2025-09-06 22:02:22,786 - INFO - 开始复制图片文件
2025-09-06 22:02:24,915 - INFO - 复制图片: /mnt/d/Projects/教材/智慧水利平台架构与开发/docs/chapters/images/chapter02 -> /mnt/d/Projects/教材/智慧水利平台架构与开发/output/images/chapter02
2025-09-06 22:02:29,536 - INFO - 复制图片: /mnt/d/Projects/教材/智慧水利平台架构与开发/docs/chapters/chapter06/images -> /mnt/d/Projects/教材/智慧水利平台架构与开发/output/images/chapter06
2025-09-06 22:02:29,558 - INFO - 按 --build-only 开始编译
2025-09-06 22:03:30,241 - WARNING - 第1次编译返回非零，继续后续编译以稳定目录/引用
2025-09-06 22:04:27,527 - WARNING - 第2次编译返回非零，继续后续编译以稳定目录/引用
2025-09-06 22:05:27,996 - WARNING - 第3次编译返回非零，继续后续编译以稳定目录/引用
2025-09-06 22:05:28,001 - INFO - PDF 编译完成: /mnt/d/Projects/教材/智慧水利平台架构与开发/output/main.pdf
2025-09-06 22:14:24,559 - INFO - 🚀 改进版转换器启动
2025-09-06 22:14:24,560 - INFO - 开始复制图片文件
2025-09-06 22:14:25,960 - INFO - 复制图片: /mnt/d/Projects/教材/智慧水利平台架构与开发/docs/chapters/images/chapter02 -> /mnt/d/Projects/教材/智慧水利平台架构与开发/output/images/chapter02
2025-09-06 22:14:29,405 - INFO - 复制图片: /mnt/d/Projects/教材/智慧水利平台架构与开发/docs/chapters/chapter06/images -> /mnt/d/Projects/教材/智慧水利平台架构与开发/output/images/chapter06
2025-09-06 22:14:29,869 - INFO - 前言转换成功
2025-09-06 22:14:29,884 - INFO - 读取主文件: chapter04.md
2025-09-06 22:14:29,897 - INFO - 读取小节: section04-01.md
2025-09-06 22:14:29,902 - INFO - 读取小节: section04-02.md
2025-09-06 22:14:29,908 - INFO - 读取小节: section04-03.md
2025-09-06 22:14:29,915 - INFO - 读取小节: section04-04.md
2025-09-06 22:14:29,922 - INFO - 读取小节: section04-05.md
2025-09-06 22:14:29,928 - INFO - 读取小节: section04-06.md
2025-09-06 22:14:29,933 - INFO - 读取小节: section04-07.md
2025-09-06 22:14:35,096 - INFO - 第4章转换成功
2025-09-06 22:14:35,096 - INFO - 转换统计：成功章节数 1/1，图片复制 0 个项
2025-09-06 22:14:35,099 - INFO - 主LaTeX文件生成: /mnt/d/Projects/教材/智慧水利平台架构与开发/output/main.tex
2025-09-06 22:14:35,100 - INFO - 已按 --convert-only 完成转换
2025-09-06 22:14:51,077 - INFO - 🚀 改进版转换器启动
2025-09-06 22:14:51,078 - INFO - 开始复制图片文件
2025-09-06 22:14:52,712 - INFO - 复制图片: /mnt/d/Projects/教材/智慧水利平台架构与开发/docs/chapters/images/chapter02 -> /mnt/d/Projects/教材/智慧水利平台架构与开发/output/images/chapter02
2025-09-06 22:14:56,302 - INFO - 复制图片: /mnt/d/Projects/教材/智慧水利平台架构与开发/docs/chapters/chapter06/images -> /mnt/d/Projects/教材/智慧水利平台架构与开发/output/images/chapter06
2025-09-06 22:14:56,672 - INFO - 前言转换成功
2025-09-06 22:14:56,685 - INFO - 读取主文件: chapter01.md
2025-09-06 22:14:56,698 - INFO - 读取小节: section01-01.md
2025-09-06 22:14:56,703 - INFO - 读取小节: section01-02.md
2025-09-06 22:14:56,708 - INFO - 读取小节: section01-03.md
2025-09-06 22:14:57,097 - INFO - 第1章转换成功
2025-09-06 22:14:57,124 - INFO - 读取主文件: chapter02.md
2025-09-06 22:14:57,135 - INFO - 读取小节: section02-01.md
2025-09-06 22:14:57,141 - INFO - 读取小节: section02-02.md
2025-09-06 22:14:57,148 - INFO - 读取小节: section02-03.md
2025-09-06 22:14:57,161 - INFO - 读取小节: section02-04.md
2025-09-06 22:14:57,168 - INFO - 读取小节: section02-05.md
2025-09-06 22:14:57,177 - INFO - 读取小节: section02-06.md
2025-09-06 22:14:57,649 - INFO - 第2章转换成功
2025-09-06 22:14:57,668 - INFO - 读取主文件: chapter03.md
2025-09-06 22:14:57,685 - INFO - 读取小节: section03-01.md
2025-09-06 22:14:57,693 - INFO - 读取小节: section03-02.md
2025-09-06 22:14:57,699 - INFO - 读取小节: section03-03.md
2025-09-06 22:14:57,706 - INFO - 读取小节: section03-04.md
2025-09-06 22:14:57,714 - INFO - 读取小节: section03-05.md
2025-09-06 22:14:57,721 - INFO - 读取小节: section03-06.md
2025-09-06 22:14:57,726 - INFO - 读取小节: section03-07.md
2025-09-06 22:14:58,208 - INFO - 第3章转换成功
2025-09-06 22:14:58,218 - INFO - 读取主文件: chapter04.md
2025-09-06 22:14:58,233 - INFO - 读取小节: section04-01.md
2025-09-06 22:14:58,239 - INFO - 读取小节: section04-02.md
2025-09-06 22:14:58,245 - INFO - 读取小节: section04-03.md
2025-09-06 22:14:58,253 - INFO - 读取小节: section04-04.md
2025-09-06 22:14:58,261 - INFO - 读取小节: section04-05.md
2025-09-06 22:14:58,267 - INFO - 读取小节: section04-06.md
2025-09-06 22:14:58,272 - INFO - 读取小节: section04-07.md
2025-09-06 22:15:03,597 - INFO - 第4章转换成功
2025-09-06 22:15:03,610 - INFO - 读取主文件: chapter05.md
2025-09-06 22:15:03,622 - INFO - 读取小节: section05-01.md
2025-09-06 22:15:03,628 - INFO - 读取小节: section05-02.md
2025-09-06 22:15:03,634 - INFO - 读取小节: section05-03.md
2025-09-06 22:15:03,640 - INFO - 读取小节: section05-04.md
2025-09-06 22:15:03,645 - INFO - 读取小节: section05-05.md
2025-09-06 22:15:03,651 - INFO - 读取小节: section05-06.md
2025-09-06 22:15:06,554 - INFO - 第5章转换成功
2025-09-06 22:15:06,571 - INFO - 读取主文件: chapter06.md
2025-09-06 22:15:06,580 - INFO - 读取小节: section06-01.md
2025-09-06 22:15:06,587 - INFO - 读取小节: section06-02.md
2025-09-06 22:15:06,592 - INFO - 读取小节: section06-03.md
2025-09-06 22:15:06,596 - INFO - 读取小节: section06-04.md
2025-09-06 22:15:06,604 - INFO - 读取小节: section06-05.md
2025-09-06 22:15:06,609 - INFO - 读取小节: section06-06.md
2025-09-06 22:15:06,612 - INFO - 读取小节: section06-07.md
2025-09-06 22:15:08,850 - INFO - 第6章转换成功
2025-09-06 22:15:08,876 - INFO - 读取主文件: chapter07.md
2025-09-06 22:15:08,886 - INFO - 读取小节: section07-01.md
2025-09-06 22:15:08,890 - INFO - 读取小节: section07-02.md
2025-09-06 22:15:08,894 - INFO - 读取小节: section07-03.md
2025-09-06 22:15:08,899 - INFO - 读取小节: section07-04.md
2025-09-06 22:15:09,545 - INFO - 第7章转换成功
2025-09-06 22:15:09,559 - INFO - 读取主文件: chapter08.md
2025-09-06 22:15:09,569 - INFO - 读取小节: section08-01.md
2025-09-06 22:15:09,572 - INFO - 读取小节: section08-02.md
2025-09-06 22:15:09,576 - INFO - 读取小节: section08-03.md
2025-09-06 22:15:09,581 - INFO - 读取小节: section08-04.md
2025-09-06 22:15:09,585 - INFO - 读取小节: section08-05.md
2025-09-06 22:15:10,896 - INFO - 第8章转换成功
2025-09-06 22:15:10,907 - INFO - 读取主文件: chapter09.md
2025-09-06 22:15:11,225 - INFO - 第9章转换成功
2025-09-06 22:15:11,225 - INFO - 转换统计：成功章节数 9/9，图片复制 0 个项
2025-09-06 22:15:11,229 - INFO - 主LaTeX文件生成: /mnt/d/Projects/教材/智慧水利平台架构与开发/output/main.tex
2025-09-06 22:15:11,229 - INFO - 已按 --convert-only 完成转换
2025-09-06 22:15:11,435 - INFO - 🚀 改进版转换器启动
2025-09-06 22:15:11,436 - INFO - 开始复制图片文件
2025-09-06 22:15:12,778 - INFO - 复制图片: /mnt/d/Projects/教材/智慧水利平台架构与开发/docs/chapters/images/chapter02 -> /mnt/d/Projects/教材/智慧水利平台架构与开发/output/images/chapter02
2025-09-06 22:15:16,057 - INFO - 复制图片: /mnt/d/Projects/教材/智慧水利平台架构与开发/docs/chapters/chapter06/images -> /mnt/d/Projects/教材/智慧水利平台架构与开发/output/images/chapter06
2025-09-06 22:15:16,069 - INFO - 按 --build-only 开始编译
2025-09-06 22:16:11,520 - WARNING - 第1次编译返回非零，继续后续编译以稳定目录/引用
2025-09-06 22:17:07,148 - WARNING - 第2次编译返回非零，继续后续编译以稳定目录/引用
2025-09-06 22:17:59,290 - WARNING - 第3次编译返回非零，继续后续编译以稳定目录/引用
2025-09-06 22:17:59,292 - INFO - PDF 编译完成: /mnt/d/Projects/教材/智慧水利平台架构与开发/output/main.pdf
2025-09-06 22:25:43,060 - INFO - 🚀 改进版转换器启动
2025-09-06 22:25:43,061 - INFO - 开始复制图片文件
2025-09-06 22:25:44,634 - INFO - 复制图片: /mnt/d/Projects/教材/智慧水利平台架构与开发/docs/chapters/images/chapter02 -> /mnt/d/Projects/教材/智慧水利平台架构与开发/output/images/chapter02
2025-09-06 22:25:48,735 - INFO - 复制图片: /mnt/d/Projects/教材/智慧水利平台架构与开发/docs/chapters/chapter06/images -> /mnt/d/Projects/教材/智慧水利平台架构与开发/output/images/chapter06
2025-09-06 22:25:49,229 - INFO - 前言转换成功
2025-09-06 22:25:49,240 - INFO - 读取主文件: chapter01.md
2025-09-06 22:25:49,252 - INFO - 读取小节: section01-01.md
2025-09-06 22:25:49,257 - INFO - 读取小节: section01-02.md
2025-09-06 22:25:49,262 - INFO - 读取小节: section01-03.md
2025-09-06 22:25:49,629 - INFO - 第1章转换成功
2025-09-06 22:25:49,640 - INFO - 读取主文件: chapter02.md
2025-09-06 22:25:49,652 - INFO - 读取小节: section02-01.md
2025-09-06 22:25:49,659 - INFO - 读取小节: section02-02.md
2025-09-06 22:25:49,665 - INFO - 读取小节: section02-03.md
2025-09-06 22:25:49,670 - INFO - 读取小节: section02-04.md
2025-09-06 22:25:49,677 - INFO - 读取小节: section02-05.md
2025-09-06 22:25:49,683 - INFO - 读取小节: section02-06.md
2025-09-06 22:25:50,129 - INFO - 第2章转换成功
2025-09-06 22:25:50,141 - INFO - 读取主文件: chapter03.md
2025-09-06 22:25:50,153 - INFO - 读取小节: section03-01.md
2025-09-06 22:25:50,159 - INFO - 读取小节: section03-02.md
2025-09-06 22:25:50,164 - INFO - 读取小节: section03-03.md
2025-09-06 22:25:50,169 - INFO - 读取小节: section03-04.md
2025-09-06 22:25:50,175 - INFO - 读取小节: section03-05.md
2025-09-06 22:25:50,180 - INFO - 读取小节: section03-06.md
2025-09-06 22:25:50,191 - INFO - 读取小节: section03-07.md
2025-09-06 22:25:50,745 - INFO - 第3章转换成功
2025-09-06 22:25:50,759 - INFO - 读取主文件: chapter04.md
2025-09-06 22:25:50,770 - INFO - 读取小节: section04-01.md
2025-09-06 22:25:50,776 - INFO - 读取小节: section04-02.md
2025-09-06 22:25:50,781 - INFO - 读取小节: section04-03.md
2025-09-06 22:25:50,789 - INFO - 读取小节: section04-04.md
2025-09-06 22:25:50,796 - INFO - 读取小节: section04-05.md
2025-09-06 22:25:50,802 - INFO - 读取小节: section04-06.md
2025-09-06 22:25:50,807 - INFO - 读取小节: section04-07.md
2025-09-06 22:25:55,889 - INFO - 第4章转换成功
2025-09-06 22:25:55,900 - INFO - 读取主文件: chapter05.md
2025-09-06 22:25:55,910 - INFO - 读取小节: section05-01.md
2025-09-06 22:25:55,914 - INFO - 读取小节: section05-02.md
2025-09-06 22:25:55,917 - INFO - 读取小节: section05-03.md
2025-09-06 22:25:55,921 - INFO - 读取小节: section05-04.md
2025-09-06 22:25:55,928 - INFO - 读取小节: section05-05.md
2025-09-06 22:25:55,931 - INFO - 读取小节: section05-06.md
2025-09-06 22:25:58,764 - INFO - 第5章转换成功
2025-09-06 22:25:58,775 - INFO - 读取主文件: chapter06.md
2025-09-06 22:25:58,785 - INFO - 读取小节: section06-01.md
2025-09-06 22:25:58,791 - INFO - 读取小节: section06-02.md
2025-09-06 22:25:58,796 - INFO - 读取小节: section06-03.md
2025-09-06 22:25:58,801 - INFO - 读取小节: section06-04.md
2025-09-06 22:25:58,806 - INFO - 读取小节: section06-05.md
2025-09-06 22:25:58,811 - INFO - 读取小节: section06-06.md
2025-09-06 22:25:58,815 - INFO - 读取小节: section06-07.md
2025-09-06 22:26:01,043 - INFO - 第6章转换成功
2025-09-06 22:26:01,054 - INFO - 读取主文件: chapter07.md
2025-09-06 22:26:01,067 - INFO - 读取小节: section07-01.md
2025-09-06 22:26:01,072 - INFO - 读取小节: section07-02.md
2025-09-06 22:26:01,078 - INFO - 读取小节: section07-03.md
2025-09-06 22:26:01,083 - INFO - 读取小节: section07-04.md
2025-09-06 22:26:01,646 - INFO - 第7章转换成功
2025-09-06 22:26:01,659 - INFO - 读取主文件: chapter08.md
2025-09-06 22:26:01,668 - INFO - 读取小节: section08-01.md
2025-09-06 22:26:01,674 - INFO - 读取小节: section08-02.md
2025-09-06 22:26:01,679 - INFO - 读取小节: section08-03.md
2025-09-06 22:26:01,685 - INFO - 读取小节: section08-04.md
2025-09-06 22:26:01,690 - INFO - 读取小节: section08-05.md
2025-09-06 22:26:02,855 - INFO - 第8章转换成功
2025-09-06 22:26:02,867 - INFO - 读取主文件: chapter09.md
2025-09-06 22:26:03,114 - INFO - 第9章转换成功
2025-09-06 22:26:03,114 - INFO - 转换统计：成功章节数 9/9，图片复制 0 个项
2025-09-06 22:26:03,117 - INFO - 主LaTeX文件生成: /mnt/d/Projects/教材/智慧水利平台架构与开发/output/main.tex
2025-09-06 22:26:03,118 - INFO - 已按 --convert-only 完成转换
2025-09-06 22:26:03,301 - INFO - 🚀 改进版转换器启动
2025-09-06 22:26:03,302 - INFO - 开始复制图片文件
2025-09-06 22:26:04,861 - INFO - 复制图片: /mnt/d/Projects/教材/智慧水利平台架构与开发/docs/chapters/images/chapter02 -> /mnt/d/Projects/教材/智慧水利平台架构与开发/output/images/chapter02
2025-09-06 22:26:08,306 - INFO - 复制图片: /mnt/d/Projects/教材/智慧水利平台架构与开发/docs/chapters/chapter06/images -> /mnt/d/Projects/教材/智慧水利平台架构与开发/output/images/chapter06
2025-09-06 22:26:08,318 - INFO - 按 --build-only 开始编译
2025-09-06 22:27:04,829 - WARNING - 第1次编译返回非零，继续后续编译以稳定目录/引用
2025-09-06 22:27:59,376 - WARNING - 第2次编译返回非零，继续后续编译以稳定目录/引用
2025-09-06 22:28:50,129 - WARNING - 第3次编译返回非零，继续后续编译以稳定目录/引用
2025-09-06 22:28:50,132 - INFO - PDF 编译完成: /mnt/d/Projects/教材/智慧水利平台架构与开发/output/main.pdf
2025-09-06 22:41:16,064 - INFO - 🚀 改进版转换器启动
2025-09-06 22:41:16,064 - INFO - 开始复制图片文件
2025-09-06 22:41:17,537 - INFO - 复制图片: /mnt/d/Projects/教材/智慧水利平台架构与开发/docs/chapters/images/chapter02 -> /mnt/d/Projects/教材/智慧水利平台架构与开发/output/images/chapter02
2025-09-06 22:41:21,167 - INFO - 复制图片: /mnt/d/Projects/教材/智慧水利平台架构与开发/docs/chapters/chapter06/images -> /mnt/d/Projects/教材/智慧水利平台架构与开发/output/images/chapter06
2025-09-06 22:41:21,611 - INFO - 前言转换成功
2025-09-06 22:41:21,634 - INFO - 读取主文件: chapter01.md
2025-09-06 22:41:21,658 - INFO - 读取小节: section01-01.md
2025-09-06 22:41:21,665 - INFO - 读取小节: section01-02.md
2025-09-06 22:41:21,677 - INFO - 读取小节: section01-03.md
2025-09-06 22:41:22,110 - INFO - 第1章转换成功
2025-09-06 22:41:22,122 - INFO - 读取主文件: chapter02.md
2025-09-06 22:41:22,136 - INFO - 读取小节: section02-01.md
2025-09-06 22:41:22,142 - INFO - 读取小节: section02-02.md
2025-09-06 22:41:22,147 - INFO - 读取小节: section02-03.md
2025-09-06 22:41:22,153 - INFO - 读取小节: section02-04.md
2025-09-06 22:41:22,158 - INFO - 读取小节: section02-05.md
2025-09-06 22:41:22,164 - INFO - 读取小节: section02-06.md
2025-09-06 22:41:22,576 - INFO - 第2章转换成功
2025-09-06 22:41:22,585 - INFO - 读取主文件: chapter03.md
2025-09-06 22:41:22,597 - INFO - 读取小节: section03-01.md
2025-09-06 22:41:22,601 - INFO - 读取小节: section03-02.md
2025-09-06 22:41:22,606 - INFO - 读取小节: section03-03.md
2025-09-06 22:41:22,611 - INFO - 读取小节: section03-04.md
2025-09-06 22:41:22,617 - INFO - 读取小节: section03-05.md
2025-09-06 22:41:22,622 - INFO - 读取小节: section03-06.md
2025-09-06 22:41:22,628 - INFO - 读取小节: section03-07.md
2025-09-06 22:41:23,092 - INFO - 第3章转换成功
2025-09-06 22:41:23,101 - INFO - 读取主文件: chapter04.md
2025-09-06 22:41:23,112 - INFO - 读取小节: section04-01.md
2025-09-06 22:41:23,118 - INFO - 读取小节: section04-02.md
2025-09-06 22:41:23,123 - INFO - 读取小节: section04-03.md
2025-09-06 22:41:23,131 - INFO - 读取小节: section04-04.md
2025-09-06 22:41:23,139 - INFO - 读取小节: section04-05.md
2025-09-06 22:41:23,146 - INFO - 读取小节: section04-06.md
2025-09-06 22:41:23,151 - INFO - 读取小节: section04-07.md
2025-09-06 22:41:28,269 - INFO - 第4章转换成功
2025-09-06 22:41:28,283 - INFO - 读取主文件: chapter05.md
2025-09-06 22:41:28,296 - INFO - 读取小节: section05-01.md
2025-09-06 22:41:28,301 - INFO - 读取小节: section05-02.md
2025-09-06 22:41:28,306 - INFO - 读取小节: section05-03.md
2025-09-06 22:41:28,310 - INFO - 读取小节: section05-04.md
2025-09-06 22:41:28,314 - INFO - 读取小节: section05-05.md
2025-09-06 22:41:28,318 - INFO - 读取小节: section05-06.md
2025-09-06 22:41:31,189 - INFO - 第5章转换成功
2025-09-06 22:41:31,199 - INFO - 读取主文件: chapter06.md
2025-09-06 22:41:31,212 - INFO - 读取小节: section06-01.md
2025-09-06 22:41:31,217 - INFO - 读取小节: section06-02.md
2025-09-06 22:41:31,223 - INFO - 读取小节: section06-03.md
2025-09-06 22:41:31,228 - INFO - 读取小节: section06-04.md
2025-09-06 22:41:31,233 - INFO - 读取小节: section06-05.md
2025-09-06 22:41:31,243 - INFO - 读取小节: section06-06.md
2025-09-06 22:41:31,250 - INFO - 读取小节: section06-07.md
2025-09-06 22:41:33,714 - INFO - 第6章转换成功
2025-09-06 22:41:33,740 - INFO - 读取主文件: chapter07.md
2025-09-06 22:41:33,758 - INFO - 读取小节: section07-01.md
2025-09-06 22:41:33,763 - INFO - 读取小节: section07-02.md
2025-09-06 22:41:33,768 - INFO - 读取小节: section07-03.md
2025-09-06 22:41:33,774 - INFO - 读取小节: section07-04.md
2025-09-06 22:41:34,457 - INFO - 第7章转换成功
2025-09-06 22:41:34,466 - INFO - 读取主文件: chapter08.md
2025-09-06 22:41:34,478 - INFO - 读取小节: section08-01.md
2025-09-06 22:41:34,482 - INFO - 读取小节: section08-02.md
2025-09-06 22:41:34,487 - INFO - 读取小节: section08-03.md
2025-09-06 22:41:34,492 - INFO - 读取小节: section08-04.md
2025-09-06 22:41:34,498 - INFO - 读取小节: section08-05.md
2025-09-06 22:41:36,009 - INFO - 第8章转换成功
2025-09-06 22:41:36,028 - INFO - 读取主文件: chapter09.md
2025-09-06 22:41:36,308 - INFO - 第9章转换成功
2025-09-06 22:41:36,309 - INFO - 转换统计：成功章节数 9/9，图片复制 0 个项
2025-09-06 22:41:36,311 - ERROR - 主LaTeX文件生成失败: '\\parindent'
2025-09-06 22:41:36,312 - INFO - 已按 --convert-only 完成转换
2025-09-06 22:41:36,617 - INFO - 🚀 改进版转换器启动
2025-09-06 22:41:36,617 - INFO - 开始复制图片文件
2025-09-06 22:41:38,257 - INFO - 复制图片: /mnt/d/Projects/教材/智慧水利平台架构与开发/docs/chapters/images/chapter02 -> /mnt/d/Projects/教材/智慧水利平台架构与开发/output/images/chapter02
2025-09-06 22:41:41,746 - INFO - 复制图片: /mnt/d/Projects/教材/智慧水利平台架构与开发/docs/chapters/chapter06/images -> /mnt/d/Projects/教材/智慧水利平台架构与开发/output/images/chapter06
2025-09-06 22:41:41,768 - INFO - 按 --build-only 开始编译
2025-09-06 22:42:40,374 - WARNING - 第1次编译返回非零，继续后续编译以稳定目录/引用
2025-09-06 22:43:33,873 - WARNING - 第2次编译返回非零，继续后续编译以稳定目录/引用
2025-09-06 22:44:32,752 - WARNING - 第3次编译返回非零，继续后续编译以稳定目录/引用
2025-09-06 22:44:32,754 - INFO - PDF 编译完成: /mnt/d/Projects/教材/智慧水利平台架构与开发/output/main.pdf
2025-09-06 22:47:41,800 - INFO - 🚀 改进版转换器启动
2025-09-06 22:47:41,801 - INFO - 开始复制图片文件
2025-09-06 22:47:43,345 - INFO - 复制图片: /mnt/d/Projects/教材/智慧水利平台架构与开发/docs/chapters/images/chapter02 -> /mnt/d/Projects/教材/智慧水利平台架构与开发/output/images/chapter02
2025-09-06 22:47:47,113 - INFO - 复制图片: /mnt/d/Projects/教材/智慧水利平台架构与开发/docs/chapters/chapter06/images -> /mnt/d/Projects/教材/智慧水利平台架构与开发/output/images/chapter06
2025-09-06 22:47:47,637 - INFO - 前言转换成功
2025-09-06 22:47:47,714 - INFO - 读取主文件: chapter01.md
2025-09-06 22:47:47,745 - INFO - 读取小节: section01-01.md
2025-09-06 22:47:47,757 - INFO - 读取小节: section01-02.md
2025-09-06 22:47:47,763 - INFO - 读取小节: section01-03.md
2025-09-06 22:47:48,243 - INFO - 第1章转换成功
2025-09-06 22:47:48,276 - INFO - 读取主文件: chapter02.md
2025-09-06 22:47:48,294 - INFO - 读取小节: section02-01.md
2025-09-06 22:47:48,298 - INFO - 读取小节: section02-02.md
2025-09-06 22:47:48,304 - INFO - 读取小节: section02-03.md
2025-09-06 22:47:48,309 - INFO - 读取小节: section02-04.md
2025-09-06 22:47:48,315 - INFO - 读取小节: section02-05.md
2025-09-06 22:47:48,322 - INFO - 读取小节: section02-06.md
2025-09-06 22:47:48,816 - INFO - 第2章转换成功
2025-09-06 22:47:48,832 - INFO - 读取主文件: chapter03.md
2025-09-06 22:47:48,845 - INFO - 读取小节: section03-01.md
2025-09-06 22:47:48,850 - INFO - 读取小节: section03-02.md
2025-09-06 22:47:48,856 - INFO - 读取小节: section03-03.md
2025-09-06 22:47:48,861 - INFO - 读取小节: section03-04.md
2025-09-06 22:47:48,867 - INFO - 读取小节: section03-05.md
2025-09-06 22:47:48,873 - INFO - 读取小节: section03-06.md
2025-09-06 22:47:48,879 - INFO - 读取小节: section03-07.md
2025-09-06 22:47:49,379 - INFO - 第3章转换成功
2025-09-06 22:47:49,398 - INFO - 读取主文件: chapter04.md
2025-09-06 22:47:49,412 - INFO - 读取小节: section04-01.md
2025-09-06 22:47:49,417 - INFO - 读取小节: section04-02.md
2025-09-06 22:47:49,425 - INFO - 读取小节: section04-03.md
2025-09-06 22:47:49,432 - INFO - 读取小节: section04-04.md
2025-09-06 22:47:49,440 - INFO - 读取小节: section04-05.md
2025-09-06 22:47:49,446 - INFO - 读取小节: section04-06.md
2025-09-06 22:47:49,450 - INFO - 读取小节: section04-07.md
2025-09-06 22:47:54,688 - INFO - 第4章转换成功
2025-09-06 22:47:54,696 - INFO - 读取主文件: chapter05.md
2025-09-06 22:47:54,704 - INFO - 读取小节: section05-01.md
2025-09-06 22:47:54,707 - INFO - 读取小节: section05-02.md
2025-09-06 22:47:54,711 - INFO - 读取小节: section05-03.md
2025-09-06 22:47:54,716 - INFO - 读取小节: section05-04.md
2025-09-06 22:47:54,720 - INFO - 读取小节: section05-05.md
2025-09-06 22:47:54,724 - INFO - 读取小节: section05-06.md
2025-09-06 22:47:57,516 - INFO - 第5章转换成功
2025-09-06 22:47:57,525 - INFO - 读取主文件: chapter06.md
2025-09-06 22:47:57,535 - INFO - 读取小节: section06-01.md
2025-09-06 22:47:57,540 - INFO - 读取小节: section06-02.md
2025-09-06 22:47:57,544 - INFO - 读取小节: section06-03.md
2025-09-06 22:47:57,547 - INFO - 读取小节: section06-04.md
2025-09-06 22:47:57,553 - INFO - 读取小节: section06-05.md
2025-09-06 22:47:57,557 - INFO - 读取小节: section06-06.md
2025-09-06 22:47:57,560 - INFO - 读取小节: section06-07.md
2025-09-06 22:47:59,923 - INFO - 第6章转换成功
2025-09-06 22:47:59,931 - INFO - 读取主文件: chapter07.md
2025-09-06 22:47:59,941 - INFO - 读取小节: section07-01.md
2025-09-06 22:47:59,945 - INFO - 读取小节: section07-02.md
2025-09-06 22:47:59,949 - INFO - 读取小节: section07-03.md
2025-09-06 22:47:59,954 - INFO - 读取小节: section07-04.md
2025-09-06 22:48:00,547 - INFO - 第7章转换成功
2025-09-06 22:48:00,556 - INFO - 读取主文件: chapter08.md
2025-09-06 22:48:00,564 - INFO - 读取小节: section08-01.md
2025-09-06 22:48:00,569 - INFO - 读取小节: section08-02.md
2025-09-06 22:48:00,573 - INFO - 读取小节: section08-03.md
2025-09-06 22:48:00,578 - INFO - 读取小节: section08-04.md
2025-09-06 22:48:00,582 - INFO - 读取小节: section08-05.md
2025-09-06 22:48:01,705 - INFO - 第8章转换成功
2025-09-06 22:48:01,716 - INFO - 读取主文件: chapter09.md
2025-09-06 22:48:02,025 - INFO - 第9章转换成功
2025-09-06 22:48:02,026 - INFO - 转换统计：成功章节数 9/9，图片复制 0 个项
2025-09-06 22:48:02,027 - ERROR - 主LaTeX文件生成失败: '\\parindent'
2025-09-06 22:48:02,027 - INFO - 已按 --convert-only 完成转换
2025-09-06 22:48:02,237 - INFO - 🚀 改进版转换器启动
2025-09-06 22:48:02,237 - INFO - 开始复制图片文件
2025-09-06 22:48:03,456 - INFO - 复制图片: /mnt/d/Projects/教材/智慧水利平台架构与开发/docs/chapters/images/chapter02 -> /mnt/d/Projects/教材/智慧水利平台架构与开发/output/images/chapter02
2025-09-06 22:48:06,563 - INFO - 复制图片: /mnt/d/Projects/教材/智慧水利平台架构与开发/docs/chapters/chapter06/images -> /mnt/d/Projects/教材/智慧水利平台架构与开发/output/images/chapter06
2025-09-06 22:48:06,577 - INFO - 按 --build-only 开始编译
2025-09-06 22:49:08,513 - WARNING - 第1次编译返回非零，继续后续编译以稳定目录/引用
2025-09-06 22:50:16,375 - WARNING - 第2次编译返回非零，继续后续编译以稳定目录/引用
2025-09-06 22:51:10,397 - WARNING - 第3次编译返回非零，继续后续编译以稳定目录/引用
2025-09-06 22:51:10,403 - INFO - PDF 编译完成: /mnt/d/Projects/教材/智慧水利平台架构与开发/output/main.pdf
2025-09-06 22:55:16,063 - INFO - 🚀 改进版转换器启动
2025-09-06 22:55:16,064 - INFO - 开始复制图片文件
2025-09-06 22:55:17,824 - INFO - 复制图片: /mnt/d/Projects/教材/智慧水利平台架构与开发/docs/chapters/images/chapter02 -> /mnt/d/Projects/教材/智慧水利平台架构与开发/output/images/chapter02
2025-09-06 22:55:21,591 - INFO - 复制图片: /mnt/d/Projects/教材/智慧水利平台架构与开发/docs/chapters/chapter06/images -> /mnt/d/Projects/教材/智慧水利平台架构与开发/output/images/chapter06
2025-09-06 22:55:21,985 - INFO - 前言转换成功
2025-09-06 22:55:21,995 - INFO - 读取主文件: chapter01.md
2025-09-06 22:55:22,005 - INFO - 读取小节: section01-01.md
2025-09-06 22:55:22,015 - INFO - 读取小节: section01-02.md
2025-09-06 22:55:22,019 - INFO - 读取小节: section01-03.md
2025-09-06 22:55:22,553 - INFO - 第1章转换成功
2025-09-06 22:55:22,575 - INFO - 读取主文件: chapter02.md
2025-09-06 22:55:22,587 - INFO - 读取小节: section02-01.md
2025-09-06 22:55:22,591 - INFO - 读取小节: section02-02.md
2025-09-06 22:55:22,598 - INFO - 读取小节: section02-03.md
2025-09-06 22:55:22,605 - INFO - 读取小节: section02-04.md
2025-09-06 22:55:22,611 - INFO - 读取小节: section02-05.md
2025-09-06 22:55:22,616 - INFO - 读取小节: section02-06.md
2025-09-06 22:55:23,016 - INFO - 第2章转换成功
2025-09-06 22:55:23,028 - INFO - 读取主文件: chapter03.md
2025-09-06 22:55:23,039 - INFO - 读取小节: section03-01.md
2025-09-06 22:55:23,044 - INFO - 读取小节: section03-02.md
2025-09-06 22:55:23,048 - INFO - 读取小节: section03-03.md
2025-09-06 22:55:23,052 - INFO - 读取小节: section03-04.md
2025-09-06 22:55:23,056 - INFO - 读取小节: section03-05.md
2025-09-06 22:55:23,062 - INFO - 读取小节: section03-06.md
2025-09-06 22:55:23,067 - INFO - 读取小节: section03-07.md
2025-09-06 22:55:23,535 - INFO - 第3章转换成功
2025-09-06 22:55:23,549 - INFO - 读取主文件: chapter04.md
2025-09-06 22:55:23,561 - INFO - 读取小节: section04-01.md
2025-09-06 22:55:23,567 - INFO - 读取小节: section04-02.md
2025-09-06 22:55:23,572 - INFO - 读取小节: section04-03.md
2025-09-06 22:55:23,581 - INFO - 读取小节: section04-04.md
2025-09-06 22:55:23,588 - INFO - 读取小节: section04-05.md
2025-09-06 22:55:23,595 - INFO - 读取小节: section04-06.md
2025-09-06 22:55:23,600 - INFO - 读取小节: section04-07.md
2025-09-06 22:55:28,959 - INFO - 第4章转换成功
2025-09-06 22:55:28,970 - INFO - 读取主文件: chapter05.md
2025-09-06 22:55:28,983 - INFO - 读取小节: section05-01.md
2025-09-06 22:55:28,989 - INFO - 读取小节: section05-02.md
2025-09-06 22:55:28,995 - INFO - 读取小节: section05-03.md
2025-09-06 22:55:29,001 - INFO - 读取小节: section05-04.md
2025-09-06 22:55:29,007 - INFO - 读取小节: section05-05.md
2025-09-06 22:55:29,015 - INFO - 读取小节: section05-06.md
2025-09-06 22:55:32,200 - INFO - 第5章转换成功
2025-09-06 22:55:32,211 - INFO - 读取主文件: chapter06.md
2025-09-06 22:55:32,222 - INFO - 读取小节: section06-01.md
2025-09-06 22:55:32,231 - INFO - 读取小节: section06-02.md
2025-09-06 22:55:32,235 - INFO - 读取小节: section06-03.md
2025-09-06 22:55:32,240 - INFO - 读取小节: section06-04.md
2025-09-06 22:55:32,244 - INFO - 读取小节: section06-05.md
2025-09-06 22:55:32,249 - INFO - 读取小节: section06-06.md
2025-09-06 22:55:32,254 - INFO - 读取小节: section06-07.md
2025-09-06 22:55:34,653 - INFO - 第6章转换成功
2025-09-06 22:55:34,666 - INFO - 读取主文件: chapter07.md
2025-09-06 22:55:34,678 - INFO - 读取小节: section07-01.md
2025-09-06 22:55:34,684 - INFO - 读取小节: section07-02.md
2025-09-06 22:55:34,689 - INFO - 读取小节: section07-03.md
2025-09-06 22:55:34,701 - INFO - 读取小节: section07-04.md
2025-09-06 22:55:35,410 - INFO - 第7章转换成功
2025-09-06 22:55:35,423 - INFO - 读取主文件: chapter08.md
2025-09-06 22:55:35,438 - INFO - 读取小节: section08-01.md
2025-09-06 22:55:35,445 - INFO - 读取小节: section08-02.md
2025-09-06 22:55:35,451 - INFO - 读取小节: section08-03.md
2025-09-06 22:55:35,459 - INFO - 读取小节: section08-04.md
2025-09-06 22:55:35,466 - INFO - 读取小节: section08-05.md
2025-09-06 22:55:36,760 - INFO - 第8章转换成功
2025-09-06 22:55:36,771 - INFO - 读取主文件: chapter09.md
2025-09-06 22:55:37,114 - INFO - 第9章转换成功
2025-09-06 22:55:37,115 - INFO - 转换统计：成功章节数 9/9，图片复制 0 个项
2025-09-06 22:55:37,115 - ERROR - 主LaTeX文件生成失败: 'CJKFONTSWITCH'
2025-09-06 22:55:37,116 - INFO - 已按 --convert-only 完成转换
2025-09-06 22:55:37,403 - INFO - 🚀 改进版转换器启动
2025-09-06 22:55:37,404 - INFO - 开始复制图片文件
2025-09-06 22:55:39,049 - INFO - 复制图片: /mnt/d/Projects/教材/智慧水利平台架构与开发/docs/chapters/images/chapter02 -> /mnt/d/Projects/教材/智慧水利平台架构与开发/output/images/chapter02
2025-09-06 22:55:42,503 - INFO - 复制图片: /mnt/d/Projects/教材/智慧水利平台架构与开发/docs/chapters/chapter06/images -> /mnt/d/Projects/教材/智慧水利平台架构与开发/output/images/chapter06
2025-09-06 22:55:42,520 - INFO - 按 --build-only 开始编译
2025-09-06 22:56:39,780 - WARNING - 第1次编译返回非零，继续后续编译以稳定目录/引用
2025-09-06 22:57:32,817 - WARNING - 第2次编译返回非零，继续后续编译以稳定目录/引用
2025-09-06 22:58:29,525 - WARNING - 第3次编译返回非零，继续后续编译以稳定目录/引用
2025-09-06 22:58:29,528 - INFO - PDF 编译完成: /mnt/d/Projects/教材/智慧水利平台架构与开发/output/main.pdf
2025-09-06 23:10:45,771 - INFO - 🚀 改进版转换器启动
2025-09-06 23:10:45,771 - INFO - 开始复制图片文件
2025-09-06 23:10:45,795 - INFO - 复制图片: D:\Projects\教材\智慧水利平台架构与开发\docs\chapters\images\chapter02 -> D:\Projects\教材\智慧水利平台架构与开发\output\images\chapter02
2025-09-06 23:10:45,842 - INFO - 复制图片: D:\Projects\教材\智慧水利平台架构与开发\docs\chapters\chapter06\images -> D:\Projects\教材\智慧水利平台架构与开发\output\images\chapter06
2025-09-06 23:10:46,038 - INFO - 前言转换成功
2025-09-06 23:10:46,040 - INFO - 读取主文件: chapter01.md
2025-09-06 23:10:46,041 - INFO - 读取小节: section01-01.md
2025-09-06 23:10:46,041 - INFO - 读取小节: section01-02.md
2025-09-06 23:10:46,042 - INFO - 读取小节: section01-03.md
2025-09-06 23:10:46,225 - INFO - 第1章转换成功
2025-09-06 23:10:46,226 - INFO - 读取主文件: chapter02.md
2025-09-06 23:10:46,228 - INFO - 读取小节: section02-01.md
2025-09-06 23:10:46,228 - INFO - 读取小节: section02-02.md
2025-09-06 23:10:46,229 - INFO - 读取小节: section02-03.md
2025-09-06 23:10:46,229 - INFO - 读取小节: section02-04.md
2025-09-06 23:10:46,230 - INFO - 读取小节: section02-05.md
2025-09-06 23:10:46,230 - INFO - 读取小节: section02-06.md
2025-09-06 23:10:46,538 - INFO - 第2章转换成功
2025-09-06 23:10:46,539 - INFO - 读取主文件: chapter03.md
2025-09-06 23:10:46,540 - INFO - 读取小节: section03-01.md
2025-09-06 23:10:46,541 - INFO - 读取小节: section03-02.md
2025-09-06 23:10:46,542 - INFO - 读取小节: section03-03.md
2025-09-06 23:10:46,543 - INFO - 读取小节: section03-04.md
2025-09-06 23:10:46,543 - INFO - 读取小节: section03-05.md
2025-09-06 23:10:46,544 - INFO - 读取小节: section03-06.md
2025-09-06 23:10:46,544 - INFO - 读取小节: section03-07.md
2025-09-06 23:10:46,817 - INFO - 第3章转换成功
2025-09-06 23:10:46,818 - INFO - 读取主文件: chapter04.md
2025-09-06 23:10:46,819 - INFO - 读取小节: section04-01.md
2025-09-06 23:10:46,820 - INFO - 读取小节: section04-02.md
2025-09-06 23:10:46,820 - INFO - 读取小节: section04-03.md
2025-09-06 23:10:46,822 - INFO - 读取小节: section04-04.md
2025-09-06 23:10:46,823 - INFO - 读取小节: section04-05.md
2025-09-06 23:10:46,824 - INFO - 读取小节: section04-06.md
2025-09-06 23:10:46,825 - INFO - 读取小节: section04-07.md
2025-09-06 23:10:51,501 - INFO - 第4章转换成功
2025-09-06 23:10:51,503 - INFO - 读取主文件: chapter05.md
2025-09-06 23:10:51,504 - INFO - 读取小节: section05-01.md
2025-09-06 23:10:51,506 - INFO - 读取小节: section05-02.md
2025-09-06 23:10:51,509 - INFO - 读取小节: section05-03.md
2025-09-06 23:10:51,510 - INFO - 读取小节: section05-04.md
2025-09-06 23:10:51,511 - INFO - 读取小节: section05-05.md
2025-09-06 23:10:51,512 - INFO - 读取小节: section05-06.md
2025-09-06 23:10:54,013 - INFO - 第5章转换成功
2025-09-06 23:10:54,014 - INFO - 读取主文件: chapter06.md
2025-09-06 23:10:54,016 - INFO - 读取小节: section06-01.md
2025-09-06 23:10:54,018 - INFO - 读取小节: section06-02.md
2025-09-06 23:10:54,020 - INFO - 读取小节: section06-03.md
2025-09-06 23:10:54,021 - INFO - 读取小节: section06-04.md
2025-09-06 23:10:54,022 - INFO - 读取小节: section06-05.md
2025-09-06 23:10:54,024 - INFO - 读取小节: section06-06.md
2025-09-06 23:10:54,026 - INFO - 读取小节: section06-07.md
2025-09-06 23:10:55,948 - INFO - 第6章转换成功
2025-09-06 23:10:55,949 - INFO - 读取主文件: chapter07.md
2025-09-06 23:10:55,951 - INFO - 读取小节: section07-01.md
2025-09-06 23:10:55,958 - INFO - 读取小节: section07-02.md
2025-09-06 23:10:55,961 - INFO - 读取小节: section07-03.md
2025-09-06 23:10:55,962 - INFO - 读取小节: section07-04.md
2025-09-06 23:10:56,462 - INFO - 第7章转换成功
2025-09-06 23:10:56,463 - INFO - 读取主文件: chapter08.md
2025-09-06 23:10:56,465 - INFO - 读取小节: section08-01.md
2025-09-06 23:10:56,465 - INFO - 读取小节: section08-02.md
2025-09-06 23:10:56,466 - INFO - 读取小节: section08-03.md
2025-09-06 23:10:56,467 - INFO - 读取小节: section08-04.md
2025-09-06 23:10:56,468 - INFO - 读取小节: section08-05.md
2025-09-06 23:10:57,377 - INFO - 第8章转换成功
2025-09-06 23:10:57,378 - INFO - 读取主文件: chapter09.md
2025-09-06 23:10:57,508 - INFO - 第9章转换成功
2025-09-06 23:10:57,508 - INFO - 转换统计：成功章节数 9/9，图片复制 0 个项
2025-09-06 23:10:57,510 - ERROR - 主LaTeX文件生成失败: 'CJKFONTSWITCH'
2025-09-06 23:11:47,558 - WARNING - 第1次编译返回非零，继续后续编译以稳定目录/引用
2025-09-06 23:12:37,450 - WARNING - 第2次编译返回非零，继续后续编译以稳定目录/引用
2025-09-06 23:13:28,299 - WARNING - 第3次编译返回非零，继续后续编译以稳定目录/引用
2025-09-06 23:13:28,299 - INFO - PDF 编译完成: D:\Projects\教材\智慧水利平台架构与开发\output\main.pdf
2025-09-06 23:16:34,220 - INFO - 🚀 改进版转换器启动
2025-09-06 23:16:34,221 - INFO - 开始复制图片文件
2025-09-06 23:16:34,246 - INFO - 复制图片: D:\Projects\教材\智慧水利平台架构与开发\docs\chapters\images\chapter02 -> D:\Projects\教材\智慧水利平台架构与开发\output\images\chapter02
2025-09-06 23:16:34,305 - INFO - 复制图片: D:\Projects\教材\智慧水利平台架构与开发\docs\chapters\chapter06\images -> D:\Projects\教材\智慧水利平台架构与开发\output\images\chapter06
2025-09-06 23:16:34,467 - INFO - 前言转换成功
2025-09-06 23:16:34,467 - INFO - 读取主文件: chapter01.md
2025-09-06 23:16:34,468 - INFO - 读取小节: section01-01.md
2025-09-06 23:16:34,469 - INFO - 读取小节: section01-02.md
2025-09-06 23:16:34,469 - INFO - 读取小节: section01-03.md
2025-09-06 23:16:34,646 - INFO - 第1章转换成功
2025-09-06 23:16:34,648 - INFO - 读取主文件: chapter02.md
2025-09-06 23:16:34,648 - INFO - 读取小节: section02-01.md
2025-09-06 23:16:34,649 - INFO - 读取小节: section02-02.md
2025-09-06 23:16:34,649 - INFO - 读取小节: section02-03.md
2025-09-06 23:16:34,649 - INFO - 读取小节: section02-04.md
2025-09-06 23:16:34,650 - INFO - 读取小节: section02-05.md
2025-09-06 23:16:34,650 - INFO - 读取小节: section02-06.md
2025-09-06 23:16:34,959 - INFO - 第2章转换成功
2025-09-06 23:16:34,960 - INFO - 读取主文件: chapter03.md
2025-09-06 23:16:34,960 - INFO - 读取小节: section03-01.md
2025-09-06 23:16:34,961 - INFO - 读取小节: section03-02.md
2025-09-06 23:16:34,961 - INFO - 读取小节: section03-03.md
2025-09-06 23:16:34,962 - INFO - 读取小节: section03-04.md
2025-09-06 23:16:34,962 - INFO - 读取小节: section03-05.md
2025-09-06 23:16:34,963 - INFO - 读取小节: section03-06.md
2025-09-06 23:16:34,963 - INFO - 读取小节: section03-07.md
2025-09-06 23:16:35,202 - INFO - 第3章转换成功
2025-09-06 23:16:35,203 - INFO - 读取主文件: chapter04.md
2025-09-06 23:16:35,204 - INFO - 读取小节: section04-01.md
2025-09-06 23:16:35,204 - INFO - 读取小节: section04-02.md
2025-09-06 23:16:35,205 - INFO - 读取小节: section04-03.md
2025-09-06 23:16:35,206 - INFO - 读取小节: section04-04.md
2025-09-06 23:16:35,207 - INFO - 读取小节: section04-05.md
2025-09-06 23:16:35,208 - INFO - 读取小节: section04-06.md
2025-09-06 23:16:35,208 - INFO - 读取小节: section04-07.md
2025-09-06 23:16:39,624 - INFO - 第4章转换成功
2025-09-06 23:16:39,625 - INFO - 读取主文件: chapter05.md
2025-09-06 23:16:39,626 - INFO - 读取小节: section05-01.md
2025-09-06 23:16:39,627 - INFO - 读取小节: section05-02.md
2025-09-06 23:16:39,627 - INFO - 读取小节: section05-03.md
2025-09-06 23:16:39,628 - INFO - 读取小节: section05-04.md
2025-09-06 23:16:39,628 - INFO - 读取小节: section05-05.md
2025-09-06 23:16:39,628 - INFO - 读取小节: section05-06.md
2025-09-06 23:16:41,999 - INFO - 第5章转换成功
2025-09-06 23:16:42,001 - INFO - 读取主文件: chapter06.md
2025-09-06 23:16:42,001 - INFO - 读取小节: section06-01.md
2025-09-06 23:16:42,002 - INFO - 读取小节: section06-02.md
2025-09-06 23:16:42,002 - INFO - 读取小节: section06-03.md
2025-09-06 23:16:42,003 - INFO - 读取小节: section06-04.md
2025-09-06 23:16:42,003 - INFO - 读取小节: section06-05.md
2025-09-06 23:16:42,004 - INFO - 读取小节: section06-06.md
2025-09-06 23:16:42,005 - INFO - 读取小节: section06-07.md
2025-09-06 23:16:43,889 - INFO - 第6章转换成功
2025-09-06 23:16:43,890 - INFO - 读取主文件: chapter07.md
2025-09-06 23:16:43,891 - INFO - 读取小节: section07-01.md
2025-09-06 23:16:43,892 - INFO - 读取小节: section07-02.md
2025-09-06 23:16:43,893 - INFO - 读取小节: section07-03.md
2025-09-06 23:16:43,893 - INFO - 读取小节: section07-04.md
2025-09-06 23:16:44,391 - INFO - 第7章转换成功
2025-09-06 23:16:44,393 - INFO - 读取主文件: chapter08.md
2025-09-06 23:16:44,394 - INFO - 读取小节: section08-01.md
2025-09-06 23:16:44,397 - INFO - 读取小节: section08-02.md
2025-09-06 23:16:44,398 - INFO - 读取小节: section08-03.md
2025-09-06 23:16:44,400 - INFO - 读取小节: section08-04.md
2025-09-06 23:16:44,401 - INFO - 读取小节: section08-05.md
2025-09-06 23:16:45,408 - INFO - 第8章转换成功
2025-09-06 23:16:45,409 - INFO - 读取主文件: chapter09.md
2025-09-06 23:16:45,475 - INFO - 第9章转换成功
2025-09-06 23:16:45,475 - INFO - 转换统计：成功章节数 9/9，图片复制 0 个项
2025-09-06 23:16:45,475 - ERROR - 主LaTeX文件生成失败: 'Inconsolata'
2025-09-06 23:17:33,846 - WARNING - 第1次编译返回非零，继续后续编译以稳定目录/引用
2025-09-06 23:17:35,722 - WARNING - 第2次编译返回非零，继续后续编译以稳定目录/引用
2025-09-06 23:17:37,497 - WARNING - 第3次编译返回非零，继续后续编译以稳定目录/引用
2025-09-06 23:17:37,498 - INFO - PDF 编译完成: D:\Projects\教材\智慧水利平台架构与开发\output\main.pdf
2025-09-06 23:22:24,001 - INFO - 🚀 改进版转换器启动
2025-09-06 23:22:24,003 - INFO - 开始复制图片文件
2025-09-06 23:22:25,588 - INFO - 复制图片: /mnt/d/Projects/教材/智慧水利平台架构与开发/docs/chapters/images/chapter02 -> /mnt/d/Projects/教材/智慧水利平台架构与开发/output/images/chapter02
2025-09-06 23:22:30,062 - INFO - 复制图片: /mnt/d/Projects/教材/智慧水利平台架构与开发/docs/chapters/chapter06/images -> /mnt/d/Projects/教材/智慧水利平台架构与开发/output/images/chapter06
2025-09-06 23:22:30,460 - INFO - 前言转换成功
2025-09-06 23:22:30,471 - INFO - 读取主文件: chapter01.md
2025-09-06 23:22:30,481 - INFO - 读取小节: section01-01.md
2025-09-06 23:22:30,486 - INFO - 读取小节: section01-02.md
2025-09-06 23:22:30,491 - INFO - 读取小节: section01-03.md
2025-09-06 23:22:30,854 - INFO - 第1章转换成功
2025-09-06 23:22:30,865 - INFO - 读取主文件: chapter02.md
2025-09-06 23:22:30,877 - INFO - 读取小节: section02-01.md
2025-09-06 23:22:30,882 - INFO - 读取小节: section02-02.md
2025-09-06 23:22:30,886 - INFO - 读取小节: section02-03.md
2025-09-06 23:22:30,892 - INFO - 读取小节: section02-04.md
2025-09-06 23:22:30,897 - INFO - 读取小节: section02-05.md
2025-09-06 23:22:30,903 - INFO - 读取小节: section02-06.md
2025-09-06 23:22:31,376 - INFO - 第2章转换成功
2025-09-06 23:22:31,386 - INFO - 读取主文件: chapter03.md
2025-09-06 23:22:31,398 - INFO - 读取小节: section03-01.md
2025-09-06 23:22:31,403 - INFO - 读取小节: section03-02.md
2025-09-06 23:22:31,408 - INFO - 读取小节: section03-03.md
2025-09-06 23:22:31,414 - INFO - 读取小节: section03-04.md
2025-09-06 23:22:31,419 - INFO - 读取小节: section03-05.md
2025-09-06 23:22:31,424 - INFO - 读取小节: section03-06.md
2025-09-06 23:22:31,429 - INFO - 读取小节: section03-07.md
2025-09-06 23:22:31,943 - INFO - 第3章转换成功
2025-09-06 23:22:31,953 - INFO - 读取主文件: chapter04.md
2025-09-06 23:22:31,965 - INFO - 读取小节: section04-01.md
2025-09-06 23:22:31,970 - INFO - 读取小节: section04-02.md
2025-09-06 23:22:31,975 - INFO - 读取小节: section04-03.md
2025-09-06 23:22:31,983 - INFO - 读取小节: section04-04.md
2025-09-06 23:22:31,990 - INFO - 读取小节: section04-05.md
2025-09-06 23:22:31,995 - INFO - 读取小节: section04-06.md
2025-09-06 23:22:32,001 - INFO - 读取小节: section04-07.md
2025-09-06 23:22:36,866 - INFO - 第4章转换成功
2025-09-06 23:22:36,876 - INFO - 读取主文件: chapter05.md
2025-09-06 23:22:36,890 - INFO - 读取小节: section05-01.md
2025-09-06 23:22:36,895 - INFO - 读取小节: section05-02.md
2025-09-06 23:22:36,901 - INFO - 读取小节: section05-03.md
2025-09-06 23:22:36,906 - INFO - 读取小节: section05-04.md
2025-09-06 23:22:36,911 - INFO - 读取小节: section05-05.md
2025-09-06 23:22:36,917 - INFO - 读取小节: section05-06.md
2025-09-06 23:22:39,701 - INFO - 第5章转换成功
2025-09-06 23:22:39,712 - INFO - 读取主文件: chapter06.md
2025-09-06 23:22:39,723 - INFO - 读取小节: section06-01.md
2025-09-06 23:22:39,730 - INFO - 读取小节: section06-02.md
2025-09-06 23:22:39,735 - INFO - 读取小节: section06-03.md
2025-09-06 23:22:39,740 - INFO - 读取小节: section06-04.md
2025-09-06 23:22:39,746 - INFO - 读取小节: section06-05.md
2025-09-06 23:22:39,752 - INFO - 读取小节: section06-06.md
2025-09-06 23:22:39,757 - INFO - 读取小节: section06-07.md
2025-09-06 23:22:42,164 - INFO - 第6章转换成功
2025-09-06 23:22:42,175 - INFO - 读取主文件: chapter07.md
2025-09-06 23:22:42,189 - INFO - 读取小节: section07-01.md
2025-09-06 23:22:42,196 - INFO - 读取小节: section07-02.md
2025-09-06 23:22:42,201 - INFO - 读取小节: section07-03.md
2025-09-06 23:22:42,207 - INFO - 读取小节: section07-04.md
2025-09-06 23:22:42,848 - INFO - 第7章转换成功
2025-09-06 23:22:42,859 - INFO - 读取主文件: chapter08.md
2025-09-06 23:22:42,873 - INFO - 读取小节: section08-01.md
2025-09-06 23:22:42,880 - INFO - 读取小节: section08-02.md
2025-09-06 23:22:42,887 - INFO - 读取小节: section08-03.md
2025-09-06 23:22:42,894 - INFO - 读取小节: section08-04.md
2025-09-06 23:22:42,899 - INFO - 读取小节: section08-05.md
2025-09-06 23:22:44,185 - INFO - 第8章转换成功
2025-09-06 23:22:44,205 - INFO - 读取主文件: chapter09.md
2025-09-06 23:22:44,570 - INFO - 第9章转换成功
2025-09-06 23:22:44,570 - INFO - 转换统计：成功章节数 9/9，图片复制 0 个项
2025-09-06 23:22:44,571 - ERROR - 主LaTeX文件生成失败: 'Inconsolata'
2025-09-06 23:23:33,626 - WARNING - 第1次编译返回非零，继续后续编译以稳定目录/引用
2025-09-06 23:23:35,244 - WARNING - 第2次编译返回非零，继续后续编译以稳定目录/引用
2025-09-06 23:23:36,883 - WARNING - 第3次编译返回非零，继续后续编译以稳定目录/引用
2025-09-06 23:23:36,886 - INFO - PDF 编译完成: /mnt/d/Projects/教材/智慧水利平台架构与开发/output/main.pdf
2025-09-06 23:25:18,461 - INFO - 🚀 改进版转换器启动
2025-09-06 23:25:18,462 - INFO - 开始复制图片文件
2025-09-06 23:25:20,067 - INFO - 复制图片: /mnt/d/Projects/教材/智慧水利平台架构与开发/docs/chapters/images/chapter02 -> /mnt/d/Projects/教材/智慧水利平台架构与开发/output/images/chapter02
2025-09-06 23:25:23,847 - INFO - 复制图片: /mnt/d/Projects/教材/智慧水利平台架构与开发/docs/chapters/chapter06/images -> /mnt/d/Projects/教材/智慧水利平台架构与开发/output/images/chapter06
2025-09-06 23:25:24,229 - INFO - 前言转换成功
2025-09-06 23:25:24,239 - INFO - 读取主文件: chapter01.md
2025-09-06 23:25:24,250 - INFO - 读取小节: section01-01.md
2025-09-06 23:25:24,256 - INFO - 读取小节: section01-02.md
2025-09-06 23:25:24,260 - INFO - 读取小节: section01-03.md
2025-09-06 23:25:24,645 - INFO - 第1章转换成功
2025-09-06 23:25:24,657 - INFO - 读取主文件: chapter02.md
2025-09-06 23:25:24,668 - INFO - 读取小节: section02-01.md
2025-09-06 23:25:24,673 - INFO - 读取小节: section02-02.md
2025-09-06 23:25:24,678 - INFO - 读取小节: section02-03.md
2025-09-06 23:25:24,681 - INFO - 读取小节: section02-04.md
2025-09-06 23:25:24,687 - INFO - 读取小节: section02-05.md
2025-09-06 23:25:24,693 - INFO - 读取小节: section02-06.md
2025-09-06 23:25:25,116 - INFO - 第2章转换成功
2025-09-06 23:25:25,139 - INFO - 读取主文件: chapter03.md
2025-09-06 23:25:25,149 - INFO - 读取小节: section03-01.md
2025-09-06 23:25:25,154 - INFO - 读取小节: section03-02.md
2025-09-06 23:25:25,168 - INFO - 读取小节: section03-03.md
2025-09-06 23:25:25,176 - INFO - 读取小节: section03-04.md
2025-09-06 23:25:25,180 - INFO - 读取小节: section03-05.md
2025-09-06 23:25:25,185 - INFO - 读取小节: section03-06.md
2025-09-06 23:25:25,190 - INFO - 读取小节: section03-07.md
2025-09-06 23:25:25,642 - INFO - 第3章转换成功
2025-09-06 23:25:25,654 - INFO - 读取主文件: chapter04.md
2025-09-06 23:25:25,676 - INFO - 读取小节: section04-01.md
2025-09-06 23:25:25,681 - INFO - 读取小节: section04-02.md
2025-09-06 23:25:25,686 - INFO - 读取小节: section04-03.md
2025-09-06 23:25:25,694 - INFO - 读取小节: section04-04.md
2025-09-06 23:25:25,700 - INFO - 读取小节: section04-05.md
2025-09-06 23:25:25,706 - INFO - 读取小节: section04-06.md
2025-09-06 23:25:25,711 - INFO - 读取小节: section04-07.md
2025-09-06 23:25:50,660 - INFO - 🚀 改进版转换器启动
2025-09-06 23:25:50,660 - INFO - 开始复制图片文件
2025-09-06 23:25:52,339 - INFO - 复制图片: /mnt/d/Projects/教材/智慧水利平台架构与开发/docs/chapters/images/chapter02 -> /mnt/d/Projects/教材/智慧水利平台架构与开发/output/images/chapter02
2025-09-06 23:25:56,313 - INFO - 复制图片: /mnt/d/Projects/教材/智慧水利平台架构与开发/docs/chapters/chapter06/images -> /mnt/d/Projects/教材/智慧水利平台架构与开发/output/images/chapter06
2025-09-06 23:25:56,724 - INFO - 前言转换成功
2025-09-06 23:25:56,734 - INFO - 读取主文件: chapter01.md
2025-09-06 23:25:56,748 - INFO - 读取小节: section01-01.md
2025-09-06 23:25:56,753 - INFO - 读取小节: section01-02.md
2025-09-06 23:25:56,758 - INFO - 读取小节: section01-03.md
2025-09-06 23:25:57,243 - INFO - 第1章转换成功
2025-09-06 23:25:57,254 - INFO - 读取主文件: chapter02.md
2025-09-06 23:25:57,265 - INFO - 读取小节: section02-01.md
2025-09-06 23:25:57,270 - INFO - 读取小节: section02-02.md
2025-09-06 23:25:57,276 - INFO - 读取小节: section02-03.md
2025-09-06 23:25:57,281 - INFO - 读取小节: section02-04.md
2025-09-06 23:25:57,288 - INFO - 读取小节: section02-05.md
2025-09-06 23:25:57,293 - INFO - 读取小节: section02-06.md
2025-09-06 23:25:57,741 - INFO - 第2章转换成功
2025-09-06 23:25:57,753 - INFO - 读取主文件: chapter03.md
2025-09-06 23:25:57,766 - INFO - 读取小节: section03-01.md
2025-09-06 23:25:57,772 - INFO - 读取小节: section03-02.md
2025-09-06 23:25:57,779 - INFO - 读取小节: section03-03.md
2025-09-06 23:25:57,784 - INFO - 读取小节: section03-04.md
2025-09-06 23:25:57,791 - INFO - 读取小节: section03-05.md
2025-09-06 23:25:57,797 - INFO - 读取小节: section03-06.md
2025-09-06 23:25:57,803 - INFO - 读取小节: section03-07.md
2025-09-06 23:25:58,332 - INFO - 第3章转换成功
2025-09-06 23:25:58,347 - INFO - 读取主文件: chapter04.md
2025-09-06 23:25:58,359 - INFO - 读取小节: section04-01.md
2025-09-06 23:25:58,366 - INFO - 读取小节: section04-02.md
2025-09-06 23:25:58,372 - INFO - 读取小节: section04-03.md
2025-09-06 23:25:58,381 - INFO - 读取小节: section04-04.md
2025-09-06 23:25:58,388 - INFO - 读取小节: section04-05.md
2025-09-06 23:25:58,395 - INFO - 读取小节: section04-06.md
2025-09-06 23:25:58,400 - INFO - 读取小节: section04-07.md
2025-09-06 23:26:03,899 - INFO - 第4章转换成功
2025-09-06 23:26:03,911 - INFO - 读取主文件: chapter05.md
2025-09-06 23:26:03,924 - INFO - 读取小节: section05-01.md
2025-09-06 23:26:03,930 - INFO - 读取小节: section05-02.md
2025-09-06 23:26:03,937 - INFO - 读取小节: section05-03.md
2025-09-06 23:26:03,942 - INFO - 读取小节: section05-04.md
2025-09-06 23:26:03,948 - INFO - 读取小节: section05-05.md
2025-09-06 23:26:03,953 - INFO - 读取小节: section05-06.md
2025-09-06 23:26:06,894 - INFO - 第5章转换成功
2025-09-06 23:26:06,908 - INFO - 读取主文件: chapter06.md
2025-09-06 23:26:06,924 - INFO - 读取小节: section06-01.md
2025-09-06 23:26:06,933 - INFO - 读取小节: section06-02.md
2025-09-06 23:26:06,939 - INFO - 读取小节: section06-03.md
2025-09-06 23:26:06,945 - INFO - 读取小节: section06-04.md
2025-09-06 23:26:06,951 - INFO - 读取小节: section06-05.md
2025-09-06 23:26:06,958 - INFO - 读取小节: section06-06.md
2025-09-06 23:26:06,965 - INFO - 读取小节: section06-07.md
2025-09-06 23:26:09,313 - INFO - 第6章转换成功
2025-09-06 23:26:09,331 - INFO - 读取主文件: chapter07.md
2025-09-06 23:26:09,345 - INFO - 读取小节: section07-01.md
2025-09-06 23:26:09,352 - INFO - 读取小节: section07-02.md
2025-09-06 23:26:09,360 - INFO - 读取小节: section07-03.md
2025-09-06 23:26:09,366 - INFO - 读取小节: section07-04.md
2025-09-06 23:26:10,042 - INFO - 第7章转换成功
2025-09-06 23:26:10,056 - INFO - 读取主文件: chapter08.md
2025-09-06 23:26:10,069 - INFO - 读取小节: section08-01.md
2025-09-06 23:26:10,077 - INFO - 读取小节: section08-02.md
2025-09-06 23:26:10,084 - INFO - 读取小节: section08-03.md
2025-09-06 23:26:10,092 - INFO - 读取小节: section08-04.md
2025-09-06 23:26:10,098 - INFO - 读取小节: section08-05.md
2025-09-06 23:26:11,376 - INFO - 第8章转换成功
2025-09-06 23:26:11,396 - INFO - 读取主文件: chapter09.md
2025-09-06 23:26:11,716 - INFO - 第9章转换成功
2025-09-06 23:26:11,716 - INFO - 转换统计：成功章节数 9/9，图片复制 0 个项
2025-09-06 23:26:11,717 - ERROR - 主LaTeX文件生成失败: Single '}' encountered in format string
2025-09-06 23:26:11,717 - INFO - 已按 --convert-only 完成转换
2025-09-06 23:28:14,306 - INFO - 🚀 改进版转换器启动
2025-09-06 23:28:14,307 - INFO - 开始复制图片文件
2025-09-06 23:28:15,816 - INFO - 复制图片: /mnt/d/Projects/教材/智慧水利平台架构与开发/docs/chapters/images/chapter02 -> /mnt/d/Projects/教材/智慧水利平台架构与开发/output/images/chapter02
2025-09-06 23:28:19,922 - INFO - 复制图片: /mnt/d/Projects/教材/智慧水利平台架构与开发/docs/chapters/chapter06/images -> /mnt/d/Projects/教材/智慧水利平台架构与开发/output/images/chapter06
2025-09-06 23:28:20,454 - INFO - 前言转换成功
2025-09-06 23:28:20,466 - INFO - 读取主文件: chapter01.md
2025-09-06 23:28:20,479 - INFO - 读取小节: section01-01.md
2025-09-06 23:28:20,484 - INFO - 读取小节: section01-02.md
2025-09-06 23:28:20,489 - INFO - 读取小节: section01-03.md
2025-09-06 23:28:20,857 - INFO - 第1章转换成功
2025-09-06 23:28:20,867 - INFO - 读取主文件: chapter02.md
2025-09-06 23:28:20,878 - INFO - 读取小节: section02-01.md
2025-09-06 23:28:20,883 - INFO - 读取小节: section02-02.md
2025-09-06 23:28:20,889 - INFO - 读取小节: section02-03.md
2025-09-06 23:28:20,894 - INFO - 读取小节: section02-04.md
2025-09-06 23:28:20,899 - INFO - 读取小节: section02-05.md
2025-09-06 23:28:20,903 - INFO - 读取小节: section02-06.md
2025-09-06 23:28:21,314 - INFO - 第2章转换成功
2025-09-06 23:28:21,326 - INFO - 读取主文件: chapter03.md
2025-09-06 23:28:21,339 - INFO - 读取小节: section03-01.md
2025-09-06 23:28:21,346 - INFO - 读取小节: section03-02.md
2025-09-06 23:28:21,352 - INFO - 读取小节: section03-03.md
2025-09-06 23:28:21,357 - INFO - 读取小节: section03-04.md
2025-09-06 23:28:21,363 - INFO - 读取小节: section03-05.md
2025-09-06 23:28:21,368 - INFO - 读取小节: section03-06.md
2025-09-06 23:28:21,374 - INFO - 读取小节: section03-07.md
2025-09-06 23:28:21,929 - INFO - 第3章转换成功
2025-09-06 23:28:21,939 - INFO - 读取主文件: chapter04.md
2025-09-06 23:28:21,952 - INFO - 读取小节: section04-01.md
2025-09-06 23:28:21,958 - INFO - 读取小节: section04-02.md
2025-09-06 23:28:21,966 - INFO - 读取小节: section04-03.md
2025-09-06 23:28:21,979 - INFO - 读取小节: section04-04.md
2025-09-06 23:28:21,986 - INFO - 读取小节: section04-05.md
2025-09-06 23:28:21,992 - INFO - 读取小节: section04-06.md
2025-09-06 23:28:22,006 - INFO - 读取小节: section04-07.md
2025-09-06 23:28:26,899 - INFO - 第4章转换成功
2025-09-06 23:28:26,912 - INFO - 读取主文件: chapter05.md
2025-09-06 23:28:26,924 - INFO - 读取小节: section05-01.md
2025-09-06 23:28:26,929 - INFO - 读取小节: section05-02.md
2025-09-06 23:28:26,936 - INFO - 读取小节: section05-03.md
2025-09-06 23:28:26,942 - INFO - 读取小节: section05-04.md
2025-09-06 23:28:26,948 - INFO - 读取小节: section05-05.md
2025-09-06 23:28:26,954 - INFO - 读取小节: section05-06.md
2025-09-06 23:28:29,786 - INFO - 第5章转换成功
2025-09-06 23:28:29,802 - INFO - 读取主文件: chapter06.md
2025-09-06 23:28:29,813 - INFO - 读取小节: section06-01.md
2025-09-06 23:28:29,817 - INFO - 读取小节: section06-02.md
2025-09-06 23:28:29,822 - INFO - 读取小节: section06-03.md
2025-09-06 23:28:29,825 - INFO - 读取小节: section06-04.md
2025-09-06 23:28:29,829 - INFO - 读取小节: section06-05.md
2025-09-06 23:28:29,834 - INFO - 读取小节: section06-06.md
2025-09-06 23:28:29,838 - INFO - 读取小节: section06-07.md
2025-09-06 23:28:32,006 - INFO - 第6章转换成功
2025-09-06 23:28:32,030 - INFO - 读取主文件: chapter07.md
2025-09-06 23:28:32,041 - INFO - 读取小节: section07-01.md
2025-09-06 23:28:32,047 - INFO - 读取小节: section07-02.md
2025-09-06 23:28:32,053 - INFO - 读取小节: section07-03.md
2025-09-06 23:28:32,059 - INFO - 读取小节: section07-04.md
2025-09-06 23:28:32,641 - INFO - 第7章转换成功
2025-09-06 23:28:32,656 - INFO - 读取主文件: chapter08.md
2025-09-06 23:28:32,671 - INFO - 读取小节: section08-01.md
2025-09-06 23:28:32,680 - INFO - 读取小节: section08-02.md
2025-09-06 23:28:32,687 - INFO - 读取小节: section08-03.md
2025-09-06 23:28:32,749 - INFO - 读取小节: section08-04.md
2025-09-06 23:28:32,767 - INFO - 读取小节: section08-05.md
2025-09-06 23:28:33,886 - INFO - 第8章转换成功
2025-09-06 23:28:33,896 - INFO - 读取主文件: chapter09.md
2025-09-06 23:28:34,163 - INFO - 第9章转换成功
2025-09-06 23:28:34,163 - INFO - 转换统计：成功章节数 9/9，图片复制 0 个项
2025-09-06 23:28:34,168 - INFO - 主LaTeX文件生成: /mnt/d/Projects/教材/智慧水利平台架构与开发/output/main.tex
2025-09-06 23:28:34,169 - INFO - 已按 --convert-only 完成转换
2025-09-06 23:28:42,003 - INFO - 🚀 改进版转换器启动
2025-09-06 23:28:42,004 - INFO - 开始复制图片文件
2025-09-06 23:28:43,395 - INFO - 复制图片: /mnt/d/Projects/教材/智慧水利平台架构与开发/docs/chapters/images/chapter02 -> /mnt/d/Projects/教材/智慧水利平台架构与开发/output/images/chapter02
2025-09-06 23:28:47,093 - INFO - 复制图片: /mnt/d/Projects/教材/智慧水利平台架构与开发/docs/chapters/chapter06/images -> /mnt/d/Projects/教材/智慧水利平台架构与开发/output/images/chapter06
2025-09-06 23:28:47,109 - INFO - 按 --build-only 开始编译
2025-09-06 23:30:28,025 - WARNING - 第1次编译返回非零，继续后续编译以稳定目录/引用
2025-09-06 23:30:47,943 - INFO - 🚀 改进版转换器启动
2025-09-06 23:30:47,943 - INFO - 开始复制图片文件
2025-09-06 23:30:49,615 - INFO - 复制图片: /mnt/d/Projects/教材/智慧水利平台架构与开发/docs/chapters/images/chapter02 -> /mnt/d/Projects/教材/智慧水利平台架构与开发/output/images/chapter02
2025-09-06 23:30:54,287 - INFO - 复制图片: /mnt/d/Projects/教材/智慧水利平台架构与开发/docs/chapters/chapter06/images -> /mnt/d/Projects/教材/智慧水利平台架构与开发/output/images/chapter06
2025-09-06 23:30:54,308 - INFO - 按 --build-only 开始编译
2025-09-06 23:30:59,217 - WARNING - 第1次编译返回非零，继续后续编译以稳定目录/引用
2025-09-06 23:31:03,879 - WARNING - 第2次编译返回非零，继续后续编译以稳定目录/引用
2025-09-06 23:31:08,587 - WARNING - 第3次编译返回非零，继续后续编译以稳定目录/引用
2025-09-06 23:31:08,590 - INFO - PDF 编译完成: /mnt/d/Projects/教材/智慧水利平台架构与开发/output/main.pdf
2025-09-06 23:31:35,079 - INFO - 🚀 改进版转换器启动
2025-09-06 23:31:35,079 - INFO - 开始复制图片文件
2025-09-06 23:31:35,101 - INFO - 复制图片: D:\Projects\教材\智慧水利平台架构与开发\docs\chapters\images\chapter02 -> D:\Projects\教材\智慧水利平台架构与开发\output\images\chapter02
2025-09-06 23:31:35,152 - INFO - 复制图片: D:\Projects\教材\智慧水利平台架构与开发\docs\chapters\chapter06\images -> D:\Projects\教材\智慧水利平台架构与开发\output\images\chapter06
2025-09-06 23:31:35,316 - INFO - 前言转换成功
2025-09-06 23:31:35,317 - INFO - 读取主文件: chapter01.md
2025-09-06 23:31:35,318 - INFO - 读取小节: section01-01.md
2025-09-06 23:31:35,318 - INFO - 读取小节: section01-02.md
2025-09-06 23:31:35,318 - INFO - 读取小节: section01-03.md
2025-09-06 23:31:35,494 - INFO - 第1章转换成功
2025-09-06 23:31:35,495 - INFO - 读取主文件: chapter02.md
2025-09-06 23:31:35,495 - INFO - 读取小节: section02-01.md
2025-09-06 23:31:35,496 - INFO - 读取小节: section02-02.md
2025-09-06 23:31:35,496 - INFO - 读取小节: section02-03.md
2025-09-06 23:31:35,497 - INFO - 读取小节: section02-04.md
2025-09-06 23:31:35,497 - INFO - 读取小节: section02-05.md
2025-09-06 23:31:35,497 - INFO - 读取小节: section02-06.md
2025-09-06 23:31:35,758 - INFO - 第2章转换成功
2025-09-06 23:31:35,759 - INFO - 读取主文件: chapter03.md
2025-09-06 23:31:35,768 - INFO - 读取小节: section03-01.md
2025-09-06 23:31:35,771 - INFO - 读取小节: section03-02.md
2025-09-06 23:31:35,775 - INFO - 读取小节: section03-03.md
2025-09-06 23:31:35,776 - INFO - 读取小节: section03-04.md
2025-09-06 23:31:35,776 - INFO - 读取小节: section03-05.md
2025-09-06 23:31:35,776 - INFO - 读取小节: section03-06.md
2025-09-06 23:31:35,777 - INFO - 读取小节: section03-07.md
2025-09-06 23:31:36,098 - INFO - 第3章转换成功
2025-09-06 23:31:36,099 - INFO - 读取主文件: chapter04.md
2025-09-06 23:31:36,100 - INFO - 读取小节: section04-01.md
2025-09-06 23:31:36,100 - INFO - 读取小节: section04-02.md
2025-09-06 23:31:36,101 - INFO - 读取小节: section04-03.md
2025-09-06 23:31:36,102 - INFO - 读取小节: section04-04.md
2025-09-06 23:31:36,103 - INFO - 读取小节: section04-05.md
2025-09-06 23:31:36,104 - INFO - 读取小节: section04-06.md
2025-09-06 23:31:36,105 - INFO - 读取小节: section04-07.md
2025-09-06 23:31:40,939 - INFO - 第4章转换成功
2025-09-06 23:31:40,940 - INFO - 读取主文件: chapter05.md
2025-09-06 23:31:40,941 - INFO - 读取小节: section05-01.md
2025-09-06 23:31:40,941 - INFO - 读取小节: section05-02.md
2025-09-06 23:31:40,942 - INFO - 读取小节: section05-03.md
2025-09-06 23:31:40,943 - INFO - 读取小节: section05-04.md
2025-09-06 23:31:40,943 - INFO - 读取小节: section05-05.md
2025-09-06 23:31:40,944 - INFO - 读取小节: section05-06.md
2025-09-06 23:31:43,876 - INFO - 第5章转换成功
2025-09-06 23:31:43,878 - INFO - 读取主文件: chapter06.md
2025-09-06 23:31:43,878 - INFO - 读取小节: section06-01.md
2025-09-06 23:31:43,879 - INFO - 读取小节: section06-02.md
2025-09-06 23:31:43,880 - INFO - 读取小节: section06-03.md
2025-09-06 23:31:43,880 - INFO - 读取小节: section06-04.md
2025-09-06 23:31:43,881 - INFO - 读取小节: section06-05.md
2025-09-06 23:31:43,881 - INFO - 读取小节: section06-06.md
2025-09-06 23:31:43,882 - INFO - 读取小节: section06-07.md
2025-09-06 23:31:46,090 - INFO - 第6章转换成功
2025-09-06 23:31:46,092 - INFO - 读取主文件: chapter07.md
2025-09-06 23:31:46,092 - INFO - 读取小节: section07-01.md
2025-09-06 23:31:46,093 - INFO - 读取小节: section07-02.md
2025-09-06 23:31:46,094 - INFO - 读取小节: section07-03.md
2025-09-06 23:31:46,094 - INFO - 读取小节: section07-04.md
2025-09-06 23:31:46,603 - INFO - 第7章转换成功
2025-09-06 23:31:46,604 - INFO - 读取主文件: chapter08.md
2025-09-06 23:31:46,604 - INFO - 读取小节: section08-01.md
2025-09-06 23:31:46,605 - INFO - 读取小节: section08-02.md
2025-09-06 23:31:46,609 - INFO - 读取小节: section08-03.md
2025-09-06 23:31:46,610 - INFO - 读取小节: section08-04.md
2025-09-06 23:31:46,612 - INFO - 读取小节: section08-05.md
2025-09-06 23:31:47,669 - INFO - 第8章转换成功
2025-09-06 23:31:47,670 - INFO - 读取主文件: chapter09.md
2025-09-06 23:31:47,738 - INFO - 第9章转换成功
2025-09-06 23:31:47,738 - INFO - 转换统计：成功章节数 9/9，图片复制 0 个项
2025-09-06 23:31:47,740 - INFO - 主LaTeX文件生成: D:\Projects\教材\智慧水利平台架构与开发\output\main.tex
2025-09-06 23:32:53,644 - WARNING - 第1次编译返回非零，继续后续编译以稳定目录/引用
2025-09-06 23:33:58,976 - WARNING - 第2次编译返回非零，继续后续编译以稳定目录/引用
2025-09-06 23:34:01,230 - INFO - 🚀 改进版转换器启动
2025-09-06 23:34:01,231 - INFO - 开始复制图片文件
2025-09-06 23:34:03,170 - INFO - 复制图片: /mnt/d/Projects/教材/智慧水利平台架构与开发/docs/chapters/images/chapter02 -> /mnt/d/Projects/教材/智慧水利平台架构与开发/output/images/chapter02
2025-09-06 23:34:07,572 - INFO - 复制图片: /mnt/d/Projects/教材/智慧水利平台架构与开发/docs/chapters/chapter06/images -> /mnt/d/Projects/教材/智慧水利平台架构与开发/output/images/chapter06
2025-09-06 23:34:07,592 - INFO - 按 --build-only 开始编译
2025-09-06 23:35:01,213 - WARNING - 第3次编译返回非零，继续后续编译以稳定目录/引用
2025-09-06 23:35:01,214 - INFO - PDF 编译完成: D:\Projects\教材\智慧水利平台架构与开发\output\main.pdf
2025-09-06 23:35:08,703 - WARNING - 第1次编译返回非零，继续后续编译以稳定目录/引用
2025-09-06 23:36:07,527 - WARNING - 第2次编译返回非零，继续后续编译以稳定目录/引用
2025-09-06 23:37:08,515 - WARNING - 第3次编译返回非零，继续后续编译以稳定目录/引用
2025-09-06 23:37:08,518 - INFO - PDF 编译完成: /mnt/d/Projects/教材/智慧水利平台架构与开发/output/main.pdf
2025-09-06 23:39:14,061 - INFO - 🚀 改进版转换器启动
2025-09-06 23:39:14,062 - INFO - 开始复制图片文件
2025-09-06 23:39:14,088 - INFO - 复制图片: D:\Projects\教材\智慧水利平台架构与开发\docs\chapters\images\chapter02 -> D:\Projects\教材\智慧水利平台架构与开发\output\images\chapter02
2025-09-06 23:39:14,135 - INFO - 复制图片: D:\Projects\教材\智慧水利平台架构与开发\docs\chapters\chapter06\images -> D:\Projects\教材\智慧水利平台架构与开发\output\images\chapter06
2025-09-06 23:39:14,309 - INFO - 前言转换成功
2025-09-06 23:39:14,309 - INFO - 读取主文件: chapter01.md
2025-09-06 23:39:14,310 - INFO - 读取小节: section01-01.md
2025-09-06 23:39:14,310 - INFO - 读取小节: section01-02.md
2025-09-06 23:39:14,311 - INFO - 读取小节: section01-03.md
2025-09-06 23:39:14,466 - INFO - 第1章转换成功
2025-09-06 23:39:14,469 - INFO - 读取主文件: chapter02.md
2025-09-06 23:39:14,471 - INFO - 读取小节: section02-01.md
2025-09-06 23:39:14,473 - INFO - 读取小节: section02-02.md
2025-09-06 23:39:14,474 - INFO - 读取小节: section02-03.md
2025-09-06 23:39:14,475 - INFO - 读取小节: section02-04.md
2025-09-06 23:39:14,475 - INFO - 读取小节: section02-05.md
2025-09-06 23:39:14,476 - INFO - 读取小节: section02-06.md
2025-09-06 23:39:14,708 - INFO - 第2章转换成功
2025-09-06 23:39:14,713 - INFO - 读取主文件: chapter03.md
2025-09-06 23:39:14,715 - INFO - 读取小节: section03-01.md
2025-09-06 23:39:14,720 - INFO - 读取小节: section03-02.md
2025-09-06 23:39:14,722 - INFO - 读取小节: section03-03.md
2025-09-06 23:39:14,722 - INFO - 读取小节: section03-04.md
2025-09-06 23:39:14,723 - INFO - 读取小节: section03-05.md
2025-09-06 23:39:14,723 - INFO - 读取小节: section03-06.md
2025-09-06 23:39:14,724 - INFO - 读取小节: section03-07.md
2025-09-06 23:39:14,996 - INFO - 第3章转换成功
2025-09-06 23:39:14,997 - INFO - 读取主文件: chapter04.md
2025-09-06 23:39:14,997 - INFO - 读取小节: section04-01.md
2025-09-06 23:39:14,999 - INFO - 读取小节: section04-02.md
2025-09-06 23:39:15,000 - INFO - 读取小节: section04-03.md
2025-09-06 23:39:15,001 - INFO - 读取小节: section04-04.md
2025-09-06 23:39:15,002 - INFO - 读取小节: section04-05.md
2025-09-06 23:39:15,003 - INFO - 读取小节: section04-06.md
2025-09-06 23:39:15,003 - INFO - 读取小节: section04-07.md
2025-09-06 23:39:19,812 - INFO - 第4章转换成功
2025-09-06 23:39:19,813 - INFO - 读取主文件: chapter05.md
2025-09-06 23:39:19,815 - INFO - 读取小节: section05-01.md
2025-09-06 23:39:19,817 - INFO - 读取小节: section05-02.md
2025-09-06 23:39:19,818 - INFO - 读取小节: section05-03.md
2025-09-06 23:39:19,818 - INFO - 读取小节: section05-04.md
2025-09-06 23:39:19,819 - INFO - 读取小节: section05-05.md
2025-09-06 23:39:19,820 - INFO - 读取小节: section05-06.md
2025-09-06 23:39:22,400 - INFO - 第5章转换成功
2025-09-06 23:39:22,402 - INFO - 读取主文件: chapter06.md
2025-09-06 23:39:22,403 - INFO - 读取小节: section06-01.md
2025-09-06 23:39:22,404 - INFO - 读取小节: section06-02.md
2025-09-06 23:39:22,405 - INFO - 读取小节: section06-03.md
2025-09-06 23:39:22,406 - INFO - 读取小节: section06-04.md
2025-09-06 23:39:22,406 - INFO - 读取小节: section06-05.md
2025-09-06 23:39:22,407 - INFO - 读取小节: section06-06.md
2025-09-06 23:39:22,407 - INFO - 读取小节: section06-07.md
2025-09-06 23:39:24,562 - INFO - 第6章转换成功
2025-09-06 23:39:24,563 - INFO - 读取主文件: chapter07.md
2025-09-06 23:39:24,563 - INFO - 读取小节: section07-01.md
2025-09-06 23:39:24,564 - INFO - 读取小节: section07-02.md
2025-09-06 23:39:24,564 - INFO - 读取小节: section07-03.md
2025-09-06 23:39:24,564 - INFO - 读取小节: section07-04.md
2025-09-06 23:39:24,942 - INFO - 第7章转换成功
2025-09-06 23:39:24,943 - INFO - 读取主文件: chapter08.md
2025-09-06 23:39:24,944 - INFO - 读取小节: section08-01.md
2025-09-06 23:39:24,944 - INFO - 读取小节: section08-02.md
2025-09-06 23:39:24,945 - INFO - 读取小节: section08-03.md
2025-09-06 23:39:24,945 - INFO - 读取小节: section08-04.md
2025-09-06 23:39:24,945 - INFO - 读取小节: section08-05.md
2025-09-06 23:39:25,894 - INFO - 第8章转换成功
2025-09-06 23:39:25,895 - INFO - 读取主文件: chapter09.md
2025-09-06 23:39:25,985 - INFO - 第9章转换成功
2025-09-06 23:39:25,985 - INFO - 转换统计：成功章节数 9/9，图片复制 0 个项
2025-09-06 23:39:25,986 - INFO - 主LaTeX文件生成: D:\Projects\教材\智慧水利平台架构与开发\output\main.tex
2025-09-06 23:40:19,796 - WARNING - 第1次编译返回非零，继续后续编译以稳定目录/引用
2025-09-06 23:41:10,877 - WARNING - 第2次编译返回非零，继续后续编译以稳定目录/引用
2025-09-06 23:42:02,371 - WARNING - 第3次编译返回非零，继续后续编译以稳定目录/引用
2025-09-06 23:42:02,372 - INFO - PDF 编译完成: D:\Projects\教材\智慧水利平台架构与开发\output\main.pdf
