This is XeTeX, Version 3.141592653-2.6-0.999997 (TeX Live 2025) (preloaded format=xelatex 2025.4.18)  6 SEP 2025 23:41
entering extended mode
 restricted \write18 enabled.
 %&-line parsing enabled.
**main.tex
(./main.tex
LaTeX2e <2024-11-01> patch level 2
L3 programming layer <2025-01-18>
(c:/texlive/2025/texmf-dist/tex/latex/base/book.cls
Document Class: book 2024/06/29 v1.4n Standard LaTeX document class
(c:/texlive/2025/texmf-dist/tex/latex/base/bk12.clo
File: bk12.clo 2024/06/29 v1.4n Standard LaTeX file (size option)
)
\c@part=\count192
\c@chapter=\count193
\c@section=\count194
\c@subsection=\count195
\c@subsubsection=\count196
\c@paragraph=\count197
\c@subparagraph=\count198
\c@figure=\count199
\c@table=\count266
\abovecaptionskip=\skip49
\belowcaptionskip=\skip50
\bibindent=\dimen141
)
(c:/texlive/2025/texmf-dist/tex/latex/ctex/ctex.sty
(c:/texlive/2025/texmf-dist/tex/latex/l3kernel/expl3.sty
Package: expl3 2025-01-18 L3 programming layer (loader) 

(c:/texlive/2025/texmf-dist/tex/latex/l3backend/l3backend-xetex.def
File: l3backend-xetex.def 2024-05-08 L3 backend support: XeTeX
\g__graphics_track_int=\count267
\l__pdf_internal_box=\box52
\g__pdf_backend_annotation_int=\count268
\g__pdf_backend_link_int=\count269
))
Package: ctex 2022/07/14 v2.5.10 Chinese adapter in LaTeX (CTEX)

(c:/texlive/2025/texmf-dist/tex/latex/ctex/ctexhook.sty
Package: ctexhook 2022/07/14 v2.5.10 Document and package hooks (CTEX)
)
(c:/texlive/2025/texmf-dist/tex/latex/ctex/ctexpatch.sty
Package: ctexpatch 2022/07/14 v2.5.10 Patching commands (CTEX)
)
(c:/texlive/2025/texmf-dist/tex/latex/base/fix-cm.sty
Package: fix-cm 2020/11/24 v1.1t fixes to LaTeX

(c:/texlive/2025/texmf-dist/tex/latex/base/ts1enc.def
File: ts1enc.def 2001/06/05 v3.0e (jk/car/fm) Standard LaTeX file
LaTeX Font Info:    Redeclaring font encoding TS1 on input line 47.
))
\l__ctex_tmp_int=\count270
\l__ctex_tmp_box=\box53
\l__ctex_tmp_dim=\dimen142
\g__ctex_section_depth_int=\count271
\g__ctex_font_size_int=\count272

(c:/texlive/2025/texmf-dist/tex/latex/ctex/config/ctexopts.cfg
File: ctexopts.cfg 2022/07/14 v2.5.10 Option configuration file (CTEX)
)
(c:/texlive/2025/texmf-dist/tex/latex/ctex/engine/ctex-engine-xetex.def
File: ctex-engine-xetex.def 2022/07/14 v2.5.10 XeLaTeX adapter (CTEX)

(c:/texlive/2025/texmf-dist/tex/xelatex/xecjk/xeCJK.sty
Package: xeCJK 2022/08/05 v3.9.1 Typesetting CJK scripts with XeLaTeX

(c:/texlive/2025/texmf-dist/tex/latex/l3packages/xtemplate/xtemplate.sty
Package: xtemplate 2024-08-16 L3 Experimental prototype document functions
)
\l__xeCJK_tmp_int=\count273
\l__xeCJK_tmp_box=\box54
\l__xeCJK_tmp_dim=\dimen143
\l__xeCJK_tmp_skip=\skip51
\g__xeCJK_space_factor_int=\count274
\l__xeCJK_begin_int=\count275
\l__xeCJK_end_int=\count276
\c__xeCJK_CJK_class_int=\XeTeXcharclass1
\c__xeCJK_FullLeft_class_int=\XeTeXcharclass2
\c__xeCJK_FullRight_class_int=\XeTeXcharclass3
\c__xeCJK_HalfLeft_class_int=\XeTeXcharclass4
\c__xeCJK_HalfRight_class_int=\XeTeXcharclass5
\c__xeCJK_NormalSpace_class_int=\XeTeXcharclass6
\c__xeCJK_CM_class_int=\XeTeXcharclass7
\c__xeCJK_HangulJamo_class_int=\XeTeXcharclass8
\l__xeCJK_last_skip=\skip52
\c__xeCJK_none_node=\count277
\g__xeCJK_node_int=\count278
\c__xeCJK_CJK_node_dim=\dimen144
\c__xeCJK_CJK-space_node_dim=\dimen145
\c__xeCJK_default_node_dim=\dimen146
\c__xeCJK_CJK-widow_node_dim=\dimen147
\c__xeCJK_normalspace_node_dim=\dimen148
\c__xeCJK_default-space_node_skip=\skip53
\l__xeCJK_ccglue_skip=\skip54
\l__xeCJK_ecglue_skip=\skip55
\l__xeCJK_punct_kern_skip=\skip56
\l__xeCJK_indent_box=\box55
\l__xeCJK_last_penalty_int=\count279
\l__xeCJK_last_bound_dim=\dimen149
\l__xeCJK_last_kern_dim=\dimen150
\l__xeCJK_widow_penalty_int=\count280

LaTeX template Info: Declaring template type 'xeCJK/punctuation' taking 0
(template)           argument(s) on line 2396.

\l__xeCJK_fixed_punct_width_dim=\dimen151
\l__xeCJK_mixed_punct_width_dim=\dimen152
\l__xeCJK_middle_punct_width_dim=\dimen153
\l__xeCJK_fixed_margin_width_dim=\dimen154
\l__xeCJK_mixed_margin_width_dim=\dimen155
\l__xeCJK_middle_margin_width_dim=\dimen156
\l__xeCJK_bound_punct_width_dim=\dimen157
\l__xeCJK_bound_margin_width_dim=\dimen158
\l__xeCJK_margin_minimum_dim=\dimen159
\l__xeCJK_kerning_total_width_dim=\dimen160
\l__xeCJK_same_align_margin_dim=\dimen161
\l__xeCJK_different_align_margin_dim=\dimen162
\l__xeCJK_kerning_margin_width_dim=\dimen163
\l__xeCJK_kerning_margin_minimum_dim=\dimen164
\l__xeCJK_bound_dim=\dimen165
\l__xeCJK_reverse_bound_dim=\dimen166
\l__xeCJK_margin_dim=\dimen167
\l__xeCJK_minimum_bound_dim=\dimen168
\l__xeCJK_kerning_margin_dim=\dimen169
\g__xeCJK_family_int=\count281
\l__xeCJK_fam_int=\count282
\g__xeCJK_fam_allocation_int=\count283
\l__xeCJK_verb_case_int=\count284
\l__xeCJK_verb_exspace_skip=\skip57

(c:/texlive/2025/texmf-dist/tex/latex/fontspec/fontspec.sty
(c:/texlive/2025/texmf-dist/tex/latex/l3packages/xparse/xparse.sty
Package: xparse 2024-08-16 L3 Experimental document command parser
)
Package: fontspec 2024/05/11 v2.9e Font selection for XeLaTeX and LuaLaTeX

(c:/texlive/2025/texmf-dist/tex/latex/fontspec/fontspec-xetex.sty
Package: fontspec-xetex 2024/05/11 v2.9e Font selection for XeLaTeX and LuaLaTe
X
\l__fontspec_script_int=\count285
\l__fontspec_language_int=\count286
\l__fontspec_strnum_int=\count287
\l__fontspec_tmp_int=\count288
\l__fontspec_tmpa_int=\count289
\l__fontspec_tmpb_int=\count290
\l__fontspec_tmpc_int=\count291
\l__fontspec_em_int=\count292
\l__fontspec_emdef_int=\count293
\l__fontspec_strong_int=\count294
\l__fontspec_strongdef_int=\count295
\l__fontspec_tmpa_dim=\dimen170
\l__fontspec_tmpb_dim=\dimen171
\l__fontspec_tmpc_dim=\dimen172

(c:/texlive/2025/texmf-dist/tex/latex/base/fontenc.sty
Package: fontenc 2021/04/29 v2.0v Standard LaTeX package
)
(c:/texlive/2025/texmf-dist/tex/latex/fontspec/fontspec.cfg)))
(c:/texlive/2025/texmf-dist/tex/xelatex/xecjk/xeCJK.cfg
File: xeCJK.cfg 2022/08/05 v3.9.1 Configuration file for xeCJK package
))
\ccwd=\dimen173
\l__ctex_ccglue_skip=\skip58
)
\l__ctex_ziju_dim=\dimen174

(c:/texlive/2025/texmf-dist/tex/latex/zhnumber/zhnumber.sty
Package: zhnumber 2022/07/14 v3.0 Typesetting numbers with Chinese glyphs
\l__zhnum_scale_int=\count296
\l__zhnum_tmp_int=\count297

(c:/texlive/2025/texmf-dist/tex/latex/zhnumber/zhnumber-utf8.cfg
File: zhnumber-utf8.cfg 2022/07/14 v3.0 Chinese numerals with UTF8 encoding
))
(c:/texlive/2025/texmf-dist/tex/latex/ctex/scheme/ctex-scheme-chinese.def
File: ctex-scheme-chinese.def 2022/07/14 v2.5.10 Chinese scheme for generic (CT
EX)

(c:/texlive/2025/texmf-dist/tex/latex/ctex/config/ctex-name-utf8.cfg
File: ctex-name-utf8.cfg 2022/07/14 v2.5.10 Caption with encoding UTF-8 (CTEX)
))
(c:/texlive/2025/texmf-dist/tex/latex/tools/indentfirst.sty
Package: indentfirst 2023/07/02 v1.03 Indent first paragraph (DPC)
)
(c:/texlive/2025/texmf-dist/tex/latex/ctex/fontset/ctex-fontset-windows.def
File: ctex-fontset-windows.def 2022/07/14 v2.5.10 Windows fonts definition (CTE
X)

Package fontspec Info: 
(fontspec)             Could not resolve font "KaiTi/B" (it probably doesn't
(fontspec)             exist).


Package fontspec Info: 
(fontspec)             Could not resolve font "SimHei/I" (it probably doesn't
(fontspec)             exist).


Package fontspec Info: 
(fontspec)             Could not resolve font "SimSun/BI" (it probably doesn't
(fontspec)             exist).


Package fontspec Info: 
(fontspec)             Font family 'SimSun(0)' created for font 'SimSun' with
(fontspec)             options
(fontspec)             [Script={CJK},BoldFont={SimHei},ItalicFont={KaiTi}].
(fontspec)              
(fontspec)              This font family consists of the following NFSS
(fontspec)             series/shapes:
(fontspec)              
(fontspec)             - 'normal' (m/n) with NFSS spec.:
(fontspec)             <->"SimSun/OT:script=hani;language=dflt;"
(fontspec)             - 'bold' (b/n) with NFSS spec.:
(fontspec)             <->"SimHei/OT:script=hani;language=dflt;"
(fontspec)             - 'italic' (m/it) with NFSS spec.:
(fontspec)             <->"KaiTi/OT:script=hani;language=dflt;"

))
(c:/texlive/2025/texmf-dist/tex/latex/ctex/config/ctex.cfg
File: ctex.cfg 2022/07/14 v2.5.10 Configuration file (CTEX)
)

Package fontspec Info: 
(fontspec)             Font family 'TeXGyrePagella(0)' created for font 'TeX
(fontspec)             Gyre Pagella' with options [Ligatures=TeX].
(fontspec)              
(fontspec)              This font family consists of the following NFSS
(fontspec)             series/shapes:
(fontspec)              
(fontspec)             - 'normal' (m/n) with NFSS spec.: <->"TeX Gyre
(fontspec)             Pagella/OT:script=latn;language=dflt;mapping=tex-text;"
(fontspec)             - 'small caps'  (m/sc) with NFSS spec.: <->"TeX Gyre
(fontspec)             Pagella/OT:script=latn;language=dflt;+smcp;mapping=tex-t
ext;"
(fontspec)             - 'bold' (b/n) with NFSS spec.: <->"TeX Gyre
(fontspec)             Pagella/B/OT:script=latn;language=dflt;mapping=tex-text;
"
(fontspec)             - 'bold small caps'  (b/sc) with NFSS spec.: <->"TeX
(fontspec)             Gyre
(fontspec)             Pagella/B/OT:script=latn;language=dflt;+smcp;mapping=tex
-text;"
(fontspec)             - 'italic' (m/it) with NFSS spec.: <->"TeX Gyre
(fontspec)             Pagella/I/OT:script=latn;language=dflt;mapping=tex-text;
"
(fontspec)             - 'italic small caps'  (m/scit) with NFSS spec.:
(fontspec)             <->"TeX Gyre
(fontspec)             Pagella/I/OT:script=latn;language=dflt;+smcp;mapping=tex
-text;"
(fontspec)             - 'bold italic' (b/it) with NFSS spec.: <->"TeX Gyre
(fontspec)             Pagella/BI/OT:script=latn;language=dflt;mapping=tex-text
;"
(fontspec)             - 'bold italic small caps'  (b/scit) with NFSS spec.:
(fontspec)             <->"TeX Gyre
(fontspec)             Pagella/BI/OT:script=latn;language=dflt;+smcp;mapping=te
x-text;"


Package fontspec Info: 
(fontspec)             Font family 'TeXGyreHeros(0)' created for font 'TeX
(fontspec)             Gyre Heros' with options [Ligatures=TeX].
(fontspec)              
(fontspec)              This font family consists of the following NFSS
(fontspec)             series/shapes:
(fontspec)              
(fontspec)             - 'normal' (m/n) with NFSS spec.: <->"TeX Gyre
(fontspec)             Heros/OT:script=latn;language=dflt;mapping=tex-text;"
(fontspec)             - 'small caps'  (m/sc) with NFSS spec.: <->"TeX Gyre
(fontspec)             Heros/OT:script=latn;language=dflt;+smcp;mapping=tex-tex
t;"
(fontspec)             - 'bold' (b/n) with NFSS spec.: <->"TeX Gyre
(fontspec)             Heros/B/OT:script=latn;language=dflt;mapping=tex-text;"
(fontspec)             - 'bold small caps'  (b/sc) with NFSS spec.: <->"TeX
(fontspec)             Gyre
(fontspec)             Heros/B/OT:script=latn;language=dflt;+smcp;mapping=tex-t
ext;"
(fontspec)             - 'italic' (m/it) with NFSS spec.: <->"TeX Gyre
(fontspec)             Heros/I/OT:script=latn;language=dflt;mapping=tex-text;"
(fontspec)             - 'italic small caps'  (m/scit) with NFSS spec.:
(fontspec)             <->"TeX Gyre
(fontspec)             Heros/I/OT:script=latn;language=dflt;+smcp;mapping=tex-t
ext;"
(fontspec)             - 'bold italic' (b/it) with NFSS spec.: <->"TeX Gyre
(fontspec)             Heros/BI/OT:script=latn;language=dflt;mapping=tex-text;"

(fontspec)             - 'bold italic small caps'  (b/scit) with NFSS spec.:
(fontspec)             <->"TeX Gyre
(fontspec)             Heros/BI/OT:script=latn;language=dflt;+smcp;mapping=tex-
text;"


Package fontspec Info: 
(fontspec)             Font family 'TeXGyreCursor(0)' created for font 'TeX
(fontspec)             Gyre Cursor' with options
(fontspec)             [WordSpace={1,0,0},HyphenChar=None,PunctuationSpace=Word
Space].
(fontspec)              
(fontspec)              This font family consists of the following NFSS
(fontspec)             series/shapes:
(fontspec)              
(fontspec)             - 'normal' (m/n) with NFSS spec.: <->"TeX Gyre
(fontspec)             Cursor/OT:script=latn;language=dflt;"
(fontspec)             - 'small caps'  (m/sc) with NFSS spec.: <->"TeX Gyre
(fontspec)             Cursor/OT:script=latn;language=dflt;+smcp;"
(fontspec)             and font adjustment code:
(fontspec)             \fontdimen 2\font =1\fontdimen 2\font \fontdimen 3\font
(fontspec)             =0\fontdimen 3\font \fontdimen 4\font =0\fontdimen
(fontspec)             4\font \fontdimen 7\font =0\fontdimen 2\font
(fontspec)             \tex_hyphenchar:D \font =-1\scan_stop: 
(fontspec)             - 'bold' (b/n) with NFSS spec.: <->"TeX Gyre
(fontspec)             Cursor/B/OT:script=latn;language=dflt;"
(fontspec)             - 'bold small caps'  (b/sc) with NFSS spec.: <->"TeX
(fontspec)             Gyre Cursor/B/OT:script=latn;language=dflt;+smcp;"
(fontspec)             and font adjustment code:
(fontspec)             \fontdimen 2\font =1\fontdimen 2\font \fontdimen 3\font
(fontspec)             =0\fontdimen 3\font \fontdimen 4\font =0\fontdimen
(fontspec)             4\font \fontdimen 7\font =0\fontdimen 2\font
(fontspec)             \tex_hyphenchar:D \font =-1\scan_stop: 
(fontspec)             - 'italic' (m/it) with NFSS spec.: <->"TeX Gyre
(fontspec)             Cursor/I/OT:script=latn;language=dflt;"
(fontspec)             - 'italic small caps'  (m/scit) with NFSS spec.:
(fontspec)             <->"TeX Gyre
(fontspec)             Cursor/I/OT:script=latn;language=dflt;+smcp;"
(fontspec)             and font adjustment code:
(fontspec)             \fontdimen 2\font =1\fontdimen 2\font \fontdimen 3\font
(fontspec)             =0\fontdimen 3\font \fontdimen 4\font =0\fontdimen
(fontspec)             4\font \fontdimen 7\font =0\fontdimen 2\font
(fontspec)             \tex_hyphenchar:D \font =-1\scan_stop: 
(fontspec)             - 'bold italic' (b/it) with NFSS spec.: <->"TeX Gyre
(fontspec)             Cursor/BI/OT:script=latn;language=dflt;"
(fontspec)             - 'bold italic small caps'  (b/scit) with NFSS spec.:
(fontspec)             <->"TeX Gyre
(fontspec)             Cursor/BI/OT:script=latn;language=dflt;+smcp;"
(fontspec)             and font adjustment code:
(fontspec)             \fontdimen 2\font =1\fontdimen 2\font \fontdimen 3\font
(fontspec)             =0\fontdimen 3\font \fontdimen 4\font =0\fontdimen
(fontspec)             4\font \fontdimen 7\font =0\fontdimen 2\font
(fontspec)             \tex_hyphenchar:D \font =-1\scan_stop: 



Package xeCJK Warning: Redefining CJKfamily `\CJKrmdefault' (SimSun(0)).


Package fontspec Info: 
(fontspec)             Could not resolve font "Microsoft YaHei/I" (it probably
(fontspec)             doesn't exist).


Package fontspec Info: 
(fontspec)             Font family 'MicrosoftYaHei(0)' created for font
(fontspec)             'Microsoft YaHei' with options [Script={CJK}].
(fontspec)              
(fontspec)              This font family consists of the following NFSS
(fontspec)             series/shapes:
(fontspec)              
(fontspec)             - 'normal' (m/n) with NFSS spec.: <->"Microsoft
(fontspec)             YaHei/OT:script=hani;language=dflt;"
(fontspec)             - 'bold' (b/n) with NFSS spec.: <->"Microsoft
(fontspec)             YaHei/B/OT:script=hani;language=dflt;"
(fontspec)             - 'bold italic' (b/it) with NFSS spec.: <->"Microsoft
(fontspec)             YaHei/BI/OT:script=hani;language=dflt;"

(c:/texlive/2025/texmf-dist/tex/latex/geometry/geometry.sty
Package: geometry 2020/01/02 v5.9 Page Geometry

(c:/texlive/2025/texmf-dist/tex/latex/graphics/keyval.sty
Package: keyval 2022/05/29 v1.15 key=value parser (DPC)
\KV@toks@=\toks17
)
(c:/texlive/2025/texmf-dist/tex/generic/iftex/ifvtex.sty
Package: ifvtex 2019/10/25 v1.7 ifvtex legacy package. Use iftex instead.

(c:/texlive/2025/texmf-dist/tex/generic/iftex/iftex.sty
Package: iftex 2024/12/12 v1.0g TeX engine tests
))
\Gm@cnth=\count298
\Gm@cntv=\count299
\c@Gm@tempcnt=\count300
\Gm@bindingoffset=\dimen175
\Gm@wd@mp=\dimen176
\Gm@odd@mp=\dimen177
\Gm@even@mp=\dimen178
\Gm@layoutwidth=\dimen179
\Gm@layoutheight=\dimen180
\Gm@layouthoffset=\dimen181
\Gm@layoutvoffset=\dimen182
\Gm@dimlist=\toks18
)
(c:/texlive/2025/texmf-dist/tex/latex/setspace/setspace.sty
Package: setspace 2022/12/04 v6.7b set line spacing
)
(c:/texlive/2025/texmf-dist/tex/latex/microtype/microtype.sty
Package: microtype 2025/02/11 v3.2a Micro-typographical refinements (RS)

(c:/texlive/2025/texmf-dist/tex/latex/etoolbox/etoolbox.sty
Package: etoolbox 2025/02/11 v2.5l e-TeX tools for LaTeX (JAW)
\etb@tempcnta=\count301
)
\MT@toks=\toks19
\MT@tempbox=\box56
\MT@count=\count302
LaTeX Info: Redefining \noprotrusionifhmode on input line 1087.
LaTeX Info: Redefining \leftprotrusion on input line 1088.
\MT@prot@toks=\toks20
LaTeX Info: Redefining \rightprotrusion on input line 1107.
LaTeX Info: Redefining \textls on input line 1449.
\MT@outer@kern=\dimen183
LaTeX Info: Redefining \microtypecontext on input line 2053.
LaTeX Info: Redefining \textmicrotypecontext on input line 2070.
\MT@listname@count=\count303

(c:/texlive/2025/texmf-dist/tex/latex/microtype/microtype-xetex.def
File: microtype-xetex.def 2025/02/11 v3.2a Definitions specific to xetex (RS)
LaTeX Info: Redefining \lsstyle on input line 443.
LaTeX Info: Redefining \lslig on input line 451.
\MT@outer@space=\skip59
)
Package microtype Info: Loading configuration file microtype.cfg.

(c:/texlive/2025/texmf-dist/tex/latex/microtype/microtype.cfg
File: microtype.cfg 2025/02/11 v3.2a microtype main configuration file (RS)
)
LaTeX Info: Redefining \microtypesetup on input line 3065.
)
(c:/texlive/2025/texmf-dist/tex/latex/tools/longtable.sty
Package: longtable 2024-10-27 v4.22 Multi-page Table package (DPC)
\LTleft=\skip60
\LTright=\skip61
\LTpre=\skip62
\LTpost=\skip63
\LTchunksize=\count304
\LTcapwidth=\dimen184
\LT@head=\box57
\LT@firsthead=\box58
\LT@foot=\box59
\LT@lastfoot=\box60
\LT@gbox=\box61
\LT@cols=\count305
\LT@rows=\count306
\c@LT@tables=\count307
\c@LT@chunks=\count308
\LT@p@ftn=\toks21
)
(c:/texlive/2025/texmf-dist/tex/latex/booktabs/booktabs.sty
Package: booktabs 2020/01/12 v1.61803398 Publication quality tables
\heavyrulewidth=\dimen185
\lightrulewidth=\dimen186
\cmidrulewidth=\dimen187
\belowrulesep=\dimen188
\belowbottomsep=\dimen189
\aboverulesep=\dimen190
\abovetopsep=\dimen191
\cmidrulesep=\dimen192
\cmidrulekern=\dimen193
\defaultaddspace=\dimen194
\@cmidla=\count309
\@cmidlb=\count310
\@aboverulesep=\dimen195
\@belowrulesep=\dimen196
\@thisruleclass=\count311
\@lastruleclass=\count312
\@thisrulewidth=\dimen197
)
(c:/texlive/2025/texmf-dist/tex/latex/tools/array.sty
Package: array 2024/10/17 v2.6g Tabular extension package (FMi)
\col@sep=\dimen198
\ar@mcellbox=\box62
\extrarowheight=\dimen199
\NC@list=\toks22
\extratabsurround=\skip64
\backup@length=\skip65
\ar@cellbox=\box63
)
(c:/texlive/2025/texmf-dist/tex/latex/tools/calc.sty
Package: calc 2023/07/08 v4.3 Infix arithmetic (KKT,FJ)
\calc@Acount=\count313
\calc@Bcount=\count314
\calc@Adimen=\dimen256
\calc@Bdimen=\dimen257
\calc@Askip=\skip66
\calc@Bskip=\skip67
LaTeX Info: Redefining \setlength on input line 80.
LaTeX Info: Redefining \addtolength on input line 81.
\calc@Ccount=\count315
\calc@Cskip=\skip68
)
(c:/texlive/2025/texmf-dist/tex/latex/graphics/graphicx.sty
Package: graphicx 2021/09/16 v1.2d Enhanced LaTeX Graphics (DPC,SPQR)

(c:/texlive/2025/texmf-dist/tex/latex/graphics/graphics.sty
Package: graphics 2024/08/06 v1.4g Standard LaTeX Graphics (DPC,SPQR)

(c:/texlive/2025/texmf-dist/tex/latex/graphics/trig.sty
Package: trig 2023/12/02 v1.11 sin cos tan (DPC)
)
(c:/texlive/2025/texmf-dist/tex/latex/graphics-cfg/graphics.cfg
File: graphics.cfg 2016/06/04 v1.11 sample graphics configuration
)
Package graphics Info: Driver file: xetex.def on input line 106.

(c:/texlive/2025/texmf-dist/tex/latex/graphics-def/xetex.def
File: xetex.def 2022/09/22 v5.0n Graphics/color driver for xetex
))
\Gin@req@height=\dimen258
\Gin@req@width=\dimen259
)
(c:/texlive/2025/texmf-dist/tex/generic/ulem/ulem.sty
\UL@box=\box64
\UL@hyphenbox=\box65
\UL@skip=\skip69
\UL@hook=\toks23
\UL@height=\dimen260
\UL@pe=\count316
\UL@pixel=\dimen261
\ULC@box=\box66
Package: ulem 2019/11/18
\ULdepth=\dimen262
)
(c:/texlive/2025/texmf-dist/tex/latex/amsmath/amsmath.sty
Package: amsmath 2024/11/05 v2.17t AMS math features
\@mathmargin=\skip70

For additional information on amsmath, use the `?' option.
(c:/texlive/2025/texmf-dist/tex/latex/amsmath/amstext.sty
Package: amstext 2021/08/26 v2.01 AMS text

(c:/texlive/2025/texmf-dist/tex/latex/amsmath/amsgen.sty
File: amsgen.sty 1999/11/30 v2.0 generic functions
\@emptytoks=\toks24
\ex@=\dimen263
))
(c:/texlive/2025/texmf-dist/tex/latex/amsmath/amsbsy.sty
Package: amsbsy 1999/11/29 v1.2d Bold Symbols
\pmbraise@=\dimen264
)
(c:/texlive/2025/texmf-dist/tex/latex/amsmath/amsopn.sty
Package: amsopn 2022/04/08 v2.04 operator names
)
\inf@bad=\count317
LaTeX Info: Redefining \frac on input line 233.
\uproot@=\count318
\leftroot@=\count319
LaTeX Info: Redefining \overline on input line 398.
LaTeX Info: Redefining \colon on input line 409.
\classnum@=\count320
\DOTSCASE@=\count321
LaTeX Info: Redefining \ldots on input line 495.
LaTeX Info: Redefining \dots on input line 498.
LaTeX Info: Redefining \cdots on input line 619.
\Mathstrutbox@=\box67
\strutbox@=\box68
LaTeX Info: Redefining \big on input line 721.
LaTeX Info: Redefining \Big on input line 722.
LaTeX Info: Redefining \bigg on input line 723.
LaTeX Info: Redefining \Bigg on input line 724.
\big@size=\dimen265
LaTeX Font Info:    Redeclaring font encoding OML on input line 742.
LaTeX Font Info:    Redeclaring font encoding OMS on input line 743.
\macc@depth=\count322
LaTeX Info: Redefining \bmod on input line 904.
LaTeX Info: Redefining \pmod on input line 909.
LaTeX Info: Redefining \smash on input line 939.
LaTeX Info: Redefining \relbar on input line 969.
LaTeX Info: Redefining \Relbar on input line 970.
\c@MaxMatrixCols=\count323
\dotsspace@=\muskip17
\c@parentequation=\count324
\dspbrk@lvl=\count325
\tag@help=\toks25
\row@=\count326
\column@=\count327
\maxfields@=\count328
\andhelp@=\toks26
\eqnshift@=\dimen266
\alignsep@=\dimen267
\tagshift@=\dimen268
\tagwidth@=\dimen269
\totwidth@=\dimen270
\lineht@=\dimen271
\@envbody=\toks27
\multlinegap=\skip71
\multlinetaggap=\skip72
\mathdisplay@stack=\toks28
LaTeX Info: Redefining \[ on input line 2953.
LaTeX Info: Redefining \] on input line 2954.
)
(c:/texlive/2025/texmf-dist/tex/latex/amsfonts/amsfonts.sty
Package: amsfonts 2013/01/14 v3.01 Basic AMSFonts support
\symAMSa=\mathgroup4
\symAMSb=\mathgroup5
LaTeX Font Info:    Redeclaring math symbol \hbar on input line 98.
LaTeX Font Info:    Overwriting math alphabet `\mathfrak' in version `bold'
(Font)                  U/euf/m/n --> U/euf/b/n on input line 106.
)
(c:/texlive/2025/texmf-dist/tex/latex/amsfonts/amssymb.sty
Package: amssymb 2013/01/14 v3.01 AMS font symbols
)
(c:/texlive/2025/texmf-dist/tex/latex/float/float.sty
Package: float 2001/11/08 v1.3d Float enhancements (AL)
\c@float@type=\count329
\float@exts=\toks29
\float@box=\box69
\@float@everytoks=\toks30
\@floatcapt=\box70
)
(c:/texlive/2025/texmf-dist/tex/latex/xcolor/xcolor.sty
Package: xcolor 2024/09/29 v3.02 LaTeX color extensions (UK)

(c:/texlive/2025/texmf-dist/tex/latex/graphics-cfg/color.cfg
File: color.cfg 2016/01/02 v1.6 sample color configuration
)
Package xcolor Info: Driver file: xetex.def on input line 274.

(c:/texlive/2025/texmf-dist/tex/latex/graphics/mathcolor.ltx)
Package xcolor Info: Model `cmy' substituted by `cmy0' on input line 1349.
Package xcolor Info: Model `RGB' extended on input line 1365.
Package xcolor Info: Model `HTML' substituted by `rgb' on input line 1367.
Package xcolor Info: Model `Hsb' substituted by `hsb' on input line 1368.
Package xcolor Info: Model `tHsb' substituted by `hsb' on input line 1369.
Package xcolor Info: Model `HSB' substituted by `hsb' on input line 1370.
Package xcolor Info: Model `Gray' substituted by `gray' on input line 1371.
Package xcolor Info: Model `wave' substituted by `hsb' on input line 1372.
)
(c:/texlive/2025/texmf-dist/tex/latex/listings/listings.sty
\lst@mode=\count330
\lst@gtempboxa=\box71
\lst@token=\toks31
\lst@length=\count331
\lst@currlwidth=\dimen272
\lst@column=\count332
\lst@pos=\count333
\lst@lostspace=\dimen273
\lst@width=\dimen274
\lst@newlines=\count334
\lst@lineno=\count335
\lst@maxwidth=\dimen275

(c:/texlive/2025/texmf-dist/tex/latex/listings/lstpatch.sty
File: lstpatch.sty 2024/09/23 1.10c (Carsten Heinz)
)
(c:/texlive/2025/texmf-dist/tex/latex/listings/lstmisc.sty
File: lstmisc.sty 2024/09/23 1.10c (Carsten Heinz)
\c@lstnumber=\count336
\lst@skipnumbers=\count337
\lst@framebox=\box72
)
(c:/texlive/2025/texmf-dist/tex/latex/listings/listings.cfg
File: listings.cfg 2024/09/23 1.10c listings configuration
))
Package: listings 2024/09/23 1.10c (Carsten Heinz)

(c:/texlive/2025/texmf-dist/tex/xelatex/xecjk/xeCJK-listings.sty
Package: xeCJK-listings 2022/08/05 v3.9.1 xeCJK patch file for listings
\l__xeCJK_listings_max_char_int=\count338
\l__xeCJK_listings_flag_int=\count339
)
(c:/texlive/2025/texmf-dist/tex/latex/tcolorbox/tcolorbox.sty
Package: tcolorbox 2024/10/22 version 6.4.1 text color boxes

(c:/texlive/2025/texmf-dist/tex/latex/pgf/frontendlayer/tikz.sty
(c:/texlive/2025/texmf-dist/tex/latex/pgf/basiclayer/pgf.sty
(c:/texlive/2025/texmf-dist/tex/latex/pgf/utilities/pgfrcs.sty
(c:/texlive/2025/texmf-dist/tex/generic/pgf/utilities/pgfutil-common.tex
\pgfutil@everybye=\toks32
\pgfutil@tempdima=\dimen276
\pgfutil@tempdimb=\dimen277
)
(c:/texlive/2025/texmf-dist/tex/generic/pgf/utilities/pgfutil-latex.def
\pgfutil@abb=\box73
)
(c:/texlive/2025/texmf-dist/tex/generic/pgf/utilities/pgfrcs.code.tex
(c:/texlive/2025/texmf-dist/tex/generic/pgf/pgf.revision.tex)
Package: pgfrcs 2023-01-15 v3.1.10 (3.1.10)
))
Package: pgf 2023-01-15 v3.1.10 (3.1.10)

(c:/texlive/2025/texmf-dist/tex/latex/pgf/basiclayer/pgfcore.sty
(c:/texlive/2025/texmf-dist/tex/latex/pgf/systemlayer/pgfsys.sty
(c:/texlive/2025/texmf-dist/tex/generic/pgf/systemlayer/pgfsys.code.tex
Package: pgfsys 2023-01-15 v3.1.10 (3.1.10)

(c:/texlive/2025/texmf-dist/tex/generic/pgf/utilities/pgfkeys.code.tex
\pgfkeys@pathtoks=\toks33
\pgfkeys@temptoks=\toks34

(c:/texlive/2025/texmf-dist/tex/generic/pgf/utilities/pgfkeyslibraryfiltered.co
de.tex
\pgfkeys@tmptoks=\toks35
))
\pgf@x=\dimen278
\pgf@y=\dimen279
\pgf@xa=\dimen280
\pgf@ya=\dimen281
\pgf@xb=\dimen282
\pgf@yb=\dimen283
\pgf@xc=\dimen284
\pgf@yc=\dimen285
\pgf@xd=\dimen286
\pgf@yd=\dimen287
\w@pgf@writea=\write3
\r@pgf@reada=\read2
\c@pgf@counta=\count340
\c@pgf@countb=\count341
\c@pgf@countc=\count342
\c@pgf@countd=\count343
\t@pgf@toka=\toks36
\t@pgf@tokb=\toks37
\t@pgf@tokc=\toks38
\pgf@sys@id@count=\count344
 (c:/texlive/2025/texmf-dist/tex/generic/pgf/systemlayer/pgf.cfg
File: pgf.cfg 2023-01-15 v3.1.10 (3.1.10)
)
Driver file for pgf: pgfsys-xetex.def

(c:/texlive/2025/texmf-dist/tex/generic/pgf/systemlayer/pgfsys-xetex.def
File: pgfsys-xetex.def 2023-01-15 v3.1.10 (3.1.10)

(c:/texlive/2025/texmf-dist/tex/generic/pgf/systemlayer/pgfsys-dvipdfmx.def
File: pgfsys-dvipdfmx.def 2023-01-15 v3.1.10 (3.1.10)

(c:/texlive/2025/texmf-dist/tex/generic/pgf/systemlayer/pgfsys-common-pdf.def
File: pgfsys-common-pdf.def 2023-01-15 v3.1.10 (3.1.10)
)
\pgfsys@objnum=\count345
)))
(c:/texlive/2025/texmf-dist/tex/generic/pgf/systemlayer/pgfsyssoftpath.code.tex
File: pgfsyssoftpath.code.tex 2023-01-15 v3.1.10 (3.1.10)
\pgfsyssoftpath@smallbuffer@items=\count346
\pgfsyssoftpath@bigbuffer@items=\count347
)
(c:/texlive/2025/texmf-dist/tex/generic/pgf/systemlayer/pgfsysprotocol.code.tex
File: pgfsysprotocol.code.tex 2023-01-15 v3.1.10 (3.1.10)
)) (c:/texlive/2025/texmf-dist/tex/generic/pgf/basiclayer/pgfcore.code.tex
Package: pgfcore 2023-01-15 v3.1.10 (3.1.10)

(c:/texlive/2025/texmf-dist/tex/generic/pgf/math/pgfmath.code.tex
(c:/texlive/2025/texmf-dist/tex/generic/pgf/math/pgfmathutil.code.tex)
(c:/texlive/2025/texmf-dist/tex/generic/pgf/math/pgfmathparser.code.tex
\pgfmath@dimen=\dimen288
\pgfmath@count=\count348
\pgfmath@box=\box74
\pgfmath@toks=\toks39
\pgfmath@stack@operand=\toks40
\pgfmath@stack@operation=\toks41
)
(c:/texlive/2025/texmf-dist/tex/generic/pgf/math/pgfmathfunctions.code.tex)
(c:/texlive/2025/texmf-dist/tex/generic/pgf/math/pgfmathfunctions.basic.code.te
x)
(c:/texlive/2025/texmf-dist/tex/generic/pgf/math/pgfmathfunctions.trigonometric
.code.tex)
(c:/texlive/2025/texmf-dist/tex/generic/pgf/math/pgfmathfunctions.random.code.t
ex)
(c:/texlive/2025/texmf-dist/tex/generic/pgf/math/pgfmathfunctions.comparison.co
de.tex)
(c:/texlive/2025/texmf-dist/tex/generic/pgf/math/pgfmathfunctions.base.code.tex
)
(c:/texlive/2025/texmf-dist/tex/generic/pgf/math/pgfmathfunctions.round.code.te
x)
(c:/texlive/2025/texmf-dist/tex/generic/pgf/math/pgfmathfunctions.misc.code.tex
)
(c:/texlive/2025/texmf-dist/tex/generic/pgf/math/pgfmathfunctions.integerarithm
etics.code.tex)
(c:/texlive/2025/texmf-dist/tex/generic/pgf/math/pgfmathcalc.code.tex)
(c:/texlive/2025/texmf-dist/tex/generic/pgf/math/pgfmathfloat.code.tex
\c@pgfmathroundto@lastzeros=\count349
))
(c:/texlive/2025/texmf-dist/tex/generic/pgf/math/pgfint.code.tex)
(c:/texlive/2025/texmf-dist/tex/generic/pgf/basiclayer/pgfcorepoints.code.tex
File: pgfcorepoints.code.tex 2023-01-15 v3.1.10 (3.1.10)
\pgf@picminx=\dimen289
\pgf@picmaxx=\dimen290
\pgf@picminy=\dimen291
\pgf@picmaxy=\dimen292
\pgf@pathminx=\dimen293
\pgf@pathmaxx=\dimen294
\pgf@pathminy=\dimen295
\pgf@pathmaxy=\dimen296
\pgf@xx=\dimen297
\pgf@xy=\dimen298
\pgf@yx=\dimen299
\pgf@yy=\dimen300
\pgf@zx=\dimen301
\pgf@zy=\dimen302
)
(c:/texlive/2025/texmf-dist/tex/generic/pgf/basiclayer/pgfcorepathconstruct.cod
e.tex
File: pgfcorepathconstruct.code.tex 2023-01-15 v3.1.10 (3.1.10)
\pgf@path@lastx=\dimen303
\pgf@path@lasty=\dimen304
)
(c:/texlive/2025/texmf-dist/tex/generic/pgf/basiclayer/pgfcorepathusage.code.te
x
File: pgfcorepathusage.code.tex 2023-01-15 v3.1.10 (3.1.10)
\pgf@shorten@end@additional=\dimen305
\pgf@shorten@start@additional=\dimen306
)
(c:/texlive/2025/texmf-dist/tex/generic/pgf/basiclayer/pgfcorescopes.code.tex
File: pgfcorescopes.code.tex 2023-01-15 v3.1.10 (3.1.10)
\pgfpic=\box75
\pgf@hbox=\box76
\pgf@layerbox@main=\box77
\pgf@picture@serial@count=\count350
)
(c:/texlive/2025/texmf-dist/tex/generic/pgf/basiclayer/pgfcoregraphicstate.code
.tex
File: pgfcoregraphicstate.code.tex 2023-01-15 v3.1.10 (3.1.10)
\pgflinewidth=\dimen307
)
(c:/texlive/2025/texmf-dist/tex/generic/pgf/basiclayer/pgfcoretransformations.c
ode.tex
File: pgfcoretransformations.code.tex 2023-01-15 v3.1.10 (3.1.10)
\pgf@pt@x=\dimen308
\pgf@pt@y=\dimen309
\pgf@pt@temp=\dimen310
)
(c:/texlive/2025/texmf-dist/tex/generic/pgf/basiclayer/pgfcorequick.code.tex
File: pgfcorequick.code.tex 2023-01-15 v3.1.10 (3.1.10)
)
(c:/texlive/2025/texmf-dist/tex/generic/pgf/basiclayer/pgfcoreobjects.code.tex
File: pgfcoreobjects.code.tex 2023-01-15 v3.1.10 (3.1.10)
)
(c:/texlive/2025/texmf-dist/tex/generic/pgf/basiclayer/pgfcorepathprocessing.co
de.tex
File: pgfcorepathprocessing.code.tex 2023-01-15 v3.1.10 (3.1.10)
)
(c:/texlive/2025/texmf-dist/tex/generic/pgf/basiclayer/pgfcorearrows.code.tex
File: pgfcorearrows.code.tex 2023-01-15 v3.1.10 (3.1.10)
\pgfarrowsep=\dimen311
)
(c:/texlive/2025/texmf-dist/tex/generic/pgf/basiclayer/pgfcoreshade.code.tex
File: pgfcoreshade.code.tex 2023-01-15 v3.1.10 (3.1.10)
\pgf@max=\dimen312
\pgf@sys@shading@range@num=\count351
\pgf@shadingcount=\count352
)
(c:/texlive/2025/texmf-dist/tex/generic/pgf/basiclayer/pgfcoreimage.code.tex
File: pgfcoreimage.code.tex 2023-01-15 v3.1.10 (3.1.10)
)
(c:/texlive/2025/texmf-dist/tex/generic/pgf/basiclayer/pgfcoreexternal.code.tex
File: pgfcoreexternal.code.tex 2023-01-15 v3.1.10 (3.1.10)
\pgfexternal@startupbox=\box78
) (c:/texlive/2025/texmf-dist/tex/generic/pgf/basiclayer/pgfcorelayers.code.tex
File: pgfcorelayers.code.tex 2023-01-15 v3.1.10 (3.1.10)
)
(c:/texlive/2025/texmf-dist/tex/generic/pgf/basiclayer/pgfcoretransparency.code
.tex
File: pgfcoretransparency.code.tex 2023-01-15 v3.1.10 (3.1.10)
)
(c:/texlive/2025/texmf-dist/tex/generic/pgf/basiclayer/pgfcorepatterns.code.tex
File: pgfcorepatterns.code.tex 2023-01-15 v3.1.10 (3.1.10)
) (c:/texlive/2025/texmf-dist/tex/generic/pgf/basiclayer/pgfcorerdf.code.tex
File: pgfcorerdf.code.tex 2023-01-15 v3.1.10 (3.1.10)
))) (c:/texlive/2025/texmf-dist/tex/generic/pgf/modules/pgfmoduleshapes.code.te
x
File: pgfmoduleshapes.code.tex 2023-01-15 v3.1.10 (3.1.10)
\pgfnodeparttextbox=\box79
)
(c:/texlive/2025/texmf-dist/tex/generic/pgf/modules/pgfmoduleplot.code.tex
File: pgfmoduleplot.code.tex 2023-01-15 v3.1.10 (3.1.10)
)
(c:/texlive/2025/texmf-dist/tex/latex/pgf/compatibility/pgfcomp-version-0-65.st
y
Package: pgfcomp-version-0-65 2023-01-15 v3.1.10 (3.1.10)
\pgf@nodesepstart=\dimen313
\pgf@nodesepend=\dimen314
)
(c:/texlive/2025/texmf-dist/tex/latex/pgf/compatibility/pgfcomp-version-1-18.st
y
Package: pgfcomp-version-1-18 2023-01-15 v3.1.10 (3.1.10)
)) (c:/texlive/2025/texmf-dist/tex/latex/pgf/utilities/pgffor.sty
(c:/texlive/2025/texmf-dist/tex/latex/pgf/utilities/pgfkeys.sty
(c:/texlive/2025/texmf-dist/tex/generic/pgf/utilities/pgfkeys.code.tex))
(c:/texlive/2025/texmf-dist/tex/latex/pgf/math/pgfmath.sty
(c:/texlive/2025/texmf-dist/tex/generic/pgf/math/pgfmath.code.tex))
(c:/texlive/2025/texmf-dist/tex/generic/pgf/utilities/pgffor.code.tex
Package: pgffor 2023-01-15 v3.1.10 (3.1.10)
\pgffor@iter=\dimen315
\pgffor@skip=\dimen316
\pgffor@stack=\toks42
\pgffor@toks=\toks43
))
(c:/texlive/2025/texmf-dist/tex/generic/pgf/frontendlayer/tikz/tikz.code.tex
Package: tikz 2023-01-15 v3.1.10 (3.1.10)

(c:/texlive/2025/texmf-dist/tex/generic/pgf/libraries/pgflibraryplothandlers.co
de.tex
File: pgflibraryplothandlers.code.tex 2023-01-15 v3.1.10 (3.1.10)
\pgf@plot@mark@count=\count353
\pgfplotmarksize=\dimen317
)
\tikz@lastx=\dimen318
\tikz@lasty=\dimen319
\tikz@lastxsaved=\dimen320
\tikz@lastysaved=\dimen321
\tikz@lastmovetox=\dimen322
\tikz@lastmovetoy=\dimen323
\tikzleveldistance=\dimen324
\tikzsiblingdistance=\dimen325
\tikz@figbox=\box80
\tikz@figbox@bg=\box81
\tikz@tempbox=\box82
\tikz@tempbox@bg=\box83
\tikztreelevel=\count354
\tikznumberofchildren=\count355
\tikznumberofcurrentchild=\count356
\tikz@fig@count=\count357

(c:/texlive/2025/texmf-dist/tex/generic/pgf/modules/pgfmodulematrix.code.tex
File: pgfmodulematrix.code.tex 2023-01-15 v3.1.10 (3.1.10)
\pgfmatrixcurrentrow=\count358
\pgfmatrixcurrentcolumn=\count359
\pgf@matrix@numberofcolumns=\count360
)
\tikz@expandcount=\count361

(c:/texlive/2025/texmf-dist/tex/generic/pgf/frontendlayer/tikz/libraries/tikzli
brarytopaths.code.tex
File: tikzlibrarytopaths.code.tex 2023-01-15 v3.1.10 (3.1.10)
)))
(c:/texlive/2025/texmf-dist/tex/latex/tools/verbatim.sty
Package: verbatim 2024-01-22 v1.5x LaTeX2e package for verbatim enhancements
\every@verbatim=\toks44
\verbatim@line=\toks45
\verbatim@in@stream=\read3
)
(c:/texlive/2025/texmf-dist/tex/latex/environ/environ.sty
Package: environ 2014/05/04 v0.3 A new way to define environments

(c:/texlive/2025/texmf-dist/tex/latex/trimspaces/trimspaces.sty
Package: trimspaces 2009/09/17 v1.1 Trim spaces around a token list
))
\tcb@titlebox=\box84
\tcb@upperbox=\box85
\tcb@lowerbox=\box86
\tcb@phantombox=\box87
\c@tcbbreakpart=\count362
\c@tcblayer=\count363
\c@tcolorbox@number=\count364
\l__tcobox_tmpa_box=\box88
\l__tcobox_tmpa_dim=\dimen326
\tcb@temp=\box89
\tcb@temp=\box90
\tcb@temp=\box91
\tcb@temp=\box92
)
(c:/texlive/2025/texmf-dist/tex/latex/tcolorbox/tcbbreakable.code.tex
Library (tcolorbox): 'tcbbreakable.code.tex' version '6.4.1'
(c:/texlive/2025/texmf-dist/tex/latex/pdfcol/pdfcol.sty
Package: pdfcol 2022-09-21 v1.7 Handle new color stacks for pdfTeX (HO)

(c:/texlive/2025/texmf-dist/tex/generic/ltxcmds/ltxcmds.sty
Package: ltxcmds 2023-12-04 v1.26 LaTeX kernel commands for general use (HO)
)
(c:/texlive/2025/texmf-dist/tex/generic/infwarerr/infwarerr.sty
Package: infwarerr 2019/12/03 v1.5 Providing info/warning/error messages (HO)
)
Package pdfcol Info: Interface disabled because of missing PDF mode of pdfTeX.
)
Package pdfcol Info: pdfTeX's color stacks are not available.
\tcb@testbox=\box93
\tcb@totalupperbox=\box94
\tcb@totallowerbox=\box95
)
(c:/texlive/2025/texmf-dist/tex/latex/tcolorbox/tcbskins.code.tex
Library (tcolorbox): 'tcbskins.code.tex' version '6.4.1'
(c:/texlive/2025/texmf-dist/tex/latex/tikzfill/tikzfill.image.sty
Package: tikzfill.image 2023/08/08 v1.0.1 Image filling library for TikZ

(c:/texlive/2025/texmf-dist/tex/latex/tikzfill/tikzfill-common.sty
Package: tikzfill-common 2023/08/08 v1.0.1 Auxiliary code for tikzfill
)
(c:/texlive/2025/texmf-dist/tex/latex/tikzfill/tikzlibraryfill.image.code.tex
File: tikzlibraryfill.image.code.tex 2023/08/08 v1.0.1 Image filling library
\l__tikzfill_img_box=\box96
)) (c:/texlive/2025/texmf-dist/tex/latex/tcolorbox/tcbskinsjigsaw.code.tex
Library (tcolorbox): 'tcbskinsjigsaw.code.tex' version '6.4.1'
)) (c:/texlive/2025/texmf-dist/tex/latex/titlesec/titlesec.sty
Package: titlesec 2025/01/04 v2.17 Sectioning titles
\ttl@box=\box97
\beforetitleunit=\skip73
\aftertitleunit=\skip74
\ttl@plus=\dimen327
\ttl@minus=\dimen328
\ttl@toksa=\toks46
\titlewidth=\dimen329
\titlewidthlast=\dimen330
\titlewidthfirst=\dimen331
)
(c:/texlive/2025/texmf-dist/tex/latex/tocloft/tocloft.sty
Package: tocloft 2017/08/31 v2.3i parameterised ToC, etc., typesetting
Package tocloft Info: The document has chapter divisions on input line 51.
\cftparskip=\skip75
\cftbeforetoctitleskip=\skip76
\cftaftertoctitleskip=\skip77
\cftbeforepartskip=\skip78
\cftpartnumwidth=\skip79
\cftpartindent=\skip80
\cftbeforechapskip=\skip81
\cftchapindent=\skip82
\cftchapnumwidth=\skip83
\cftbeforesecskip=\skip84
\cftsecindent=\skip85
\cftsecnumwidth=\skip86
\cftbeforesubsecskip=\skip87
\cftsubsecindent=\skip88
\cftsubsecnumwidth=\skip89
\cftbeforesubsubsecskip=\skip90
\cftsubsubsecindent=\skip91
\cftsubsubsecnumwidth=\skip92
\cftbeforeparaskip=\skip93
\cftparaindent=\skip94
\cftparanumwidth=\skip95
\cftbeforesubparaskip=\skip96
\cftsubparaindent=\skip97
\cftsubparanumwidth=\skip98
\cftbeforeloftitleskip=\skip99
\cftafterloftitleskip=\skip100
\cftbeforefigskip=\skip101
\cftfigindent=\skip102
\cftfignumwidth=\skip103
\c@lofdepth=\count365
\c@lotdepth=\count366
\cftbeforelottitleskip=\skip104
\cftafterlottitleskip=\skip105
\cftbeforetabskip=\skip106
\cfttabindent=\skip107
\cfttabnumwidth=\skip108
)
(c:/texlive/2025/texmf-dist/tex/latex/enumitem/enumitem.sty
Package: enumitem 2025/02/06 v3.11 Customized lists
\labelindent=\skip109
\enit@outerparindent=\dimen332
\enit@toks=\toks47
\enit@inbox=\box98
\enit@count@id=\count367
\enitdp@description=\count368
)
(c:/texlive/2025/texmf-dist/tex/latex/caption/caption.sty
Package: caption 2023/08/05 v3.6o Customizing captions (AR)

(c:/texlive/2025/texmf-dist/tex/latex/caption/caption3.sty
Package: caption3 2023/07/31 v2.4d caption3 kernel (AR)
\caption@tempdima=\dimen333
\captionmargin=\dimen334
\caption@leftmargin=\dimen335
\caption@rightmargin=\dimen336
\caption@width=\dimen337
\caption@indent=\dimen338
\caption@parindent=\dimen339
\caption@hangindent=\dimen340
Package caption Info: Standard document class detected.
)
\c@caption@flags=\count369
\c@continuedfloat=\count370
Package caption Info: float package is loaded.
Package caption Info: listings package is loaded.
Package caption Info: longtable package is loaded.

(c:/texlive/2025/texmf-dist/tex/latex/caption/ltcaption.sty
Package: ltcaption 2021/01/08 v1.4c longtable captions (AR)
))
(c:/texlive/2025/texmf-dist/tex/latex/fancyhdr/fancyhdr.sty
Package: fancyhdr 2025/02/07 v5.2 Extensive control of page headers and footers

\f@nch@headwidth=\skip110
\f@nch@offset@elh=\skip111
\f@nch@offset@erh=\skip112
\f@nch@offset@olh=\skip113
\f@nch@offset@orh=\skip114
\f@nch@offset@elf=\skip115
\f@nch@offset@erf=\skip116
\f@nch@offset@olf=\skip117
\f@nch@offset@orf=\skip118
\f@nch@height=\skip119
\f@nch@footalignment=\skip120
\f@nch@widthL=\skip121
\f@nch@widthC=\skip122
\f@nch@widthR=\skip123
\@temptokenb=\toks48
)
(c:/texlive/2025/texmf-dist/tex/latex/xurl/xurl.sty
Package: xurl 2022/01/09 v 0.10 modify URL breaks

(c:/texlive/2025/texmf-dist/tex/latex/url/url.sty
\Urlmuskip=\muskip18
Package: url 2013/09/16  ver 3.4  Verb mode for urls, etc.
))
(c:/texlive/2025/texmf-dist/tex/latex/hyperref/hyperref.sty
Package: hyperref 2024-11-05 v7.01l Hypertext links for LaTeX

(c:/texlive/2025/texmf-dist/tex/latex/kvsetkeys/kvsetkeys.sty
Package: kvsetkeys 2022-10-05 v1.19 Key value parser (HO)
)
(c:/texlive/2025/texmf-dist/tex/generic/kvdefinekeys/kvdefinekeys.sty
Package: kvdefinekeys 2019-12-19 v1.6 Define keys (HO)
)
(c:/texlive/2025/texmf-dist/tex/generic/pdfescape/pdfescape.sty
Package: pdfescape 2019/12/09 v1.15 Implements pdfTeX's escape features (HO)

(c:/texlive/2025/texmf-dist/tex/generic/pdftexcmds/pdftexcmds.sty
Package: pdftexcmds 2020-06-27 v0.33 Utility functions of pdfTeX for LuaTeX (HO
)
Package pdftexcmds Info: \pdf@primitive is available.
Package pdftexcmds Info: \pdf@ifprimitive is available.
Package pdftexcmds Info: \pdfdraftmode not found.
))
(c:/texlive/2025/texmf-dist/tex/latex/hycolor/hycolor.sty
Package: hycolor 2020-01-27 v1.10 Color options for hyperref/bookmark (HO)
)
(c:/texlive/2025/texmf-dist/tex/latex/hyperref/nameref.sty
Package: nameref 2023-11-26 v2.56 Cross-referencing by name of section

(c:/texlive/2025/texmf-dist/tex/latex/refcount/refcount.sty
Package: refcount 2019/12/15 v3.6 Data extraction from label references (HO)
)
(c:/texlive/2025/texmf-dist/tex/generic/gettitlestring/gettitlestring.sty
Package: gettitlestring 2019/12/15 v1.6 Cleanup title references (HO)

(c:/texlive/2025/texmf-dist/tex/latex/kvoptions/kvoptions.sty
Package: kvoptions 2022-06-15 v3.15 Key value format for package options (HO)
))
\c@section@level=\count371
)
(c:/texlive/2025/texmf-dist/tex/generic/stringenc/stringenc.sty
Package: stringenc 2019/11/29 v1.12 Convert strings between diff. encodings (HO
)
)
\@linkdim=\dimen341
\Hy@linkcounter=\count372
\Hy@pagecounter=\count373

(c:/texlive/2025/texmf-dist/tex/latex/hyperref/pd1enc.def
File: pd1enc.def 2024-11-05 v7.01l Hyperref: PDFDocEncoding definition (HO)
)
(c:/texlive/2025/texmf-dist/tex/generic/intcalc/intcalc.sty
Package: intcalc 2019/12/15 v1.3 Expandable calculations with integers (HO)
)
\Hy@SavedSpaceFactor=\count374

(c:/texlive/2025/texmf-dist/tex/latex/hyperref/puenc.def
File: puenc.def 2024-11-05 v7.01l Hyperref: PDF Unicode definition (HO)
)
Package hyperref Info: Option `unicode' set `true' on input line 4040.
Package hyperref Info: Hyper figures OFF on input line 4157.
Package hyperref Info: Link nesting OFF on input line 4162.
Package hyperref Info: Hyper index ON on input line 4165.
Package hyperref Info: Plain pages OFF on input line 4172.
Package hyperref Info: Backreferencing OFF on input line 4177.
Package hyperref Info: Implicit mode ON; LaTeX internals redefined.
Package hyperref Info: Bookmarks ON on input line 4424.
\c@Hy@tempcnt=\count375
LaTeX Info: Redefining \url on input line 4763.
\XeTeXLinkMargin=\dimen342

(c:/texlive/2025/texmf-dist/tex/generic/bitset/bitset.sty
Package: bitset 2019/12/09 v1.3 Handle bit-vector datatype (HO)

(c:/texlive/2025/texmf-dist/tex/generic/bigintcalc/bigintcalc.sty
Package: bigintcalc 2019/12/15 v1.5 Expandable calculations on big integers (HO
)
))
\Fld@menulength=\count376
\Field@Width=\dimen343
\Fld@charsize=\dimen344
Package hyperref Info: Hyper figures OFF on input line 6042.
Package hyperref Info: Link nesting OFF on input line 6047.
Package hyperref Info: Hyper index ON on input line 6050.
Package hyperref Info: backreferencing OFF on input line 6057.
Package hyperref Info: Link coloring OFF on input line 6062.
Package hyperref Info: Link coloring with OCG OFF on input line 6067.
Package hyperref Info: PDF/A mode OFF on input line 6072.

(c:/texlive/2025/texmf-dist/tex/latex/base/atbegshi-ltx.sty
Package: atbegshi-ltx 2021/01/10 v1.0c Emulation of the original atbegshi
package with kernel methods
)
\Hy@abspage=\count377
\c@Item=\count378
\c@Hfootnote=\count379
)
Package hyperref Info: Driver (autodetected): hxetex.

(c:/texlive/2025/texmf-dist/tex/latex/hyperref/hxetex.def
File: hxetex.def 2024-11-05 v7.01l Hyperref driver for XeTeX
\pdfm@box=\box99
\c@Hy@AnnotLevel=\count380
\HyField@AnnotCount=\count381
\Fld@listcount=\count382
\c@bookmark@seq@number=\count383

(c:/texlive/2025/texmf-dist/tex/latex/rerunfilecheck/rerunfilecheck.sty
Package: rerunfilecheck 2022-07-10 v1.10 Rerun checks for auxiliary files (HO)

(c:/texlive/2025/texmf-dist/tex/latex/base/atveryend-ltx.sty
Package: atveryend-ltx 2020/08/19 v1.0a Emulation of the original atveryend pac
kage
with kernel methods
)
(c:/texlive/2025/texmf-dist/tex/generic/uniquecounter/uniquecounter.sty
Package: uniquecounter 2019/12/15 v1.4 Provide unlimited unique counter (HO)
)
Package uniquecounter Info: New unique counter `rerunfilecheck' on input line 2
85.
)
\Hy@SectionHShift=\skip124
)
Package hyperref Info: Option `colorlinks' set `true' on input line 122.

(./main.aux

LaTeX Warning: Label `ux57faux7840ux9898' multiply defined.


LaTeX Warning: Label `ux63d0ux9ad8ux9898' multiply defined.


LaTeX Warning: Label `ux8ba8ux8bbaux9898' multiply defined.


LaTeX Warning: Label `ux6280ux672fux67b6ux6784ux8bbeux8ba1' multiply defined.

)
\openout1 = `main.aux'.

LaTeX Font Info:    Checking defaults for OML/cmm/m/it on input line 134.
LaTeX Font Info:    ... okay on input line 134.
LaTeX Font Info:    Checking defaults for OMS/cmsy/m/n on input line 134.
LaTeX Font Info:    ... okay on input line 134.
LaTeX Font Info:    Checking defaults for OT1/cmr/m/n on input line 134.
LaTeX Font Info:    ... okay on input line 134.
LaTeX Font Info:    Checking defaults for T1/cmr/m/n on input line 134.
LaTeX Font Info:    ... okay on input line 134.
LaTeX Font Info:    Checking defaults for TS1/cmr/m/n on input line 134.
LaTeX Font Info:    ... okay on input line 134.
LaTeX Font Info:    Checking defaults for TU/lmr/m/n on input line 134.
LaTeX Font Info:    ... okay on input line 134.
LaTeX Font Info:    Checking defaults for OMX/cmex/m/n on input line 134.
LaTeX Font Info:    ... okay on input line 134.
LaTeX Font Info:    Checking defaults for U/cmr/m/n on input line 134.
LaTeX Font Info:    ... okay on input line 134.
LaTeX Font Info:    Checking defaults for PD1/pdf/m/n on input line 134.
LaTeX Font Info:    ... okay on input line 134.
LaTeX Font Info:    Checking defaults for PU/pdf/m/n on input line 134.
LaTeX Font Info:    ... okay on input line 134.

Package fontspec Info: 
(fontspec)             Adjusting the maths setup (use [no-math] to avoid
(fontspec)             this).

\symlegacymaths=\mathgroup6
LaTeX Font Info:    Overwriting symbol font `legacymaths' in version `bold'
(Font)                  OT1/cmr/m/n --> OT1/cmr/bx/n on input line 134.
LaTeX Font Info:    Redeclaring math accent \acute on input line 134.
LaTeX Font Info:    Redeclaring math accent \grave on input line 134.
LaTeX Font Info:    Redeclaring math accent \ddot on input line 134.
LaTeX Font Info:    Redeclaring math accent \tilde on input line 134.
LaTeX Font Info:    Redeclaring math accent \bar on input line 134.
LaTeX Font Info:    Redeclaring math accent \breve on input line 134.
LaTeX Font Info:    Redeclaring math accent \check on input line 134.
LaTeX Font Info:    Redeclaring math accent \hat on input line 134.
LaTeX Font Info:    Redeclaring math accent \dot on input line 134.
LaTeX Font Info:    Redeclaring math accent \mathring on input line 134.
LaTeX Font Info:    Redeclaring math symbol \Gamma on input line 134.
LaTeX Font Info:    Redeclaring math symbol \Delta on input line 134.
LaTeX Font Info:    Redeclaring math symbol \Theta on input line 134.
LaTeX Font Info:    Redeclaring math symbol \Lambda on input line 134.
LaTeX Font Info:    Redeclaring math symbol \Xi on input line 134.
LaTeX Font Info:    Redeclaring math symbol \Pi on input line 134.
LaTeX Font Info:    Redeclaring math symbol \Sigma on input line 134.
LaTeX Font Info:    Redeclaring math symbol \Upsilon on input line 134.
LaTeX Font Info:    Redeclaring math symbol \Phi on input line 134.
LaTeX Font Info:    Redeclaring math symbol \Psi on input line 134.
LaTeX Font Info:    Redeclaring math symbol \Omega on input line 134.
LaTeX Font Info:    Redeclaring math symbol \mathdollar on input line 134.
LaTeX Font Info:    Redeclaring symbol font `operators' on input line 134.
LaTeX Font Info:    Encoding `OT1' has changed to `TU' for symbol font
(Font)              `operators' in the math version `normal' on input line 134.

LaTeX Font Info:    Overwriting symbol font `operators' in version `normal'
(Font)                  OT1/cmr/m/n --> TU/TeXGyrePagella(0)/m/n on input line 
134.
LaTeX Font Info:    Encoding `OT1' has changed to `TU' for symbol font
(Font)              `operators' in the math version `bold' on input line 134.
LaTeX Font Info:    Overwriting symbol font `operators' in version `bold'
(Font)                  OT1/cmr/bx/n --> TU/TeXGyrePagella(0)/m/n on input line
 134.
LaTeX Font Info:    Overwriting symbol font `operators' in version `normal'
(Font)                  TU/TeXGyrePagella(0)/m/n --> TU/TeXGyrePagella(0)/m/n o
n input line 134.
LaTeX Font Info:    Overwriting math alphabet `\mathit' in version `normal'
(Font)                  OT1/cmr/m/it --> TU/TeXGyrePagella(0)/m/it on input lin
e 134.
LaTeX Font Info:    Overwriting math alphabet `\mathbf' in version `normal'
(Font)                  OT1/cmr/bx/n --> TU/TeXGyrePagella(0)/b/n on input line
 134.
LaTeX Font Info:    Overwriting math alphabet `\mathsf' in version `normal'
(Font)                  OT1/cmss/m/n --> TU/TeXGyreHeros(0)/m/n on input line 1
34.
LaTeX Font Info:    Overwriting math alphabet `\mathtt' in version `normal'
(Font)                  OT1/cmtt/m/n --> TU/TeXGyreCursor(0)/m/n on input line 
134.
LaTeX Font Info:    Overwriting symbol font `operators' in version `bold'
(Font)                  TU/TeXGyrePagella(0)/m/n --> TU/TeXGyrePagella(0)/b/n o
n input line 134.
LaTeX Font Info:    Overwriting math alphabet `\mathit' in version `bold'
(Font)                  OT1/cmr/bx/it --> TU/TeXGyrePagella(0)/b/it on input li
ne 134.
LaTeX Font Info:    Overwriting math alphabet `\mathsf' in version `bold'
(Font)                  OT1/cmss/bx/n --> TU/TeXGyreHeros(0)/b/n on input line 
134.
LaTeX Font Info:    Overwriting math alphabet `\mathtt' in version `bold'
(Font)                  OT1/cmtt/m/n --> TU/TeXGyreCursor(0)/b/n on input line 
134.

*geometry* driver: auto-detecting
*geometry* detected driver: xetex
*geometry* verbose mode - [ preamble ] result:
* driver: xetex
* paper: a4paper
* layout: <same size as paper>
* layoutoffset:(h,v)=(0.0pt,0.0pt)
* modes: twoside 
* h-part:(L,W,R)=(71.13188pt, 455.24411pt, 71.13188pt)
* v-part:(T,H,B)=(71.13188pt, 702.78308pt, 71.13188pt)
* \paperwidth=597.50787pt
* \paperheight=845.04684pt
* \textwidth=455.24411pt
* \textheight=702.78308pt
* \oddsidemargin=-1.1381pt
* \evensidemargin=-1.1381pt
* \topmargin=-33.0119pt
* \headheight=14.5pt
* \headsep=19.8738pt
* \topskip=12.0pt
* \footskip=30.0pt
* \marginparwidth=88.0pt
* \marginparsep=7.0pt
* \columnsep=10.0pt
* \skip\footins=10.8pt plus 4.0pt minus 2.0pt
* \hoffset=0.0pt
* \voffset=0.0pt
* \mag=1000
* \@twocolumnfalse
* \@twosidetrue
* \@mparswitchtrue
* \@reversemarginfalse
* (1in=72.27pt=25.4mm, 1cm=28.453pt)

LaTeX Info: Redefining \microtypecontext on input line 134.
Package microtype Info: Applying patch `item' on input line 134.
Package microtype Info: Applying patch `toc' on input line 134.
Package microtype Info: Applying patch `eqnum' on input line 134.
Package microtype Info: Applying patch `footnote' on input line 134.
Package microtype Info: Applying patch `verbatim' on input line 134.
LaTeX Info: Redefining \microtypesetup on input line 134.
Package microtype Info: Character protrusion enabled (level 2).
Package microtype Info: Using default protrusion set `alltext'.
Package microtype Info: No adjustment of tracking.
Package microtype Info: No adjustment of spacing.
Package microtype Info: No adjustment of kerning.
(c:/texlive/2025/texmf-dist/tex/latex/microtype/mt-Palatino.cfg
File: mt-Palatino.cfg 2012/03/10 v1.0 microtype config. file: Palatino and simi
lar fonts (LBD)
)
Package microtype Info: Character `Ǟ' is missing
(microtype)             in font `\TU/TeXGyrePagella(0)/m/n/12'.
(microtype)             Ignoring protrusion settings for this character.
Package microtype Info: Character `Ǡ' is missing
(microtype)             in font `\TU/TeXGyrePagella(0)/m/n/12'.
(microtype)             Ignoring protrusion settings for this character.
Package microtype Info: Character `Ȧ' is missing
(microtype)             in font `\TU/TeXGyrePagella(0)/m/n/12'.
(microtype)             Ignoring protrusion settings for this character.
Package microtype Info: Character `Ȃ' is missing
(microtype)             in font `\TU/TeXGyrePagella(0)/m/n/12'.
(microtype)             Ignoring protrusion settings for this character.
Package microtype Info: Character `Ḁ' is missing
(microtype)             in font `\TU/TeXGyrePagella(0)/m/n/12'.
(microtype)             Ignoring protrusion settings for this character.
Package microtype Info: Character `Ꜳ' is missing
(microtype)             in font `\TU/TeXGyrePagella(0)/m/n/12'.
(microtype)             Ignoring protrusion settings for this character.
Package microtype Info: Character `Ḃ' is missing
(microtype)             in font `\TU/TeXGyrePagella(0)/m/n/12'.
(microtype)             Ignoring protrusion settings for this character.
Package microtype Info: Character `Ḅ' is missing
(microtype)             in font `\TU/TeXGyrePagella(0)/m/n/12'.
(microtype)             Ignoring protrusion settings for this character.
Package microtype Info: Character `Ḇ' is missing
(microtype)             in font `\TU/TeXGyrePagella(0)/m/n/12'.
(microtype)             Ignoring protrusion settings for this character.
Package microtype Info: Character `Ḉ' is missing
(microtype)             in font `\TU/TeXGyrePagella(0)/m/n/12'.
(microtype)             Ignoring protrusion settings for this character.
Package microtype Info: Character `Ḋ' is missing
(microtype)             in font `\TU/TeXGyrePagella(0)/m/n/12'.
(microtype)             Ignoring protrusion settings for this character.
Package microtype Info: Character `Ḑ' is missing
(microtype)             in font `\TU/TeXGyrePagella(0)/m/n/12'.
(microtype)             Ignoring protrusion settings for this character.
Package microtype Info: Character `Ḓ' is missing
(microtype)             in font `\TU/TeXGyrePagella(0)/m/n/12'.
(microtype)             Ignoring protrusion settings for this character.
Package microtype Info: Character `Ȩ' is missing
(microtype)             in font `\TU/TeXGyrePagella(0)/m/n/12'.
(microtype)             Ignoring protrusion settings for this character.
Package microtype Info: Character `Ȇ' is missing
(microtype)             in font `\TU/TeXGyrePagella(0)/m/n/12'.
(microtype)             Ignoring protrusion settings for this character.
Package microtype Info: Character `Ḕ' is missing
(microtype)             in font `\TU/TeXGyrePagella(0)/m/n/12'.
(microtype)             Ignoring protrusion settings for this character.
Package microtype Info: Character `Ḗ' is missing
(microtype)             in font `\TU/TeXGyrePagella(0)/m/n/12'.
(microtype)             Ignoring protrusion settings for this character.
Package microtype Info: Character `Ḙ' is missing
(microtype)             in font `\TU/TeXGyrePagella(0)/m/n/12'.
(microtype)             Ignoring protrusion settings for this character.
Package microtype Info: Character `Ḛ' is missing
(microtype)             in font `\TU/TeXGyrePagella(0)/m/n/12'.
(microtype)             Ignoring protrusion settings for this character.
Package microtype Info: Character `Ḝ' is missing
(microtype)             in font `\TU/TeXGyrePagella(0)/m/n/12'.
(microtype)             Ignoring protrusion settings for this character.
Package microtype Info: Character `Ḟ' is missing
(microtype)             in font `\TU/TeXGyrePagella(0)/m/n/12'.
(microtype)             Ignoring protrusion settings for this character.
Package microtype Info: Character `Ḡ' is missing
(microtype)             in font `\TU/TeXGyrePagella(0)/m/n/12'.
(microtype)             Ignoring protrusion settings for this character.
Package microtype Info: Character `Ȟ' is missing
(microtype)             in font `\TU/TeXGyrePagella(0)/m/n/12'.
(microtype)             Ignoring protrusion settings for this character.
Package microtype Info: Character `Ḣ' is missing
(microtype)             in font `\TU/TeXGyrePagella(0)/m/n/12'.
(microtype)             Ignoring protrusion settings for this character.
Package microtype Info: Character `Ḩ' is missing
(microtype)             in font `\TU/TeXGyrePagella(0)/m/n/12'.
(microtype)             Ignoring protrusion settings for this character.
Package microtype Info: Character `Ȋ' is missing
(microtype)             in font `\TU/TeXGyrePagella(0)/m/n/12'.
(microtype)             Ignoring protrusion settings for this character.
Package microtype Info: Character `Ḭ' is missing
(microtype)             in font `\TU/TeXGyrePagella(0)/m/n/12'.
(microtype)             Ignoring protrusion settings for this character.
Package microtype Info: Character `Ǩ' is missing
(microtype)             in font `\TU/TeXGyrePagella(0)/m/n/12'.
(microtype)             Ignoring protrusion settings for this character.
Package microtype Info: Character `Ḱ' is missing
(microtype)             in font `\TU/TeXGyrePagella(0)/m/n/12'.
(microtype)             Ignoring protrusion settings for this character.
Package microtype Info: Character `Ḳ' is missing
(microtype)             in font `\TU/TeXGyrePagella(0)/m/n/12'.
(microtype)             Ignoring protrusion settings for this character.
Package microtype Info: Character `Ḵ' is missing
(microtype)             in font `\TU/TeXGyrePagella(0)/m/n/12'.
(microtype)             Ignoring protrusion settings for this character.
Package microtype Info: Character `Ḻ' is missing
(microtype)             in font `\TU/TeXGyrePagella(0)/m/n/12'.
(microtype)             Ignoring protrusion settings for this character.
Package microtype Info: Character `Ḽ' is missing
(microtype)             in font `\TU/TeXGyrePagella(0)/m/n/12'.
(microtype)             Ignoring protrusion settings for this character.
Package microtype Info: Character `Ỻ' is missing
(microtype)             in font `\TU/TeXGyrePagella(0)/m/n/12'.
(microtype)             Ignoring protrusion settings for this character.
Package microtype Info: Character `Ḿ' is missing
(microtype)             in font `\TU/TeXGyrePagella(0)/m/n/12'.
(microtype)             Ignoring protrusion settings for this character.
Package microtype Info: Character `Ṁ' is missing
(microtype)             in font `\TU/TeXGyrePagella(0)/m/n/12'.
(microtype)             Ignoring protrusion settings for this character.
Package microtype Info: Character `Ǹ' is missing
(microtype)             in font `\TU/TeXGyrePagella(0)/m/n/12'.
(microtype)             Ignoring protrusion settings for this character.
Package microtype Info: Character `Ṉ' is missing
(microtype)             in font `\TU/TeXGyrePagella(0)/m/n/12'.
(microtype)             Ignoring protrusion settings for this character.
Package microtype Info: Character `Ṋ' is missing
(microtype)             in font `\TU/TeXGyrePagella(0)/m/n/12'.
(microtype)             Ignoring protrusion settings for this character.
Package microtype Info: Character `Ǭ' is missing
(microtype)             in font `\TU/TeXGyrePagella(0)/m/n/12'.
(microtype)             Ignoring protrusion settings for this character.
Package microtype Info: Character `Ȏ' is missing
(microtype)             in font `\TU/TeXGyrePagella(0)/m/n/12'.
(microtype)             Ignoring protrusion settings for this character.
Package microtype Info: Character `Ȫ' is missing
(microtype)             in font `\TU/TeXGyrePagella(0)/m/n/12'.
(microtype)             Ignoring protrusion settings for this character.
Package microtype Info: Character `Ȭ' is missing
(microtype)             in font `\TU/TeXGyrePagella(0)/m/n/12'.
(microtype)             Ignoring protrusion settings for this character.
Package microtype Info: Character `Ȯ' is missing
(microtype)             in font `\TU/TeXGyrePagella(0)/m/n/12'.
(microtype)             Ignoring protrusion settings for this character.
Package microtype Info: Character `Ȱ' is missing
(microtype)             in font `\TU/TeXGyrePagella(0)/m/n/12'.
(microtype)             Ignoring protrusion settings for this character.
Package microtype Info: Character `Ṍ' is missing
(microtype)             in font `\TU/TeXGyrePagella(0)/m/n/12'.
(microtype)             Ignoring protrusion settings for this character.
Package microtype Info: Character `Ṏ' is missing
(microtype)             in font `\TU/TeXGyrePagella(0)/m/n/12'.
(microtype)             Ignoring protrusion settings for this character.
Package microtype Info: Character `Ṑ' is missing
(microtype)             in font `\TU/TeXGyrePagella(0)/m/n/12'.
(microtype)             Ignoring protrusion settings for this character.
Package microtype Info: Character `Ṓ' is missing
(microtype)             in font `\TU/TeXGyrePagella(0)/m/n/12'.
(microtype)             Ignoring protrusion settings for this character.
Package microtype Info: Character `Ṕ' is missing
(microtype)             in font `\TU/TeXGyrePagella(0)/m/n/12'.
(microtype)             Ignoring protrusion settings for this character.
Package microtype Info: Character `Ṗ' is missing
(microtype)             in font `\TU/TeXGyrePagella(0)/m/n/12'.
(microtype)             Ignoring protrusion settings for this character.
Package microtype Info: Character `Ȓ' is missing
(microtype)             in font `\TU/TeXGyrePagella(0)/m/n/12'.
(microtype)             Ignoring protrusion settings for this character.
Package microtype Info: Character `Ṟ' is missing
(microtype)             in font `\TU/TeXGyrePagella(0)/m/n/12'.
(microtype)             Ignoring protrusion settings for this character.
Package microtype Info: Character `Ṡ' is missing
(microtype)             in font `\TU/TeXGyrePagella(0)/m/n/12'.
(microtype)             Ignoring protrusion settings for this character.
Package microtype Info: Character `Ṥ' is missing
(microtype)             in font `\TU/TeXGyrePagella(0)/m/n/12'.
(microtype)             Ignoring protrusion settings for this character.
Package microtype Info: Character `Ṧ' is missing
(microtype)             in font `\TU/TeXGyrePagella(0)/m/n/12'.
(microtype)             Ignoring protrusion settings for this character.
Package microtype Info: Character `Ṩ' is missing
(microtype)             in font `\TU/TeXGyrePagella(0)/m/n/12'.
(microtype)             Ignoring protrusion settings for this character.
Package microtype Info: Character `Ṫ' is missing
(microtype)             in font `\TU/TeXGyrePagella(0)/m/n/12'.
(microtype)             Ignoring protrusion settings for this character.
Package microtype Info: Character `Ṱ' is missing
(microtype)             in font `\TU/TeXGyrePagella(0)/m/n/12'.
(microtype)             Ignoring protrusion settings for this character.
Package microtype Info: Character `Ǖ' is missing
(microtype)             in font `\TU/TeXGyrePagella(0)/m/n/12'.
(microtype)             Ignoring protrusion settings for this character.
Package microtype Info: Character `Ȗ' is missing
(microtype)             in font `\TU/TeXGyrePagella(0)/m/n/12'.
(microtype)             Ignoring protrusion settings for this character.
Package microtype Info: Character `Ṳ' is missing
(microtype)             in font `\TU/TeXGyrePagella(0)/m/n/12'.
(microtype)             Ignoring protrusion settings for this character.
Package microtype Info: Character `Ṵ' is missing
(microtype)             in font `\TU/TeXGyrePagella(0)/m/n/12'.
(microtype)             Ignoring protrusion settings for this character.
Package microtype Info: Character `Ṷ' is missing
(microtype)             in font `\TU/TeXGyrePagella(0)/m/n/12'.
(microtype)             Ignoring protrusion settings for this character.
Package microtype Info: Character `Ṹ' is missing
(microtype)             in font `\TU/TeXGyrePagella(0)/m/n/12'.
(microtype)             Ignoring protrusion settings for this character.
Package microtype Info: Character `Ṻ' is missing
(microtype)             in font `\TU/TeXGyrePagella(0)/m/n/12'.
(microtype)             Ignoring protrusion settings for this character.
Package microtype Info: Character `Ṽ' is missing
(microtype)             in font `\TU/TeXGyrePagella(0)/m/n/12'.
(microtype)             Ignoring protrusion settings for this character.
Package microtype Info: Character `Ṿ' is missing
(microtype)             in font `\TU/TeXGyrePagella(0)/m/n/12'.
(microtype)             Ignoring protrusion settings for this character.
Package microtype Info: Character `Ẇ' is missing
(microtype)             in font `\TU/TeXGyrePagella(0)/m/n/12'.
(microtype)             Ignoring protrusion settings for this character.
Package microtype Info: Character `Ẉ' is missing
(microtype)             in font `\TU/TeXGyrePagella(0)/m/n/12'.
(microtype)             Ignoring protrusion settings for this character.
Package microtype Info: Character `Ẋ' is missing
(microtype)             in font `\TU/TeXGyrePagella(0)/m/n/12'.
(microtype)             Ignoring protrusion settings for this character.
Package microtype Info: Character `Ẍ' is missing
(microtype)             in font `\TU/TeXGyrePagella(0)/m/n/12'.
(microtype)             Ignoring protrusion settings for this character.
Package microtype Info: Character `Ȳ' is missing
(microtype)             in font `\TU/TeXGyrePagella(0)/m/n/12'.
(microtype)             Ignoring protrusion settings for this character.
Package microtype Info: Character `Ẏ' is missing
(microtype)             in font `\TU/TeXGyrePagella(0)/m/n/12'.
(microtype)             Ignoring protrusion settings for this character.
Package microtype Info: Character `Ẑ' is missing
(microtype)             in font `\TU/TeXGyrePagella(0)/m/n/12'.
(microtype)             Ignoring protrusion settings for this character.
Package microtype Info: Character `Ẕ' is missing
(microtype)             in font `\TU/TeXGyrePagella(0)/m/n/12'.
(microtype)             Ignoring protrusion settings for this character.
Package microtype Info: Character `ǟ' is missing
(microtype)             in font `\TU/TeXGyrePagella(0)/m/n/12'.
(microtype)             Ignoring protrusion settings for this character.
Package microtype Info: Character `ǡ' is missing
(microtype)             in font `\TU/TeXGyrePagella(0)/m/n/12'.
(microtype)             Ignoring protrusion settings for this character.
Package microtype Info: Character `ȧ' is missing
(microtype)             in font `\TU/TeXGyrePagella(0)/m/n/12'.
(microtype)             Ignoring protrusion settings for this character.
Package microtype Info: Character `ȃ' is missing
(microtype)             in font `\TU/TeXGyrePagella(0)/m/n/12'.
(microtype)             Ignoring protrusion settings for this character.
Package microtype Info: Character `ḁ' is missing
(microtype)             in font `\TU/TeXGyrePagella(0)/m/n/12'.
(microtype)             Ignoring protrusion settings for this character.
Package microtype Info: Character `ḃ' is missing
(microtype)             in font `\TU/TeXGyrePagella(0)/m/n/12'.
(microtype)             Ignoring protrusion settings for this character.
Package microtype Info: Character `ḅ' is missing
(microtype)             in font `\TU/TeXGyrePagella(0)/m/n/12'.
(microtype)             Ignoring protrusion settings for this character.
Package microtype Info: Character `ḇ' is missing
(microtype)             in font `\TU/TeXGyrePagella(0)/m/n/12'.
(microtype)             Ignoring protrusion settings for this character.
Package microtype Info: Character `ḉ' is missing
(microtype)             in font `\TU/TeXGyrePagella(0)/m/n/12'.
(microtype)             Ignoring protrusion settings for this character.
Package microtype Info: Character `ḋ' is missing
(microtype)             in font `\TU/TeXGyrePagella(0)/m/n/12'.
(microtype)             Ignoring protrusion settings for this character.
Package microtype Info: Character `ḑ' is missing
(microtype)             in font `\TU/TeXGyrePagella(0)/m/n/12'.
(microtype)             Ignoring protrusion settings for this character.
Package microtype Info: Character `ḓ' is missing
(microtype)             in font `\TU/TeXGyrePagella(0)/m/n/12'.
(microtype)             Ignoring protrusion settings for this character.
Package microtype Info: Character `ȩ' is missing
(microtype)             in font `\TU/TeXGyrePagella(0)/m/n/12'.
(microtype)             Ignoring protrusion settings for this character.
Package microtype Info: Character `ȇ' is missing
(microtype)             in font `\TU/TeXGyrePagella(0)/m/n/12'.
(microtype)             Ignoring protrusion settings for this character.
Package microtype Info: Character `ḕ' is missing
(microtype)             in font `\TU/TeXGyrePagella(0)/m/n/12'.
(microtype)             Ignoring protrusion settings for this character.
Package microtype Info: Character `ḗ' is missing
(microtype)             in font `\TU/TeXGyrePagella(0)/m/n/12'.
(microtype)             Ignoring protrusion settings for this character.
Package microtype Info: Character `ḙ' is missing
(microtype)             in font `\TU/TeXGyrePagella(0)/m/n/12'.
(microtype)             Ignoring protrusion settings for this character.
Package microtype Info: Character `ḛ' is missing
(microtype)             in font `\TU/TeXGyrePagella(0)/m/n/12'.
(microtype)             Ignoring protrusion settings for this character.
Package microtype Info: Character `ḝ' is missing
(microtype)             in font `\TU/TeXGyrePagella(0)/m/n/12'.
(microtype)             Ignoring protrusion settings for this character.
Package microtype Info: Character `ḟ' is missing
(microtype)             in font `\TU/TeXGyrePagella(0)/m/n/12'.
(microtype)             Ignoring protrusion settings for this character.
Package microtype Info: Character `ḡ' is missing
(microtype)             in font `\TU/TeXGyrePagella(0)/m/n/12'.
(microtype)             Ignoring protrusion settings for this character.
Package microtype Info: Character `ȟ' is missing
(microtype)             in font `\TU/TeXGyrePagella(0)/m/n/12'.
(microtype)             Ignoring protrusion settings for this character.
Package microtype Info: Character `ḣ' is missing
(microtype)             in font `\TU/TeXGyrePagella(0)/m/n/12'.
(microtype)             Ignoring protrusion settings for this character.
Package microtype Info: Character `ḩ' is missing
(microtype)             in font `\TU/TeXGyrePagella(0)/m/n/12'.
(microtype)             Ignoring protrusion settings for this character.
Package microtype Info: Character `ẖ' is missing
(microtype)             in font `\TU/TeXGyrePagella(0)/m/n/12'.
(microtype)             Ignoring protrusion settings for this character.
Package microtype Info: Character `ḭ' is missing
(microtype)             in font `\TU/TeXGyrePagella(0)/m/n/12'.
(microtype)             Ignoring protrusion settings for this character.
Package microtype Info: Character `ȋ' is missing
(microtype)             in font `\TU/TeXGyrePagella(0)/m/n/12'.
(microtype)             Ignoring protrusion settings for this character.
Package microtype Info: Character `ǩ' is missing
(microtype)             in font `\TU/TeXGyrePagella(0)/m/n/12'.
(microtype)             Ignoring protrusion settings for this character.
Package microtype Info: Character `ḱ' is missing
(microtype)             in font `\TU/TeXGyrePagella(0)/m/n/12'.
(microtype)             Ignoring protrusion settings for this character.
Package microtype Info: Character `ḳ' is missing
(microtype)             in font `\TU/TeXGyrePagella(0)/m/n/12'.
(microtype)             Ignoring protrusion settings for this character.
Package microtype Info: Character `ḵ' is missing
(microtype)             in font `\TU/TeXGyrePagella(0)/m/n/12'.
(microtype)             Ignoring protrusion settings for this character.
Package microtype Info: Character `ḻ' is missing
(microtype)             in font `\TU/TeXGyrePagella(0)/m/n/12'.
(microtype)             Ignoring protrusion settings for this character.
Package microtype Info: Character `ḽ' is missing
(microtype)             in font `\TU/TeXGyrePagella(0)/m/n/12'.
(microtype)             Ignoring protrusion settings for this character.
Package microtype Info: Character `ḿ' is missing
(microtype)             in font `\TU/TeXGyrePagella(0)/m/n/12'.
(microtype)             Ignoring protrusion settings for this character.
Package microtype Info: Character `ṁ' is missing
(microtype)             in font `\TU/TeXGyrePagella(0)/m/n/12'.
(microtype)             Ignoring protrusion settings for this character.
Package microtype Info: Character `ǹ' is missing
(microtype)             in font `\TU/TeXGyrePagella(0)/m/n/12'.
(microtype)             Ignoring protrusion settings for this character.
Package microtype Info: Character `ṉ' is missing
(microtype)             in font `\TU/TeXGyrePagella(0)/m/n/12'.
(microtype)             Ignoring protrusion settings for this character.
Package microtype Info: Character `ṋ' is missing
(microtype)             in font `\TU/TeXGyrePagella(0)/m/n/12'.
(microtype)             Ignoring protrusion settings for this character.
Package microtype Info: Character `ǭ' is missing
(microtype)             in font `\TU/TeXGyrePagella(0)/m/n/12'.
(microtype)             Ignoring protrusion settings for this character.
Package microtype Info: Character `ȏ' is missing
(microtype)             in font `\TU/TeXGyrePagella(0)/m/n/12'.
(microtype)             Ignoring protrusion settings for this character.
Package microtype Info: Character `ȫ' is missing
(microtype)             in font `\TU/TeXGyrePagella(0)/m/n/12'.
(microtype)             Ignoring protrusion settings for this character.
Package microtype Info: Character `ȭ' is missing
(microtype)             in font `\TU/TeXGyrePagella(0)/m/n/12'.
(microtype)             Ignoring protrusion settings for this character.
Package microtype Info: Character `ȯ' is missing
(microtype)             in font `\TU/TeXGyrePagella(0)/m/n/12'.
(microtype)             Ignoring protrusion settings for this character.
Package microtype Info: Character `ȱ' is missing
(microtype)             in font `\TU/TeXGyrePagella(0)/m/n/12'.
(microtype)             Ignoring protrusion settings for this character.
Package microtype Info: Character `ṍ' is missing
(microtype)             in font `\TU/TeXGyrePagella(0)/m/n/12'.
(microtype)             Ignoring protrusion settings for this character.
Package microtype Info: Character `ṏ' is missing
(microtype)             in font `\TU/TeXGyrePagella(0)/m/n/12'.
(microtype)             Ignoring protrusion settings for this character.
Package microtype Info: Character `ṑ' is missing
(microtype)             in font `\TU/TeXGyrePagella(0)/m/n/12'.
(microtype)             Ignoring protrusion settings for this character.
Package microtype Info: Character `ṓ' is missing
(microtype)             in font `\TU/TeXGyrePagella(0)/m/n/12'.
(microtype)             Ignoring protrusion settings for this character.
Package microtype Info: Character `ṕ' is missing
(microtype)             in font `\TU/TeXGyrePagella(0)/m/n/12'.
(microtype)             Ignoring protrusion settings for this character.
Package microtype Info: Character `ṗ' is missing
(microtype)             in font `\TU/TeXGyrePagella(0)/m/n/12'.
(microtype)             Ignoring protrusion settings for this character.
Package microtype Info: Character `ȓ' is missing
(microtype)             in font `\TU/TeXGyrePagella(0)/m/n/12'.
(microtype)             Ignoring protrusion settings for this character.
Package microtype Info: Character `ṟ' is missing
(microtype)             in font `\TU/TeXGyrePagella(0)/m/n/12'.
(microtype)             Ignoring protrusion settings for this character.
Package microtype Info: Character `ṡ' is missing
(microtype)             in font `\TU/TeXGyrePagella(0)/m/n/12'.
(microtype)             Ignoring protrusion settings for this character.
Package microtype Info: Character `ṥ' is missing
(microtype)             in font `\TU/TeXGyrePagella(0)/m/n/12'.
(microtype)             Ignoring protrusion settings for this character.
Package microtype Info: Character `ṧ' is missing
(microtype)             in font `\TU/TeXGyrePagella(0)/m/n/12'.
(microtype)             Ignoring protrusion settings for this character.
Package microtype Info: Character `ṩ' is missing
(microtype)             in font `\TU/TeXGyrePagella(0)/m/n/12'.
(microtype)             Ignoring protrusion settings for this character.
Package microtype Info: Character `ṫ' is missing
(microtype)             in font `\TU/TeXGyrePagella(0)/m/n/12'.
(microtype)             Ignoring protrusion settings for this character.
Package microtype Info: Character `ṱ' is missing
(microtype)             in font `\TU/TeXGyrePagella(0)/m/n/12'.
(microtype)             Ignoring protrusion settings for this character.
Package microtype Info: Character `ǖ' is missing
(microtype)             in font `\TU/TeXGyrePagella(0)/m/n/12'.
(microtype)             Ignoring protrusion settings for this character.
Package microtype Info: Character `ȗ' is missing
(microtype)             in font `\TU/TeXGyrePagella(0)/m/n/12'.
(microtype)             Ignoring protrusion settings for this character.
Package microtype Info: Character `ṳ' is missing
(microtype)             in font `\TU/TeXGyrePagella(0)/m/n/12'.
(microtype)             Ignoring protrusion settings for this character.
Package microtype Info: Character `ṵ' is missing
(microtype)             in font `\TU/TeXGyrePagella(0)/m/n/12'.
(microtype)             Ignoring protrusion settings for this character.
Package microtype Info: Character `ṷ' is missing
(microtype)             in font `\TU/TeXGyrePagella(0)/m/n/12'.
(microtype)             Ignoring protrusion settings for this character.
Package microtype Info: Character `ṹ' is missing
(microtype)             in font `\TU/TeXGyrePagella(0)/m/n/12'.
(microtype)             Ignoring protrusion settings for this character.
Package microtype Info: Character `ṻ' is missing
(microtype)             in font `\TU/TeXGyrePagella(0)/m/n/12'.
(microtype)             Ignoring protrusion settings for this character.
Package microtype Info: Character `ṽ' is missing
(microtype)             in font `\TU/TeXGyrePagella(0)/m/n/12'.
(microtype)             Ignoring protrusion settings for this character.
Package microtype Info: Character `ṿ' is missing
(microtype)             in font `\TU/TeXGyrePagella(0)/m/n/12'.
(microtype)             Ignoring protrusion settings for this character.
Package microtype Info: Character `ẇ' is missing
(microtype)             in font `\TU/TeXGyrePagella(0)/m/n/12'.
(microtype)             Ignoring protrusion settings for this character.
Package microtype Info: Character `ẉ' is missing
(microtype)             in font `\TU/TeXGyrePagella(0)/m/n/12'.
(microtype)             Ignoring protrusion settings for this character.
Package microtype Info: Character `ẘ' is missing
(microtype)             in font `\TU/TeXGyrePagella(0)/m/n/12'.
(microtype)             Ignoring protrusion settings for this character.
Package microtype Info: Character `ẋ' is missing
(microtype)             in font `\TU/TeXGyrePagella(0)/m/n/12'.
(microtype)             Ignoring protrusion settings for this character.
Package microtype Info: Character `ẍ' is missing
(microtype)             in font `\TU/TeXGyrePagella(0)/m/n/12'.
(microtype)             Ignoring protrusion settings for this character.
Package microtype Info: Character `ȳ' is missing
(microtype)             in font `\TU/TeXGyrePagella(0)/m/n/12'.
(microtype)             Ignoring protrusion settings for this character.
Package microtype Info: Character `ẏ' is missing
(microtype)             in font `\TU/TeXGyrePagella(0)/m/n/12'.
(microtype)             Ignoring protrusion settings for this character.
Package microtype Info: Character `ẙ' is missing
(microtype)             in font `\TU/TeXGyrePagella(0)/m/n/12'.
(microtype)             Ignoring protrusion settings for this character.
Package microtype Info: Character `ẑ' is missing
(microtype)             in font `\TU/TeXGyrePagella(0)/m/n/12'.
(microtype)             Ignoring protrusion settings for this character.
Package microtype Info: Character `ẕ' is missing
(microtype)             in font `\TU/TeXGyrePagella(0)/m/n/12'.
(microtype)             Ignoring protrusion settings for this character.
Package microtype Info: Character `ﬆ' is missing
(microtype)             in font `\TU/TeXGyrePagella(0)/m/n/12'.
(microtype)             Ignoring protrusion settings for this character.
Package microtype Info: Character `ﬅ' is missing
(microtype)             in font `\TU/TeXGyrePagella(0)/m/n/12'.
(microtype)             Ignoring protrusion settings for this character.
Package microtype Info: Character `‥' is missing
(microtype)             in font `\TU/TeXGyrePagella(0)/m/n/12'.
(microtype)             Ignoring protrusion settings for this character.
Package microtype Info: Character `‼' is missing
(microtype)             in font `\TU/TeXGyrePagella(0)/m/n/12'.
(microtype)             Ignoring protrusion settings for this character.
Package microtype Info: Character `⁰' is missing
(microtype)             in font `\TU/TeXGyrePagella(0)/m/n/12'.
(microtype)             Ignoring protrusion settings for this character.
Package microtype Info: Character `⁴' is missing
(microtype)             in font `\TU/TeXGyrePagella(0)/m/n/12'.
(microtype)             Ignoring protrusion settings for this character.
Package microtype Info: Character `⁵' is missing
(microtype)             in font `\TU/TeXGyrePagella(0)/m/n/12'.
(microtype)             Ignoring protrusion settings for this character.
Package microtype Info: Character `⁶' is missing
(microtype)             in font `\TU/TeXGyrePagella(0)/m/n/12'.
(microtype)             Ignoring protrusion settings for this character.
Package microtype Info: Character `⁷' is missing
(microtype)             in font `\TU/TeXGyrePagella(0)/m/n/12'.
(microtype)             Ignoring protrusion settings for this character.
Package microtype Info: Character `⁸' is missing
(microtype)             in font `\TU/TeXGyrePagella(0)/m/n/12'.
(microtype)             Ignoring protrusion settings for this character.
Package microtype Info: Character `⁹' is missing
(microtype)             in font `\TU/TeXGyrePagella(0)/m/n/12'.
(microtype)             Ignoring protrusion settings for this character.
Package microtype Info: Character `₀' is missing
(microtype)             in font `\TU/TeXGyrePagella(0)/m/n/12'.
(microtype)             Ignoring protrusion settings for this character.
Package microtype Info: Character `₁' is missing
(microtype)             in font `\TU/TeXGyrePagella(0)/m/n/12'.
(microtype)             Ignoring protrusion settings for this character.
Package microtype Info: Character `₂' is missing
(microtype)             in font `\TU/TeXGyrePagella(0)/m/n/12'.
(microtype)             Ignoring protrusion settings for this character.
Package microtype Info: Character `₃' is missing
(microtype)             in font `\TU/TeXGyrePagella(0)/m/n/12'.
(microtype)             Ignoring protrusion settings for this character.
Package microtype Info: Character `₄' is missing
(microtype)             in font `\TU/TeXGyrePagella(0)/m/n/12'.
(microtype)             Ignoring protrusion settings for this character.
Package microtype Info: Character `₅' is missing
(microtype)             in font `\TU/TeXGyrePagella(0)/m/n/12'.
(microtype)             Ignoring protrusion settings for this character.
Package microtype Info: Character `₆' is missing
(microtype)             in font `\TU/TeXGyrePagella(0)/m/n/12'.
(microtype)             Ignoring protrusion settings for this character.
Package microtype Info: Character `₇' is missing
(microtype)             in font `\TU/TeXGyrePagella(0)/m/n/12'.
(microtype)             Ignoring protrusion settings for this character.
Package microtype Info: Character `₈' is missing
(microtype)             in font `\TU/TeXGyrePagella(0)/m/n/12'.
(microtype)             Ignoring protrusion settings for this character.
Package microtype Info: Character `₉' is missing
(microtype)             in font `\TU/TeXGyrePagella(0)/m/n/12'.
(microtype)             Ignoring protrusion settings for this character.
Package microtype Info: Character `₊' is missing
(microtype)             in font `\TU/TeXGyrePagella(0)/m/n/12'.
(microtype)             Ignoring protrusion settings for this character.
Package microtype Info: Character `₋' is missing
(microtype)             in font `\TU/TeXGyrePagella(0)/m/n/12'.
(microtype)             Ignoring protrusion settings for this character.
Package microtype Info: Character `⁺' is missing
(microtype)             in font `\TU/TeXGyrePagella(0)/m/n/12'.
(microtype)             Ignoring protrusion settings for this character.
Package microtype Info: Character `⁻' is missing
(microtype)             in font `\TU/TeXGyrePagella(0)/m/n/12'.
(microtype)             Ignoring protrusion settings for this character.
\c@lstlisting=\count384
Package caption Info: Begin \AtBeginDocument code.
Package caption Info: hyperref package is loaded.
Package caption Info: End \AtBeginDocument code.
Package hyperref Info: Link coloring ON on input line 134.
 (./main.out)
(./main.out)
\@outlinefile=\write4
\openout4 = `main.out'.

 (./chapters/preface.tex
Package microtype Info: Character `ﬆ' is missing
(microtype)             in font `\TU/TeXGyrePagella(0)/b/n/12'.
(microtype)             Ignoring protrusion settings for this character.
Package microtype Info: Character `ﬅ' is missing
(microtype)             in font `\TU/TeXGyrePagella(0)/b/n/12'.
(microtype)             Ignoring protrusion settings for this character.
Package microtype Info: Character `‥' is missing
(microtype)             in font `\TU/TeXGyrePagella(0)/b/n/12'.
(microtype)             Ignoring protrusion settings for this character.
Package microtype Info: Character `‼' is missing
(microtype)             in font `\TU/TeXGyrePagella(0)/b/n/12'.
(microtype)             Ignoring protrusion settings for this character.
Package microtype Info: Character `⁰' is missing
(microtype)             in font `\TU/TeXGyrePagella(0)/b/n/12'.
(microtype)             Ignoring protrusion settings for this character.
Package microtype Info: Character `⁴' is missing
(microtype)             in font `\TU/TeXGyrePagella(0)/b/n/12'.
(microtype)             Ignoring protrusion settings for this character.
Package microtype Info: Character `⁵' is missing
(microtype)             in font `\TU/TeXGyrePagella(0)/b/n/12'.
(microtype)             Ignoring protrusion settings for this character.
Package microtype Info: Character `⁶' is missing
(microtype)             in font `\TU/TeXGyrePagella(0)/b/n/12'.
(microtype)             Ignoring protrusion settings for this character.
Package microtype Info: Character `⁷' is missing
(microtype)             in font `\TU/TeXGyrePagella(0)/b/n/12'.
(microtype)             Ignoring protrusion settings for this character.
Package microtype Info: Character `⁸' is missing
(microtype)             in font `\TU/TeXGyrePagella(0)/b/n/12'.
(microtype)             Ignoring protrusion settings for this character.
Package microtype Info: Character `⁹' is missing
(microtype)             in font `\TU/TeXGyrePagella(0)/b/n/12'.
(microtype)             Ignoring protrusion settings for this character.
Package microtype Info: Character `₀' is missing
(microtype)             in font `\TU/TeXGyrePagella(0)/b/n/12'.
(microtype)             Ignoring protrusion settings for this character.
Package microtype Info: Character `₁' is missing
(microtype)             in font `\TU/TeXGyrePagella(0)/b/n/12'.
(microtype)             Ignoring protrusion settings for this character.
Package microtype Info: Character `₂' is missing
(microtype)             in font `\TU/TeXGyrePagella(0)/b/n/12'.
(microtype)             Ignoring protrusion settings for this character.
Package microtype Info: Character `₃' is missing
(microtype)             in font `\TU/TeXGyrePagella(0)/b/n/12'.
(microtype)             Ignoring protrusion settings for this character.
Package microtype Info: Character `₄' is missing
(microtype)             in font `\TU/TeXGyrePagella(0)/b/n/12'.
(microtype)             Ignoring protrusion settings for this character.
Package microtype Info: Character `₅' is missing
(microtype)             in font `\TU/TeXGyrePagella(0)/b/n/12'.
(microtype)             Ignoring protrusion settings for this character.
Package microtype Info: Character `₆' is missing
(microtype)             in font `\TU/TeXGyrePagella(0)/b/n/12'.
(microtype)             Ignoring protrusion settings for this character.
Package microtype Info: Character `₇' is missing
(microtype)             in font `\TU/TeXGyrePagella(0)/b/n/12'.
(microtype)             Ignoring protrusion settings for this character.
Package microtype Info: Character `₈' is missing
(microtype)             in font `\TU/TeXGyrePagella(0)/b/n/12'.
(microtype)             Ignoring protrusion settings for this character.
Package microtype Info: Character `₉' is missing
(microtype)             in font `\TU/TeXGyrePagella(0)/b/n/12'.
(microtype)             Ignoring protrusion settings for this character.
Package microtype Info: Character `₊' is missing
(microtype)             in font `\TU/TeXGyrePagella(0)/b/n/12'.
(microtype)             Ignoring protrusion settings for this character.
Package microtype Info: Character `₋' is missing
(microtype)             in font `\TU/TeXGyrePagella(0)/b/n/12'.
(microtype)             Ignoring protrusion settings for this character.
Package microtype Info: Character `⁺' is missing
(microtype)             in font `\TU/TeXGyrePagella(0)/b/n/12'.
(microtype)             Ignoring protrusion settings for this character.
Package microtype Info: Character `⁻' is missing
(microtype)             in font `\TU/TeXGyrePagella(0)/b/n/12'.
(microtype)             Ignoring protrusion settings for this character.
Package microtype Info: Character `ﬆ' is missing
(microtype)             in font `\TU/TeXGyrePagella(0)/b/n/24.88'.
(microtype)             Ignoring protrusion settings for this character.
Package microtype Info: Character `ﬅ' is missing
(microtype)             in font `\TU/TeXGyrePagella(0)/b/n/24.88'.
(microtype)             Ignoring protrusion settings for this character.
Package microtype Info: Character `‥' is missing
(microtype)             in font `\TU/TeXGyrePagella(0)/b/n/24.88'.
(microtype)             Ignoring protrusion settings for this character.
Package microtype Info: Character `‼' is missing
(microtype)             in font `\TU/TeXGyrePagella(0)/b/n/24.88'.
(microtype)             Ignoring protrusion settings for this character.
Package microtype Info: Character `⁰' is missing
(microtype)             in font `\TU/TeXGyrePagella(0)/b/n/24.88'.
(microtype)             Ignoring protrusion settings for this character.
Package microtype Info: Character `⁴' is missing
(microtype)             in font `\TU/TeXGyrePagella(0)/b/n/24.88'.
(microtype)             Ignoring protrusion settings for this character.
Package microtype Info: Character `⁵' is missing
(microtype)             in font `\TU/TeXGyrePagella(0)/b/n/24.88'.
(microtype)             Ignoring protrusion settings for this character.
Package microtype Info: Character `⁶' is missing
(microtype)             in font `\TU/TeXGyrePagella(0)/b/n/24.88'.
(microtype)             Ignoring protrusion settings for this character.
Package microtype Info: Character `⁷' is missing
(microtype)             in font `\TU/TeXGyrePagella(0)/b/n/24.88'.
(microtype)             Ignoring protrusion settings for this character.
Package microtype Info: Character `⁸' is missing
(microtype)             in font `\TU/TeXGyrePagella(0)/b/n/24.88'.
(microtype)             Ignoring protrusion settings for this character.
Package microtype Info: Character `⁹' is missing
(microtype)             in font `\TU/TeXGyrePagella(0)/b/n/24.88'.
(microtype)             Ignoring protrusion settings for this character.
Package microtype Info: Character `₀' is missing
(microtype)             in font `\TU/TeXGyrePagella(0)/b/n/24.88'.
(microtype)             Ignoring protrusion settings for this character.
Package microtype Info: Character `₁' is missing
(microtype)             in font `\TU/TeXGyrePagella(0)/b/n/24.88'.
(microtype)             Ignoring protrusion settings for this character.
Package microtype Info: Character `₂' is missing
(microtype)             in font `\TU/TeXGyrePagella(0)/b/n/24.88'.
(microtype)             Ignoring protrusion settings for this character.
Package microtype Info: Character `₃' is missing
(microtype)             in font `\TU/TeXGyrePagella(0)/b/n/24.88'.
(microtype)             Ignoring protrusion settings for this character.
Package microtype Info: Character `₄' is missing
(microtype)             in font `\TU/TeXGyrePagella(0)/b/n/24.88'.
(microtype)             Ignoring protrusion settings for this character.
Package microtype Info: Character `₅' is missing
(microtype)             in font `\TU/TeXGyrePagella(0)/b/n/24.88'.
(microtype)             Ignoring protrusion settings for this character.
Package microtype Info: Character `₆' is missing
(microtype)             in font `\TU/TeXGyrePagella(0)/b/n/24.88'.
(microtype)             Ignoring protrusion settings for this character.
Package microtype Info: Character `₇' is missing
(microtype)             in font `\TU/TeXGyrePagella(0)/b/n/24.88'.
(microtype)             Ignoring protrusion settings for this character.
Package microtype Info: Character `₈' is missing
(microtype)             in font `\TU/TeXGyrePagella(0)/b/n/24.88'.
(microtype)             Ignoring protrusion settings for this character.
Package microtype Info: Character `₉' is missing
(microtype)             in font `\TU/TeXGyrePagella(0)/b/n/24.88'.
(microtype)             Ignoring protrusion settings for this character.
Package microtype Info: Character `₊' is missing
(microtype)             in font `\TU/TeXGyrePagella(0)/b/n/24.88'.
(microtype)             Ignoring protrusion settings for this character.
Package microtype Info: Character `₋' is missing
(microtype)             in font `\TU/TeXGyrePagella(0)/b/n/24.88'.
(microtype)             Ignoring protrusion settings for this character.
Package microtype Info: Character `⁺' is missing
(microtype)             in font `\TU/TeXGyrePagella(0)/b/n/24.88'.
(microtype)             Ignoring protrusion settings for this character.
Package microtype Info: Character `⁻' is missing
(microtype)             in font `\TU/TeXGyrePagella(0)/b/n/24.88'.
(microtype)             Ignoring protrusion settings for this character.
Package microtype Info: Character `ﬆ' is missing
(microtype)             in font `\TU/TeXGyrePagella(0)/b/n/17.28'.
(microtype)             Ignoring protrusion settings for this character.
Package microtype Info: Character `ﬅ' is missing
(microtype)             in font `\TU/TeXGyrePagella(0)/b/n/17.28'.
(microtype)             Ignoring protrusion settings for this character.
Package microtype Info: Character `‥' is missing
(microtype)             in font `\TU/TeXGyrePagella(0)/b/n/17.28'.
(microtype)             Ignoring protrusion settings for this character.
Package microtype Info: Character `‼' is missing
(microtype)             in font `\TU/TeXGyrePagella(0)/b/n/17.28'.
(microtype)             Ignoring protrusion settings for this character.
Package microtype Info: Character `⁰' is missing
(microtype)             in font `\TU/TeXGyrePagella(0)/b/n/17.28'.
(microtype)             Ignoring protrusion settings for this character.
Package microtype Info: Character `⁴' is missing
(microtype)             in font `\TU/TeXGyrePagella(0)/b/n/17.28'.
(microtype)             Ignoring protrusion settings for this character.
Package microtype Info: Character `⁵' is missing
(microtype)             in font `\TU/TeXGyrePagella(0)/b/n/17.28'.
(microtype)             Ignoring protrusion settings for this character.
Package microtype Info: Character `⁶' is missing
(microtype)             in font `\TU/TeXGyrePagella(0)/b/n/17.28'.
(microtype)             Ignoring protrusion settings for this character.
Package microtype Info: Character `⁷' is missing
(microtype)             in font `\TU/TeXGyrePagella(0)/b/n/17.28'.
(microtype)             Ignoring protrusion settings for this character.
Package microtype Info: Character `⁸' is missing
(microtype)             in font `\TU/TeXGyrePagella(0)/b/n/17.28'.
(microtype)             Ignoring protrusion settings for this character.
Package microtype Info: Character `⁹' is missing
(microtype)             in font `\TU/TeXGyrePagella(0)/b/n/17.28'.
(microtype)             Ignoring protrusion settings for this character.
Package microtype Info: Character `₀' is missing
(microtype)             in font `\TU/TeXGyrePagella(0)/b/n/17.28'.
(microtype)             Ignoring protrusion settings for this character.
Package microtype Info: Character `₁' is missing
(microtype)             in font `\TU/TeXGyrePagella(0)/b/n/17.28'.
(microtype)             Ignoring protrusion settings for this character.
Package microtype Info: Character `₂' is missing
(microtype)             in font `\TU/TeXGyrePagella(0)/b/n/17.28'.
(microtype)             Ignoring protrusion settings for this character.
Package microtype Info: Character `₃' is missing
(microtype)             in font `\TU/TeXGyrePagella(0)/b/n/17.28'.
(microtype)             Ignoring protrusion settings for this character.
Package microtype Info: Character `₄' is missing
(microtype)             in font `\TU/TeXGyrePagella(0)/b/n/17.28'.
(microtype)             Ignoring protrusion settings for this character.
Package microtype Info: Character `₅' is missing
(microtype)             in font `\TU/TeXGyrePagella(0)/b/n/17.28'.
(microtype)             Ignoring protrusion settings for this character.
Package microtype Info: Character `₆' is missing
(microtype)             in font `\TU/TeXGyrePagella(0)/b/n/17.28'.
(microtype)             Ignoring protrusion settings for this character.
Package microtype Info: Character `₇' is missing
(microtype)             in font `\TU/TeXGyrePagella(0)/b/n/17.28'.
(microtype)             Ignoring protrusion settings for this character.
Package microtype Info: Character `₈' is missing
(microtype)             in font `\TU/TeXGyrePagella(0)/b/n/17.28'.
(microtype)             Ignoring protrusion settings for this character.
Package microtype Info: Character `₉' is missing
(microtype)             in font `\TU/TeXGyrePagella(0)/b/n/17.28'.
(microtype)             Ignoring protrusion settings for this character.
Package microtype Info: Character `₊' is missing
(microtype)             in font `\TU/TeXGyrePagella(0)/b/n/17.28'.
(microtype)             Ignoring protrusion settings for this character.
Package microtype Info: Character `₋' is missing
(microtype)             in font `\TU/TeXGyrePagella(0)/b/n/17.28'.
(microtype)             Ignoring protrusion settings for this character.
Package microtype Info: Character `⁺' is missing
(microtype)             in font `\TU/TeXGyrePagella(0)/b/n/17.28'.
(microtype)             Ignoring protrusion settings for this character.
Package microtype Info: Character `⁻' is missing
(microtype)             in font `\TU/TeXGyrePagella(0)/b/n/17.28'.
(microtype)             Ignoring protrusion settings for this character.
Package microtype Info: Character `ﬆ' is missing
(microtype)             in font `\TU/TeXGyrePagella(0)/b/n/14.4'.
(microtype)             Ignoring protrusion settings for this character.
Package microtype Info: Character `ﬅ' is missing
(microtype)             in font `\TU/TeXGyrePagella(0)/b/n/14.4'.
(microtype)             Ignoring protrusion settings for this character.
Package microtype Info: Character `‥' is missing
(microtype)             in font `\TU/TeXGyrePagella(0)/b/n/14.4'.
(microtype)             Ignoring protrusion settings for this character.
Package microtype Info: Character `‼' is missing
(microtype)             in font `\TU/TeXGyrePagella(0)/b/n/14.4'.
(microtype)             Ignoring protrusion settings for this character.
Package microtype Info: Character `⁰' is missing
(microtype)             in font `\TU/TeXGyrePagella(0)/b/n/14.4'.
(microtype)             Ignoring protrusion settings for this character.
Package microtype Info: Character `⁴' is missing
(microtype)             in font `\TU/TeXGyrePagella(0)/b/n/14.4'.
(microtype)             Ignoring protrusion settings for this character.
Package microtype Info: Character `⁵' is missing
(microtype)             in font `\TU/TeXGyrePagella(0)/b/n/14.4'.
(microtype)             Ignoring protrusion settings for this character.
Package microtype Info: Character `⁶' is missing
(microtype)             in font `\TU/TeXGyrePagella(0)/b/n/14.4'.
(microtype)             Ignoring protrusion settings for this character.
Package microtype Info: Character `⁷' is missing
(microtype)             in font `\TU/TeXGyrePagella(0)/b/n/14.4'.
(microtype)             Ignoring protrusion settings for this character.
Package microtype Info: Character `⁸' is missing
(microtype)             in font `\TU/TeXGyrePagella(0)/b/n/14.4'.
(microtype)             Ignoring protrusion settings for this character.
Package microtype Info: Character `⁹' is missing
(microtype)             in font `\TU/TeXGyrePagella(0)/b/n/14.4'.
(microtype)             Ignoring protrusion settings for this character.
Package microtype Info: Character `₀' is missing
(microtype)             in font `\TU/TeXGyrePagella(0)/b/n/14.4'.
(microtype)             Ignoring protrusion settings for this character.
Package microtype Info: Character `₁' is missing
(microtype)             in font `\TU/TeXGyrePagella(0)/b/n/14.4'.
(microtype)             Ignoring protrusion settings for this character.
Package microtype Info: Character `₂' is missing
(microtype)             in font `\TU/TeXGyrePagella(0)/b/n/14.4'.
(microtype)             Ignoring protrusion settings for this character.
Package microtype Info: Character `₃' is missing
(microtype)             in font `\TU/TeXGyrePagella(0)/b/n/14.4'.
(microtype)             Ignoring protrusion settings for this character.
Package microtype Info: Character `₄' is missing
(microtype)             in font `\TU/TeXGyrePagella(0)/b/n/14.4'.
(microtype)             Ignoring protrusion settings for this character.
Package microtype Info: Character `₅' is missing
(microtype)             in font `\TU/TeXGyrePagella(0)/b/n/14.4'.
(microtype)             Ignoring protrusion settings for this character.
Package microtype Info: Character `₆' is missing
(microtype)             in font `\TU/TeXGyrePagella(0)/b/n/14.4'.
(microtype)             Ignoring protrusion settings for this character.
Package microtype Info: Character `₇' is missing
(microtype)             in font `\TU/TeXGyrePagella(0)/b/n/14.4'.
(microtype)             Ignoring protrusion settings for this character.
Package microtype Info: Character `₈' is missing
(microtype)             in font `\TU/TeXGyrePagella(0)/b/n/14.4'.
(microtype)             Ignoring protrusion settings for this character.
Package microtype Info: Character `₉' is missing
(microtype)             in font `\TU/TeXGyrePagella(0)/b/n/14.4'.
(microtype)             Ignoring protrusion settings for this character.
Package microtype Info: Character `₊' is missing
(microtype)             in font `\TU/TeXGyrePagella(0)/b/n/14.4'.
(microtype)             Ignoring protrusion settings for this character.
Package microtype Info: Character `₋' is missing
(microtype)             in font `\TU/TeXGyrePagella(0)/b/n/14.4'.
(microtype)             Ignoring protrusion settings for this character.
Package microtype Info: Character `⁺' is missing
(microtype)             in font `\TU/TeXGyrePagella(0)/b/n/14.4'.
(microtype)             Ignoring protrusion settings for this character.
Package microtype Info: Character `⁻' is missing
(microtype)             in font `\TU/TeXGyrePagella(0)/b/n/14.4'.
(microtype)             Ignoring protrusion settings for this character.


[1



]
Underfull \vbox (badness 4582) has occurred while \output is active []



Package microtype Info: Character `ﬆ' is missing
(microtype)             in font `\TU/TeXGyrePagella(0)/m/n/10.95'.
(microtype)             Ignoring protrusion settings for this character.
Package microtype Info: Character `ﬅ' is missing
(microtype)             in font `\TU/TeXGyrePagella(0)/m/n/10.95'.
(microtype)             Ignoring protrusion settings for this character.
Package microtype Info: Character `‥' is missing
(microtype)             in font `\TU/TeXGyrePagella(0)/m/n/10.95'.
(microtype)             Ignoring protrusion settings for this character.
Package microtype Info: Character `‼' is missing
(microtype)             in font `\TU/TeXGyrePagella(0)/m/n/10.95'.
(microtype)             Ignoring protrusion settings for this character.
Package microtype Info: Character `⁰' is missing
(microtype)             in font `\TU/TeXGyrePagella(0)/m/n/10.95'.
(microtype)             Ignoring protrusion settings for this character.
Package microtype Info: Character `⁴' is missing
(microtype)             in font `\TU/TeXGyrePagella(0)/m/n/10.95'.
(microtype)             Ignoring protrusion settings for this character.
Package microtype Info: Character `⁵' is missing
(microtype)             in font `\TU/TeXGyrePagella(0)/m/n/10.95'.
(microtype)             Ignoring protrusion settings for this character.
Package microtype Info: Character `⁶' is missing
(microtype)             in font `\TU/TeXGyrePagella(0)/m/n/10.95'.
(microtype)             Ignoring protrusion settings for this character.
Package microtype Info: Character `⁷' is missing
(microtype)             in font `\TU/TeXGyrePagella(0)/m/n/10.95'.
(microtype)             Ignoring protrusion settings for this character.
Package microtype Info: Character `⁸' is missing
(microtype)             in font `\TU/TeXGyrePagella(0)/m/n/10.95'.
(microtype)             Ignoring protrusion settings for this character.
Package microtype Info: Character `⁹' is missing
(microtype)             in font `\TU/TeXGyrePagella(0)/m/n/10.95'.
(microtype)             Ignoring protrusion settings for this character.
Package microtype Info: Character `₀' is missing
(microtype)             in font `\TU/TeXGyrePagella(0)/m/n/10.95'.
(microtype)             Ignoring protrusion settings for this character.
Package microtype Info: Character `₁' is missing
(microtype)             in font `\TU/TeXGyrePagella(0)/m/n/10.95'.
(microtype)             Ignoring protrusion settings for this character.
Package microtype Info: Character `₂' is missing
(microtype)             in font `\TU/TeXGyrePagella(0)/m/n/10.95'.
(microtype)             Ignoring protrusion settings for this character.
Package microtype Info: Character `₃' is missing
(microtype)             in font `\TU/TeXGyrePagella(0)/m/n/10.95'.
(microtype)             Ignoring protrusion settings for this character.
Package microtype Info: Character `₄' is missing
(microtype)             in font `\TU/TeXGyrePagella(0)/m/n/10.95'.
(microtype)             Ignoring protrusion settings for this character.
Package microtype Info: Character `₅' is missing
(microtype)             in font `\TU/TeXGyrePagella(0)/m/n/10.95'.
(microtype)             Ignoring protrusion settings for this character.
Package microtype Info: Character `₆' is missing
(microtype)             in font `\TU/TeXGyrePagella(0)/m/n/10.95'.
(microtype)             Ignoring protrusion settings for this character.
Package microtype Info: Character `₇' is missing
(microtype)             in font `\TU/TeXGyrePagella(0)/m/n/10.95'.
(microtype)             Ignoring protrusion settings for this character.
Package microtype Info: Character `₈' is missing
(microtype)             in font `\TU/TeXGyrePagella(0)/m/n/10.95'.
(microtype)             Ignoring protrusion settings for this character.
Package microtype Info: Character `₉' is missing
(microtype)             in font `\TU/TeXGyrePagella(0)/m/n/10.95'.
(microtype)             Ignoring protrusion settings for this character.
Package microtype Info: Character `₊' is missing
(microtype)             in font `\TU/TeXGyrePagella(0)/m/n/10.95'.
(microtype)             Ignoring protrusion settings for this character.
Package microtype Info: Character `₋' is missing
(microtype)             in font `\TU/TeXGyrePagella(0)/m/n/10.95'.
(microtype)             Ignoring protrusion settings for this character.
Package microtype Info: Character `⁺' is missing
(microtype)             in font `\TU/TeXGyrePagella(0)/m/n/10.95'.
(microtype)             Ignoring protrusion settings for this character.
Package microtype Info: Character `⁻' is missing
(microtype)             in font `\TU/TeXGyrePagella(0)/m/n/10.95'.
(microtype)             Ignoring protrusion settings for this character.
[2]
Underfull \vbox (badness 10000) has occurred while \output is active []



[3] (c:/texlive/2025/texmf-dist/tex/latex/listings/lstlang1.sty
File: lstlang1.sty 2024/09/23 1.10c listings language file
)
(c:/texlive/2025/texmf-dist/tex/latex/listings/lstlang1.sty
File: lstlang1.sty 2024/09/23 1.10c listings language file
)

Package fontspec Info: 
(fontspec)             Could not resolve font "FangSong/BI" (it probably
(fontspec)             doesn't exist).


Package fontspec Info: 
(fontspec)             Could not resolve font "FangSong/B" (it probably
(fontspec)             doesn't exist).


Package fontspec Info: 
(fontspec)             Could not resolve font "FangSong/I" (it probably
(fontspec)             doesn't exist).

Package microtype Info: Loading generic protrusion settings for font family
(microtype)             `TeXGyreCursor' (encoding: TU).
(microtype)             For optimal results, create family-specific settings.
(microtype)             See the microtype manual for details.

Package fontspec Info: 
(fontspec)             Font family 'FangSong(0)' created for font 'FangSong'
(fontspec)             with options [Script={CJK}].
(fontspec)              
(fontspec)              This font family consists of the following NFSS
(fontspec)             series/shapes:
(fontspec)              
(fontspec)             - 'normal' (m/n) with NFSS spec.:
(fontspec)             <->"FangSong/OT:script=hani;language=dflt;"

Package microtype Info: Character `ﬆ' is missing
(microtype)             in font `\TU/TeXGyrePagella(0)/m/n/6'.
(microtype)             Ignoring protrusion settings for this character.
Package microtype Info: Character `ﬅ' is missing
(microtype)             in font `\TU/TeXGyrePagella(0)/m/n/6'.
(microtype)             Ignoring protrusion settings for this character.
Package microtype Info: Character `‥' is missing
(microtype)             in font `\TU/TeXGyrePagella(0)/m/n/6'.
(microtype)             Ignoring protrusion settings for this character.
Package microtype Info: Character `‼' is missing
(microtype)             in font `\TU/TeXGyrePagella(0)/m/n/6'.
(microtype)             Ignoring protrusion settings for this character.
Package microtype Info: Character `⁰' is missing
(microtype)             in font `\TU/TeXGyrePagella(0)/m/n/6'.
(microtype)             Ignoring protrusion settings for this character.
Package microtype Info: Character `⁴' is missing
(microtype)             in font `\TU/TeXGyrePagella(0)/m/n/6'.
(microtype)             Ignoring protrusion settings for this character.
Package microtype Info: Character `⁵' is missing
(microtype)             in font `\TU/TeXGyrePagella(0)/m/n/6'.
(microtype)             Ignoring protrusion settings for this character.
Package microtype Info: Character `⁶' is missing
(microtype)             in font `\TU/TeXGyrePagella(0)/m/n/6'.
(microtype)             Ignoring protrusion settings for this character.
Package microtype Info: Character `⁷' is missing
(microtype)             in font `\TU/TeXGyrePagella(0)/m/n/6'.
(microtype)             Ignoring protrusion settings for this character.
Package microtype Info: Character `⁸' is missing
(microtype)             in font `\TU/TeXGyrePagella(0)/m/n/6'.
(microtype)             Ignoring protrusion settings for this character.
Package microtype Info: Character `⁹' is missing
(microtype)             in font `\TU/TeXGyrePagella(0)/m/n/6'.
(microtype)             Ignoring protrusion settings for this character.
Package microtype Info: Character `₀' is missing
(microtype)             in font `\TU/TeXGyrePagella(0)/m/n/6'.
(microtype)             Ignoring protrusion settings for this character.
Package microtype Info: Character `₁' is missing
(microtype)             in font `\TU/TeXGyrePagella(0)/m/n/6'.
(microtype)             Ignoring protrusion settings for this character.
Package microtype Info: Character `₂' is missing
(microtype)             in font `\TU/TeXGyrePagella(0)/m/n/6'.
(microtype)             Ignoring protrusion settings for this character.
Package microtype Info: Character `₃' is missing
(microtype)             in font `\TU/TeXGyrePagella(0)/m/n/6'.
(microtype)             Ignoring protrusion settings for this character.
Package microtype Info: Character `₄' is missing
(microtype)             in font `\TU/TeXGyrePagella(0)/m/n/6'.
(microtype)             Ignoring protrusion settings for this character.
Package microtype Info: Character `₅' is missing
(microtype)             in font `\TU/TeXGyrePagella(0)/m/n/6'.
(microtype)             Ignoring protrusion settings for this character.
Package microtype Info: Character `₆' is missing
(microtype)             in font `\TU/TeXGyrePagella(0)/m/n/6'.
(microtype)             Ignoring protrusion settings for this character.
Package microtype Info: Character `₇' is missing
(microtype)             in font `\TU/TeXGyrePagella(0)/m/n/6'.
(microtype)             Ignoring protrusion settings for this character.
Package microtype Info: Character `₈' is missing
(microtype)             in font `\TU/TeXGyrePagella(0)/m/n/6'.
(microtype)             Ignoring protrusion settings for this character.
Package microtype Info: Character `₉' is missing
(microtype)             in font `\TU/TeXGyrePagella(0)/m/n/6'.
(microtype)             Ignoring protrusion settings for this character.
Package microtype Info: Character `₊' is missing
(microtype)             in font `\TU/TeXGyrePagella(0)/m/n/6'.
(microtype)             Ignoring protrusion settings for this character.
Package microtype Info: Character `₋' is missing
(microtype)             in font `\TU/TeXGyrePagella(0)/m/n/6'.
(microtype)             Ignoring protrusion settings for this character.
Package microtype Info: Character `⁺' is missing
(microtype)             in font `\TU/TeXGyrePagella(0)/m/n/6'.
(microtype)             Ignoring protrusion settings for this character.
Package microtype Info: Character `⁻' is missing
(microtype)             in font `\TU/TeXGyrePagella(0)/m/n/6'.
(microtype)             Ignoring protrusion settings for this character.


[4]

! LaTeX Error: Something's wrong--perhaps a missing \item.

See the LaTeX manual or LaTeX Companion for explanation.
Type  H <return>  for immediate help.
 ...                                              
                                                  
l.188 \begin
            {itemize}
Try typing  <return>  to proceed.
If that doesn't work, type  X <return>  to quit.


! LaTeX Error: Something's wrong--perhaps a missing \item.

See the LaTeX manual or LaTeX Companion for explanation.
Type  H <return>  for immediate help.
 ...                                              
                                                  
l.189 \item
            学习第一章：了解智慧水利概念和平台架构
Try typing  <return>  to proceed.
If that doesn't work, type  X <return>  to quit.


! LaTeX Error: Something's wrong--perhaps a missing \item.

See the LaTeX manual or LaTeX Companion for explanation.
Type  H <return>  for immediate help.
 ...                                              
                                                  
l.201 \begin
            {itemize}
Try typing  <return>  to proceed.
If that doesn't work, type  X <return>  to quit.


! LaTeX Error: Something's wrong--perhaps a missing \item.

See the LaTeX manual or LaTeX Companion for explanation.
Type  H <return>  for immediate help.
 ...                                              
                                                  
l.202 \item
            学习第三章：现代软件开发方法与工具
Try typing  <return>  to proceed.
If that doesn't work, type  X <return>  to quit.


! LaTeX Error: Something's wrong--perhaps a missing \item.

See the LaTeX manual or LaTeX Companion for explanation.
Type  H <return>  for immediate help.
 ...                                              
                                                  
l.215 \begin
            {itemize}
Try typing  <return>  to proceed.
If that doesn't work, type  X <return>  to quit.


! LaTeX Error: Something's wrong--perhaps a missing \item.

See the LaTeX manual or LaTeX Companion for explanation.
Type  H <return>  for immediate help.
 ...                                              
                                                  
l.216 \item
            学习第六章：智慧水利三维场景构建
Try typing  <return>  to proceed.
If that doesn't work, type  X <return>  to quit.


! LaTeX Error: Something's wrong--perhaps a missing \item.

See the LaTeX manual or LaTeX Companion for explanation.
Type  H <return>  for immediate help.
 ...                                              
                                                  
l.228 \begin
            {itemize}
Try typing  <return>  to proceed.
If that doesn't work, type  X <return>  to quit.


! LaTeX Error: Something's wrong--perhaps a missing \item.

See the LaTeX manual or LaTeX Companion for explanation.
Type  H <return>  for immediate help.
 ...                                              
                                                  
l.229 \item
            学习第八章：典型应用案例
Try typing  <return>  to proceed.
If that doesn't work, type  X <return>  to quit.



Package microtype Info: Character `ﬆ' is missing
(microtype)             in font `\TU/TeXGyrePagella(0)/m/n/14.4'.
(microtype)             Ignoring protrusion settings for this character.
Package microtype Info: Character `ﬅ' is missing
(microtype)             in font `\TU/TeXGyrePagella(0)/m/n/14.4'.
(microtype)             Ignoring protrusion settings for this character.
Package microtype Info: Character `‥' is missing
(microtype)             in font `\TU/TeXGyrePagella(0)/m/n/14.4'.
(microtype)             Ignoring protrusion settings for this character.
Package microtype Info: Character `‼' is missing
(microtype)             in font `\TU/TeXGyrePagella(0)/m/n/14.4'.
(microtype)             Ignoring protrusion settings for this character.
Package microtype Info: Character `⁰' is missing
(microtype)             in font `\TU/TeXGyrePagella(0)/m/n/14.4'.
(microtype)             Ignoring protrusion settings for this character.
Package microtype Info: Character `⁴' is missing
(microtype)             in font `\TU/TeXGyrePagella(0)/m/n/14.4'.
(microtype)             Ignoring protrusion settings for this character.
Package microtype Info: Character `⁵' is missing
(microtype)             in font `\TU/TeXGyrePagella(0)/m/n/14.4'.
(microtype)             Ignoring protrusion settings for this character.
Package microtype Info: Character `⁶' is missing
(microtype)             in font `\TU/TeXGyrePagella(0)/m/n/14.4'.
(microtype)             Ignoring protrusion settings for this character.
Package microtype Info: Character `⁷' is missing
(microtype)             in font `\TU/TeXGyrePagella(0)/m/n/14.4'.
(microtype)             Ignoring protrusion settings for this character.
Package microtype Info: Character `⁸' is missing
(microtype)             in font `\TU/TeXGyrePagella(0)/m/n/14.4'.
(microtype)             Ignoring protrusion settings for this character.
Package microtype Info: Character `⁹' is missing
(microtype)             in font `\TU/TeXGyrePagella(0)/m/n/14.4'.
(microtype)             Ignoring protrusion settings for this character.
Package microtype Info: Character `₀' is missing
(microtype)             in font `\TU/TeXGyrePagella(0)/m/n/14.4'.
(microtype)             Ignoring protrusion settings for this character.
Package microtype Info: Character `₁' is missing
(microtype)             in font `\TU/TeXGyrePagella(0)/m/n/14.4'.
(microtype)             Ignoring protrusion settings for this character.
Package microtype Info: Character `₂' is missing
(microtype)             in font `\TU/TeXGyrePagella(0)/m/n/14.4'.
(microtype)             Ignoring protrusion settings for this character.
Package microtype Info: Character `₃' is missing
(microtype)             in font `\TU/TeXGyrePagella(0)/m/n/14.4'.
(microtype)             Ignoring protrusion settings for this character.
Package microtype Info: Character `₄' is missing
(microtype)             in font `\TU/TeXGyrePagella(0)/m/n/14.4'.
(microtype)             Ignoring protrusion settings for this character.
Package microtype Info: Character `₅' is missing
(microtype)             in font `\TU/TeXGyrePagella(0)/m/n/14.4'.
(microtype)             Ignoring protrusion settings for this character.
Package microtype Info: Character `₆' is missing
(microtype)             in font `\TU/TeXGyrePagella(0)/m/n/14.4'.
(microtype)             Ignoring protrusion settings for this character.
Package microtype Info: Character `₇' is missing
(microtype)             in font `\TU/TeXGyrePagella(0)/m/n/14.4'.
(microtype)             Ignoring protrusion settings for this character.
Package microtype Info: Character `₈' is missing
(microtype)             in font `\TU/TeXGyrePagella(0)/m/n/14.4'.
(microtype)             Ignoring protrusion settings for this character.
Package microtype Info: Character `₉' is missing
(microtype)             in font `\TU/TeXGyrePagella(0)/m/n/14.4'.
(microtype)             Ignoring protrusion settings for this character.
Package microtype Info: Character `₊' is missing
(microtype)             in font `\TU/TeXGyrePagella(0)/m/n/14.4'.
(microtype)             Ignoring protrusion settings for this character.
Package microtype Info: Character `₋' is missing
(microtype)             in font `\TU/TeXGyrePagella(0)/m/n/14.4'.
(microtype)             Ignoring protrusion settings for this character.
Package microtype Info: Character `⁺' is missing
(microtype)             in font `\TU/TeXGyrePagella(0)/m/n/14.4'.
(microtype)             Ignoring protrusion settings for this character.
Package microtype Info: Character `⁻' is missing
(microtype)             in font `\TU/TeXGyrePagella(0)/m/n/14.4'.
(microtype)             Ignoring protrusion settings for this character.
[5]
Missing character: There is no 📚 (U+1F4DA) in font TeXGyrePagella-Bold/OT:scrip
t=latn;language=dflt;mapping=tex-text;!
Missing character: There is no 📚 (U+1F4DA) in font TeXGyrePagella-Bold/OT:scrip
t=latn;language=dflt;mapping=tex-text;!
! Undefined control sequence.
<recently read> \passthrough 
                             
l.261   \textbf{📚 在线文档}：访问 \passthrough
                                       {\lstinline!http://localhost:8000!} 查...
The control sequence at the end of the top line
of your error message was never \def'ed. If you have
misspelled it (e.g., `\hobx'), type `I' and the correct
spelling (e.g., `I\hbox'). Otherwise just continue,
and I'll forget about whatever was undefined.

Missing character: There is no 💻 (U+1F4BB) in font TeXGyrePagella-Bold/OT:scrip
t=latn;language=dflt;mapping=tex-text;!
Missing character: There is no 💻 (U+1F4BB) in font TeXGyrePagella-Bold/OT:scrip
t=latn;language=dflt;mapping=tex-text;!
Missing character: There is no 🎥 (U+1F3A5) in font TeXGyrePagella-Bold/OT:scrip
t=latn;language=dflt;mapping=tex-text;!
Missing character: There is no 🎥 (U+1F3A5) in font TeXGyrePagella-Bold/OT:scrip
t=latn;language=dflt;mapping=tex-text;!
Missing character: There is no 💬 (U+1F4AC) in font TeXGyrePagella-Bold/OT:scrip
t=latn;language=dflt;mapping=tex-text;!
Missing character: There is no 💬 (U+1F4AC) in font TeXGyrePagella-Bold/OT:scrip
t=latn;language=dflt;mapping=tex-text;!
Missing character: There is no 🐍 (U+1F40D) in font TeXGyrePagella-Bold/OT:scrip
t=latn;language=dflt;mapping=tex-text;!
Missing character: There is no 🐍 (U+1F40D) in font TeXGyrePagella-Bold/OT:scrip
t=latn;language=dflt;mapping=tex-text;!
Missing character: There is no 📝 (U+1F4DD) in font TeXGyrePagella-Bold/OT:scrip
t=latn;language=dflt;mapping=tex-text;!
Missing character: There is no 📝 (U+1F4DD) in font TeXGyrePagella-Bold/OT:scrip
t=latn;language=dflt;mapping=tex-text;!
Missing character: There is no 🔧 (U+1F527) in font TeXGyrePagella-Bold/OT:scrip
t=latn;language=dflt;mapping=tex-text;!
Missing character: There is no 🔧 (U+1F527) in font TeXGyrePagella-Bold/OT:scrip
t=latn;language=dflt;mapping=tex-text;!
Missing character: There is no 📦 (U+1F4E6) in font TeXGyrePagella-Bold/OT:scrip
t=latn;language=dflt;mapping=tex-text;!
Missing character: There is no 📦 (U+1F4E6) in font TeXGyrePagella-Bold/OT:scrip
t=latn;language=dflt;mapping=tex-text;!
Missing character: There is no 💻 (U+1F4BB) in font TeXGyrePagella-Bold/OT:scrip
t=latn;language=dflt;mapping=tex-text;!
Missing character: There is no 💻 (U+1F4BB) in font TeXGyrePagella-Bold/OT:scrip
t=latn;language=dflt;mapping=tex-text;!
Missing character: There is no 🎨 (U+1F3A8) in font TeXGyrePagella-Bold/OT:scrip
t=latn;language=dflt;mapping=tex-text;!
Missing character: There is no 🎨 (U+1F3A8) in font TeXGyrePagella-Bold/OT:scrip
t=latn;language=dflt;mapping=tex-text;!
Missing character: There is no 🗄 (U+1F5C4) in font TeXGyrePagella-Bold/OT:scrip
t=latn;language=dflt;mapping=tex-text;!
Missing character: There is no ️ (U+FE0F) in font Microsoft YaHei Negreta/OT:sc
ript=hani;language=dflt;!
Missing character: There is no 🗄 (U+1F5C4) in font TeXGyrePagella-Bold/OT:scrip
t=latn;language=dflt;mapping=tex-text;!
Missing character: There is no ️ (U+FE0F) in font Microsoft YaHei Negreta/OT:sc
ript=hani;language=dflt;!
Missing character: There is no 🗄 (U+1F5C4) in font TeXGyrePagella-Bold/OT:scrip
t=latn;language=dflt;mapping=tex-text;!
Missing character: There is no ️ (U+FE0F) in font Microsoft YaHei Negreta/OT:sc
ript=hani;language=dflt;!


[6]
Missing character: There is no 🎥 (U+1F3A5) in font TeXGyrePagella-Bold/OT:scrip
t=latn;language=dflt;mapping=tex-text;!
Missing character: There is no 🎥 (U+1F3A5) in font TeXGyrePagella-Bold/OT:scrip
t=latn;language=dflt;mapping=tex-text;!
Missing character: There is no 📋 (U+1F4CB) in font TeXGyrePagella-Bold/OT:scrip
t=latn;language=dflt;mapping=tex-text;!
Missing character: There is no 📋 (U+1F4CB) in font TeXGyrePagella-Bold/OT:scrip
t=latn;language=dflt;mapping=tex-text;!
Missing character: There is no 🔗 (U+1F517) in font TeXGyrePagella-Bold/OT:scrip
t=latn;language=dflt;mapping=tex-text;!
Missing character: There is no 🔗 (U+1F517) in font TeXGyrePagella-Bold/OT:scrip
t=latn;language=dflt;mapping=tex-text;!
Missing character: There is no 🌐 (U+1F310) in font TeXGyrePagella-Bold/OT:scrip
t=latn;language=dflt;mapping=tex-text;!
Missing character: There is no 🌐 (U+1F310) in font TeXGyrePagella-Bold/OT:scrip
t=latn;language=dflt;mapping=tex-text;!
Missing character: There is no 💬 (U+1F4AC) in font TeXGyrePagella-Bold/OT:scrip
t=latn;language=dflt;mapping=tex-text;!
Missing character: There is no 💬 (U+1F4AC) in font TeXGyrePagella-Bold/OT:scrip
t=latn;language=dflt;mapping=tex-text;!
Missing character: There is no 🚀 (U+1F680) in font TeXGyrePagella-Bold/OT:scrip
t=latn;language=dflt;mapping=tex-text;!
Missing character: There is no 🚀 (U+1F680) in font TeXGyrePagella-Bold/OT:scrip
t=latn;language=dflt;mapping=tex-text;!
Missing character: There is no 📧 (U+1F4E7) in font TeXGyrePagella-Bold/OT:scrip
t=latn;language=dflt;mapping=tex-text;!
Missing character: There is no 📧 (U+1F4E7) in font TeXGyrePagella-Bold/OT:scrip
t=latn;language=dflt;mapping=tex-text;!
Missing character: There is no 📧 (U+1F4E7) in font TeXGyrePagella-Bold/OT:scrip
t=latn;language=dflt;mapping=tex-text;!
Missing character: There is no 📧 (U+1F4E7) in font TeXGyrePagella-Bold/OT:scrip
t=latn;language=dflt;mapping=tex-text;!
Missing character: There is no 💻 (U+1F4BB) in font TeXGyrePagella-Bold/OT:scrip
t=latn;language=dflt;mapping=tex-text;!
Missing character: There is no 💻 (U+1F4BB) in font TeXGyrePagella-Bold/OT:scrip
t=latn;language=dflt;mapping=tex-text;!
Missing character: There is no 🐛 (U+1F41B) in font TeXGyrePagella-Bold/OT:scrip
t=latn;language=dflt;mapping=tex-text;!
Missing character: There is no 🐛 (U+1F41B) in font TeXGyrePagella-Bold/OT:scrip
t=latn;language=dflt;mapping=tex-text;!
Missing character: There is no 💬 (U+1F4AC) in font TeXGyrePagella-Bold/OT:scrip
t=latn;language=dflt;mapping=tex-text;!
Missing character: There is no 💬 (U+1F4AC) in font TeXGyrePagella-Bold/OT:scrip
t=latn;language=dflt;mapping=tex-text;!
Missing character: There is no 📚 (U+1F4DA) in font TeXGyrePagella-Bold/OT:scrip
t=latn;language=dflt;mapping=tex-text;!
Missing character: There is no 📚 (U+1F4DA) in font TeXGyrePagella-Bold/OT:scrip
t=latn;language=dflt;mapping=tex-text;!
)

[7]

[8]
Package microtype Info: Character `ﬆ' is missing
(microtype)             in font `\TU/TeXGyrePagella(0)/m/n/24.88'.
(microtype)             Ignoring protrusion settings for this character.
Package microtype Info: Character `ﬅ' is missing
(microtype)             in font `\TU/TeXGyrePagella(0)/m/n/24.88'.
(microtype)             Ignoring protrusion settings for this character.
Package microtype Info: Character `‥' is missing
(microtype)             in font `\TU/TeXGyrePagella(0)/m/n/24.88'.
(microtype)             Ignoring protrusion settings for this character.
Package microtype Info: Character `‼' is missing
(microtype)             in font `\TU/TeXGyrePagella(0)/m/n/24.88'.
(microtype)             Ignoring protrusion settings for this character.
Package microtype Info: Character `⁰' is missing
(microtype)             in font `\TU/TeXGyrePagella(0)/m/n/24.88'.
(microtype)             Ignoring protrusion settings for this character.
Package microtype Info: Character `⁴' is missing
(microtype)             in font `\TU/TeXGyrePagella(0)/m/n/24.88'.
(microtype)             Ignoring protrusion settings for this character.
Package microtype Info: Character `⁵' is missing
(microtype)             in font `\TU/TeXGyrePagella(0)/m/n/24.88'.
(microtype)             Ignoring protrusion settings for this character.
Package microtype Info: Character `⁶' is missing
(microtype)             in font `\TU/TeXGyrePagella(0)/m/n/24.88'.
(microtype)             Ignoring protrusion settings for this character.
Package microtype Info: Character `⁷' is missing
(microtype)             in font `\TU/TeXGyrePagella(0)/m/n/24.88'.
(microtype)             Ignoring protrusion settings for this character.
Package microtype Info: Character `⁸' is missing
(microtype)             in font `\TU/TeXGyrePagella(0)/m/n/24.88'.
(microtype)             Ignoring protrusion settings for this character.
Package microtype Info: Character `⁹' is missing
(microtype)             in font `\TU/TeXGyrePagella(0)/m/n/24.88'.
(microtype)             Ignoring protrusion settings for this character.
Package microtype Info: Character `₀' is missing
(microtype)             in font `\TU/TeXGyrePagella(0)/m/n/24.88'.
(microtype)             Ignoring protrusion settings for this character.
Package microtype Info: Character `₁' is missing
(microtype)             in font `\TU/TeXGyrePagella(0)/m/n/24.88'.
(microtype)             Ignoring protrusion settings for this character.
Package microtype Info: Character `₂' is missing
(microtype)             in font `\TU/TeXGyrePagella(0)/m/n/24.88'.
(microtype)             Ignoring protrusion settings for this character.
Package microtype Info: Character `₃' is missing
(microtype)             in font `\TU/TeXGyrePagella(0)/m/n/24.88'.
(microtype)             Ignoring protrusion settings for this character.
Package microtype Info: Character `₄' is missing
(microtype)             in font `\TU/TeXGyrePagella(0)/m/n/24.88'.
(microtype)             Ignoring protrusion settings for this character.
Package microtype Info: Character `₅' is missing
(microtype)             in font `\TU/TeXGyrePagella(0)/m/n/24.88'.
(microtype)             Ignoring protrusion settings for this character.
Package microtype Info: Character `₆' is missing
(microtype)             in font `\TU/TeXGyrePagella(0)/m/n/24.88'.
(microtype)             Ignoring protrusion settings for this character.
Package microtype Info: Character `₇' is missing
(microtype)             in font `\TU/TeXGyrePagella(0)/m/n/24.88'.
(microtype)             Ignoring protrusion settings for this character.
Package microtype Info: Character `₈' is missing
(microtype)             in font `\TU/TeXGyrePagella(0)/m/n/24.88'.
(microtype)             Ignoring protrusion settings for this character.
Package microtype Info: Character `₉' is missing
(microtype)             in font `\TU/TeXGyrePagella(0)/m/n/24.88'.
(microtype)             Ignoring protrusion settings for this character.
Package microtype Info: Character `₊' is missing
(microtype)             in font `\TU/TeXGyrePagella(0)/m/n/24.88'.
(microtype)             Ignoring protrusion settings for this character.
Package microtype Info: Character `₋' is missing
(microtype)             in font `\TU/TeXGyrePagella(0)/m/n/24.88'.
(microtype)             Ignoring protrusion settings for this character.
Package microtype Info: Character `⁺' is missing
(microtype)             in font `\TU/TeXGyrePagella(0)/m/n/24.88'.
(microtype)             Ignoring protrusion settings for this character.
Package microtype Info: Character `⁻' is missing
(microtype)             in font `\TU/TeXGyrePagella(0)/m/n/24.88'.
(microtype)             Ignoring protrusion settings for this character.
 (./main.toc
Package microtype Info: Character `ﬆ' is missing
(microtype)             in font `\TU/TeXGyrePagella(0)/m/n/8'.
(microtype)             Ignoring protrusion settings for this character.
Package microtype Info: Character `ﬅ' is missing
(microtype)             in font `\TU/TeXGyrePagella(0)/m/n/8'.
(microtype)             Ignoring protrusion settings for this character.
Package microtype Info: Character `‥' is missing
(microtype)             in font `\TU/TeXGyrePagella(0)/m/n/8'.
(microtype)             Ignoring protrusion settings for this character.
Package microtype Info: Character `‼' is missing
(microtype)             in font `\TU/TeXGyrePagella(0)/m/n/8'.
(microtype)             Ignoring protrusion settings for this character.
Package microtype Info: Character `⁰' is missing
(microtype)             in font `\TU/TeXGyrePagella(0)/m/n/8'.
(microtype)             Ignoring protrusion settings for this character.
Package microtype Info: Character `⁴' is missing
(microtype)             in font `\TU/TeXGyrePagella(0)/m/n/8'.
(microtype)             Ignoring protrusion settings for this character.
Package microtype Info: Character `⁵' is missing
(microtype)             in font `\TU/TeXGyrePagella(0)/m/n/8'.
(microtype)             Ignoring protrusion settings for this character.
Package microtype Info: Character `⁶' is missing
(microtype)             in font `\TU/TeXGyrePagella(0)/m/n/8'.
(microtype)             Ignoring protrusion settings for this character.
Package microtype Info: Character `⁷' is missing
(microtype)             in font `\TU/TeXGyrePagella(0)/m/n/8'.
(microtype)             Ignoring protrusion settings for this character.
Package microtype Info: Character `⁸' is missing
(microtype)             in font `\TU/TeXGyrePagella(0)/m/n/8'.
(microtype)             Ignoring protrusion settings for this character.
Package microtype Info: Character `⁹' is missing
(microtype)             in font `\TU/TeXGyrePagella(0)/m/n/8'.
(microtype)             Ignoring protrusion settings for this character.
Package microtype Info: Character `₀' is missing
(microtype)             in font `\TU/TeXGyrePagella(0)/m/n/8'.
(microtype)             Ignoring protrusion settings for this character.
Package microtype Info: Character `₁' is missing
(microtype)             in font `\TU/TeXGyrePagella(0)/m/n/8'.
(microtype)             Ignoring protrusion settings for this character.
Package microtype Info: Character `₂' is missing
(microtype)             in font `\TU/TeXGyrePagella(0)/m/n/8'.
(microtype)             Ignoring protrusion settings for this character.
Package microtype Info: Character `₃' is missing
(microtype)             in font `\TU/TeXGyrePagella(0)/m/n/8'.
(microtype)             Ignoring protrusion settings for this character.
Package microtype Info: Character `₄' is missing
(microtype)             in font `\TU/TeXGyrePagella(0)/m/n/8'.
(microtype)             Ignoring protrusion settings for this character.
Package microtype Info: Character `₅' is missing
(microtype)             in font `\TU/TeXGyrePagella(0)/m/n/8'.
(microtype)             Ignoring protrusion settings for this character.
Package microtype Info: Character `₆' is missing
(microtype)             in font `\TU/TeXGyrePagella(0)/m/n/8'.
(microtype)             Ignoring protrusion settings for this character.
Package microtype Info: Character `₇' is missing
(microtype)             in font `\TU/TeXGyrePagella(0)/m/n/8'.
(microtype)             Ignoring protrusion settings for this character.
Package microtype Info: Character `₈' is missing
(microtype)             in font `\TU/TeXGyrePagella(0)/m/n/8'.
(microtype)             Ignoring protrusion settings for this character.
Package microtype Info: Character `₉' is missing
(microtype)             in font `\TU/TeXGyrePagella(0)/m/n/8'.
(microtype)             Ignoring protrusion settings for this character.
Package microtype Info: Character `₊' is missing
(microtype)             in font `\TU/TeXGyrePagella(0)/m/n/8'.
(microtype)             Ignoring protrusion settings for this character.
Package microtype Info: Character `₋' is missing
(microtype)             in font `\TU/TeXGyrePagella(0)/m/n/8'.
(microtype)             Ignoring protrusion settings for this character.
Package microtype Info: Character `⁺' is missing
(microtype)             in font `\TU/TeXGyrePagella(0)/m/n/8'.
(microtype)             Ignoring protrusion settings for this character.
Package microtype Info: Character `⁻' is missing
(microtype)             in font `\TU/TeXGyrePagella(0)/m/n/8'.
(microtype)             Ignoring protrusion settings for this character.
LaTeX Font Info:    Trying to load font information for U+msa on input line 1.
 (c:/texlive/2025/texmf-dist/tex/latex/amsfonts/umsa.fd
File: umsa.fd 2013/01/14 v3.01 AMS symbols A
)
(c:/texlive/2025/texmf-dist/tex/latex/microtype/mt-msa.cfg
File: mt-msa.cfg 2006/02/04 v1.1 microtype config. file: AMS symbols (a) (RS)
)
LaTeX Font Info:    Trying to load font information for U+msb on input line 1.

(c:/texlive/2025/texmf-dist/tex/latex/amsfonts/umsb.fd
File: umsb.fd 2013/01/14 v3.01 AMS symbols B
)
(c:/texlive/2025/texmf-dist/tex/latex/microtype/mt-msb.cfg
File: mt-msb.cfg 2005/06/01 v1.0 microtype config. file: AMS symbols (b) (RS)
)
(c:/texlive/2025/texmf-dist/tex/latex/microtype/mt-cmr.cfg
File: mt-cmr.cfg 2013/05/19 v2.2 microtype config. file: Computer Modern Roman 
(RS)
)
Underfull \vbox (badness 2142) has occurred while \output is active []



[9]

[10]

[11]

[12]

[13]

[14]

[15]

[16]

[17]

[18]

[19]
Underfull \vbox (badness 2680) has occurred while \output is active []



[20]

[21]
Underfull \vbox (badness 2680) has occurred while \output is active []



[22]
Underfull \vbox (badness 10000) has occurred while \output is active []



[23]
Underfull \vbox (badness 5022) has occurred while \output is active []



[24])
\tf@toc=\write5
\openout5 = `main.toc'.



[25]

[26

] (./chapters/chapter01.tex
Chapter 1.

Underfull \vbox (badness 10000) has occurred while \output is active []



[1

]

[2]
Underfull \vbox (badness 10000) has occurred while \output is active []



[3]
Underfull \vbox (badness 10000) has occurred while \output is active []



[4]

[5]

[6]

[7]
Underfull \vbox (badness 10000) has occurred while \output is active []



[8]

[9]

[10]

[11]

[12]

[13]

[14]

[15]

[16]
Underfull \vbox (badness 10000) has occurred while \output is active []



[17]

[18]
Underfull \vbox (badness 10000) has occurred while \output is active []



[19]) (./chapters/chapter02.tex

[20]
Chapter 2.

Underfull \vbox (badness 10000) has occurred while \output is active []



[21

] [22]

[23]

[24]
Underfull \vbox (badness 1127) has occurred while \output is active []



[25]
File: images/chapter02/image1.png Graphic file (type bmp)
<images/chapter02/image1.png>
Package microtype Info: Character `ﬆ' is missing
(microtype)             in font `\TU/TeXGyrePagella(0)/b/n/10.95'.
(microtype)             Ignoring protrusion settings for this character.
Package microtype Info: Character `ﬅ' is missing
(microtype)             in font `\TU/TeXGyrePagella(0)/b/n/10.95'.
(microtype)             Ignoring protrusion settings for this character.
Package microtype Info: Character `‥' is missing
(microtype)             in font `\TU/TeXGyrePagella(0)/b/n/10.95'.
(microtype)             Ignoring protrusion settings for this character.
Package microtype Info: Character `‼' is missing
(microtype)             in font `\TU/TeXGyrePagella(0)/b/n/10.95'.
(microtype)             Ignoring protrusion settings for this character.
Package microtype Info: Character `⁰' is missing
(microtype)             in font `\TU/TeXGyrePagella(0)/b/n/10.95'.
(microtype)             Ignoring protrusion settings for this character.
Package microtype Info: Character `⁴' is missing
(microtype)             in font `\TU/TeXGyrePagella(0)/b/n/10.95'.
(microtype)             Ignoring protrusion settings for this character.
Package microtype Info: Character `⁵' is missing
(microtype)             in font `\TU/TeXGyrePagella(0)/b/n/10.95'.
(microtype)             Ignoring protrusion settings for this character.
Package microtype Info: Character `⁶' is missing
(microtype)             in font `\TU/TeXGyrePagella(0)/b/n/10.95'.
(microtype)             Ignoring protrusion settings for this character.
Package microtype Info: Character `⁷' is missing
(microtype)             in font `\TU/TeXGyrePagella(0)/b/n/10.95'.
(microtype)             Ignoring protrusion settings for this character.
Package microtype Info: Character `⁸' is missing
(microtype)             in font `\TU/TeXGyrePagella(0)/b/n/10.95'.
(microtype)             Ignoring protrusion settings for this character.
Package microtype Info: Character `⁹' is missing
(microtype)             in font `\TU/TeXGyrePagella(0)/b/n/10.95'.
(microtype)             Ignoring protrusion settings for this character.
Package microtype Info: Character `₀' is missing
(microtype)             in font `\TU/TeXGyrePagella(0)/b/n/10.95'.
(microtype)             Ignoring protrusion settings for this character.
Package microtype Info: Character `₁' is missing
(microtype)             in font `\TU/TeXGyrePagella(0)/b/n/10.95'.
(microtype)             Ignoring protrusion settings for this character.
Package microtype Info: Character `₂' is missing
(microtype)             in font `\TU/TeXGyrePagella(0)/b/n/10.95'.
(microtype)             Ignoring protrusion settings for this character.
Package microtype Info: Character `₃' is missing
(microtype)             in font `\TU/TeXGyrePagella(0)/b/n/10.95'.
(microtype)             Ignoring protrusion settings for this character.
Package microtype Info: Character `₄' is missing
(microtype)             in font `\TU/TeXGyrePagella(0)/b/n/10.95'.
(microtype)             Ignoring protrusion settings for this character.
Package microtype Info: Character `₅' is missing
(microtype)             in font `\TU/TeXGyrePagella(0)/b/n/10.95'.
(microtype)             Ignoring protrusion settings for this character.
Package microtype Info: Character `₆' is missing
(microtype)             in font `\TU/TeXGyrePagella(0)/b/n/10.95'.
(microtype)             Ignoring protrusion settings for this character.
Package microtype Info: Character `₇' is missing
(microtype)             in font `\TU/TeXGyrePagella(0)/b/n/10.95'.
(microtype)             Ignoring protrusion settings for this character.
Package microtype Info: Character `₈' is missing
(microtype)             in font `\TU/TeXGyrePagella(0)/b/n/10.95'.
(microtype)             Ignoring protrusion settings for this character.
Package microtype Info: Character `₉' is missing
(microtype)             in font `\TU/TeXGyrePagella(0)/b/n/10.95'.
(microtype)             Ignoring protrusion settings for this character.
Package microtype Info: Character `₊' is missing
(microtype)             in font `\TU/TeXGyrePagella(0)/b/n/10.95'.
(microtype)             Ignoring protrusion settings for this character.
Package microtype Info: Character `₋' is missing
(microtype)             in font `\TU/TeXGyrePagella(0)/b/n/10.95'.
(microtype)             Ignoring protrusion settings for this character.
Package microtype Info: Character `⁺' is missing
(microtype)             in font `\TU/TeXGyrePagella(0)/b/n/10.95'.
(microtype)             Ignoring protrusion settings for this character.
Package microtype Info: Character `⁻' is missing
(microtype)             in font `\TU/TeXGyrePagella(0)/b/n/10.95'.
(microtype)             Ignoring protrusion settings for this character.


[26]
Underfull \vbox (badness 10000) has occurred while \output is active []



[27]
File: images/chapter02/image2.png Graphic file (type bmp)
<images/chapter02/image2.png>


[28]
File: images/chapter02/image3.png Graphic file (type bmp)
<images/chapter02/image3.png>
File: images/chapter02/image4.png Graphic file (type bmp)
<images/chapter02/image4.png>


[29]

[30]
File: images/chapter02/image5.png Graphic file (type bmp)
<images/chapter02/image5.png>


[31]
Underfull \vbox (badness 10000) has occurred while \output is active []



[32]
File: images/chapter02/image6.png Graphic file (type bmp)
<images/chapter02/image6.png>


[33]

[34]
File: images/chapter02/image7.png Graphic file (type bmp)
<images/chapter02/image7.png>


[35]
File: images/chapter02/image8.png Graphic file (type bmp)
<images/chapter02/image8.png>


[36]

[37]

[38]

[39]
File: images/chapter02/image9.png Graphic file (type bmp)
<images/chapter02/image9.png>


[40]

Package microtype Info: Character `ﬆ' is missing
(microtype)             in font `\TU/TeXGyrePagella(0)/m/n/17.28'.
(microtype)             Ignoring protrusion settings for this character.
Package microtype Info: Character `ﬅ' is missing
(microtype)             in font `\TU/TeXGyrePagella(0)/m/n/17.28'.
(microtype)             Ignoring protrusion settings for this character.
Package microtype Info: Character `‥' is missing
(microtype)             in font `\TU/TeXGyrePagella(0)/m/n/17.28'.
(microtype)             Ignoring protrusion settings for this character.
Package microtype Info: Character `‼' is missing
(microtype)             in font `\TU/TeXGyrePagella(0)/m/n/17.28'.
(microtype)             Ignoring protrusion settings for this character.
Package microtype Info: Character `⁰' is missing
(microtype)             in font `\TU/TeXGyrePagella(0)/m/n/17.28'.
(microtype)             Ignoring protrusion settings for this character.
Package microtype Info: Character `⁴' is missing
(microtype)             in font `\TU/TeXGyrePagella(0)/m/n/17.28'.
(microtype)             Ignoring protrusion settings for this character.
Package microtype Info: Character `⁵' is missing
(microtype)             in font `\TU/TeXGyrePagella(0)/m/n/17.28'.
(microtype)             Ignoring protrusion settings for this character.
Package microtype Info: Character `⁶' is missing
(microtype)             in font `\TU/TeXGyrePagella(0)/m/n/17.28'.
(microtype)             Ignoring protrusion settings for this character.
Package microtype Info: Character `⁷' is missing
(microtype)             in font `\TU/TeXGyrePagella(0)/m/n/17.28'.
(microtype)             Ignoring protrusion settings for this character.
Package microtype Info: Character `⁸' is missing
(microtype)             in font `\TU/TeXGyrePagella(0)/m/n/17.28'.
(microtype)             Ignoring protrusion settings for this character.
Package microtype Info: Character `⁹' is missing
(microtype)             in font `\TU/TeXGyrePagella(0)/m/n/17.28'.
(microtype)             Ignoring protrusion settings for this character.
Package microtype Info: Character `₀' is missing
(microtype)             in font `\TU/TeXGyrePagella(0)/m/n/17.28'.
(microtype)             Ignoring protrusion settings for this character.
Package microtype Info: Character `₁' is missing
(microtype)             in font `\TU/TeXGyrePagella(0)/m/n/17.28'.
(microtype)             Ignoring protrusion settings for this character.
Package microtype Info: Character `₂' is missing
(microtype)             in font `\TU/TeXGyrePagella(0)/m/n/17.28'.
(microtype)             Ignoring protrusion settings for this character.
Package microtype Info: Character `₃' is missing
(microtype)             in font `\TU/TeXGyrePagella(0)/m/n/17.28'.
(microtype)             Ignoring protrusion settings for this character.
Package microtype Info: Character `₄' is missing
(microtype)             in font `\TU/TeXGyrePagella(0)/m/n/17.28'.
(microtype)             Ignoring protrusion settings for this character.
Package microtype Info: Character `₅' is missing
(microtype)             in font `\TU/TeXGyrePagella(0)/m/n/17.28'.
(microtype)             Ignoring protrusion settings for this character.
Package microtype Info: Character `₆' is missing
(microtype)             in font `\TU/TeXGyrePagella(0)/m/n/17.28'.
(microtype)             Ignoring protrusion settings for this character.
Package microtype Info: Character `₇' is missing
(microtype)             in font `\TU/TeXGyrePagella(0)/m/n/17.28'.
(microtype)             Ignoring protrusion settings for this character.
Package microtype Info: Character `₈' is missing
(microtype)             in font `\TU/TeXGyrePagella(0)/m/n/17.28'.
(microtype)             Ignoring protrusion settings for this character.
Package microtype Info: Character `₉' is missing
(microtype)             in font `\TU/TeXGyrePagella(0)/m/n/17.28'.
(microtype)             Ignoring protrusion settings for this character.
Package microtype Info: Character `₊' is missing
(microtype)             in font `\TU/TeXGyrePagella(0)/m/n/17.28'.
(microtype)             Ignoring protrusion settings for this character.
Package microtype Info: Character `₋' is missing
(microtype)             in font `\TU/TeXGyrePagella(0)/m/n/17.28'.
(microtype)             Ignoring protrusion settings for this character.
Package microtype Info: Character `⁺' is missing
(microtype)             in font `\TU/TeXGyrePagella(0)/m/n/17.28'.
(microtype)             Ignoring protrusion settings for this character.
Package microtype Info: Character `⁻' is missing
(microtype)             in font `\TU/TeXGyrePagella(0)/m/n/17.28'.
(microtype)             Ignoring protrusion settings for this character.
[41]

[42]

[43]
File: images/chapter02/image10.png Graphic file (type bmp)
<images/chapter02/image10.png>


[44]

[45]
File: images/chapter02/image11.png Graphic file (type bmp)
<images/chapter02/image11.png>
File: images/chapter02/image12.png Graphic file (type bmp)
<images/chapter02/image12.png>
File: images/chapter02/image13.png Graphic file (type bmp)
<images/chapter02/image13.png>
File: images/chapter02/image14.png Graphic file (type bmp)
<images/chapter02/image14.png>
File: images/chapter02/image15.png Graphic file (type bmp)
<images/chapter02/image15.png>
File: images/chapter02/image16.png Graphic file (type bmp)
<images/chapter02/image16.png>
File: images/chapter02/image17.png Graphic file (type bmp)
<images/chapter02/image17.png>
File: images/chapter02/image18.png Graphic file (type bmp)
<images/chapter02/image18.png>
File: images/chapter02/image19.png Graphic file (type bmp)
<images/chapter02/image19.png>
File: images/chapter02/image20.png Graphic file (type bmp)
<images/chapter02/image20.png>
File: images/chapter02/image21.png Graphic file (type bmp)
<images/chapter02/image21.png>
File: images/chapter02/image22.png Graphic file (type bmp)
<images/chapter02/image22.png>
File: images/chapter02/image23.png Graphic file (type bmp)
<images/chapter02/image23.png>
 [46] [47]
File: images/chapter02/image24.png Graphic file (type bmp)
<images/chapter02/image24.png>


[48]
File: images/chapter02/image25.png Graphic file (type bmp)
<images/chapter02/image25.png>

Underfull \vbox (badness 10000) has occurred while \output is active []



[49]
File: images/chapter02/image26.png Graphic file (type bmp)
<images/chapter02/image26.png>


[50]

[51]
Underfull \vbox (badness 10000) has occurred while \output is active []



[52]) (./chapters/chapter03.tex

[53]

[54

]
Chapter 3.

Underfull \vbox (badness 10000) has occurred while \output is active []



[55]

[56]

! LaTeX Error: Something's wrong--perhaps a missing \item.

See the LaTeX manual or LaTeX Companion for explanation.
Type  H <return>  for immediate help.
 ...                                              
                                                  
l.111 \begin
            {itemize}
Try typing  <return>  to proceed.
If that doesn't work, type  X <return>  to quit.


! LaTeX Error: Something's wrong--perhaps a missing \item.

See the LaTeX manual or LaTeX Companion for explanation.
Type  H <return>  for immediate help.
 ...                                              
                                                  
l.112 \item
            \textbf{单一职责原则(SRP)}：一个模块只负责一个功能领域
Try typing  <return>  to proceed.
If that doesn't work, type  X <return>  to quit.


! LaTeX Error: Something's wrong--perhaps a missing \item.

See the LaTeX manual or LaTeX Companion for explanation.
Type  H <return>  for immediate help.
 ...                                              
                                                  
l.124 \begin
            {itemize}
Try typing  <return>  to proceed.
If that doesn't work, type  X <return>  to quit.


! LaTeX Error: Something's wrong--perhaps a missing \item.

See the LaTeX manual or LaTeX Companion for explanation.
Type  H <return>  for immediate help.
 ...                                              
                                                  
l.125 \item
            \textbf{业务导向原则}：模块划分符合水利业务流程
Try typing  <return>  to proceed.
If that doesn't work, type  X <return>  to quit.



[57]

[58]
Underfull \vbox (badness 10000) has occurred while \output is active []



[59]

[60]
Underfull \vbox (badness 10000) has occurred while \output is active []



[61]
Underfull \vbox (badness 10000) has occurred while \output is active []



[62]

[63]
Underfull \vbox (badness 10000) has occurred while \output is active []



[64]

[65]

[66]
Underfull \vbox (badness 1137) has occurred while \output is active []



[67]

[68]

[69]

[70]

[71]

[72]

[73]

[74]

[75]
Underfull \vbox (badness 1142) has occurred while \output is active []



[76]

[77]

[78]
Underfull \vbox (badness 5091) has occurred while \output is active []



[79]

[80]

[81]

[82]

[83]
Underfull \vbox (badness 10000) has occurred while \output is active []



[84]
Underfull \vbox (badness 10000) has occurred while \output is active []



[85]
Underfull \vbox (badness 10000) has occurred while \output is active []



[86]
Underfull \vbox (badness 10000) has occurred while \output is active []



[87]

[88]

[89]

[90]

[91]
Underfull \vbox (badness 10000) has occurred while \output is active []



[92]

[93]

[94]

[95]
Underfull \vbox (badness 10000) has occurred while \output is active []



[96]

[97]

[98]) (./chapters/chapter04.tex

[99]

[100

]
Chapter 4.


[101]
Underfull \vbox (badness 10000) has occurred while \output is active []



[102]
Underfull \vbox (badness 6825) has occurred while \output is active []



[103]
Underfull \vbox (badness 10000) has occurred while \output is active []



[104]
Underfull \vbox (badness 10000) has occurred while \output is active []



[105]
Underfull \vbox (badness 10000) has occurred while \output is active []



[106]

[107]

[108]
Underfull \vbox (badness 4569) has occurred while \output is active []



[109]

[110]

[111]

[112] (c:/texlive/2025/texmf-dist/tex/latex/listings/lstlang1.sty
File: lstlang1.sty 2024/09/23 1.10c listings language file
)
(c:/texlive/2025/texmf-dist/tex/latex/listings/lstmisc.sty
File: lstmisc.sty 2024/09/23 1.10c (Carsten Heinz)
)

[113]

[114]

[115]

! LaTeX Error: Lonely \item--perhaps a missing list environment.

See the LaTeX manual or LaTeX Companion for explanation.
Type  H <return>  for immediate help.
 ...                                              
                                                  
l.476   \textbf
               {属性值使用引号}：推荐使用双引号
Try typing  <return>  to proceed.
If that doesn't work, type  X <return>  to quit.


! LaTeX Error: Lonely \item--perhaps a missing list environment.

See the LaTeX manual or LaTeX Companion for explanation.
Type  H <return>  for immediate help.
 ...                                              
                                                  
l.483   \textbf
               {正确嵌套}：内部元素必须完全包含在外部元素内
Try typing  <return>  to proceed.
If that doesn't work, type  X <return>  to quit.


! LaTeX Error: Lonely \item--perhaps a missing list environment.

See the LaTeX manual or LaTeX Companion for explanation.
Type  H <return>  for immediate help.
 ...                                              
                                                  
l.494   \textbf
               {自闭合标签}：空元素可以自闭合
Try typing  <return>  to proceed.
If that doesn't work, type  X <return>  to quit.

! Undefined control sequence.
\enit@endenumerate ->\enit@after 
                                 \endlist \ifx \enit@series \relax \else \if...
l.503 \end{enumerate}
                     
The control sequence at the end of the top line
of your error message was never \def'ed. If you have
misspelled it (e.g., `\hobx'), type `I' and the correct
spelling (e.g., `I\hbox'). Otherwise just continue,
and I'll forget about whatever was undefined.

! Undefined control sequence.
\enit@endenumerate ...\else \ifnum \enit@resuming 
                                                  =\@ne \enit@setresumekeys ...
l.503 \end{enumerate}
                     
The control sequence at the end of the top line
of your error message was never \def'ed. If you have
misspelled it (e.g., `\hobx'), type `I' and the correct
spelling (e.g., `I\hbox'). Otherwise just continue,
and I'll forget about whatever was undefined.

! Missing number, treated as zero.
<to be read again> 
                   =
l.503 \end{enumerate}
                     
A number should have been here; I inserted `0'.
(If you can't figure out why I needed to see a number,
look up `weird error' in the index to The TeXbook.)

! Undefined control sequence.
\enit@setresumekeys ...xpandafter {\enit@savekeys 
                                                  }\xdef \enit@afterlist {#2...
l.503 \end{enumerate}
                     
The control sequence at the end of the top line
of your error message was never \def'ed. If you have
misspelled it (e.g., `\hobx'), type `I' and the correct
spelling (e.g., `I\hbox'). Otherwise just continue,
and I'll forget about whatever was undefined.

! Undefined control sequence.
\enit@setresumekeys ...it@toks }\ifnum \enit@type 
                                                  =\z@ #3\def \enit@noexcs {...
l.503 \end{enumerate}
                     
The control sequence at the end of the top line
of your error message was never \def'ed. If you have
misspelled it (e.g., `\hobx'), type `I' and the correct
spelling (e.g., `I\hbox'). Otherwise just continue,
and I'll forget about whatever was undefined.

! Missing number, treated as zero.
<to be read again> 
                   =
l.503 \end{enumerate}
                     
A number should have been here; I inserted `0'.
(If you can't figure out why I needed to see a number,
look up `weird error' in the index to The TeXbook.)

! Undefined control sequence.
<argument> enit@resume@series@\enit@series 
                                           
l.503 \end{enumerate}
                     
The control sequence at the end of the top line
of your error message was never \def'ed. If you have
misspelled it (e.g., `\hobx'), type `I' and the correct
spelling (e.g., `I\hbox'). Otherwise just continue,
and I'll forget about whatever was undefined.

! Undefined control sequence.
\enit@setresumekeys ...me@#1}{\csname c@\@listctr 
                                                  \endcsname \the \csname c@...
l.503 \end{enumerate}
                     
The control sequence at the end of the top line
of your error message was never \def'ed. If you have
misspelled it (e.g., `\hobx'), type `I' and the correct
spelling (e.g., `I\hbox'). Otherwise just continue,
and I'll forget about whatever was undefined.

! Undefined control sequence.
\enit@setresumekeys ...e \the \csname c@\@listctr 
                                                  \endcsname }\fi }
l.503 \end{enumerate}
                     
The control sequence at the end of the top line
of your error message was never \def'ed. If you have
misspelled it (e.g., `\hobx'), type `I' and the correct
spelling (e.g., `I\hbox'). Otherwise just continue,
and I'll forget about whatever was undefined.

! You can't use `\relax' after \the.
<recently read> \c@ 
                    
l.503 \end{enumerate}
                     
I'm forgetting what you said and using zero instead.

! Undefined control sequence.
\enit@endenumerate ...t \fi \ifnum \enit@resuming 
                                                  =\thr@@ \enit@setresumekey...
l.503 \end{enumerate}
                     
The control sequence at the end of the top line
of your error message was never \def'ed. If you have
misspelled it (e.g., `\hobx'), type `I' and the correct
spelling (e.g., `I\hbox'). Otherwise just continue,
and I'll forget about whatever was undefined.

! Missing number, treated as zero.
<to be read again> 
                   =
l.503 \end{enumerate}
                     
A number should have been here; I inserted `0'.
(If you can't figure out why I needed to see a number,
look up `weird error' in the index to The TeXbook.)

! Undefined control sequence.
\enit@setresumekeys ...xpandafter {\enit@savekeys 
                                                  }\xdef \enit@afterlist {#2...
l.503 \end{enumerate}
                     
The control sequence at the end of the top line
of your error message was never \def'ed. If you have
misspelled it (e.g., `\hobx'), type `I' and the correct
spelling (e.g., `I\hbox'). Otherwise just continue,
and I'll forget about whatever was undefined.

! Undefined control sequence.
\enit@setresumekeys ...it@toks }\ifnum \enit@type 
                                                  =\z@ #3\def \enit@noexcs {...
l.503 \end{enumerate}
                     
The control sequence at the end of the top line
of your error message was never \def'ed. If you have
misspelled it (e.g., `\hobx'), type `I' and the correct
spelling (e.g., `I\hbox'). Otherwise just continue,
and I'll forget about whatever was undefined.

! Missing number, treated as zero.
<to be read again> 
                   =
l.503 \end{enumerate}
                     
A number should have been here; I inserted `0'.
(If you can't figure out why I needed to see a number,
look up `weird error' in the index to The TeXbook.)

! Undefined control sequence.
\enit@setresumekeys ...me@#1}{\csname c@\@listctr 
                                                  \endcsname \the \csname c@...
l.503 \end{enumerate}
                     
The control sequence at the end of the top line
of your error message was never \def'ed. If you have
misspelled it (e.g., `\hobx'), type `I' and the correct
spelling (e.g., `I\hbox'). Otherwise just continue,
and I'll forget about whatever was undefined.

! Undefined control sequence.
\enit@setresumekeys ...e \the \csname c@\@listctr 
                                                  \endcsname }\fi }
l.503 \end{enumerate}
                     
The control sequence at the end of the top line
of your error message was never \def'ed. If you have
misspelled it (e.g., `\hobx'), type `I' and the correct
spelling (e.g., `I\hbox'). Otherwise just continue,
and I'll forget about whatever was undefined.

! You can't use `\relax' after \the.
<recently read> \c@ 
                    
l.503 \end{enumerate}
                     
I'm forgetting what you said and using zero instead.


! LaTeX Error: \begin{document} ended by \end{enumerate}.

See the LaTeX manual or LaTeX Companion for explanation.
Type  H <return>  for immediate help.
 ...                                              
                                                  
l.503 \end{enumerate}
                     
Your command was ignored.
Type  I <command> <return>  to replace it with another command,
or  <return>  to continue without it.

! Extra \endgroup.
\end  ...end#1\endcsname \@checkend {#1}\endgroup 
                                                  \UseHook {env/#1/after}\if...
l.503 \end{enumerate}
                     
Things are pretty mixed up, but I think the worst is over.



[116]
Overfull \hbox (6.2916pt too wide) in paragraph at lines 542--542
[]|\TU/TeXGyreCursor(0)/m/n/12 <figcaption>|  
 []



[117]
! Undefined control sequence.
l.581 在使用\htmltag{nav}标签时，建议配合\passthrough
                                          {\lstinline!aria-label!}或\passthro...
The control sequence at the end of the top line
of your error message was never \def'ed. If you have
misspelled it (e.g., `\hobx'), type `I' and the correct
spelling (e.g., `I\hbox'). Otherwise just continue,
and I'll forget about whatever was undefined.

! Undefined control sequence.
l.581 ...ough{\lstinline!aria-label!}或\passthrough
                                                  {\lstinline!aria-labelledb...
The control sequence at the end of the top line
of your error message was never \def'ed. If you have
misspelled it (e.g., `\hobx'), type `I' and the correct
spelling (e.g., `I\hbox'). Otherwise just continue,
and I'll forget about whatever was undefined.



[118]

[119]
Underfull \vbox (badness 10000) has occurred while \output is active []



[120]

[121]

[122]
! Undefined control sequence.
l.749 ...要优势在于能够将人类可读的时间显示与标准化的时间格式（通过\passthrough
                                                  {\lstinline!datetime!}属性）结...
The control sequence at the end of the top line
of your error message was never \def'ed. If you have
misspelled it (e.g., `\hobx'), type `I' and the correct
spelling (e.g., `I\hbox'). Otherwise just continue,
and I'll forget about whatever was undefined.

! Undefined control sequence.
l.751 \htmltag{time}标签的\passthrough
                                   {\lstinline!datetime!}属性应该使用ISO 8601标准格式，...
The control sequence at the end of the top line
of your error message was never \def'ed. If you have
misspelled it (e.g., `\hobx'), type `I' and the correct
spelling (e.g., `I\hbox'). Otherwise just continue,
and I'll forget about whatever was undefined.

! Undefined control sequence.
l.751 ...表示完整的日期时间。即使标签内容使用更友好的时间表示方式，\passthrough
                                                  {\lstinline!datetime!}属性也应...
The control sequence at the end of the top line
of your error message was never \def'ed. If you have
misspelled it (e.g., `\hobx'), type `I' and the correct
spelling (e.g., `I\hbox'). Otherwise just continue,
and I'll forget about whatever was undefined.



[123]

[124]
! Undefined control sequence.
l.821 \passthrough
                  {\lstinline!email!} & 邮箱地址输入 & \passthrough{\lstinline!req...
The control sequence at the end of the top line
of your error message was never \def'ed. If you have
misspelled it (e.g., `\hobx'), type `I' and the correct
spelling (e.g., `I\hbox'). Otherwise just continue,
and I'll forget about whatever was undefined.

! Undefined control sequence.
l.821 ...lstinline!email!} & 邮箱地址输入 & \passthrough
                                                  {\lstinline!required!}, \p...
The control sequence at the end of the top line
of your error message was never \def'ed. If you have
misspelled it (e.g., `\hobx'), type `I' and the correct
spelling (e.g., `I\hbox'). Otherwise just continue,
and I'll forget about whatever was undefined.

! Undefined control sequence.
l.821 ...rough{\lstinline!required!}, \passthrough
                                                  {\lstinline!placeholder!} ...
The control sequence at the end of the top line
of your error message was never \def'ed. If you have
misspelled it (e.g., `\hobx'), type `I' and the correct
spelling (e.g., `I\hbox'). Otherwise just continue,
and I'll forget about whatever was undefined.

! Undefined control sequence.
<recently read> \passthrough 
                             
l.822 \passthrough
                  {\lstinline!url!} & 网址输入 & \passthrough{\lstinline!require...
The control sequence at the end of the top line
of your error message was never \def'ed. If you have
misspelled it (e.g., `\hobx'), type `I' and the correct
spelling (e.g., `I\hbox'). Otherwise just continue,
and I'll forget about whatever was undefined.

! Undefined control sequence.
l.822 ...gh{\lstinline!url!} & 网址输入 & \passthrough
                                                  {\lstinline!required!}, \p...
The control sequence at the end of the top line
of your error message was never \def'ed. If you have
misspelled it (e.g., `\hobx'), type `I' and the correct
spelling (e.g., `I\hbox'). Otherwise just continue,
and I'll forget about whatever was undefined.

! Undefined control sequence.
l.822 ...rough{\lstinline!required!}, \passthrough
                                                  {\lstinline!placeholder!} ...
The control sequence at the end of the top line
of your error message was never \def'ed. If you have
misspelled it (e.g., `\hobx'), type `I' and the correct
spelling (e.g., `I\hbox'). Otherwise just continue,
and I'll forget about whatever was undefined.

! Undefined control sequence.
<recently read> \passthrough 
                             
l.823 \passthrough
                  {\lstinline!number!} & 数值输入 & \passthrough{\lstinline!min!...
The control sequence at the end of the top line
of your error message was never \def'ed. If you have
misspelled it (e.g., `\hobx'), type `I' and the correct
spelling (e.g., `I\hbox'). Otherwise just continue,
and I'll forget about whatever was undefined.

! Undefined control sequence.
l.823 ...\lstinline!number!} & 数值输入 & \passthrough
                                                  {\lstinline!min!}, \passth...
The control sequence at the end of the top line
of your error message was never \def'ed. If you have
misspelled it (e.g., `\hobx'), type `I' and the correct
spelling (e.g., `I\hbox'). Otherwise just continue,
and I'll forget about whatever was undefined.

! Undefined control sequence.
l.823 ...assthrough{\lstinline!min!}, \passthrough
                                                  {\lstinline!max!}, \passth...
The control sequence at the end of the top line
of your error message was never \def'ed. If you have
misspelled it (e.g., `\hobx'), type `I' and the correct
spelling (e.g., `I\hbox'). Otherwise just continue,
and I'll forget about whatever was undefined.

! Undefined control sequence.
l.823 ...assthrough{\lstinline!max!}, \passthrough
                                                  {\lstinline!step!} & 水位数据、...
The control sequence at the end of the top line
of your error message was never \def'ed. If you have
misspelled it (e.g., `\hobx'), type `I' and the correct
spelling (e.g., `I\hbox'). Otherwise just continue,
and I'll forget about whatever was undefined.

! Undefined control sequence.
<recently read> \passthrough 
                             
l.824 \passthrough
                  {\lstinline!range!} & 滑动条选择 & \passthrough{\lstinline!min!...
The control sequence at the end of the top line
of your error message was never \def'ed. If you have
misspelled it (e.g., `\hobx'), type `I' and the correct
spelling (e.g., `I\hbox'). Otherwise just continue,
and I'll forget about whatever was undefined.

! Undefined control sequence.
l.824 ...\lstinline!range!} & 滑动条选择 & \passthrough
                                                  {\lstinline!min!}, \passth...
The control sequence at the end of the top line
of your error message was never \def'ed. If you have
misspelled it (e.g., `\hobx'), type `I' and the correct
spelling (e.g., `I\hbox'). Otherwise just continue,
and I'll forget about whatever was undefined.

! Undefined control sequence.
l.824 ...assthrough{\lstinline!min!}, \passthrough
                                                  {\lstinline!max!}, \passth...
The control sequence at the end of the top line
of your error message was never \def'ed. If you have
misspelled it (e.g., `\hobx'), type `I' and the correct
spelling (e.g., `I\hbox'). Otherwise just continue,
and I'll forget about whatever was undefined.

! Undefined control sequence.
l.824 ...assthrough{\lstinline!max!}, \passthrough
                                                  {\lstinline!step!}, \passt...
The control sequence at the end of the top line
of your error message was never \def'ed. If you have
misspelled it (e.g., `\hobx'), type `I' and the correct
spelling (e.g., `I\hbox'). Otherwise just continue,
and I'll forget about whatever was undefined.

! Undefined control sequence.
l.824 ...ssthrough{\lstinline!step!}, \passthrough
                                                  {\lstinline!value!} & 阈值设置...
The control sequence at the end of the top line
of your error message was never \def'ed. If you have
misspelled it (e.g., `\hobx'), type `I' and the correct
spelling (e.g., `I\hbox'). Otherwise just continue,
and I'll forget about whatever was undefined.

! Undefined control sequence.
<recently read> \passthrough 
                             
l.825 \passthrough
                  {\lstinline!date!} & 日期选择 & \passthrough{\lstinline!min!},...
The control sequence at the end of the top line
of your error message was never \def'ed. If you have
misspelled it (e.g., `\hobx'), type `I' and the correct
spelling (e.g., `I\hbox'). Otherwise just continue,
and I'll forget about whatever was undefined.

! Undefined control sequence.
l.825 ...h{\lstinline!date!} & 日期选择 & \passthrough
                                                  {\lstinline!min!}, \passth...
The control sequence at the end of the top line
of your error message was never \def'ed. If you have
misspelled it (e.g., `\hobx'), type `I' and the correct
spelling (e.g., `I\hbox'). Otherwise just continue,
and I'll forget about whatever was undefined.

! Undefined control sequence.
l.825 ...assthrough{\lstinline!min!}, \passthrough
                                                  {\lstinline!max!}, \passth...
The control sequence at the end of the top line
of your error message was never \def'ed. If you have
misspelled it (e.g., `\hobx'), type `I' and the correct
spelling (e.g., `I\hbox'). Otherwise just continue,
and I'll forget about whatever was undefined.

! Undefined control sequence.
l.825 ...assthrough{\lstinline!max!}, \passthrough
                                                  {\lstinline!value!} & 查询时间...
The control sequence at the end of the top line
of your error message was never \def'ed. If you have
misspelled it (e.g., `\hobx'), type `I' and the correct
spelling (e.g., `I\hbox'). Otherwise just continue,
and I'll forget about whatever was undefined.

! Undefined control sequence.
<recently read> \passthrough 
                             
l.826 \passthrough
                  {\lstinline!time!} & 时间选择 & \passthrough{\lstinline!min!},...
The control sequence at the end of the top line
of your error message was never \def'ed. If you have
misspelled it (e.g., `\hobx'), type `I' and the correct
spelling (e.g., `I\hbox'). Otherwise just continue,
and I'll forget about whatever was undefined.

! Undefined control sequence.
l.826 ...h{\lstinline!time!} & 时间选择 & \passthrough
                                                  {\lstinline!min!}, \passth...
The control sequence at the end of the top line
of your error message was never \def'ed. If you have
misspelled it (e.g., `\hobx'), type `I' and the correct
spelling (e.g., `I\hbox'). Otherwise just continue,
and I'll forget about whatever was undefined.

! Undefined control sequence.
l.826 ...assthrough{\lstinline!min!}, \passthrough
                                                  {\lstinline!max!}, \passth...
The control sequence at the end of the top line
of your error message was never \def'ed. If you have
misspelled it (e.g., `\hobx'), type `I' and the correct
spelling (e.g., `I\hbox'). Otherwise just continue,
and I'll forget about whatever was undefined.

! Undefined control sequence.
l.826 ...assthrough{\lstinline!max!}, \passthrough
                                                  {\lstinline!step!} & 具体时刻、...
The control sequence at the end of the top line
of your error message was never \def'ed. If you have
misspelled it (e.g., `\hobx'), type `I' and the correct
spelling (e.g., `I\hbox'). Otherwise just continue,
and I'll forget about whatever was undefined.

! Undefined control sequence.
<recently read> \passthrough 
                             
l.827 \passthrough
                  {\lstinline!datetime-local!} & 本地日期时间 & \passthrough{\lsti...
The control sequence at the end of the top line
of your error message was never \def'ed. If you have
misspelled it (e.g., `\hobx'), type `I' and the correct
spelling (e.g., `I\hbox'). Otherwise just continue,
and I'll forget about whatever was undefined.

! Undefined control sequence.
l.827 ...!datetime-local!} & 本地日期时间 & \passthrough
                                                  {\lstinline!min!}, \passth...
The control sequence at the end of the top line
of your error message was never \def'ed. If you have
misspelled it (e.g., `\hobx'), type `I' and the correct
spelling (e.g., `I\hbox'). Otherwise just continue,
and I'll forget about whatever was undefined.

! Undefined control sequence.
l.827 ...assthrough{\lstinline!min!}, \passthrough
                                                  {\lstinline!max!}, \passth...
The control sequence at the end of the top line
of your error message was never \def'ed. If you have
misspelled it (e.g., `\hobx'), type `I' and the correct
spelling (e.g., `I\hbox'). Otherwise just continue,
and I'll forget about whatever was undefined.

! Undefined control sequence.
l.827 ...assthrough{\lstinline!max!}, \passthrough
                                                  {\lstinline!step!} & 完整时间戳...
The control sequence at the end of the top line
of your error message was never \def'ed. If you have
misspelled it (e.g., `\hobx'), type `I' and the correct
spelling (e.g., `I\hbox'). Otherwise just continue,
and I'll forget about whatever was undefined.

! Undefined control sequence.
<recently read> \passthrough 
                             
l.828 \passthrough
                  {\lstinline!color!} & 颜色选择 & \passthrough{\lstinline!value...
The control sequence at the end of the top line
of your error message was never \def'ed. If you have
misspelled it (e.g., `\hobx'), type `I' and the correct
spelling (e.g., `I\hbox'). Otherwise just continue,
and I'll forget about whatever was undefined.

! Undefined control sequence.
l.828 ...{\lstinline!color!} & 颜色选择 & \passthrough
                                                  {\lstinline!value!} & 图表配色...
The control sequence at the end of the top line
of your error message was never \def'ed. If you have
misspelled it (e.g., `\hobx'), type `I' and the correct
spelling (e.g., `I\hbox'). Otherwise just continue,
and I'll forget about whatever was undefined.

! Undefined control sequence.
<recently read> \passthrough 
                             
l.829 \passthrough
                  {\lstinline!search!} & 搜索框 & \passthrough{\lstinline!place...
The control sequence at the end of the top line
of your error message was never \def'ed. If you have
misspelled it (e.g., `\hobx'), type `I' and the correct
spelling (e.g., `I\hbox'). Otherwise just continue,
and I'll forget about whatever was undefined.

! Undefined control sequence.
l.829 ...{\lstinline!search!} & 搜索框 & \passthrough
                                                  {\lstinline!placeholder!},...
The control sequence at the end of the top line
of your error message was never \def'ed. If you have
misspelled it (e.g., `\hobx'), type `I' and the correct
spelling (e.g., `I\hbox'). Otherwise just continue,
and I'll forget about whatever was undefined.

! Undefined control sequence.
l.829 ...gh{\lstinline!placeholder!}, \passthrough
                                                  {\lstinline!results!} & 站点...
The control sequence at the end of the top line
of your error message was never \def'ed. If you have
misspelled it (e.g., `\hobx'), type `I' and the correct
spelling (e.g., `I\hbox'). Otherwise just continue,
and I'll forget about whatever was undefined.

! Undefined control sequence.
l.838 \passthrough
                  {\lstinline!email!}输入类型专门用于收集电子邮箱地址，它不仅在用户界面上提供了更好的输入体验，还内...
The control sequence at the end of the top line
of your error message was never \def'ed. If you have
misspelled it (e.g., `\hobx'), type `I' and the correct
spelling (e.g., `I\hbox'). Otherwise just continue,
and I'll forget about whatever was undefined.



[125]
! Undefined control sequence.
l.856 \passthrough
                  {\lstinline!url!}输入类型专门用于收集网址（URL）信息，它具有内置的URL格式验证功能，能够检查输...
The control sequence at the end of the top line
of your error message was never \def'ed. If you have
misspelled it (e.g., `\hobx'), type `I' and the correct
spelling (e.g., `I\hbox'). Otherwise just continue,
and I'll forget about whatever was undefined.

! Undefined control sequence.
l.856 ...验证功能，能够检查输入内容是否符合标准的URL格式要求。与\passthrough
                                                  {\lstinline!email!}类型类似，在移...
The control sequence at the end of the top line
of your error message was never \def'ed. If you have
misspelled it (e.g., `\hobx'), type `I' and the correct
spelling (e.g., `I\hbox'). Otherwise just continue,
and I'll forget about whatever was undefined.

! Undefined control sequence.
l.873 \passthrough
                  {\lstinline!number!}输入类型专门用于数值数据的输入，它提供了数值范围控制、精度设置、数值验证等强...
The control sequence at the end of the top line
of your error message was never \def'ed. If you have
misspelled it (e.g., `\hobx'), type `I' and the correct
spelling (e.g., `I\hbox'). Otherwise just continue,
and I'll forget about whatever was undefined.

! Undefined control sequence.
l.875 该输入类型支持多个重要属性：\passthrough
                                {\lstinline!min!}和\passthrough{\lstinline!ma...
The control sequence at the end of the top line
of your error message was never \def'ed. If you have
misspelled it (e.g., `\hobx'), type `I' and the correct
spelling (e.g., `I\hbox'). Otherwise just continue,
and I'll forget about whatever was undefined.

! Undefined control sequence.
l.875 ...passthrough{\lstinline!min!}和\passthrough
                                                  {\lstinline!max!}用于设置允许输入的...
The control sequence at the end of the top line
of your error message was never \def'ed. If you have
misspelled it (e.g., `\hobx'), type `I' and the correct
spelling (e.g., `I\hbox'). Otherwise just continue,
and I'll forget about whatever was undefined.

! Undefined control sequence.
l.875 ...lstinline!max!}用于设置允许输入的数值范围，\passthrough
                                                  {\lstinline!step!}用于设置数值的增...
The control sequence at the end of the top line
of your error message was never \def'ed. If you have
misspelled it (e.g., `\hobx'), type `I' and the correct
spelling (e.g., `I\hbox'). Otherwise just continue,
and I'll forget about whatever was undefined.

! Undefined control sequence.
l.875 ...\lstinline!step!}用于设置数值的增减步长，\passthrough
                                                  {\lstinline!value!}用于设置默认值...
The control sequence at the end of the top line
of your error message was never \def'ed. If you have
misspelled it (e.g., `\hobx'), type `I' and the correct
spelling (e.g., `I\hbox'). Otherwise just continue,
and I'll forget about whatever was undefined.



[126]
! Undefined control sequence.
l.904 \passthrough
                  {\lstinline!range!}输入类型以滑动条的形式提供数值选择功能，它特别适合于需要在指定范围内选择数值但...
The control sequence at the end of the top line
of your error message was never \def'ed. If you have
misspelled it (e.g., `\hobx'), type `I' and the correct
spelling (e.g., `I\hbox'). Otherwise just continue,
and I'll forget about whatever was undefined.

! Undefined control sequence.
l.906 \passthrough
                  {\lstinline!range!}类型支持与\passthrough{\lstinline!number!}类型...
The control sequence at the end of the top line
of your error message was never \def'ed. If you have
misspelled it (e.g., `\hobx'), type `I' and the correct
spelling (e.g., `I\hbox'). Otherwise just continue,
and I'll forget about whatever was undefined.

! Undefined control sequence.
l.906 ...rough{\lstinline!range!}类型支持与\passthrough
                                                  {\lstinline!number!}类型相同的属...
The control sequence at the end of the top line
of your error message was never \def'ed. If you have
misspelled it (e.g., `\hobx'), type `I' and the correct
spelling (e.g., `I\hbox'). Otherwise just continue,
and I'll forget about whatever was undefined.

! Undefined control sequence.
l.906 ...h{\lstinline!number!}类型相同的属性：\passthrough
                                                  {\lstinline!min!}（最小值）、\pa...
The control sequence at the end of the top line
of your error message was never \def'ed. If you have
misspelled it (e.g., `\hobx'), type `I' and the correct
spelling (e.g., `I\hbox'). Otherwise just continue,
and I'll forget about whatever was undefined.

! Undefined control sequence.
l.906 ...hrough{\lstinline!min!}（最小值）、\passthrough
                                                  {\lstinline!max!}（最大值）、\pa...
The control sequence at the end of the top line
of your error message was never \def'ed. If you have
misspelled it (e.g., `\hobx'), type `I' and the correct
spelling (e.g., `I\hbox'). Otherwise just continue,
and I'll forget about whatever was undefined.

! Undefined control sequence.
l.906 ...hrough{\lstinline!max!}（最大值）、\passthrough
                                                  {\lstinline!step!}（步长）和\pa...
The control sequence at the end of the top line
of your error message was never \def'ed. If you have
misspelled it (e.g., `\hobx'), type `I' and the correct
spelling (e.g., `I\hbox'). Otherwise just continue,
and I'll forget about whatever was undefined.

! Undefined control sequence.
l.906 ...hrough{\lstinline!step!}（步长）和\passthrough
                                                  {\lstinline!value!}（当前值）。与...
The control sequence at the end of the top line
of your error message was never \def'ed. If you have
misspelled it (e.g., `\hobx'), type `I' and the correct
spelling (e.g., `I\hbox'). Otherwise just continue,
and I'll forget about whatever was undefined.

! Undefined control sequence.
l.906 ...ugh{\lstinline!value!}（当前值）。与\passthrough
                                                  {\lstinline!number!}类型不同的是...
The control sequence at the end of the top line
of your error message was never \def'ed. If you have
misspelled it (e.g., `\hobx'), type `I' and the correct
spelling (e.g., `I\hbox'). Otherwise just continue,
and I'll forget about whatever was undefined.

! Undefined control sequence.
l.906 ...gh{\lstinline!number!}类型不同的是，\passthrough
                                                  {\lstinline!range!}通常不直接显示...
The control sequence at the end of the top line
of your error message was never \def'ed. If you have
misspelled it (e.g., `\hobx'), type `I' and the correct
spelling (e.g., `I\hbox'). Otherwise just continue,
and I'll forget about whatever was undefined.



[127]
! Undefined control sequence.
l.925 \passthrough
                  {\lstinline!date!}输入类型提供了专门的日期选择功能，通常显示为日期选择器（日历控件），用户可以通过...
The control sequence at the end of the top line
of your error message was never \def'ed. If you have
misspelled it (e.g., `\hobx'), type `I' and the correct
spelling (e.g., `I\hbox'). Otherwise just continue,
and I'll forget about whatever was undefined.

! Undefined control sequence.
l.927 日期输入支持\passthrough
                        {\lstinline!min!}和\passthrough{\lstinline!max!}属性来限制...
The control sequence at the end of the top line
of your error message was never \def'ed. If you have
misspelled it (e.g., `\hobx'), type `I' and the correct
spelling (e.g., `I\hbox'). Otherwise just continue,
and I'll forget about whatever was undefined.

! Undefined control sequence.
l.927 ...passthrough{\lstinline!min!}和\passthrough
                                                  {\lstinline!max!}属性来限制可选择的...
The control sequence at the end of the top line
of your error message was never \def'ed. If you have
misspelled it (e.g., `\hobx'), type `I' and the correct
spelling (e.g., `I\hbox'). Otherwise just continue,
and I'll forget about whatever was undefined.

! Undefined control sequence.
l.927 ...lstinline!max!}属性来限制可选择的日期范围，\passthrough
                                                  {\lstinline!value!}属性用于设置默...
The control sequence at the end of the top line
of your error message was never \def'ed. If you have
misspelled it (e.g., `\hobx'), type `I' and the correct
spelling (e.g., `I\hbox'). Otherwise just continue,
and I'll forget about whatever was undefined.

! Undefined control sequence.
l.944 \passthrough
                  {\lstinline!time!}输入类型专门用于时间信息的输入，通常显示为时间选择器，支持小时和分钟的选择，也可...
The control sequence at the end of the top line
of your error message was never \def'ed. If you have
misspelled it (e.g., `\hobx'), type `I' and the correct
spelling (e.g., `I\hbox'). Otherwise just continue,
and I'll forget about whatever was undefined.

! Undefined control sequence.
l.946 该输入类型支持\passthrough
                         {\lstinline!min!}、\passthrough{\lstinline!max!}和\pa...
The control sequence at the end of the top line
of your error message was never \def'ed. If you have
misspelled it (e.g., `\hobx'), type `I' and the correct
spelling (e.g., `I\hbox'). Otherwise just continue,
and I'll forget about whatever was undefined.

! Undefined control sequence.
l.946 ...passthrough{\lstinline!min!}、\passthrough
                                                  {\lstinline!max!}和\passthr...
The control sequence at the end of the top line
of your error message was never \def'ed. If you have
misspelled it (e.g., `\hobx'), type `I' and the correct
spelling (e.g., `I\hbox'). Otherwise just continue,
and I'll forget about whatever was undefined.

! Undefined control sequence.
l.946 ...passthrough{\lstinline!max!}和\passthrough
                                                  {\lstinline!step!}属性。\pass...
The control sequence at the end of the top line
of your error message was never \def'ed. If you have
misspelled it (e.g., `\hobx'), type `I' and the correct
spelling (e.g., `I\hbox'). Otherwise just continue,
and I'll forget about whatever was undefined.

! Undefined control sequence.
l.946 ...sthrough{\lstinline!step!}属性。\passthrough
                                                  {\lstinline!step!}属性以秒为单位，...
The control sequence at the end of the top line
of your error message was never \def'ed. If you have
misspelled it (e.g., `\hobx'), type `I' and the correct
spelling (e.g., `I\hbox'). Otherwise just continue,
and I'll forget about whatever was undefined.

! Undefined control sequence.
l.946 ...h{\lstinline!step!}属性以秒为单位，例如\passthrough
                                                  {\lstinline!step="300"!}表示...
The control sequence at the end of the top line
of your error message was never \def'ed. If you have
misspelled it (e.g., `\hobx'), type `I' and the correct
spelling (e.g., `I\hbox'). Otherwise just continue,
and I'll forget about whatever was undefined.



[128]
! Undefined control sequence.
l.964 \passthrough
                  {\lstinline!datetime-local!}输入类型结合了日期和时间的选择功能，提供了完整的本地日期时间...
The control sequence at the end of the top line
of your error message was never \def'ed. If you have
misspelled it (e.g., `\hobx'), type `I' and the correct
spelling (e.g., `I\hbox'). Otherwise just continue,
and I'll forget about whatever was undefined.

! Undefined control sequence.
l.964 ...间的选择功能，提供了完整的本地日期时间输入方案。与分别使用\passthrough
                                                  {\lstinline!date!}和\passth...
The control sequence at the end of the top line
of your error message was never \def'ed. If you have
misspelled it (e.g., `\hobx'), type `I' and the correct
spelling (e.g., `I\hbox'). Otherwise just continue,
and I'll forget about whatever was undefined.

! Undefined control sequence.
l.964 ...assthrough{\lstinline!date!}和\passthrough
                                                  {\lstinline!time!}类型相比，这种输...
The control sequence at the end of the top line
of your error message was never \def'ed. If you have
misspelled it (e.g., `\hobx'), type `I' and the correct
spelling (e.g., `I\hbox'). Otherwise just continue,
and I'll forget about whatever was undefined.

! Undefined control sequence.
l.983 \passthrough
                  {\lstinline!color!}输入类型提供了颜色选择功能，通常显示为一个颜色按钮，点击后会弹出颜色选择器。用...
The control sequence at the end of the top line
of your error message was never \def'ed. If you have
misspelled it (e.g., `\hobx'), type `I' and the correct
spelling (e.g., `I\hbox'). Otherwise just continue,
and I'll forget about whatever was undefined.



[129]

[130]
! Undefined control sequence.
l.1057 ...用户体验和数据质量。例如，在录入水位监测数据时，可以使用\passthrough
                                                  {\lstinline!type="number"!...
The control sequence at the end of the top line
of your error message was never \def'ed. If you have
misspelled it (e.g., `\hobx'), type `I' and the correct
spelling (e.g., `I\hbox'). Otherwise just continue,
and I'll forget about whatever was undefined.

! Undefined control sequence.
l.1057 ...pe="number"!}来确保输入的是有效数值，并通过\passthrough
                                                  {\lstinline!min!}、\passthr...
The control sequence at the end of the top line
of your error message was never \def'ed. If you have
misspelled it (e.g., `\hobx'), type `I' and the correct
spelling (e.g., `I\hbox'). Otherwise just continue,
and I'll forget about whatever was undefined.

! Undefined control sequence.
l.1057 ...assthrough{\lstinline!min!}、\passthrough
                                                  {\lstinline!max!}属性设置合理的数值...
The control sequence at the end of the top line
of your error message was never \def'ed. If you have
misspelled it (e.g., `\hobx'), type `I' and the correct
spelling (e.g., `I\hbox'). Otherwise just continue,
and I'll forget about whatever was undefined.

! Undefined control sequence.
l.1057 ...x!}属性设置合理的数值范围；在设置监测时间时，可以使用\passthrough
                                                  {\lstinline!type="datetime...
The control sequence at the end of the top line
of your error message was never \def'ed. If you have
misspelled it (e.g., `\hobx'), type `I' and the correct
spelling (e.g., `I\hbox'). Otherwise just continue,
and I'll forget about whatever was undefined.

! Undefined control sequence.
l.1057 ...}提供直观的日期时间选择界面；在配置报警阈值时，可以使用\passthrough
                                                  {\lstinline!type="range"!}...
The control sequence at the end of the top line
of your error message was never \def'ed. If you have
misspelled it (e.g., `\hobx'), type `I' and the correct
spelling (e.g., `I\hbox'). Otherwise just continue,
and I'll forget about whatever was undefined.

! Undefined control sequence.
l.1059 ...器端验证。客户端验证通过HTML5的内置验证属性实现，如\passthrough
                                                  {\lstinline!required!}（必填）...
The control sequence at the end of the top line
of your error message was never \def'ed. If you have
misspelled it (e.g., `\hobx'), type `I' and the correct
spelling (e.g., `I\hbox'). Otherwise just continue,
and I'll forget about whatever was undefined.

! Undefined control sequence.
l.1059 ...h{\lstinline!required!}（必填）、\passthrough
                                                  {\lstinline!pattern!}（正则表达...
The control sequence at the end of the top line
of your error message was never \def'ed. If you have
misspelled it (e.g., `\hobx'), type `I' and the correct
spelling (e.g., `I\hbox'). Otherwise just continue,
and I'll forget about whatever was undefined.

! Undefined control sequence.
l.1059 ...stinline!pattern!}（正则表达式匹配）、\passthrough
                                                  {\lstinline!minlength!}和\p...
The control sequence at the end of the top line
of your error message was never \def'ed. If you have
misspelled it (e.g., `\hobx'), type `I' and the correct
spelling (e.g., `I\hbox'). Otherwise just continue,
and I'll forget about whatever was undefined.

! Undefined control sequence.
l.1059 ...ough{\lstinline!minlength!}和\passthrough
                                                  {\lstinline!maxlength!}（字符...
The control sequence at the end of the top line
of your error message was never \def'ed. If you have
misspelled it (e.g., `\hobx'), type `I' and the correct
spelling (e.g., `I\hbox'). Otherwise just continue,
and I'll forget about whatever was undefined.

! Undefined control sequence.
l.1061 ...个重要特性是自定义验证消息和样式。通过CSS伪类选择器如\passthrough
                                                  {\lstinline!:valid!}、\pass...
The control sequence at the end of the top line
of your error message was never \def'ed. If you have
misspelled it (e.g., `\hobx'), type `I' and the correct
spelling (e.g., `I\hbox'). Otherwise just continue,
and I'll forget about whatever was undefined.

! Undefined control sequence.
l.1061 ...through{\lstinline!:valid!}、\passthrough
                                                  {\lstinline!:invalid!}、\pa...
The control sequence at the end of the top line
of your error message was never \def'ed. If you have
misspelled it (e.g., `\hobx'), type `I' and the correct
spelling (e.g., `I\hbox'). Otherwise just continue,
and I'll forget about whatever was undefined.

! Undefined control sequence.
l.1061 ...rough{\lstinline!:invalid!}、\passthrough
                                                  {\lstinline!:required!}等，可...
The control sequence at the end of the top line
of your error message was never \def'ed. If you have
misspelled it (e.g., `\hobx'), type `I' and the correct
spelling (e.g., `I\hbox'). Otherwise just continue,
and I'll forget about whatever was undefined.

! Undefined control sequence.
l.1063 ...规则。例如，水位数据通常需要精确到厘米级别，我们可以使用\passthrough
                                                  {\lstinline!step="0.01"!}属...
The control sequence at the end of the top line
of your error message was never \def'ed. If you have
misspelled it (e.g., `\hobx'), type `I' and the correct
spelling (e.g., `I\hbox'). Otherwise just continue,
and I'll forget about whatever was undefined.

! Undefined control sequence.
l.1063 ...来设置数值输入的精度；降雨量数据不能为负值，我们可以使用\passthrough
                                                  {\lstinline!min="0"!}属性来限制...
The control sequence at the end of the top line
of your error message was never \def'ed. If you have
misspelled it (e.g., `\hobx'), type `I' and the correct
spelling (e.g., `I\hbox'). Otherwise just continue,
and I'll forget about whatever was undefined.

! Undefined control sequence.
l.1063 ...入范围；监测站点编号需要遵循特定的格式规范，我们可以使用\passthrough
                                                  {\lstinline!pattern!}属性配合正...
The control sequence at the end of the top line
of your error message was never \def'ed. If you have
misspelled it (e.g., `\hobx'), type `I' and the correct
spelling (e.g., `I\hbox'). Otherwise just continue,
and I'll forget about whatever was undefined.

! Undefined control sequence.
l.1065 ...tag{legend}标签对相关的输入控件进行分组，使用\passthrough
                                                  {\lstinline!aria-described...
The control sequence at the end of the top line
of your error message was never \def'ed. If you have
misspelled it (e.g., `\hobx'), type `I' and the correct
spelling (e.g., `I\hbox'). Otherwise just continue,
and I'll forget about whatever was undefined.



[131]
! Undefined control sequence.
l.1094 \htmltag{video} & 视频播放 & \passthrough
                                            {\lstinline!src!}, \passthrough{...
The control sequence at the end of the top line
of your error message was never \def'ed. If you have
misspelled it (e.g., `\hobx'), type `I' and the correct
spelling (e.g., `I\hbox'). Otherwise just continue,
and I'll forget about whatever was undefined.

! Undefined control sequence.
l.1094 ...ssthrough{\lstinline!src!}, \passthrough
                                                  {\lstinline!controls!}, \p...
The control sequence at the end of the top line
of your error message was never \def'ed. If you have
misspelled it (e.g., `\hobx'), type `I' and the correct
spelling (e.g., `I\hbox'). Otherwise just continue,
and I'll forget about whatever was undefined.

! Undefined control sequence.
l.1094 ...ough{\lstinline!controls!}, \passthrough
                                                  {\lstinline!autoplay!}, \p...
The control sequence at the end of the top line
of your error message was never \def'ed. If you have
misspelled it (e.g., `\hobx'), type `I' and the correct
spelling (e.g., `I\hbox'). Otherwise just continue,
and I'll forget about whatever was undefined.

! Undefined control sequence.
l.1094 ...ough{\lstinline!autoplay!}, \passthrough
                                                  {\lstinline!loop!}, \passt...
The control sequence at the end of the top line
of your error message was never \def'ed. If you have
misspelled it (e.g., `\hobx'), type `I' and the correct
spelling (e.g., `I\hbox'). Otherwise just continue,
and I'll forget about whatever was undefined.

! Undefined control sequence.
l.1094 ...sthrough{\lstinline!loop!}, \passthrough
                                                  {\lstinline!muted!}, \pass...
The control sequence at the end of the top line
of your error message was never \def'ed. If you have
misspelled it (e.g., `\hobx'), type `I' and the correct
spelling (e.g., `I\hbox'). Otherwise just continue,
and I'll forget about whatever was undefined.

! Undefined control sequence.
l.1094 ...through{\lstinline!muted!}, \passthrough
                                                  {\lstinline!poster!} & 现场监...
The control sequence at the end of the top line
of your error message was never \def'ed. If you have
misspelled it (e.g., `\hobx'), type `I' and the correct
spelling (e.g., `I\hbox'). Otherwise just continue,
and I'll forget about whatever was undefined.

! Undefined control sequence.
l.1095 \htmltag{audio} & 音频播放 & \passthrough
                                            {\lstinline!src!}, \passthrough{...
The control sequence at the end of the top line
of your error message was never \def'ed. If you have
misspelled it (e.g., `\hobx'), type `I' and the correct
spelling (e.g., `I\hbox'). Otherwise just continue,
and I'll forget about whatever was undefined.

! Undefined control sequence.
l.1095 ...ssthrough{\lstinline!src!}, \passthrough
                                                  {\lstinline!controls!}, \p...
The control sequence at the end of the top line
of your error message was never \def'ed. If you have
misspelled it (e.g., `\hobx'), type `I' and the correct
spelling (e.g., `I\hbox'). Otherwise just continue,
and I'll forget about whatever was undefined.

! Undefined control sequence.
l.1095 ...ough{\lstinline!controls!}, \passthrough
                                                  {\lstinline!autoplay!}, \p...
The control sequence at the end of the top line
of your error message was never \def'ed. If you have
misspelled it (e.g., `\hobx'), type `I' and the correct
spelling (e.g., `I\hbox'). Otherwise just continue,
and I'll forget about whatever was undefined.

! Undefined control sequence.
l.1095 ...ough{\lstinline!autoplay!}, \passthrough
                                                  {\lstinline!loop!}, \passt...
The control sequence at the end of the top line
of your error message was never \def'ed. If you have
misspelled it (e.g., `\hobx'), type `I' and the correct
spelling (e.g., `I\hbox'). Otherwise just continue,
and I'll forget about whatever was undefined.

! Undefined control sequence.
l.1095 ...sthrough{\lstinline!loop!}, \passthrough
                                                  {\lstinline!muted!} & 语音播报...
The control sequence at the end of the top line
of your error message was never \def'ed. If you have
misspelled it (e.g., `\hobx'), type `I' and the correct
spelling (e.g., `I\hbox'). Otherwise just continue,
and I'll forget about whatever was undefined.

! Undefined control sequence.
l.1096 \htmltag{source} & 媒体源 & \passthrough
                                            {\lstinline!src!}, \passthrough{...
The control sequence at the end of the top line
of your error message was never \def'ed. If you have
misspelled it (e.g., `\hobx'), type `I' and the correct
spelling (e.g., `I\hbox'). Otherwise just continue,
and I'll forget about whatever was undefined.

! Undefined control sequence.
l.1096 ...ssthrough{\lstinline!src!}, \passthrough
                                                  {\lstinline!type!}, \passt...
The control sequence at the end of the top line
of your error message was never \def'ed. If you have
misspelled it (e.g., `\hobx'), type `I' and the correct
spelling (e.g., `I\hbox'). Otherwise just continue,
and I'll forget about whatever was undefined.

! Undefined control sequence.
l.1096 ...sthrough{\lstinline!type!}, \passthrough
                                                  {\lstinline!media!} & 多格式兼...
The control sequence at the end of the top line
of your error message was never \def'ed. If you have
misspelled it (e.g., `\hobx'), type `I' and the correct
spelling (e.g., `I\hbox'). Otherwise just continue,
and I'll forget about whatever was undefined.

! Undefined control sequence.
l.1097 \htmltag{track} & 字幕轨道 & \passthrough
                                            {\lstinline!src!}, \passthrough{...
The control sequence at the end of the top line
of your error message was never \def'ed. If you have
misspelled it (e.g., `\hobx'), type `I' and the correct
spelling (e.g., `I\hbox'). Otherwise just continue,
and I'll forget about whatever was undefined.

! Undefined control sequence.
l.1097 ...ssthrough{\lstinline!src!}, \passthrough
                                                  {\lstinline!kind!}, \passt...
The control sequence at the end of the top line
of your error message was never \def'ed. If you have
misspelled it (e.g., `\hobx'), type `I' and the correct
spelling (e.g., `I\hbox'). Otherwise just continue,
and I'll forget about whatever was undefined.

! Undefined control sequence.
l.1097 ...sthrough{\lstinline!kind!}, \passthrough
                                                  {\lstinline!srclang!}, \pa...
The control sequence at the end of the top line
of your error message was never \def'ed. If you have
misspelled it (e.g., `\hobx'), type `I' and the correct
spelling (e.g., `I\hbox'). Otherwise just continue,
and I'll forget about whatever was undefined.

! Undefined control sequence.
l.1097 ...rough{\lstinline!srclang!}, \passthrough
                                                  {\lstinline!label!} & 视频字幕...
The control sequence at the end of the top line
of your error message was never \def'ed. If you have
misspelled it (e.g., `\hobx'), type `I' and the correct
spelling (e.g., `I\hbox'). Otherwise just continue,
and I'll forget about whatever was undefined.

! Undefined control sequence.
l.1098 \htmltag{canvas} & 画布绘图 & \passthrough
                                             {\lstinline!width!}, \passthrou...
The control sequence at the end of the top line
of your error message was never \def'ed. If you have
misspelled it (e.g., `\hobx'), type `I' and the correct
spelling (e.g., `I\hbox'). Otherwise just continue,
and I'll forget about whatever was undefined.

! Undefined control sequence.
l.1098 ...through{\lstinline!width!}, \passthrough
                                                  {\lstinline!height!} & 数据图...
The control sequence at the end of the top line
of your error message was never \def'ed. If you have
misspelled it (e.g., `\hobx'), type `I' and the correct
spelling (e.g., `I\hbox'). Otherwise just continue,
and I'll forget about whatever was undefined.

! Undefined control sequence.
l.1099 \htmltag{svg} & 矢量图形 & \passthrough
                                          {\lstinline!width!}, \passthrough{...
The control sequence at the end of the top line
of your error message was never \def'ed. If you have
misspelled it (e.g., `\hobx'), type `I' and the correct
spelling (e.g., `I\hbox'). Otherwise just continue,
and I'll forget about whatever was undefined.

! Undefined control sequence.
l.1099 ...through{\lstinline!width!}, \passthrough
                                                  {\lstinline!height!}, \pas...
The control sequence at the end of the top line
of your error message was never \def'ed. If you have
misspelled it (e.g., `\hobx'), type `I' and the correct
spelling (e.g., `I\hbox'). Otherwise just continue,
and I'll forget about whatever was undefined.

! Undefined control sequence.
l.1099 ...hrough{\lstinline!height!}, \passthrough
                                                  {\lstinline!viewBox!} & 图标...
The control sequence at the end of the top line
of your error message was never \def'ed. If you have
misspelled it (e.g., `\hobx'), type `I' and the correct
spelling (e.g., `I\hbox'). Otherwise just continue,
and I'll forget about whatever was undefined.



[132]
! Undefined control sequence.
l.1110 \htmltag{video}标签支持丰富的属性控制播放行为：\passthrough
                                                  {\lstinline!controls!}属性显示...
The control sequence at the end of the top line
of your error message was never \def'ed. If you have
misspelled it (e.g., `\hobx'), type `I' and the correct
spelling (e.g., `I\hbox'). Otherwise just continue,
and I'll forget about whatever was undefined.

! Undefined control sequence.
l.1110 ...inline!controls!}属性显示播放控制界面，\passthrough
                                                  {\lstinline!autoplay!}属性设置...
The control sequence at the end of the top line
of your error message was never \def'ed. If you have
misspelled it (e.g., `\hobx'), type `I' and the correct
spelling (e.g., `I\hbox'). Otherwise just continue,
and I'll forget about whatever was undefined.

! Undefined control sequence.
l.1110 ...}属性设置自动播放（需要注意现代浏览器的自动播放政策），\passthrough
                                                  {\lstinline!loop!}属性设置循环播放...
The control sequence at the end of the top line
of your error message was never \def'ed. If you have
misspelled it (e.g., `\hobx'), type `I' and the correct
spelling (e.g., `I\hbox'). Otherwise just continue,
and I'll forget about whatever was undefined.

! Undefined control sequence.
l.1110 ...h{\lstinline!loop!}属性设置循环播放，\passthrough
                                                  {\lstinline!muted!}属性设置静音播...
The control sequence at the end of the top line
of your error message was never \def'ed. If you have
misspelled it (e.g., `\hobx'), type `I' and the correct
spelling (e.g., `I\hbox'). Otherwise just continue,
and I'll forget about whatever was undefined.

! Undefined control sequence.
l.1110 ...{\lstinline!muted!}属性设置静音播放，\passthrough
                                                  {\lstinline!poster!}属性设置视频...
The control sequence at the end of the top line
of your error message was never \def'ed. If you have
misspelled it (e.g., `\hobx'), type `I' and the correct
spelling (e.g., `I\hbox'). Otherwise just continue,
and I'll forget about whatever was undefined.

! Undefined control sequence.
l.1133 音频标签的属性与视频标签基本相同：\passthrough
                                    {\lstinline!controls!}显示音频控制界面，\passthro...
The control sequence at the end of the top line
of your error message was never \def'ed. If you have
misspelled it (e.g., `\hobx'), type `I' and the correct
spelling (e.g., `I\hbox'). Otherwise just continue,
and I'll forget about whatever was undefined.

! Undefined control sequence.
l.1133 ...stinline!controls!}显示音频控制界面，\passthrough
                                                  {\lstinline!autoplay!}设置自动...
The control sequence at the end of the top line
of your error message was never \def'ed. If you have
misspelled it (e.g., `\hobx'), type `I' and the correct
spelling (e.g., `I\hbox'). Otherwise just continue,
and I'll forget about whatever was undefined.

! Undefined control sequence.
l.1133 ...\lstinline!autoplay!}设置自动播放，\passthrough
                                                  {\lstinline!loop!}设置循环播放，\...
The control sequence at the end of the top line
of your error message was never \def'ed. If you have
misspelled it (e.g., `\hobx'), type `I' and the correct
spelling (e.g., `I\hbox'). Otherwise just continue,
and I'll forget about whatever was undefined.

! Undefined control sequence.
l.1133 ...ugh{\lstinline!loop!}设置循环播放，\passthrough
                                                  {\lstinline!preload!}设置预加载...
The control sequence at the end of the top line
of your error message was never \def'ed. If you have
misspelled it (e.g., `\hobx'), type `I' and the correct
spelling (e.g., `I\hbox'). Otherwise just continue,
and I'll forget about whatever was undefined.



[133]
! Undefined control sequence.
l.1159 \htmltag{source}标签支持\passthrough
                                       {\lstinline!media!}属性，可以根据媒体查询条件提供响应式...
The control sequence at the end of the top line
of your error message was never \def'ed. If you have
misspelled it (e.g., `\hobx'), type `I' and the correct
spelling (e.g., `I\hbox'). Otherwise just continue,
and I'll forget about whatever was undefined.

! Undefined control sequence.
l.1178 ...的文本文件，这是一种专门为Web视频设计的字幕格式。通过\passthrough
                                                  {\lstinline!kind!}属性可以指定轨道...
The control sequence at the end of the top line
of your error message was never \def'ed. If you have
misspelled it (e.g., `\hobx'), type `I' and the correct
spelling (e.g., `I\hbox'). Otherwise just continue,
and I'll forget about whatever was undefined.

! Undefined control sequence.
l.1178 ...lstinline!kind!}属性可以指定轨道的类型：\passthrough
                                                  {\lstinline!subtitles!}（字幕...
The control sequence at the end of the top line
of your error message was never \def'ed. If you have
misspelled it (e.g., `\hobx'), type `I' and the correct
spelling (e.g., `I\hbox'). Otherwise just continue,
and I'll forget about whatever was undefined.

! Undefined control sequence.
l.1178 ...nline!subtitles!}（字幕）用于翻译对话，\passthrough
                                                  {\lstinline!captions!}（说明文...
The control sequence at the end of the top line
of your error message was never \def'ed. If you have
misspelled it (e.g., `\hobx'), type `I' and the correct
spelling (e.g., `I\hbox'). Otherwise just continue,
and I'll forget about whatever was undefined.

! Undefined control sequence.
l.1178 ...e!captions!}（说明文字）包含音效和音乐描述，\passthrough
                                                  {\lstinline!descriptions!}...
The control sequence at the end of the top line
of your error message was never \def'ed. If you have
misspelled it (e.g., `\hobx'), type `I' and the correct
spelling (e.g., `I\hbox'). Otherwise just continue,
and I'll forget about whatever was undefined.

! Undefined control sequence.
l.1178 ...scriptions!}（描述）提供视觉内容的文字描述，\passthrough
                                                  {\lstinline!chapters!}（章节）...
The control sequence at the end of the top line
of your error message was never \def'ed. If you have
misspelled it (e.g., `\hobx'), type `I' and the correct
spelling (e.g., `I\hbox'). Otherwise just continue,
and I'll forget about whatever was undefined.

! Undefined control sequence.
l.1178 ...stinline!chapters!}（章节）用于导航，\passthrough
                                                  {\lstinline!metadata!}（元数据...
The control sequence at the end of the top line
of your error message was never \def'ed. If you have
misspelled it (e.g., `\hobx'), type `I' and the correct
spelling (e.g., `I\hbox'). Otherwise just continue,
and I'll forget about whatever was undefined.



[134]

[135]
Underfull \vbox (badness 10000) has occurred while \output is active []



[136]

[137]
Underfull \vbox (badness 10000) has occurred while \output is active []



[138]

[139]
Underfull \vbox (badness 10000) has occurred while \output is active []



[140]

[141]
Underfull \vbox (badness 10000) has occurred while \output is active []



[142]

[143]

[144]
Underfull \vbox (badness 10000) has occurred while \output is active []



[145]

[146]
! Undefined control sequence.
<recently read> \passthrough 
                             
l.1608 ...TML元素 - \textbf{声明块}：包含在大括号 \passthrough
                                                  {\lstinline!\{\}!} 内的样式声明 ...
The control sequence at the end of the top line
of your error message was never \def'ed. If you have
misspelled it (e.g., `\hobx'), type `I' and the correct
spelling (e.g., `I\hbox'). Otherwise just continue,
and I'll forget about whatever was undefined.



[147]
! Undefined control sequence.
l.1664 \textbf{可继承的属性包括：} - 文字相关：\passthrough
                                             {\lstinline!font-family!}, \pas...
The control sequence at the end of the top line
of your error message was never \def'ed. If you have
misspelled it (e.g., `\hobx'), type `I' and the correct
spelling (e.g., `I\hbox'). Otherwise just continue,
and I'll forget about whatever was undefined.

! Undefined control sequence.
l.1664 ...h{\lstinline!font-family!}, \passthrough
                                                  {\lstinline!font-size!}, \...
The control sequence at the end of the top line
of your error message was never \def'ed. If you have
misspelled it (e.g., `\hobx'), type `I' and the correct
spelling (e.g., `I\hbox'). Otherwise just continue,
and I'll forget about whatever was undefined.

! Undefined control sequence.
l.1664 ...ugh{\lstinline!font-size!}, \passthrough
                                                  {\lstinline!color!}, \pass...
The control sequence at the end of the top line
of your error message was never \def'ed. If you have
misspelled it (e.g., `\hobx'), type `I' and the correct
spelling (e.g., `I\hbox'). Otherwise just continue,
and I'll forget about whatever was undefined.

! Undefined control sequence.
l.1664 ...through{\lstinline!color!}, \passthrough
                                                  {\lstinline!line-height!} ...
The control sequence at the end of the top line
of your error message was never \def'ed. If you have
misspelled it (e.g., `\hobx'), type `I' and the correct
spelling (e.g., `I\hbox'). Otherwise just continue,
and I'll forget about whatever was undefined.

! Undefined control sequence.
l.1664 ...inline!line-height!} - 文本相关：\passthrough
                                                  {\lstinline!text-align!}, ...
The control sequence at the end of the top line
of your error message was never \def'ed. If you have
misspelled it (e.g., `\hobx'), type `I' and the correct
spelling (e.g., `I\hbox'). Otherwise just continue,
and I'll forget about whatever was undefined.

! Undefined control sequence.
l.1664 ...gh{\lstinline!text-align!}, \passthrough
                                                  {\lstinline!text-indent!},...
The control sequence at the end of the top line
of your error message was never \def'ed. If you have
misspelled it (e.g., `\hobx'), type `I' and the correct
spelling (e.g., `I\hbox'). Otherwise just continue,
and I'll forget about whatever was undefined.

! Undefined control sequence.
l.1664 ...h{\lstinline!text-indent!}, \passthrough
                                                  {\lstinline!text-transform...
The control sequence at the end of the top line
of your error message was never \def'ed. If you have
misspelled it (e.g., `\hobx'), type `I' and the correct
spelling (e.g., `I\hbox'). Otherwise just continue,
and I'll forget about whatever was undefined.

! Undefined control sequence.
l.1664 ...ine!text-transform!} - 列表相关：\passthrough
                                                  {\lstinline!list-style!}
The control sequence at the end of the top line
of your error message was never \def'ed. If you have
misspelled it (e.g., `\hobx'), type `I' and the correct
spelling (e.g., `I\hbox'). Otherwise just continue,
and I'll forget about whatever was undefined.

! Undefined control sequence.
l.1666 \textbf{不可继承的属性包括：} - 盒模型相关：\passthrough
                                               {\lstinline!width!}, \passthr...
The control sequence at the end of the top line
of your error message was never \def'ed. If you have
misspelled it (e.g., `\hobx'), type `I' and the correct
spelling (e.g., `I\hbox'). Otherwise just continue,
and I'll forget about whatever was undefined.

! Undefined control sequence.
l.1666 ...through{\lstinline!width!}, \passthrough
                                                  {\lstinline!height!}, \pas...
The control sequence at the end of the top line
of your error message was never \def'ed. If you have
misspelled it (e.g., `\hobx'), type `I' and the correct
spelling (e.g., `I\hbox'). Otherwise just continue,
and I'll forget about whatever was undefined.

! Undefined control sequence.
l.1666 ...hrough{\lstinline!height!}, \passthrough
                                                  {\lstinline!margin!}, \pas...
The control sequence at the end of the top line
of your error message was never \def'ed. If you have
misspelled it (e.g., `\hobx'), type `I' and the correct
spelling (e.g., `I\hbox'). Otherwise just continue,
and I'll forget about whatever was undefined.

! Undefined control sequence.
l.1666 ...hrough{\lstinline!margin!}, \passthrough
                                                  {\lstinline!padding!}, \pa...
The control sequence at the end of the top line
of your error message was never \def'ed. If you have
misspelled it (e.g., `\hobx'), type `I' and the correct
spelling (e.g., `I\hbox'). Otherwise just continue,
and I'll forget about whatever was undefined.

! Undefined control sequence.
l.1666 ...rough{\lstinline!padding!}, \passthrough
                                                  {\lstinline!border!} - 定位相...
The control sequence at the end of the top line
of your error message was never \def'ed. If you have
misspelled it (e.g., `\hobx'), type `I' and the correct
spelling (e.g., `I\hbox'). Otherwise just continue,
and I'll forget about whatever was undefined.

! Undefined control sequence.
l.1666 ...{\lstinline!border!} - 定位相关：\passthrough
                                                  {\lstinline!position!}, \p...
The control sequence at the end of the top line
of your error message was never \def'ed. If you have
misspelled it (e.g., `\hobx'), type `I' and the correct
spelling (e.g., `I\hbox'). Otherwise just continue,
and I'll forget about whatever was undefined.

! Undefined control sequence.
l.1666 ...ough{\lstinline!position!}, \passthrough
                                                  {\lstinline!top!}, \passth...
The control sequence at the end of the top line
of your error message was never \def'ed. If you have
misspelled it (e.g., `\hobx'), type `I' and the correct
spelling (e.g., `I\hbox'). Otherwise just continue,
and I'll forget about whatever was undefined.

! Undefined control sequence.
l.1666 ...ssthrough{\lstinline!top!}, \passthrough
                                                  {\lstinline!left!} - 显示相关：...
The control sequence at the end of the top line
of your error message was never \def'ed. If you have
misspelled it (e.g., `\hobx'), type `I' and the correct
spelling (e.g., `I\hbox'). Otherwise just continue,
and I'll forget about whatever was undefined.

! Undefined control sequence.
l.1666 ...gh{\lstinline!left!} - 显示相关：\passthrough
                                                  {\lstinline!display!}, \pa...
The control sequence at the end of the top line
of your error message was never \def'ed. If you have
misspelled it (e.g., `\hobx'), type `I' and the correct
spelling (e.g., `I\hbox'). Otherwise just continue,
and I'll forget about whatever was undefined.

! Undefined control sequence.
l.1666 ...rough{\lstinline!display!}, \passthrough
                                                  {\lstinline!float!}
The control sequence at the end of the top line
of your error message was never \def'ed. If you have
misspelled it (e.g., `\hobx'), type `I' and the correct
spelling (e.g., `I\hbox'). Otherwise just continue,
and I'll forget about whatever was undefined.

! Undefined control sequence.
<recently read> \passthrough 
                             
l.1670 CSS中使用 \passthrough
                          {\lstinline!/* */!} 来添加注释：
The control sequence at the end of the top line
of your error message was never \def'ed. If you have
misspelled it (e.g., `\hobx'), type `I' and the correct
spelling (e.g., `I\hbox'). Otherwise just continue,
and I'll forget about whatever was undefined.



[148]

[149]

[150]
Missing character: There is no 💧 (U+1F4A7) in font TeX Gyre Cursor/OT:script=la
tn;language=dflt;!
Missing character: There is no ☔ (U+2614) in font TeX Gyre Cursor/OT:script=lat
n;language=dflt;!
Missing character: There is no 🌡 (U+1F321) in font TeX Gyre Cursor/OT:script=la
tn;language=dflt;!
Missing character: There is no ️ (U+FE0F) in font FangSong/OT:script=hani;langu
age=dflt;!


[151]
! Undefined control sequence.
l.1809 \passthrough
                   {\lstinline!::before!}和\passthrough{\lstinline!::after!}伪...
The control sequence at the end of the top line
of your error message was never \def'ed. If you have
misspelled it (e.g., `\hobx'), type `I' and the correct
spelling (e.g., `I\hbox'). Otherwise just continue,
and I'll forget about whatever was undefined.

! Undefined control sequence.
l.1809 ...rough{\lstinline!::before!}和\passthrough
                                                  {\lstinline!::after!}伪元素是最...
The control sequence at the end of the top line
of your error message was never \def'ed. If you have
misspelled it (e.g., `\hobx'), type `I' and the correct
spelling (e.g., `I\hbox'). Otherwise just continue,
and I'll forget about whatever was undefined.

! Undefined control sequence.
l.1809 ...们可以在元素的内容前后插入生成的内容。这些伪元素必须设置\passthrough
                                                  {\lstinline!content!}属性才能显...
The control sequence at the end of the top line
of your error message was never \def'ed. If you have
misspelled it (e.g., `\hobx'), type `I' and the correct
spelling (e.g., `I\hbox'). Otherwise just continue,
and I'll forget about whatever was undefined.

Missing character: There is no 💧 (U+1F4A7) in font TeX Gyre Cursor/OT:script=la
tn;language=dflt;!


[152]
Underfull \vbox (badness 1715) has occurred while \output is active []



[153]
! Undefined control sequence.
l.1873 弹性容器是应用了\passthrough
                           {\lstinline!display: flex!}或\passthrough{\lstinli...
The control sequence at the end of the top line
of your error message was never \def'ed. If you have
misspelled it (e.g., `\hobx'), type `I' and the correct
spelling (e.g., `I\hbox'). Otherwise just continue,
and I'll forget about whatever was undefined.

! Undefined control sequence.
l.1873 ...{\lstinline!display: flex!}或\passthrough
                                                  {\lstinline!display: inlin...
The control sequence at the end of the top line
of your error message was never \def'ed. If you have
misspelled it (e.g., `\hobx'), type `I' and the correct
spelling (e.g., `I\hbox'). Otherwise just continue,
and I'll forget about whatever was undefined.



[154]
! Undefined control sequence.
l.1926 Grid容器是应用了\passthrough
                             {\lstinline!display: grid!}的元素，它建立了一个网格格式化上下文。网...
The control sequence at the end of the top line
of your error message was never \def'ed. If you have
misspelled it (e.g., `\hobx'), type `I' and the correct
spelling (e.g., `I\hbox'). Otherwise just continue,
and I'll forget about whatever was undefined.



[155]
Underfull \vbox (badness 10000) has occurred while \output is active []



[156]
Underfull \vbox (badness 10000) has occurred while \output is active []



[157]
Underfull \vbox (badness 10000) has occurred while \output is active []



[158]
Underfull \vbox (badness 10000) has occurred while \output is active []



[159]

[160]
Underfull \vbox (badness 10000) has occurred while \output is active []



[161]
Underfull \vbox (badness 10000) has occurred while \output is active []



[162]
Underfull \vbox (badness 10000) has occurred while \output is active []



[163]
Underfull \vbox (badness 10000) has occurred while \output is active []



[164]
Underfull \vbox (badness 10000) has occurred while \output is active []



[165]
Underfull \vbox (badness 10000) has occurred while \output is active []



[166]
Underfull \vbox (badness 10000) has occurred while \output is active []



[167]
Underfull \vbox (badness 10000) has occurred while \output is active []



[168]
Underfull \vbox (badness 10000) has occurred while \output is active []



[169]

[170]
! Undefined control sequence.
l.2562 过渡的四个基本属性分别是：\passthrough
                                {\lstinline!transition-property!}（过渡属性）、\pas...
The control sequence at the end of the top line
of your error message was never \def'ed. If you have
misspelled it (e.g., `\hobx'), type `I' and the correct
spelling (e.g., `I\hbox'). Otherwise just continue,
and I'll forget about whatever was undefined.

! Undefined control sequence.
l.2562 ...transition-property!}（过渡属性）、\passthrough
                                                  {\lstinline!transition-dur...
The control sequence at the end of the top line
of your error message was never \def'ed. If you have
misspelled it (e.g., `\hobx'), type `I' and the correct
spelling (e.g., `I\hbox'). Otherwise just continue,
and I'll forget about whatever was undefined.

! Undefined control sequence.
l.2562 ...transition-duration!}（持续时间）、\passthrough
                                                  {\lstinline!transition-tim...
The control sequence at the end of the top line
of your error message was never \def'ed. If you have
misspelled it (e.g., `\hobx'), type `I' and the correct
spelling (e.g., `I\hbox'). Otherwise just continue,
and I'll forget about whatever was undefined.

! Undefined control sequence.
l.2562 ...ion-timing-function!}（时间函数）、\passthrough
                                                  {\lstinline!transition-del...
The control sequence at the end of the top line
of your error message was never \def'ed. If you have
misspelled it (e.g., `\hobx'), type `I' and the correct
spelling (e.g., `I\hbox'). Otherwise just continue,
and I'll forget about whatever was undefined.



[171]
Underfull \vbox (badness 10000) has occurred while \output is active []



[172]
Underfull \vbox (badness 10000) has occurred while \output is active []



[173]
Underfull \vbox (badness 10000) has occurred while \output is active []



[174]
Underfull \vbox (badness 10000) has occurred while \output is active []



[175]
Underfull \vbox (badness 10000) has occurred while \output is active []



[176]
Underfull \vbox (badness 10000) has occurred while \output is active []



[177]
Underfull \vbox (badness 10000) has occurred while \output is active []



[178]

[179]

[180]

[181]

[182]

[183]
Underfull \vbox (badness 6575) has occurred while \output is active []



[184] (c:/texlive/2025/texmf-dist/tex/latex/listings/lstlang1.sty
File: lstlang1.sty 2024/09/23 1.10c listings language file
)
(c:/texlive/2025/texmf-dist/tex/latex/listings/lstlang2.sty
File: lstlang2.sty 2024/09/23 1.10c listings language file
)
(c:/texlive/2025/texmf-dist/tex/latex/listings/lstlang3.sty
File: lstlang3.sty 2024/09/23 1.10c listings language file
)

! Package Listings Error: Couldn't load requested language.

See the Listings package documentation for explanation.
Type  H <return>  for immediate help.
 ...                                              
                                                  
l.3126 \begin{lstlisting}[language=JavaScript]
                                              
The following languages weren't loadable:
    ,javascript$
This may cause errors in the sequel.


! Package Listings Error: language javascript undefined.

See the Listings package documentation for explanation.
Type  H <return>  for immediate help.
 ...                                              
                                                  
l.3126 \begin{lstlisting}[language=JavaScript]
                                              
The language is not loadable. Try typing  <return>  to proceed.
If that doesn't work, type  X <return>  to quit.



[185] (c:/texlive/2025/texmf-dist/tex/latex/listings/lstlang1.sty
File: lstlang1.sty 2024/09/23 1.10c listings language file
)
(c:/texlive/2025/texmf-dist/tex/latex/listings/lstlang2.sty
File: lstlang2.sty 2024/09/23 1.10c listings language file
)
(c:/texlive/2025/texmf-dist/tex/latex/listings/lstlang3.sty
File: lstlang3.sty 2024/09/23 1.10c listings language file
)

! Package Listings Error: Couldn't load requested language.

See the Listings package documentation for explanation.
Type  H <return>  for immediate help.
 ...                                              
                                                  
l.3145 \begin{lstlisting}[language=JavaScript]
                                              
The following languages weren't loadable:
    ,javascript$
This may cause errors in the sequel.


! Package Listings Error: language javascript undefined.

See the Listings package documentation for explanation.
Type  H <return>  for immediate help.
 ...                                              
                                                  
l.3145 \begin{lstlisting}[language=JavaScript]
                                              
The language is not loadable. Try typing  <return>  to proceed.
If that doesn't work, type  X <return>  to quit.

(c:/texlive/2025/texmf-dist/tex/latex/listings/lstlang1.sty
File: lstlang1.sty 2024/09/23 1.10c listings language file
)
(c:/texlive/2025/texmf-dist/tex/latex/listings/lstlang2.sty
File: lstlang2.sty 2024/09/23 1.10c listings language file
)
(c:/texlive/2025/texmf-dist/tex/latex/listings/lstlang3.sty
File: lstlang3.sty 2024/09/23 1.10c listings language file
)

! Package Listings Error: Couldn't load requested language.

See the Listings package documentation for explanation.
Type  H <return>  for immediate help.
 ...                                              
                                                  
l.3174 \begin{lstlisting}[language=JavaScript]
                                              
The following languages weren't loadable:
    ,javascript$
This may cause errors in the sequel.


! Package Listings Error: language javascript undefined.

See the Listings package documentation for explanation.
Type  H <return>  for immediate help.
 ...                                              
                                                  
l.3174 \begin{lstlisting}[language=JavaScript]
                                              
The language is not loadable. Try typing  <return>  to proceed.
If that doesn't work, type  X <return>  to quit.



[186] (c:/texlive/2025/texmf-dist/tex/latex/listings/lstlang1.sty
File: lstlang1.sty 2024/09/23 1.10c listings language file
)
(c:/texlive/2025/texmf-dist/tex/latex/listings/lstlang2.sty
File: lstlang2.sty 2024/09/23 1.10c listings language file
)
(c:/texlive/2025/texmf-dist/tex/latex/listings/lstlang3.sty
File: lstlang3.sty 2024/09/23 1.10c listings language file
)

! Package Listings Error: Couldn't load requested language.

See the Listings package documentation for explanation.
Type  H <return>  for immediate help.
 ...                                              
                                                  
l.3196 \begin{lstlisting}[language=JavaScript]
                                              
The following languages weren't loadable:
    ,javascript$
This may cause errors in the sequel.


! Package Listings Error: language javascript undefined.

See the Listings package documentation for explanation.
Type  H <return>  for immediate help.
 ...                                              
                                                  
l.3196 \begin{lstlisting}[language=JavaScript]
                                              
The language is not loadable. Try typing  <return>  to proceed.
If that doesn't work, type  X <return>  to quit.

(c:/texlive/2025/texmf-dist/tex/latex/listings/lstlang1.sty
File: lstlang1.sty 2024/09/23 1.10c listings language file
)
(c:/texlive/2025/texmf-dist/tex/latex/listings/lstlang2.sty
File: lstlang2.sty 2024/09/23 1.10c listings language file
)
(c:/texlive/2025/texmf-dist/tex/latex/listings/lstlang3.sty
File: lstlang3.sty 2024/09/23 1.10c listings language file
)

! Package Listings Error: Couldn't load requested language.

See the Listings package documentation for explanation.
Type  H <return>  for immediate help.
 ...                                              
                                                  
l.3220 \begin{lstlisting}[language=JavaScript]
                                              
The following languages weren't loadable:
    ,javascript$
This may cause errors in the sequel.


! Package Listings Error: language javascript undefined.

See the Listings package documentation for explanation.
Type  H <return>  for immediate help.
 ...                                              
                                                  
l.3220 \begin{lstlisting}[language=JavaScript]
                                              
The language is not loadable. Try typing  <return>  to proceed.
If that doesn't work, type  X <return>  to quit.



[187] (c:/texlive/2025/texmf-dist/tex/latex/listings/lstlang1.sty
File: lstlang1.sty 2024/09/23 1.10c listings language file
)
(c:/texlive/2025/texmf-dist/tex/latex/listings/lstlang2.sty
File: lstlang2.sty 2024/09/23 1.10c listings language file
)
(c:/texlive/2025/texmf-dist/tex/latex/listings/lstlang3.sty
File: lstlang3.sty 2024/09/23 1.10c listings language file
)

! Package Listings Error: Couldn't load requested language.

See the Listings package documentation for explanation.
Type  H <return>  for immediate help.
 ...                                              
                                                  
l.3253 \begin{lstlisting}[language=JavaScript]
                                              
The following languages weren't loadable:
    ,javascript$
This may cause errors in the sequel.


! Package Listings Error: language javascript undefined.

See the Listings package documentation for explanation.
Type  H <return>  for immediate help.
 ...                                              
                                                  
l.3253 \begin{lstlisting}[language=JavaScript]
                                              
The language is not loadable. Try typing  <return>  to proceed.
If that doesn't work, type  X <return>  to quit.



[188] (c:/texlive/2025/texmf-dist/tex/latex/listings/lstlang1.sty
File: lstlang1.sty 2024/09/23 1.10c listings language file
)
(c:/texlive/2025/texmf-dist/tex/latex/listings/lstlang2.sty
File: lstlang2.sty 2024/09/23 1.10c listings language file
)
(c:/texlive/2025/texmf-dist/tex/latex/listings/lstlang3.sty
File: lstlang3.sty 2024/09/23 1.10c listings language file
)

! Package Listings Error: Couldn't load requested language.

See the Listings package documentation for explanation.
Type  H <return>  for immediate help.
 ...                                              
                                                  
l.3315 \begin{lstlisting}[language=JavaScript]
                                              
The following languages weren't loadable:
    ,javascript$
This may cause errors in the sequel.


! Package Listings Error: language javascript undefined.

See the Listings package documentation for explanation.
Type  H <return>  for immediate help.
 ...                                              
                                                  
l.3315 \begin{lstlisting}[language=JavaScript]
                                              
The language is not loadable. Try typing  <return>  to proceed.
If that doesn't work, type  X <return>  to quit.



[189] (c:/texlive/2025/texmf-dist/tex/latex/listings/lstlang1.sty
File: lstlang1.sty 2024/09/23 1.10c listings language file
)
(c:/texlive/2025/texmf-dist/tex/latex/listings/lstlang2.sty
File: lstlang2.sty 2024/09/23 1.10c listings language file
)
(c:/texlive/2025/texmf-dist/tex/latex/listings/lstlang3.sty
File: lstlang3.sty 2024/09/23 1.10c listings language file
)

! Package Listings Error: Couldn't load requested language.

See the Listings package documentation for explanation.
Type  H <return>  for immediate help.
 ...                                              
                                                  
l.3346 \begin{lstlisting}[language=JavaScript]
                                              
The following languages weren't loadable:
    ,javascript$
This may cause errors in the sequel.


! Package Listings Error: language javascript undefined.

See the Listings package documentation for explanation.
Type  H <return>  for immediate help.
 ...                                              
                                                  
l.3346 \begin{lstlisting}[language=JavaScript]
                                              
The language is not loadable. Try typing  <return>  to proceed.
If that doesn't work, type  X <return>  to quit.

(c:/texlive/2025/texmf-dist/tex/latex/listings/lstlang1.sty
File: lstlang1.sty 2024/09/23 1.10c listings language file
)
(c:/texlive/2025/texmf-dist/tex/latex/listings/lstlang2.sty
File: lstlang2.sty 2024/09/23 1.10c listings language file
)
(c:/texlive/2025/texmf-dist/tex/latex/listings/lstlang3.sty
File: lstlang3.sty 2024/09/23 1.10c listings language file
)

! Package Listings Error: Couldn't load requested language.

See the Listings package documentation for explanation.
Type  H <return>  for immediate help.
 ...                                              
                                                  
l.3373 \begin{lstlisting}[language=JavaScript]
                                              
The following languages weren't loadable:
    ,javascript$
This may cause errors in the sequel.


! Package Listings Error: language javascript undefined.

See the Listings package documentation for explanation.
Type  H <return>  for immediate help.
 ...                                              
                                                  
l.3373 \begin{lstlisting}[language=JavaScript]
                                              
The language is not loadable. Try typing  <return>  to proceed.
If that doesn't work, type  X <return>  to quit.


Underfull \vbox (badness 4181) has occurred while \output is active []



[190] (c:/texlive/2025/texmf-dist/tex/latex/listings/lstlang1.sty
File: lstlang1.sty 2024/09/23 1.10c listings language file
)
(c:/texlive/2025/texmf-dist/tex/latex/listings/lstlang2.sty
File: lstlang2.sty 2024/09/23 1.10c listings language file
)
(c:/texlive/2025/texmf-dist/tex/latex/listings/lstlang3.sty
File: lstlang3.sty 2024/09/23 1.10c listings language file
)

! Package Listings Error: Couldn't load requested language.

See the Listings package documentation for explanation.
Type  H <return>  for immediate help.
 ...                                              
                                                  
l.3384 \begin{lstlisting}[language=JavaScript]
                                              
The following languages weren't loadable:
    ,javascript$
This may cause errors in the sequel.


! Package Listings Error: language javascript undefined.

See the Listings package documentation for explanation.
Type  H <return>  for immediate help.
 ...                                              
                                                  
l.3384 \begin{lstlisting}[language=JavaScript]
                                              
The language is not loadable. Try typing  <return>  to proceed.
If that doesn't work, type  X <return>  to quit.

(c:/texlive/2025/texmf-dist/tex/latex/listings/lstlang1.sty
File: lstlang1.sty 2024/09/23 1.10c listings language file
)
(c:/texlive/2025/texmf-dist/tex/latex/listings/lstlang2.sty
File: lstlang2.sty 2024/09/23 1.10c listings language file
)
(c:/texlive/2025/texmf-dist/tex/latex/listings/lstlang3.sty
File: lstlang3.sty 2024/09/23 1.10c listings language file
)

! Package Listings Error: Couldn't load requested language.

See the Listings package documentation for explanation.
Type  H <return>  for immediate help.
 ...                                              
                                                  
l.3405 \begin{lstlisting}[language=JavaScript]
                                              
The following languages weren't loadable:
    ,javascript$
This may cause errors in the sequel.


! Package Listings Error: language javascript undefined.

See the Listings package documentation for explanation.
Type  H <return>  for immediate help.
 ...                                              
                                                  
l.3405 \begin{lstlisting}[language=JavaScript]
                                              
The language is not loadable. Try typing  <return>  to proceed.
If that doesn't work, type  X <return>  to quit.

(c:/texlive/2025/texmf-dist/tex/latex/listings/lstlang1.sty
File: lstlang1.sty 2024/09/23 1.10c listings language file
)
(c:/texlive/2025/texmf-dist/tex/latex/listings/lstlang2.sty
File: lstlang2.sty 2024/09/23 1.10c listings language file
)
(c:/texlive/2025/texmf-dist/tex/latex/listings/lstlang3.sty
File: lstlang3.sty 2024/09/23 1.10c listings language file
)

! Package Listings Error: Couldn't load requested language.

See the Listings package documentation for explanation.
Type  H <return>  for immediate help.
 ...                                              
                                                  
l.3424 \begin{lstlisting}[language=JavaScript]
                                              
The following languages weren't loadable:
    ,javascript$
This may cause errors in the sequel.


! Package Listings Error: language javascript undefined.

See the Listings package documentation for explanation.
Type  H <return>  for immediate help.
 ...                                              
                                                  
l.3424 \begin{lstlisting}[language=JavaScript]
                                              
The language is not loadable. Try typing  <return>  to proceed.
If that doesn't work, type  X <return>  to quit.



[191] (c:/texlive/2025/texmf-dist/tex/latex/listings/lstlang1.sty
File: lstlang1.sty 2024/09/23 1.10c listings language file
)
(c:/texlive/2025/texmf-dist/tex/latex/listings/lstlang2.sty
File: lstlang2.sty 2024/09/23 1.10c listings language file
)
(c:/texlive/2025/texmf-dist/tex/latex/listings/lstlang3.sty
File: lstlang3.sty 2024/09/23 1.10c listings language file
)

! Package Listings Error: Couldn't load requested language.

See the Listings package documentation for explanation.
Type  H <return>  for immediate help.
 ...                                              
                                                  
l.3442 \begin{lstlisting}[language=JavaScript]
                                              
The following languages weren't loadable:
    ,javascript$
This may cause errors in the sequel.


! Package Listings Error: language javascript undefined.

See the Listings package documentation for explanation.
Type  H <return>  for immediate help.
 ...                                              
                                                  
l.3442 \begin{lstlisting}[language=JavaScript]
                                              
The language is not loadable. Try typing  <return>  to proceed.
If that doesn't work, type  X <return>  to quit.

(c:/texlive/2025/texmf-dist/tex/latex/listings/lstlang1.sty
File: lstlang1.sty 2024/09/23 1.10c listings language file
)
(c:/texlive/2025/texmf-dist/tex/latex/listings/lstlang2.sty
File: lstlang2.sty 2024/09/23 1.10c listings language file
)
(c:/texlive/2025/texmf-dist/tex/latex/listings/lstlang3.sty
File: lstlang3.sty 2024/09/23 1.10c listings language file
)

! Package Listings Error: Couldn't load requested language.

See the Listings package documentation for explanation.
Type  H <return>  for immediate help.
 ...                                              
                                                  
l.3462 \begin{lstlisting}[language=JavaScript]
                                              
The following languages weren't loadable:
    ,javascript$
This may cause errors in the sequel.


! Package Listings Error: language javascript undefined.

See the Listings package documentation for explanation.
Type  H <return>  for immediate help.
 ...                                              
                                                  
l.3462 \begin{lstlisting}[language=JavaScript]
                                              
The language is not loadable. Try typing  <return>  to proceed.
If that doesn't work, type  X <return>  to quit.



[192] (c:/texlive/2025/texmf-dist/tex/latex/listings/lstlang1.sty
File: lstlang1.sty 2024/09/23 1.10c listings language file
)
(c:/texlive/2025/texmf-dist/tex/latex/listings/lstlang2.sty
File: lstlang2.sty 2024/09/23 1.10c listings language file
)
(c:/texlive/2025/texmf-dist/tex/latex/listings/lstlang3.sty
File: lstlang3.sty 2024/09/23 1.10c listings language file
)

! Package Listings Error: Couldn't load requested language.

See the Listings package documentation for explanation.
Type  H <return>  for immediate help.
 ...                                              
                                                  
l.3480 \begin{lstlisting}[language=JavaScript]
                                              
The following languages weren't loadable:
    ,javascript$
This may cause errors in the sequel.


! Package Listings Error: language javascript undefined.

See the Listings package documentation for explanation.
Type  H <return>  for immediate help.
 ...                                              
                                                  
l.3480 \begin{lstlisting}[language=JavaScript]
                                              
The language is not loadable. Try typing  <return>  to proceed.
If that doesn't work, type  X <return>  to quit.

(c:/texlive/2025/texmf-dist/tex/latex/listings/lstlang1.sty
File: lstlang1.sty 2024/09/23 1.10c listings language file
)
(c:/texlive/2025/texmf-dist/tex/latex/listings/lstlang2.sty
File: lstlang2.sty 2024/09/23 1.10c listings language file
)
(c:/texlive/2025/texmf-dist/tex/latex/listings/lstlang3.sty
File: lstlang3.sty 2024/09/23 1.10c listings language file
)

! Package Listings Error: Couldn't load requested language.

See the Listings package documentation for explanation.
Type  H <return>  for immediate help.
 ...                                              
                                                  
l.3496 \begin{lstlisting}[language=JavaScript]
                                              
The following languages weren't loadable:
    ,javascript$
This may cause errors in the sequel.


! Package Listings Error: language javascript undefined.

See the Listings package documentation for explanation.
Type  H <return>  for immediate help.
 ...                                              
                                                  
l.3496 \begin{lstlisting}[language=JavaScript]
                                              
The language is not loadable. Try typing  <return>  to proceed.
If that doesn't work, type  X <return>  to quit.



[193] (c:/texlive/2025/texmf-dist/tex/latex/listings/lstlang1.sty
File: lstlang1.sty 2024/09/23 1.10c listings language file
)
(c:/texlive/2025/texmf-dist/tex/latex/listings/lstlang2.sty
File: lstlang2.sty 2024/09/23 1.10c listings language file
)
(c:/texlive/2025/texmf-dist/tex/latex/listings/lstlang3.sty
File: lstlang3.sty 2024/09/23 1.10c listings language file
)

! Package Listings Error: Couldn't load requested language.

See the Listings package documentation for explanation.
Type  H <return>  for immediate help.
 ...                                              
                                                  
l.3522 \begin{lstlisting}[language=JavaScript]
                                              
The following languages weren't loadable:
    ,javascript$
This may cause errors in the sequel.


! Package Listings Error: language javascript undefined.

See the Listings package documentation for explanation.
Type  H <return>  for immediate help.
 ...                                              
                                                  
l.3522 \begin{lstlisting}[language=JavaScript]
                                              
The language is not loadable. Try typing  <return>  to proceed.
If that doesn't work, type  X <return>  to quit.

(c:/texlive/2025/texmf-dist/tex/latex/listings/lstlang1.sty
File: lstlang1.sty 2024/09/23 1.10c listings language file
)
(c:/texlive/2025/texmf-dist/tex/latex/listings/lstlang2.sty
File: lstlang2.sty 2024/09/23 1.10c listings language file
)
(c:/texlive/2025/texmf-dist/tex/latex/listings/lstlang3.sty
File: lstlang3.sty 2024/09/23 1.10c listings language file
)

! Package Listings Error: Couldn't load requested language.

See the Listings package documentation for explanation.
Type  H <return>  for immediate help.
 ...                                              
                                                  
l.3556 \begin{lstlisting}[language=JavaScript]
                                              
The following languages weren't loadable:
    ,javascript$
This may cause errors in the sequel.


! Package Listings Error: language javascript undefined.

See the Listings package documentation for explanation.
Type  H <return>  for immediate help.
 ...                                              
                                                  
l.3556 \begin{lstlisting}[language=JavaScript]
                                              
The language is not loadable. Try typing  <return>  to proceed.
If that doesn't work, type  X <return>  to quit.



[194] (c:/texlive/2025/texmf-dist/tex/latex/listings/lstlang1.sty
File: lstlang1.sty 2024/09/23 1.10c listings language file
)
(c:/texlive/2025/texmf-dist/tex/latex/listings/lstlang2.sty
File: lstlang2.sty 2024/09/23 1.10c listings language file
)
(c:/texlive/2025/texmf-dist/tex/latex/listings/lstlang3.sty
File: lstlang3.sty 2024/09/23 1.10c listings language file
)

! Package Listings Error: Couldn't load requested language.

See the Listings package documentation for explanation.
Type  H <return>  for immediate help.
 ...                                              
                                                  
l.3589 \begin{lstlisting}[language=JavaScript]
                                              
The following languages weren't loadable:
    ,javascript$
This may cause errors in the sequel.


! Package Listings Error: language javascript undefined.

See the Listings package documentation for explanation.
Type  H <return>  for immediate help.
 ...                                              
                                                  
l.3589 \begin{lstlisting}[language=JavaScript]
                                              
The language is not loadable. Try typing  <return>  to proceed.
If that doesn't work, type  X <return>  to quit.



[195]
! Undefined control sequence.
l.3624 布尔类型是JavaScript中最简单的数据类型，只有两个值：\passthrough
                                                  {\lstinline!true!}和\passth...
The control sequence at the end of the top line
of your error message was never \def'ed. If you have
misspelled it (e.g., `\hobx'), type `I' and the correct
spelling (e.g., `I\hbox'). Otherwise just continue,
and I'll forget about whatever was undefined.

! Undefined control sequence.
l.3624 ...ssthrough{\lstinline!true!}和\passthrough
                                                  {\lstinline!false!}。但是Java...
The control sequence at the end of the top line
of your error message was never \def'ed. If you have
misspelled it (e.g., `\hobx'), type `I' and the correct
spelling (e.g., `I\hbox'). Otherwise just continue,
and I'll forget about whatever was undefined.

(c:/texlive/2025/texmf-dist/tex/latex/listings/lstlang1.sty
File: lstlang1.sty 2024/09/23 1.10c listings language file
)
(c:/texlive/2025/texmf-dist/tex/latex/listings/lstlang2.sty
File: lstlang2.sty 2024/09/23 1.10c listings language file
)
(c:/texlive/2025/texmf-dist/tex/latex/listings/lstlang3.sty
File: lstlang3.sty 2024/09/23 1.10c listings language file
)

! Package Listings Error: Couldn't load requested language.

See the Listings package documentation for explanation.
Type  H <return>  for immediate help.
 ...                                              
                                                  
l.3630 \begin{lstlisting}[language=JavaScript]
                                              
The following languages weren't loadable:
    ,javascript$
This may cause errors in the sequel.


! Package Listings Error: language javascript undefined.

See the Listings package documentation for explanation.
Type  H <return>  for immediate help.
 ...                                              
                                                  
l.3630 \begin{lstlisting}[language=JavaScript]
                                              
The language is not loadable. Try typing  <return>  to proceed.
If that doesn't work, type  X <return>  to quit.

(c:/texlive/2025/texmf-dist/tex/latex/listings/lstlang1.sty
File: lstlang1.sty 2024/09/23 1.10c listings language file
)
(c:/texlive/2025/texmf-dist/tex/latex/listings/lstlang2.sty
File: lstlang2.sty 2024/09/23 1.10c listings language file
)
(c:/texlive/2025/texmf-dist/tex/latex/listings/lstlang3.sty
File: lstlang3.sty 2024/09/23 1.10c listings language file
)

! Package Listings Error: Couldn't load requested language.

See the Listings package documentation for explanation.
Type  H <return>  for immediate help.
 ...                                              
                                                  
l.3642 \begin{lstlisting}[language=JavaScript]
                                              
The following languages weren't loadable:
    ,javascript$
This may cause errors in the sequel.


! Package Listings Error: language javascript undefined.

See the Listings package documentation for explanation.
Type  H <return>  for immediate help.
 ...                                              
                                                  
l.3642 \begin{lstlisting}[language=JavaScript]
                                              
The language is not loadable. Try typing  <return>  to proceed.
If that doesn't work, type  X <return>  to quit.



[196] (c:/texlive/2025/texmf-dist/tex/latex/listings/lstlang1.sty
File: lstlang1.sty 2024/09/23 1.10c listings language file
)
(c:/texlive/2025/texmf-dist/tex/latex/listings/lstlang2.sty
File: lstlang2.sty 2024/09/23 1.10c listings language file
)
(c:/texlive/2025/texmf-dist/tex/latex/listings/lstlang3.sty
File: lstlang3.sty 2024/09/23 1.10c listings language file
)

! Package Listings Error: Couldn't load requested language.

See the Listings package documentation for explanation.
Type  H <return>  for immediate help.
 ...                                              
                                                  
l.3662 \begin{lstlisting}[language=JavaScript]
                                              
The following languages weren't loadable:
    ,javascript$
This may cause errors in the sequel.


! Package Listings Error: language javascript undefined.

See the Listings package documentation for explanation.
Type  H <return>  for immediate help.
 ...                                              
                                                  
l.3662 \begin{lstlisting}[language=JavaScript]
                                              
The language is not loadable. Try typing  <return>  to proceed.
If that doesn't work, type  X <return>  to quit.

(c:/texlive/2025/texmf-dist/tex/latex/listings/lstlang1.sty
File: lstlang1.sty 2024/09/23 1.10c listings language file
)
(c:/texlive/2025/texmf-dist/tex/latex/listings/lstlang2.sty
File: lstlang2.sty 2024/09/23 1.10c listings language file
)
(c:/texlive/2025/texmf-dist/tex/latex/listings/lstlang3.sty
File: lstlang3.sty 2024/09/23 1.10c listings language file
)

! Package Listings Error: Couldn't load requested language.

See the Listings package documentation for explanation.
Type  H <return>  for immediate help.
 ...                                              
                                                  
l.3687 \begin{lstlisting}[language=JavaScript]
                                              
The following languages weren't loadable:
    ,javascript$
This may cause errors in the sequel.


! Package Listings Error: language javascript undefined.

See the Listings package documentation for explanation.
Type  H <return>  for immediate help.
 ...                                              
                                                  
l.3687 \begin{lstlisting}[language=JavaScript]
                                              
The language is not loadable. Try typing  <return>  to proceed.
If that doesn't work, type  X <return>  to quit.



[197]
! Undefined control sequence.
l.3707 空值合并运算符只在左侧为\passthrough
                               {\lstinline!null!}或\passthrough{\lstinline!un...
The control sequence at the end of the top line
of your error message was never \def'ed. If you have
misspelled it (e.g., `\hobx'), type `I' and the correct
spelling (e.g., `I\hbox'). Otherwise just continue,
and I'll forget about whatever was undefined.

! Undefined control sequence.
l.3707 ...ssthrough{\lstinline!null!}或\passthrough
                                                  {\lstinline!undefined!}时返回...
The control sequence at the end of the top line
of your error message was never \def'ed. If you have
misspelled it (e.g., `\hobx'), type `I' and the correct
spelling (e.g., `I\hbox'). Otherwise just continue,
and I'll forget about whatever was undefined.

(c:/texlive/2025/texmf-dist/tex/latex/listings/lstlang1.sty
File: lstlang1.sty 2024/09/23 1.10c listings language file
)
(c:/texlive/2025/texmf-dist/tex/latex/listings/lstlang2.sty
File: lstlang2.sty 2024/09/23 1.10c listings language file
)
(c:/texlive/2025/texmf-dist/tex/latex/listings/lstlang3.sty
File: lstlang3.sty 2024/09/23 1.10c listings language file
)

! Package Listings Error: Couldn't load requested language.

See the Listings package documentation for explanation.
Type  H <return>  for immediate help.
 ...                                              
                                                  
l.3709 \begin{lstlisting}[language=JavaScript]
                                              
The following languages weren't loadable:
    ,javascript$
This may cause errors in the sequel.


! Package Listings Error: language javascript undefined.

See the Listings package documentation for explanation.
Type  H <return>  for immediate help.
 ...                                              
                                                  
l.3709 \begin{lstlisting}[language=JavaScript]
                                              
The language is not loadable. Try typing  <return>  to proceed.
If that doesn't work, type  X <return>  to quit.

(c:/texlive/2025/texmf-dist/tex/latex/listings/lstlang1.sty
File: lstlang1.sty 2024/09/23 1.10c listings language file
)
(c:/texlive/2025/texmf-dist/tex/latex/listings/lstlang2.sty
File: lstlang2.sty 2024/09/23 1.10c listings language file
)
(c:/texlive/2025/texmf-dist/tex/latex/listings/lstlang3.sty
File: lstlang3.sty 2024/09/23 1.10c listings language file
)

! Package Listings Error: Couldn't load requested language.

See the Listings package documentation for explanation.
Type  H <return>  for immediate help.
 ...                                              
                                                  
l.3728 \begin{lstlisting}[language=JavaScript]
                                              
The following languages weren't loadable:
    ,javascript$
This may cause errors in the sequel.


! Package Listings Error: language javascript undefined.

See the Listings package documentation for explanation.
Type  H <return>  for immediate help.
 ...                                              
                                                  
l.3728 \begin{lstlisting}[language=JavaScript]
                                              
The language is not loadable. Try typing  <return>  to proceed.
If that doesn't work, type  X <return>  to quit.



[198] (c:/texlive/2025/texmf-dist/tex/latex/listings/lstlang1.sty
File: lstlang1.sty 2024/09/23 1.10c listings language file
)
(c:/texlive/2025/texmf-dist/tex/latex/listings/lstlang2.sty
File: lstlang2.sty 2024/09/23 1.10c listings language file
)
(c:/texlive/2025/texmf-dist/tex/latex/listings/lstlang3.sty
File: lstlang3.sty 2024/09/23 1.10c listings language file
)

! Package Listings Error: Couldn't load requested language.

See the Listings package documentation for explanation.
Type  H <return>  for immediate help.
 ...                                              
                                                  
l.3757 \begin{lstlisting}[language=JavaScript]
                                              
The following languages weren't loadable:
    ,javascript$
This may cause errors in the sequel.


! Package Listings Error: language javascript undefined.

See the Listings package documentation for explanation.
Type  H <return>  for immediate help.
 ...                                              
                                                  
l.3757 \begin{lstlisting}[language=JavaScript]
                                              
The language is not loadable. Try typing  <return>  to proceed.
If that doesn't work, type  X <return>  to quit.



[199] (c:/texlive/2025/texmf-dist/tex/latex/listings/lstlang1.sty
File: lstlang1.sty 2024/09/23 1.10c listings language file
)
(c:/texlive/2025/texmf-dist/tex/latex/listings/lstlang2.sty
File: lstlang2.sty 2024/09/23 1.10c listings language file
)
(c:/texlive/2025/texmf-dist/tex/latex/listings/lstlang3.sty
File: lstlang3.sty 2024/09/23 1.10c listings language file
)

! Package Listings Error: Couldn't load requested language.

See the Listings package documentation for explanation.
Type  H <return>  for immediate help.
 ...                                              
                                                  
l.3807 \begin{lstlisting}[language=JavaScript]
                                              
The following languages weren't loadable:
    ,javascript$
This may cause errors in the sequel.


! Package Listings Error: language javascript undefined.

See the Listings package documentation for explanation.
Type  H <return>  for immediate help.
 ...                                              
                                                  
l.3807 \begin{lstlisting}[language=JavaScript]
                                              
The language is not loadable. Try typing  <return>  to proceed.
If that doesn't work, type  X <return>  to quit.


Underfull \vbox (badness 6204) has occurred while \output is active []



[200] (c:/texlive/2025/texmf-dist/tex/latex/listings/lstlang1.sty
File: lstlang1.sty 2024/09/23 1.10c listings language file
)
(c:/texlive/2025/texmf-dist/tex/latex/listings/lstlang2.sty
File: lstlang2.sty 2024/09/23 1.10c listings language file
)
(c:/texlive/2025/texmf-dist/tex/latex/listings/lstlang3.sty
File: lstlang3.sty 2024/09/23 1.10c listings language file
)

! Package Listings Error: Couldn't load requested language.

See the Listings package documentation for explanation.
Type  H <return>  for immediate help.
 ...                                              
                                                  
l.3854 \begin{lstlisting}[language=JavaScript]
                                              
The following languages weren't loadable:
    ,javascript$
This may cause errors in the sequel.


! Package Listings Error: language javascript undefined.

See the Listings package documentation for explanation.
Type  H <return>  for immediate help.
 ...                                              
                                                  
l.3854 \begin{lstlisting}[language=JavaScript]
                                              
The language is not loadable. Try typing  <return>  to proceed.
If that doesn't work, type  X <return>  to quit.


Underfull \vbox (badness 6204) has occurred while \output is active []



[201]
Underfull \vbox (badness 10000) has occurred while \output is active []



[202] (c:/texlive/2025/texmf-dist/tex/latex/listings/lstlang1.sty
File: lstlang1.sty 2024/09/23 1.10c listings language file
)
(c:/texlive/2025/texmf-dist/tex/latex/listings/lstlang2.sty
File: lstlang2.sty 2024/09/23 1.10c listings language file
)
(c:/texlive/2025/texmf-dist/tex/latex/listings/lstlang3.sty
File: lstlang3.sty 2024/09/23 1.10c listings language file
)

! Package Listings Error: Couldn't load requested language.

See the Listings package documentation for explanation.
Type  H <return>  for immediate help.
 ...                                              
                                                  
l.3926 \begin{lstlisting}[language=JavaScript]
                                              
The following languages weren't loadable:
    ,javascript$
This may cause errors in the sequel.


! Package Listings Error: language javascript undefined.

See the Listings package documentation for explanation.
Type  H <return>  for immediate help.
 ...                                              
                                                  
l.3926 \begin{lstlisting}[language=JavaScript]
                                              
The language is not loadable. Try typing  <return>  to proceed.
If that doesn't work, type  X <return>  to quit.



[203] (c:/texlive/2025/texmf-dist/tex/latex/listings/lstlang1.sty
File: lstlang1.sty 2024/09/23 1.10c listings language file
)
(c:/texlive/2025/texmf-dist/tex/latex/listings/lstlang2.sty
File: lstlang2.sty 2024/09/23 1.10c listings language file
)
(c:/texlive/2025/texmf-dist/tex/latex/listings/lstlang3.sty
File: lstlang3.sty 2024/09/23 1.10c listings language file
)

! Package Listings Error: Couldn't load requested language.

See the Listings package documentation for explanation.
Type  H <return>  for immediate help.
 ...                                              
                                                  
l.3950 \begin{lstlisting}[language=JavaScript]
                                              
The following languages weren't loadable:
    ,javascript$
This may cause errors in the sequel.


! Package Listings Error: language javascript undefined.

See the Listings package documentation for explanation.
Type  H <return>  for immediate help.
 ...                                              
                                                  
l.3950 \begin{lstlisting}[language=JavaScript]
                                              
The language is not loadable. Try typing  <return>  to proceed.
If that doesn't work, type  X <return>  to quit.

(c:/texlive/2025/texmf-dist/tex/latex/listings/lstlang1.sty
File: lstlang1.sty 2024/09/23 1.10c listings language file
)
(c:/texlive/2025/texmf-dist/tex/latex/listings/lstlang2.sty
File: lstlang2.sty 2024/09/23 1.10c listings language file
)
(c:/texlive/2025/texmf-dist/tex/latex/listings/lstlang3.sty
File: lstlang3.sty 2024/09/23 1.10c listings language file
)

! Package Listings Error: Couldn't load requested language.

See the Listings package documentation for explanation.
Type  H <return>  for immediate help.
 ...                                              
                                                  
l.3981 \begin{lstlisting}[language=JavaScript]
                                              
The following languages weren't loadable:
    ,javascript$
This may cause errors in the sequel.


! Package Listings Error: language javascript undefined.

See the Listings package documentation for explanation.
Type  H <return>  for immediate help.
 ...                                              
                                                  
l.3981 \begin{lstlisting}[language=JavaScript]
                                              
The language is not loadable. Try typing  <return>  to proceed.
If that doesn't work, type  X <return>  to quit.



[204] (c:/texlive/2025/texmf-dist/tex/latex/listings/lstlang1.sty
File: lstlang1.sty 2024/09/23 1.10c listings language file
)
(c:/texlive/2025/texmf-dist/tex/latex/listings/lstlang2.sty
File: lstlang2.sty 2024/09/23 1.10c listings language file
)
(c:/texlive/2025/texmf-dist/tex/latex/listings/lstlang3.sty
File: lstlang3.sty 2024/09/23 1.10c listings language file
)

! Package Listings Error: Couldn't load requested language.

See the Listings package documentation for explanation.
Type  H <return>  for immediate help.
 ...                                              
                                                  
l.4006 \begin{lstlisting}[language=JavaScript]
                                              
The following languages weren't loadable:
    ,javascript$
This may cause errors in the sequel.


! Package Listings Error: language javascript undefined.

See the Listings package documentation for explanation.
Type  H <return>  for immediate help.
 ...                                              
                                                  
l.4006 \begin{lstlisting}[language=JavaScript]
                                              
The language is not loadable. Try typing  <return>  to proceed.
If that doesn't work, type  X <return>  to quit.

(c:/texlive/2025/texmf-dist/tex/latex/listings/lstlang1.sty
File: lstlang1.sty 2024/09/23 1.10c listings language file
)
(c:/texlive/2025/texmf-dist/tex/latex/listings/lstlang2.sty
File: lstlang2.sty 2024/09/23 1.10c listings language file
)
(c:/texlive/2025/texmf-dist/tex/latex/listings/lstlang3.sty
File: lstlang3.sty 2024/09/23 1.10c listings language file
)

! Package Listings Error: Couldn't load requested language.

See the Listings package documentation for explanation.
Type  H <return>  for immediate help.
 ...                                              
                                                  
l.4022 \begin{lstlisting}[language=JavaScript]
                                              
The following languages weren't loadable:
    ,javascript$
This may cause errors in the sequel.


! Package Listings Error: language javascript undefined.

See the Listings package documentation for explanation.
Type  H <return>  for immediate help.
 ...                                              
                                                  
l.4022 \begin{lstlisting}[language=JavaScript]
                                              
The language is not loadable. Try typing  <return>  to proceed.
If that doesn't work, type  X <return>  to quit.

(c:/texlive/2025/texmf-dist/tex/latex/listings/lstlang1.sty
File: lstlang1.sty 2024/09/23 1.10c listings language file
)
(c:/texlive/2025/texmf-dist/tex/latex/listings/lstlang2.sty
File: lstlang2.sty 2024/09/23 1.10c listings language file
)
(c:/texlive/2025/texmf-dist/tex/latex/listings/lstlang3.sty
File: lstlang3.sty 2024/09/23 1.10c listings language file
)

! Package Listings Error: Couldn't load requested language.

See the Listings package documentation for explanation.
Type  H <return>  for immediate help.
 ...                                              
                                                  
l.4038 \begin{lstlisting}[language=JavaScript]
                                              
The following languages weren't loadable:
    ,javascript$
This may cause errors in the sequel.


! Package Listings Error: language javascript undefined.

See the Listings package documentation for explanation.
Type  H <return>  for immediate help.
 ...                                              
                                                  
l.4038 \begin{lstlisting}[language=JavaScript]
                                              
The language is not loadable. Try typing  <return>  to proceed.
If that doesn't work, type  X <return>  to quit.



[205] (c:/texlive/2025/texmf-dist/tex/latex/listings/lstlang1.sty
File: lstlang1.sty 2024/09/23 1.10c listings language file
)
(c:/texlive/2025/texmf-dist/tex/latex/listings/lstlang2.sty
File: lstlang2.sty 2024/09/23 1.10c listings language file
)
(c:/texlive/2025/texmf-dist/tex/latex/listings/lstlang3.sty
File: lstlang3.sty 2024/09/23 1.10c listings language file
)

! Package Listings Error: Couldn't load requested language.

See the Listings package documentation for explanation.
Type  H <return>  for immediate help.
 ...                                              
                                                  
l.4062 \begin{lstlisting}[language=JavaScript]
                                              
The following languages weren't loadable:
    ,javascript$
This may cause errors in the sequel.


! Package Listings Error: language javascript undefined.

See the Listings package documentation for explanation.
Type  H <return>  for immediate help.
 ...                                              
                                                  
l.4062 \begin{lstlisting}[language=JavaScript]
                                              
The language is not loadable. Try typing  <return>  to proceed.
If that doesn't work, type  X <return>  to quit.



[206] (c:/texlive/2025/texmf-dist/tex/latex/listings/lstlang1.sty
File: lstlang1.sty 2024/09/23 1.10c listings language file
)
(c:/texlive/2025/texmf-dist/tex/latex/listings/lstlang2.sty
File: lstlang2.sty 2024/09/23 1.10c listings language file
)
(c:/texlive/2025/texmf-dist/tex/latex/listings/lstlang3.sty
File: lstlang3.sty 2024/09/23 1.10c listings language file
)

! Package Listings Error: Couldn't load requested language.

See the Listings package documentation for explanation.
Type  H <return>  for immediate help.
 ...                                              
                                                  
l.4102 \begin{lstlisting}[language=JavaScript]
                                              
The following languages weren't loadable:
    ,javascript$
This may cause errors in the sequel.


! Package Listings Error: language javascript undefined.

See the Listings package documentation for explanation.
Type  H <return>  for immediate help.
 ...                                              
                                                  
l.4102 \begin{lstlisting}[language=JavaScript]
                                              
The language is not loadable. Try typing  <return>  to proceed.
If that doesn't work, type  X <return>  to quit.


Underfull \vbox (badness 6204) has occurred while \output is active []



[207]
Underfull \vbox (badness 10000) has occurred while \output is active []



[208] (c:/texlive/2025/texmf-dist/tex/latex/listings/lstlang1.sty
File: lstlang1.sty 2024/09/23 1.10c listings language file
)
(c:/texlive/2025/texmf-dist/tex/latex/listings/lstlang2.sty
File: lstlang2.sty 2024/09/23 1.10c listings language file
)
(c:/texlive/2025/texmf-dist/tex/latex/listings/lstlang3.sty
File: lstlang3.sty 2024/09/23 1.10c listings language file
)

! Package Listings Error: Couldn't load requested language.

See the Listings package documentation for explanation.
Type  H <return>  for immediate help.
 ...                                              
                                                  
l.4170 \begin{lstlisting}[language=JavaScript]
                                              
The following languages weren't loadable:
    ,javascript$
This may cause errors in the sequel.


! Package Listings Error: language javascript undefined.

See the Listings package documentation for explanation.
Type  H <return>  for immediate help.
 ...                                              
                                                  
l.4170 \begin{lstlisting}[language=JavaScript]
                                              
The language is not loadable. Try typing  <return>  to proceed.
If that doesn't work, type  X <return>  to quit.


Underfull \vbox (badness 6204) has occurred while \output is active []



[209]
Underfull \vbox (badness 10000) has occurred while \output is active []



[210] (c:/texlive/2025/texmf-dist/tex/latex/listings/lstlang1.sty
File: lstlang1.sty 2024/09/23 1.10c listings language file
)
(c:/texlive/2025/texmf-dist/tex/latex/listings/lstlang2.sty
File: lstlang2.sty 2024/09/23 1.10c listings language file
)
(c:/texlive/2025/texmf-dist/tex/latex/listings/lstlang3.sty
File: lstlang3.sty 2024/09/23 1.10c listings language file
)

! Package Listings Error: Couldn't load requested language.

See the Listings package documentation for explanation.
Type  H <return>  for immediate help.
 ...                                              
                                                  
l.4280 \begin{lstlisting}[language=JavaScript]
                                              
The following languages weren't loadable:
    ,javascript$
This may cause errors in the sequel.


! Package Listings Error: language javascript undefined.

See the Listings package documentation for explanation.
Type  H <return>  for immediate help.
 ...                                              
                                                  
l.4280 \begin{lstlisting}[language=JavaScript]
                                              
The language is not loadable. Try typing  <return>  to proceed.
If that doesn't work, type  X <return>  to quit.



[211] (c:/texlive/2025/texmf-dist/tex/latex/listings/lstlang1.sty
File: lstlang1.sty 2024/09/23 1.10c listings language file
)
(c:/texlive/2025/texmf-dist/tex/latex/listings/lstlang2.sty
File: lstlang2.sty 2024/09/23 1.10c listings language file
)
(c:/texlive/2025/texmf-dist/tex/latex/listings/lstlang3.sty
File: lstlang3.sty 2024/09/23 1.10c listings language file
)

! Package Listings Error: Couldn't load requested language.

See the Listings package documentation for explanation.
Type  H <return>  for immediate help.
 ...                                              
                                                  
l.4304 \begin{lstlisting}[language=JavaScript]
                                              
The following languages weren't loadable:
    ,javascript$
This may cause errors in the sequel.


! Package Listings Error: language javascript undefined.

See the Listings package documentation for explanation.
Type  H <return>  for immediate help.
 ...                                              
                                                  
l.4304 \begin{lstlisting}[language=JavaScript]
                                              
The language is not loadable. Try typing  <return>  to proceed.
If that doesn't work, type  X <return>  to quit.

(c:/texlive/2025/texmf-dist/tex/latex/listings/lstlang1.sty
File: lstlang1.sty 2024/09/23 1.10c listings language file
)
(c:/texlive/2025/texmf-dist/tex/latex/listings/lstlang2.sty
File: lstlang2.sty 2024/09/23 1.10c listings language file
)
(c:/texlive/2025/texmf-dist/tex/latex/listings/lstlang3.sty
File: lstlang3.sty 2024/09/23 1.10c listings language file
)

! Package Listings Error: Couldn't load requested language.

See the Listings package documentation for explanation.
Type  H <return>  for immediate help.
 ...                                              
                                                  
l.4330 \begin{lstlisting}[language=JavaScript]
                                              
The following languages weren't loadable:
    ,javascript$
This may cause errors in the sequel.


! Package Listings Error: language javascript undefined.

See the Listings package documentation for explanation.
Type  H <return>  for immediate help.
 ...                                              
                                                  
l.4330 \begin{lstlisting}[language=JavaScript]
                                              
The language is not loadable. Try typing  <return>  to proceed.
If that doesn't work, type  X <return>  to quit.



[212] (c:/texlive/2025/texmf-dist/tex/latex/listings/lstlang1.sty
File: lstlang1.sty 2024/09/23 1.10c listings language file
)
(c:/texlive/2025/texmf-dist/tex/latex/listings/lstlang2.sty
File: lstlang2.sty 2024/09/23 1.10c listings language file
)
(c:/texlive/2025/texmf-dist/tex/latex/listings/lstlang3.sty
File: lstlang3.sty 2024/09/23 1.10c listings language file
)

! Package Listings Error: Couldn't load requested language.

See the Listings package documentation for explanation.
Type  H <return>  for immediate help.
 ...                                              
                                                  
l.4354 \begin{lstlisting}[language=JavaScript]
                                              
The following languages weren't loadable:
    ,javascript$
This may cause errors in the sequel.


! Package Listings Error: language javascript undefined.

See the Listings package documentation for explanation.
Type  H <return>  for immediate help.
 ...                                              
                                                  
l.4354 \begin{lstlisting}[language=JavaScript]
                                              
The language is not loadable. Try typing  <return>  to proceed.
If that doesn't work, type  X <return>  to quit.



[213] (c:/texlive/2025/texmf-dist/tex/latex/listings/lstlang1.sty
File: lstlang1.sty 2024/09/23 1.10c listings language file
)
(c:/texlive/2025/texmf-dist/tex/latex/listings/lstlang2.sty
File: lstlang2.sty 2024/09/23 1.10c listings language file
)
(c:/texlive/2025/texmf-dist/tex/latex/listings/lstlang3.sty
File: lstlang3.sty 2024/09/23 1.10c listings language file
)

! Package Listings Error: Couldn't load requested language.

See the Listings package documentation for explanation.
Type  H <return>  for immediate help.
 ...                                              
                                                  
l.4390 \begin{lstlisting}[language=JavaScript]
                                              
The following languages weren't loadable:
    ,javascript$
This may cause errors in the sequel.


! Package Listings Error: language javascript undefined.

See the Listings package documentation for explanation.
Type  H <return>  for immediate help.
 ...                                              
                                                  
l.4390 \begin{lstlisting}[language=JavaScript]
                                              
The language is not loadable. Try typing  <return>  to proceed.
If that doesn't work, type  X <return>  to quit.


Underfull \vbox (badness 6204) has occurred while \output is active []



[214] (c:/texlive/2025/texmf-dist/tex/latex/listings/lstlang1.sty
File: lstlang1.sty 2024/09/23 1.10c listings language file
)
(c:/texlive/2025/texmf-dist/tex/latex/listings/lstlang2.sty
File: lstlang2.sty 2024/09/23 1.10c listings language file
)
(c:/texlive/2025/texmf-dist/tex/latex/listings/lstlang3.sty
File: lstlang3.sty 2024/09/23 1.10c listings language file
)

! Package Listings Error: Couldn't load requested language.

See the Listings package documentation for explanation.
Type  H <return>  for immediate help.
 ...                                              
                                                  
l.4431 \begin{lstlisting}[language=JavaScript]
                                              
The following languages weren't loadable:
    ,javascript$
This may cause errors in the sequel.


! Package Listings Error: language javascript undefined.

See the Listings package documentation for explanation.
Type  H <return>  for immediate help.
 ...                                              
                                                  
l.4431 \begin{lstlisting}[language=JavaScript]
                                              
The language is not loadable. Try typing  <return>  to proceed.
If that doesn't work, type  X <return>  to quit.


Underfull \vbox (badness 6204) has occurred while \output is active []



[215]
Underfull \vbox (badness 10000) has occurred while \output is active []



[216] (c:/texlive/2025/texmf-dist/tex/latex/listings/lstlang1.sty
File: lstlang1.sty 2024/09/23 1.10c listings language file
)
(c:/texlive/2025/texmf-dist/tex/latex/listings/lstlang2.sty
File: lstlang2.sty 2024/09/23 1.10c listings language file
)
(c:/texlive/2025/texmf-dist/tex/latex/listings/lstlang3.sty
File: lstlang3.sty 2024/09/23 1.10c listings language file
)

! Package Listings Error: Couldn't load requested language.

See the Listings package documentation for explanation.
Type  H <return>  for immediate help.
 ...                                              
                                                  
l.4504 \begin{lstlisting}[language=JavaScript]
                                              
The following languages weren't loadable:
    ,javascript$
This may cause errors in the sequel.


! Package Listings Error: language javascript undefined.

See the Listings package documentation for explanation.
Type  H <return>  for immediate help.
 ...                                              
                                                  
l.4504 \begin{lstlisting}[language=JavaScript]
                                              
The language is not loadable. Try typing  <return>  to proceed.
If that doesn't work, type  X <return>  to quit.

(c:/texlive/2025/texmf-dist/tex/latex/listings/lstlang1.sty
File: lstlang1.sty 2024/09/23 1.10c listings language file
)
(c:/texlive/2025/texmf-dist/tex/latex/listings/lstlang2.sty
File: lstlang2.sty 2024/09/23 1.10c listings language file
)
(c:/texlive/2025/texmf-dist/tex/latex/listings/lstlang3.sty
File: lstlang3.sty 2024/09/23 1.10c listings language file
)

! Package Listings Error: Couldn't load requested language.

See the Listings package documentation for explanation.
Type  H <return>  for immediate help.
 ...                                              
                                                  
l.4541 \begin{lstlisting}[language=JavaScript]
                                              
The following languages weren't loadable:
    ,javascript$
This may cause errors in the sequel.


! Package Listings Error: language javascript undefined.

See the Listings package documentation for explanation.
Type  H <return>  for immediate help.
 ...                                              
                                                  
l.4541 \begin{lstlisting}[language=JavaScript]
                                              
The language is not loadable. Try typing  <return>  to proceed.
If that doesn't work, type  X <return>  to quit.



[217] (c:/texlive/2025/texmf-dist/tex/latex/listings/lstlang1.sty
File: lstlang1.sty 2024/09/23 1.10c listings language file
)
(c:/texlive/2025/texmf-dist/tex/latex/listings/lstlang2.sty
File: lstlang2.sty 2024/09/23 1.10c listings language file
)
(c:/texlive/2025/texmf-dist/tex/latex/listings/lstlang3.sty
File: lstlang3.sty 2024/09/23 1.10c listings language file
)

! Package Listings Error: Couldn't load requested language.

See the Listings package documentation for explanation.
Type  H <return>  for immediate help.
 ...                                              
                                                  
l.4566 \begin{lstlisting}[language=JavaScript]
                                              
The following languages weren't loadable:
    ,javascript$
This may cause errors in the sequel.


! Package Listings Error: language javascript undefined.

See the Listings package documentation for explanation.
Type  H <return>  for immediate help.
 ...                                              
                                                  
l.4566 \begin{lstlisting}[language=JavaScript]
                                              
The language is not loadable. Try typing  <return>  to proceed.
If that doesn't work, type  X <return>  to quit.



[218] (c:/texlive/2025/texmf-dist/tex/latex/listings/lstlang1.sty
File: lstlang1.sty 2024/09/23 1.10c listings language file
)
(c:/texlive/2025/texmf-dist/tex/latex/listings/lstlang2.sty
File: lstlang2.sty 2024/09/23 1.10c listings language file
)
(c:/texlive/2025/texmf-dist/tex/latex/listings/lstlang3.sty
File: lstlang3.sty 2024/09/23 1.10c listings language file
)

! Package Listings Error: Couldn't load requested language.

See the Listings package documentation for explanation.
Type  H <return>  for immediate help.
 ...                                              
                                                  
l.4592 \begin{lstlisting}[language=JavaScript]
                                              
The following languages weren't loadable:
    ,javascript$
This may cause errors in the sequel.


! Package Listings Error: language javascript undefined.

See the Listings package documentation for explanation.
Type  H <return>  for immediate help.
 ...                                              
                                                  
l.4592 \begin{lstlisting}[language=JavaScript]
                                              
The language is not loadable. Try typing  <return>  to proceed.
If that doesn't work, type  X <return>  to quit.

(c:/texlive/2025/texmf-dist/tex/latex/listings/lstlang1.sty
File: lstlang1.sty 2024/09/23 1.10c listings language file
)
(c:/texlive/2025/texmf-dist/tex/latex/listings/lstlang2.sty
File: lstlang2.sty 2024/09/23 1.10c listings language file
)
(c:/texlive/2025/texmf-dist/tex/latex/listings/lstlang3.sty
File: lstlang3.sty 2024/09/23 1.10c listings language file
)

! Package Listings Error: Couldn't load requested language.

See the Listings package documentation for explanation.
Type  H <return>  for immediate help.
 ...                                              
                                                  
l.4614 \begin{lstlisting}[language=JavaScript]
                                              
The following languages weren't loadable:
    ,javascript$
This may cause errors in the sequel.


! Package Listings Error: language javascript undefined.

See the Listings package documentation for explanation.
Type  H <return>  for immediate help.
 ...                                              
                                                  
l.4614 \begin{lstlisting}[language=JavaScript]
                                              
The language is not loadable. Try typing  <return>  to proceed.
If that doesn't work, type  X <return>  to quit.



[219] (c:/texlive/2025/texmf-dist/tex/latex/listings/lstlang1.sty
File: lstlang1.sty 2024/09/23 1.10c listings language file
)
(c:/texlive/2025/texmf-dist/tex/latex/listings/lstlang2.sty
File: lstlang2.sty 2024/09/23 1.10c listings language file
)
(c:/texlive/2025/texmf-dist/tex/latex/listings/lstlang3.sty
File: lstlang3.sty 2024/09/23 1.10c listings language file
)

! Package Listings Error: Couldn't load requested language.

See the Listings package documentation for explanation.
Type  H <return>  for immediate help.
 ...                                              
                                                  
l.4642 \begin{lstlisting}[language=JavaScript]
                                              
The following languages weren't loadable:
    ,javascript$
This may cause errors in the sequel.


! Package Listings Error: language javascript undefined.

See the Listings package documentation for explanation.
Type  H <return>  for immediate help.
 ...                                              
                                                  
l.4642 \begin{lstlisting}[language=JavaScript]
                                              
The language is not loadable. Try typing  <return>  to proceed.
If that doesn't work, type  X <return>  to quit.


Underfull \vbox (badness 10000) has occurred while \output is active []



[220]
Underfull \vbox (badness 10000) has occurred while \output is active []



[221] (c:/texlive/2025/texmf-dist/tex/latex/listings/lstlang1.sty
File: lstlang1.sty 2024/09/23 1.10c listings language file
)
(c:/texlive/2025/texmf-dist/tex/latex/listings/lstlang2.sty
File: lstlang2.sty 2024/09/23 1.10c listings language file
)
(c:/texlive/2025/texmf-dist/tex/latex/listings/lstlang3.sty
File: lstlang3.sty 2024/09/23 1.10c listings language file
)

! Package Listings Error: Couldn't load requested language.

See the Listings package documentation for explanation.
Type  H <return>  for immediate help.
 ...                                              
                                                  
l.4737 \begin{lstlisting}[language=JavaScript]
                                              
The following languages weren't loadable:
    ,javascript$
This may cause errors in the sequel.


! Package Listings Error: language javascript undefined.

See the Listings package documentation for explanation.
Type  H <return>  for immediate help.
 ...                                              
                                                  
l.4737 \begin{lstlisting}[language=JavaScript]
                                              
The language is not loadable. Try typing  <return>  to proceed.
If that doesn't work, type  X <return>  to quit.


Underfull \vbox (badness 6204) has occurred while \output is active []



[222]
Underfull \vbox (badness 10000) has occurred while \output is active []



[223] (c:/texlive/2025/texmf-dist/tex/latex/listings/lstlang1.sty
File: lstlang1.sty 2024/09/23 1.10c listings language file
)
(c:/texlive/2025/texmf-dist/tex/latex/listings/lstlang2.sty
File: lstlang2.sty 2024/09/23 1.10c listings language file
)
(c:/texlive/2025/texmf-dist/tex/latex/listings/lstlang3.sty
File: lstlang3.sty 2024/09/23 1.10c listings language file
)

! Package Listings Error: Couldn't load requested language.

See the Listings package documentation for explanation.
Type  H <return>  for immediate help.
 ...                                              
                                                  
l.4817 \begin{lstlisting}[language=JavaScript]
                                              
The following languages weren't loadable:
    ,javascript$
This may cause errors in the sequel.


! Package Listings Error: language javascript undefined.

See the Listings package documentation for explanation.
Type  H <return>  for immediate help.
 ...                                              
                                                  
l.4817 \begin{lstlisting}[language=JavaScript]
                                              
The language is not loadable. Try typing  <return>  to proceed.
If that doesn't work, type  X <return>  to quit.


Underfull \vbox (badness 6204) has occurred while \output is active []



[224]
Underfull \vbox (badness 10000) has occurred while \output is active []



[225]
Underfull \vbox (badness 2608) has occurred while \output is active []



[226] (c:/texlive/2025/texmf-dist/tex/latex/listings/lstlang1.sty
File: lstlang1.sty 2024/09/23 1.10c listings language file
)
(c:/texlive/2025/texmf-dist/tex/latex/listings/lstlang2.sty
File: lstlang2.sty 2024/09/23 1.10c listings language file
)
(c:/texlive/2025/texmf-dist/tex/latex/listings/lstlang3.sty
File: lstlang3.sty 2024/09/23 1.10c listings language file
)

! Package Listings Error: Couldn't load requested language.

See the Listings package documentation for explanation.
Type  H <return>  for immediate help.
 ...                                              
                                                  
l.4924 \begin{lstlisting}[language=JavaScript]
                                              
The following languages weren't loadable:
    ,javascript$
This may cause errors in the sequel.


! Package Listings Error: language javascript undefined.

See the Listings package documentation for explanation.
Type  H <return>  for immediate help.
 ...                                              
                                                  
l.4924 \begin{lstlisting}[language=JavaScript]
                                              
The language is not loadable. Try typing  <return>  to proceed.
If that doesn't work, type  X <return>  to quit.

Missing character: There is no 🚨 (U+1F6A8) in font TeX Gyre Cursor/OT:script=la
tn;language=dflt;!
Missing character: There is no ⚠ (U+26A0) in font TeX Gyre Cursor/OT:script=lat
n;language=dflt;!
Missing character: There is no ️ (U+FE0F) in font FangSong/OT:script=hani;langu
age=dflt;!
Missing character: There is no ℹ (U+2139) in font TeX Gyre Cursor/OT:script=lat
n;language=dflt;!
Missing character: There is no ️ (U+FE0F) in font FangSong/OT:script=hani;langu
age=dflt;!
Missing character: There is no ⚠ (U+26A0) in font TeX Gyre Cursor/OT:script=lat
n;language=dflt;!
Missing character: There is no ️ (U+FE0F) in font FangSong/OT:script=hani;langu
age=dflt;!
Missing character: There is no ✅ (U+2705) in font TeX Gyre Cursor/OT:script=lat
n;language=dflt;!
(c:/texlive/2025/texmf-dist/tex/latex/listings/lstlang1.sty
File: lstlang1.sty 2024/09/23 1.10c listings language file
)
(c:/texlive/2025/texmf-dist/tex/latex/listings/lstlang2.sty
File: lstlang2.sty 2024/09/23 1.10c listings language file
)
(c:/texlive/2025/texmf-dist/tex/latex/listings/lstlang3.sty
File: lstlang3.sty 2024/09/23 1.10c listings language file
)

! Package Listings Error: Couldn't load requested language.

See the Listings package documentation for explanation.
Type  H <return>  for immediate help.
 ...                                              
                                                  
l.4954 \begin{lstlisting}[language=JavaScript]
                                              
The following languages weren't loadable:
    ,javascript$
This may cause errors in the sequel.


! Package Listings Error: language javascript undefined.

See the Listings package documentation for explanation.
Type  H <return>  for immediate help.
 ...                                              
                                                  
l.4954 \begin{lstlisting}[language=JavaScript]
                                              
The language is not loadable. Try typing  <return>  to proceed.
If that doesn't work, type  X <return>  to quit.

Missing character: There is no 🟢 (U+1F7E2) in font TeX Gyre Cursor/OT:script=la
tn;language=dflt;!
Missing character: There is no 🔴 (U+1F534) in font TeX Gyre Cursor/OT:script=la
tn;language=dflt;!


[227] (c:/texlive/2025/texmf-dist/tex/latex/listings/lstlang1.sty
File: lstlang1.sty 2024/09/23 1.10c listings language file
)
(c:/texlive/2025/texmf-dist/tex/latex/listings/lstlang2.sty
File: lstlang2.sty 2024/09/23 1.10c listings language file
)
(c:/texlive/2025/texmf-dist/tex/latex/listings/lstlang3.sty
File: lstlang3.sty 2024/09/23 1.10c listings language file
)

! Package Listings Error: Couldn't load requested language.

See the Listings package documentation for explanation.
Type  H <return>  for immediate help.
 ...                                              
                                                  
l.4978 \begin{lstlisting}[language=JavaScript]
                                              
The following languages weren't loadable:
    ,javascript$
This may cause errors in the sequel.


! Package Listings Error: language javascript undefined.

See the Listings package documentation for explanation.
Type  H <return>  for immediate help.
 ...                                              
                                                  
l.4978 \begin{lstlisting}[language=JavaScript]
                                              
The language is not loadable. Try typing  <return>  to proceed.
If that doesn't work, type  X <return>  to quit.



[228] (c:/texlive/2025/texmf-dist/tex/latex/listings/lstlang1.sty
File: lstlang1.sty 2024/09/23 1.10c listings language file
)
(c:/texlive/2025/texmf-dist/tex/latex/listings/lstlang2.sty
File: lstlang2.sty 2024/09/23 1.10c listings language file
)
(c:/texlive/2025/texmf-dist/tex/latex/listings/lstlang3.sty
File: lstlang3.sty 2024/09/23 1.10c listings language file
)

! Package Listings Error: Couldn't load requested language.

See the Listings package documentation for explanation.
Type  H <return>  for immediate help.
 ...                                              
                                                  
l.5024 \begin{lstlisting}[language=JavaScript]
                                              
The following languages weren't loadable:
    ,javascript$
This may cause errors in the sequel.


! Package Listings Error: language javascript undefined.

See the Listings package documentation for explanation.
Type  H <return>  for immediate help.
 ...                                              
                                                  
l.5024 \begin{lstlisting}[language=JavaScript]
                                              
The language is not loadable. Try typing  <return>  to proceed.
If that doesn't work, type  X <return>  to quit.

Missing character: There is no 🏞 (U+1F3DE) in font TeX Gyre Cursor/OT:script=la
tn;language=dflt;!
Missing character: There is no ️ (U+FE0F) in font FangSong/OT:script=hani;langu
age=dflt;!


[229]
Missing character: There is no 🏗 (U+1F3D7) in font TeX Gyre Cursor/OT:script=la
tn;language=dflt;!
Missing character: There is no ️ (U+FE0F) in font FangSong/OT:script=hani;langu
age=dflt;!
Missing character: There is no 🏞 (U+1F3DE) in font TeX Gyre Cursor/OT:script=la
tn;language=dflt;!
Missing character: There is no ️ (U+FE0F) in font FangSong/OT:script=hani;langu
age=dflt;!
Missing character: There is no ❓ (U+2753) in font TeX Gyre Cursor/OT:script=lat
n;language=dflt;!
(c:/texlive/2025/texmf-dist/tex/latex/listings/lstlang1.sty
File: lstlang1.sty 2024/09/23 1.10c listings language file
)
(c:/texlive/2025/texmf-dist/tex/latex/listings/lstlang2.sty
File: lstlang2.sty 2024/09/23 1.10c listings language file
)
(c:/texlive/2025/texmf-dist/tex/latex/listings/lstlang3.sty
File: lstlang3.sty 2024/09/23 1.10c listings language file
)

! Package Listings Error: Couldn't load requested language.

See the Listings package documentation for explanation.
Type  H <return>  for immediate help.
 ...                                              
                                                  
l.5071 \begin{lstlisting}[language=JavaScript]
                                              
The following languages weren't loadable:
    ,javascript$
This may cause errors in the sequel.


! Package Listings Error: language javascript undefined.

See the Listings package documentation for explanation.
Type  H <return>  for immediate help.
 ...                                              
                                                  
l.5071 \begin{lstlisting}[language=JavaScript]
                                              
The language is not loadable. Try typing  <return>  to proceed.
If that doesn't work, type  X <return>  to quit.



[230]
Underfull \vbox (badness 10000) has occurred while \output is active []



[231] (c:/texlive/2025/texmf-dist/tex/latex/listings/lstlang1.sty
File: lstlang1.sty 2024/09/23 1.10c listings language file
)
(c:/texlive/2025/texmf-dist/tex/latex/listings/lstlang2.sty
File: lstlang2.sty 2024/09/23 1.10c listings language file
)
(c:/texlive/2025/texmf-dist/tex/latex/listings/lstlang3.sty
File: lstlang3.sty 2024/09/23 1.10c listings language file
)

! Package Listings Error: Couldn't load requested language.

See the Listings package documentation for explanation.
Type  H <return>  for immediate help.
 ...                                              
                                                  
l.5157 \begin{lstlisting}[language=JavaScript]
                                              
The following languages weren't loadable:
    ,javascript$
This may cause errors in the sequel.


! Package Listings Error: language javascript undefined.

See the Listings package documentation for explanation.
Type  H <return>  for immediate help.
 ...                                              
                                                  
l.5157 \begin{lstlisting}[language=JavaScript]
                                              
The language is not loadable. Try typing  <return>  to proceed.
If that doesn't work, type  X <return>  to quit.


Underfull \vbox (badness 6204) has occurred while \output is active []



[232]
Underfull \vbox (badness 10000) has occurred while \output is active []



[233]
Underfull \vbox (badness 10000) has occurred while \output is active []



[234]
Underfull \vbox (badness 10000) has occurred while \output is active []



[235] (c:/texlive/2025/texmf-dist/tex/latex/listings/lstlang1.sty
File: lstlang1.sty 2024/09/23 1.10c listings language file
)
(c:/texlive/2025/texmf-dist/tex/latex/listings/lstlang2.sty
File: lstlang2.sty 2024/09/23 1.10c listings language file
)
(c:/texlive/2025/texmf-dist/tex/latex/listings/lstlang3.sty
File: lstlang3.sty 2024/09/23 1.10c listings language file
)

! Package Listings Error: Couldn't load requested language.

See the Listings package documentation for explanation.
Type  H <return>  for immediate help.
 ...                                              
                                                  
l.5306 \begin{lstlisting}[language=JavaScript]
                                              
The following languages weren't loadable:
    ,javascript$
This may cause errors in the sequel.


! Package Listings Error: language javascript undefined.

See the Listings package documentation for explanation.
Type  H <return>  for immediate help.
 ...                                              
                                                  
l.5306 \begin{lstlisting}[language=JavaScript]
                                              
The language is not loadable. Try typing  <return>  to proceed.
If that doesn't work, type  X <return>  to quit.

(c:/texlive/2025/texmf-dist/tex/latex/listings/lstlang1.sty
File: lstlang1.sty 2024/09/23 1.10c listings language file
)
(c:/texlive/2025/texmf-dist/tex/latex/listings/lstlang2.sty
File: lstlang2.sty 2024/09/23 1.10c listings language file
)
(c:/texlive/2025/texmf-dist/tex/latex/listings/lstlang3.sty
File: lstlang3.sty 2024/09/23 1.10c listings language file
)

! Package Listings Error: Couldn't load requested language.

See the Listings package documentation for explanation.
Type  H <return>  for immediate help.
 ...                                              
                                                  
l.5339 \begin{lstlisting}[language=JavaScript]
                                              
The following languages weren't loadable:
    ,javascript$
This may cause errors in the sequel.


! Package Listings Error: language javascript undefined.

See the Listings package documentation for explanation.
Type  H <return>  for immediate help.
 ...                                              
                                                  
l.5339 \begin{lstlisting}[language=JavaScript]
                                              
The language is not loadable. Try typing  <return>  to proceed.
If that doesn't work, type  X <return>  to quit.


Underfull \vbox (badness 2556) has occurred while \output is active []



[236]
Underfull \vbox (badness 10000) has occurred while \output is active []



[237] (c:/texlive/2025/texmf-dist/tex/latex/listings/lstlang1.sty
File: lstlang1.sty 2024/09/23 1.10c listings language file
)
(c:/texlive/2025/texmf-dist/tex/latex/listings/lstlang2.sty
File: lstlang2.sty 2024/09/23 1.10c listings language file
)
(c:/texlive/2025/texmf-dist/tex/latex/listings/lstlang3.sty
File: lstlang3.sty 2024/09/23 1.10c listings language file
)

! Package Listings Error: Couldn't load requested language.

See the Listings package documentation for explanation.
Type  H <return>  for immediate help.
 ...                                              
                                                  
l.5417 \begin{lstlisting}[language=JavaScript]
                                              
The following languages weren't loadable:
    ,javascript$
This may cause errors in the sequel.


! Package Listings Error: language javascript undefined.

See the Listings package documentation for explanation.
Type  H <return>  for immediate help.
 ...                                              
                                                  
l.5417 \begin{lstlisting}[language=JavaScript]
                                              
The language is not loadable. Try typing  <return>  to proceed.
If that doesn't work, type  X <return>  to quit.



[238]
Underfull \vbox (badness 10000) has occurred while \output is active []



[239] (c:/texlive/2025/texmf-dist/tex/latex/listings/lstlang1.sty
File: lstlang1.sty 2024/09/23 1.10c listings language file
)
(c:/texlive/2025/texmf-dist/tex/latex/listings/lstlang2.sty
File: lstlang2.sty 2024/09/23 1.10c listings language file
)
(c:/texlive/2025/texmf-dist/tex/latex/listings/lstlang3.sty
File: lstlang3.sty 2024/09/23 1.10c listings language file
)

! Package Listings Error: Couldn't load requested language.

See the Listings package documentation for explanation.
Type  H <return>  for immediate help.
 ...                                              
                                                  
l.5491 \begin{lstlisting}[language=JavaScript]
                                              
The following languages weren't loadable:
    ,javascript$
This may cause errors in the sequel.


! Package Listings Error: language javascript undefined.

See the Listings package documentation for explanation.
Type  H <return>  for immediate help.
 ...                                              
                                                  
l.5491 \begin{lstlisting}[language=JavaScript]
                                              
The language is not loadable. Try typing  <return>  to proceed.
If that doesn't work, type  X <return>  to quit.



[240]
Underfull \vbox (badness 10000) has occurred while \output is active []



[241] (c:/texlive/2025/texmf-dist/tex/latex/listings/lstlang1.sty
File: lstlang1.sty 2024/09/23 1.10c listings language file
)
(c:/texlive/2025/texmf-dist/tex/latex/listings/lstlang2.sty
File: lstlang2.sty 2024/09/23 1.10c listings language file
)
(c:/texlive/2025/texmf-dist/tex/latex/listings/lstlang3.sty
File: lstlang3.sty 2024/09/23 1.10c listings language file
)

! Package Listings Error: Couldn't load requested language.

See the Listings package documentation for explanation.
Type  H <return>  for immediate help.
 ...                                              
                                                  
l.5560 \begin{lstlisting}[language=JavaScript]
                                              
The following languages weren't loadable:
    ,javascript$
This may cause errors in the sequel.


! Package Listings Error: language javascript undefined.

See the Listings package documentation for explanation.
Type  H <return>  for immediate help.
 ...                                              
                                                  
l.5560 \begin{lstlisting}[language=JavaScript]
                                              
The language is not loadable. Try typing  <return>  to proceed.
If that doesn't work, type  X <return>  to quit.



[242]
Missing character: There is no 🔴 (U+1F534) in font TeX Gyre Cursor/OT:script=la
tn;language=dflt;!
Missing character: There is no 🟡 (U+1F7E1) in font TeX Gyre Cursor/OT:script=la
tn;language=dflt;!
Missing character: There is no 🔵 (U+1F535) in font TeX Gyre Cursor/OT:script=la
tn;language=dflt;!
Missing character: There is no 🟢 (U+1F7E2) in font TeX Gyre Cursor/OT:script=la
tn;language=dflt;!

Underfull \vbox (badness 10000) has occurred while \output is active []



[243] (c:/texlive/2025/texmf-dist/tex/latex/listings/lstlang1.sty
File: lstlang1.sty 2024/09/23 1.10c listings language file
)
(c:/texlive/2025/texmf-dist/tex/latex/listings/lstlang2.sty
File: lstlang2.sty 2024/09/23 1.10c listings language file
)
(c:/texlive/2025/texmf-dist/tex/latex/listings/lstlang3.sty
File: lstlang3.sty 2024/09/23 1.10c listings language file
)

! Package Listings Error: Couldn't load requested language.

See the Listings package documentation for explanation.
Type  H <return>  for immediate help.
 ...                                              
                                                  
l.5642 \begin{lstlisting}[language=JavaScript]
                                              
The following languages weren't loadable:
    ,javascript$
This may cause errors in the sequel.


! Package Listings Error: language javascript undefined.

See the Listings package documentation for explanation.
Type  H <return>  for immediate help.
 ...                                              
                                                  
l.5642 \begin{lstlisting}[language=JavaScript]
                                              
The language is not loadable. Try typing  <return>  to proceed.
If that doesn't work, type  X <return>  to quit.



[244]
Underfull \vbox (badness 10000) has occurred while \output is active []



[245] (c:/texlive/2025/texmf-dist/tex/latex/listings/lstlang1.sty
File: lstlang1.sty 2024/09/23 1.10c listings language file
)
(c:/texlive/2025/texmf-dist/tex/latex/listings/lstlang2.sty
File: lstlang2.sty 2024/09/23 1.10c listings language file
)
(c:/texlive/2025/texmf-dist/tex/latex/listings/lstlang3.sty
File: lstlang3.sty 2024/09/23 1.10c listings language file
)

! Package Listings Error: Couldn't load requested language.

See the Listings package documentation for explanation.
Type  H <return>  for immediate help.
 ...                                              
                                                  
l.5725 \begin{lstlisting}[language=JavaScript]
                                              
The following languages weren't loadable:
    ,javascript$
This may cause errors in the sequel.


! Package Listings Error: language javascript undefined.

See the Listings package documentation for explanation.
Type  H <return>  for immediate help.
 ...                                              
                                                  
l.5725 \begin{lstlisting}[language=JavaScript]
                                              
The language is not loadable. Try typing  <return>  to proceed.
If that doesn't work, type  X <return>  to quit.


Underfull \vbox (badness 6204) has occurred while \output is active []



[246]
Underfull \vbox (badness 10000) has occurred while \output is active []



[247] (c:/texlive/2025/texmf-dist/tex/latex/listings/lstlang1.sty
File: lstlang1.sty 2024/09/23 1.10c listings language file
)
(c:/texlive/2025/texmf-dist/tex/latex/listings/lstlang2.sty
File: lstlang2.sty 2024/09/23 1.10c listings language file
)
(c:/texlive/2025/texmf-dist/tex/latex/listings/lstlang3.sty
File: lstlang3.sty 2024/09/23 1.10c listings language file
)

! Package Listings Error: Couldn't load requested language.

See the Listings package documentation for explanation.
Type  H <return>  for immediate help.
 ...                                              
                                                  
l.5800 \begin{lstlisting}[language=JavaScript]
                                              
The following languages weren't loadable:
    ,javascript$
This may cause errors in the sequel.


! Package Listings Error: language javascript undefined.

See the Listings package documentation for explanation.
Type  H <return>  for immediate help.
 ...                                              
                                                  
l.5800 \begin{lstlisting}[language=JavaScript]
                                              
The language is not loadable. Try typing  <return>  to proceed.
If that doesn't work, type  X <return>  to quit.


Underfull \vbox (badness 6204) has occurred while \output is active []



[248]
Underfull \vbox (badness 10000) has occurred while \output is active []



[249]
Underfull \vbox (badness 10000) has occurred while \output is active []



[250] (c:/texlive/2025/texmf-dist/tex/latex/listings/lstlang1.sty
File: lstlang1.sty 2024/09/23 1.10c listings language file
)
(c:/texlive/2025/texmf-dist/tex/latex/listings/lstlang2.sty
File: lstlang2.sty 2024/09/23 1.10c listings language file
)
(c:/texlive/2025/texmf-dist/tex/latex/listings/lstlang3.sty
File: lstlang3.sty 2024/09/23 1.10c listings language file
)

! Package Listings Error: Couldn't load requested language.

See the Listings package documentation for explanation.
Type  H <return>  for immediate help.
 ...                                              
                                                  
l.5942 \begin{lstlisting}[language=JavaScript]
                                              
The following languages weren't loadable:
    ,javascript$
This may cause errors in the sequel.


! Package Listings Error: language javascript undefined.

See the Listings package documentation for explanation.
Type  H <return>  for immediate help.
 ...                                              
                                                  
l.5942 \begin{lstlisting}[language=JavaScript]
                                              
The language is not loadable. Try typing  <return>  to proceed.
If that doesn't work, type  X <return>  to quit.



[251]
Underfull \vbox (badness 10000) has occurred while \output is active []



[252]
Underfull \vbox (badness 10000) has occurred while \output is active []



[253]
Underfull \vbox (badness 10000) has occurred while \output is active []



[254] (c:/texlive/2025/texmf-dist/tex/latex/listings/lstlang1.sty
File: lstlang1.sty 2024/09/23 1.10c listings language file
)
(c:/texlive/2025/texmf-dist/tex/latex/listings/lstlang2.sty
File: lstlang2.sty 2024/09/23 1.10c listings language file
)
(c:/texlive/2025/texmf-dist/tex/latex/listings/lstlang3.sty
File: lstlang3.sty 2024/09/23 1.10c listings language file
)

! Package Listings Error: Couldn't load requested language.

See the Listings package documentation for explanation.
Type  H <return>  for immediate help.
 ...                                              
                                                  
l.6084 \begin{lstlisting}[language=JavaScript]
                                              
The following languages weren't loadable:
    ,javascript$
This may cause errors in the sequel.


! Package Listings Error: language javascript undefined.

See the Listings package documentation for explanation.
Type  H <return>  for immediate help.
 ...                                              
                                                  
l.6084 \begin{lstlisting}[language=JavaScript]
                                              
The language is not loadable. Try typing  <return>  to proceed.
If that doesn't work, type  X <return>  to quit.



[255]
Underfull \vbox (badness 10000) has occurred while \output is active []



[256]
Underfull \vbox (badness 10000) has occurred while \output is active []



[257]
Underfull \vbox (badness 10000) has occurred while \output is active []



[258]
Underfull \vbox (badness 10000) has occurred while \output is active []



[259]
Underfull \vbox (badness 1838) has occurred while \output is active []



[260]
Missing character: There is no 🟢 (U+1F7E2) in font TeX Gyre Cursor/OT:script=la
tn;language=dflt;!
Missing character: There is no 🔴 (U+1F534) in font TeX Gyre Cursor/OT:script=la
tn;language=dflt;!
(c:/texlive/2025/texmf-dist/tex/latex/listings/lstlang1.sty
File: lstlang1.sty 2024/09/23 1.10c listings language file
)
(c:/texlive/2025/texmf-dist/tex/latex/listings/lstlang2.sty
File: lstlang2.sty 2024/09/23 1.10c listings language file
)
(c:/texlive/2025/texmf-dist/tex/latex/listings/lstlang3.sty
File: lstlang3.sty 2024/09/23 1.10c listings language file
)

! Package Listings Error: Couldn't load requested language.

See the Listings package documentation for explanation.
Type  H <return>  for immediate help.
 ...                                              
                                                  
l.6356 \begin{lstlisting}[language=JavaScript]
                                              
The following languages weren't loadable:
    ,javascript$
This may cause errors in the sequel.


! Package Listings Error: language javascript undefined.

See the Listings package documentation for explanation.
Type  H <return>  for immediate help.
 ...                                              
                                                  
l.6356 \begin{lstlisting}[language=JavaScript]
                                              
The language is not loadable. Try typing  <return>  to proceed.
If that doesn't work, type  X <return>  to quit.



[261]
Underfull \vbox (badness 10000) has occurred while \output is active []



[262] (c:/texlive/2025/texmf-dist/tex/latex/listings/lstlang1.sty
File: lstlang1.sty 2024/09/23 1.10c listings language file
)
(c:/texlive/2025/texmf-dist/tex/latex/listings/lstlang2.sty
File: lstlang2.sty 2024/09/23 1.10c listings language file
)
(c:/texlive/2025/texmf-dist/tex/latex/listings/lstlang3.sty
File: lstlang3.sty 2024/09/23 1.10c listings language file
)

! Package Listings Error: Couldn't load requested language.

See the Listings package documentation for explanation.
Type  H <return>  for immediate help.
 ...                                              
                                                  
l.6405 \begin{lstlisting}[language=JavaScript]
                                              
The following languages weren't loadable:
    ,javascript$
This may cause errors in the sequel.


! Package Listings Error: language javascript undefined.

See the Listings package documentation for explanation.
Type  H <return>  for immediate help.
 ...                                              
                                                  
l.6405 \begin{lstlisting}[language=JavaScript]
                                              
The language is not loadable. Try typing  <return>  to proceed.
If that doesn't work, type  X <return>  to quit.



[263]
Underfull \vbox (badness 10000) has occurred while \output is active []



[264]
! Undefined control sequence.
<recently read> \passthrough 
                             
l.6506 对象字面量是创建对象最直接的方式，使用大括号 \passthrough
                                          {\lstinline!\{\}!} 包围键值对。在水利系统中，我们...
The control sequence at the end of the top line
of your error message was never \def'ed. If you have
misspelled it (e.g., `\hobx'), type `I' and the correct
spelling (e.g., `I\hbox'). Otherwise just continue,
and I'll forget about whatever was undefined.

(c:/texlive/2025/texmf-dist/tex/latex/listings/lstlang1.sty
File: lstlang1.sty 2024/09/23 1.10c listings language file
)
(c:/texlive/2025/texmf-dist/tex/latex/listings/lstlang2.sty
File: lstlang2.sty 2024/09/23 1.10c listings language file
)
(c:/texlive/2025/texmf-dist/tex/latex/listings/lstlang3.sty
File: lstlang3.sty 2024/09/23 1.10c listings language file
)

! Package Listings Error: Couldn't load requested language.

See the Listings package documentation for explanation.
Type  H <return>  for immediate help.
 ...                                              
                                                  
l.6508 \begin{lstlisting}[language=JavaScript]
                                              
The following languages weren't loadable:
    ,javascript$
This may cause errors in the sequel.


! Package Listings Error: language javascript undefined.

See the Listings package documentation for explanation.
Type  H <return>  for immediate help.
 ...                                              
                                                  
l.6508 \begin{lstlisting}[language=JavaScript]
                                              
The language is not loadable. Try typing  <return>  to proceed.
If that doesn't work, type  X <return>  to quit.



[265] (c:/texlive/2025/texmf-dist/tex/latex/listings/lstlang1.sty
File: lstlang1.sty 2024/09/23 1.10c listings language file
)
(c:/texlive/2025/texmf-dist/tex/latex/listings/lstlang2.sty
File: lstlang2.sty 2024/09/23 1.10c listings language file
)
(c:/texlive/2025/texmf-dist/tex/latex/listings/lstlang3.sty
File: lstlang3.sty 2024/09/23 1.10c listings language file
)

! Package Listings Error: Couldn't load requested language.

See the Listings package documentation for explanation.
Type  H <return>  for immediate help.
 ...                                              
                                                  
l.6522 \begin{lstlisting}[language=JavaScript]
                                              
The following languages weren't loadable:
    ,javascript$
This may cause errors in the sequel.


! Package Listings Error: language javascript undefined.

See the Listings package documentation for explanation.
Type  H <return>  for immediate help.
 ...                                              
                                                  
l.6522 \begin{lstlisting}[language=JavaScript]
                                              
The language is not loadable. Try typing  <return>  to proceed.
If that doesn't work, type  X <return>  to quit.

(c:/texlive/2025/texmf-dist/tex/latex/listings/lstlang1.sty
File: lstlang1.sty 2024/09/23 1.10c listings language file
)
(c:/texlive/2025/texmf-dist/tex/latex/listings/lstlang2.sty
File: lstlang2.sty 2024/09/23 1.10c listings language file
)
(c:/texlive/2025/texmf-dist/tex/latex/listings/lstlang3.sty
File: lstlang3.sty 2024/09/23 1.10c listings language file
)

! Package Listings Error: Couldn't load requested language.

See the Listings package documentation for explanation.
Type  H <return>  for immediate help.
 ...                                              
                                                  
l.6549 \begin{lstlisting}[language=JavaScript]
                                              
The following languages weren't loadable:
    ,javascript$
This may cause errors in the sequel.


! Package Listings Error: language javascript undefined.

See the Listings package documentation for explanation.
Type  H <return>  for immediate help.
 ...                                              
                                                  
l.6549 \begin{lstlisting}[language=JavaScript]
                                              
The language is not loadable. Try typing  <return>  to proceed.
If that doesn't work, type  X <return>  to quit.



[266] (c:/texlive/2025/texmf-dist/tex/latex/listings/lstlang1.sty
File: lstlang1.sty 2024/09/23 1.10c listings language file
)
(c:/texlive/2025/texmf-dist/tex/latex/listings/lstlang2.sty
File: lstlang2.sty 2024/09/23 1.10c listings language file
)
(c:/texlive/2025/texmf-dist/tex/latex/listings/lstlang3.sty
File: lstlang3.sty 2024/09/23 1.10c listings language file
)

! Package Listings Error: Couldn't load requested language.

See the Listings package documentation for explanation.
Type  H <return>  for immediate help.
 ...                                              
                                                  
l.6587 \begin{lstlisting}[language=JavaScript]
                                              
The following languages weren't loadable:
    ,javascript$
This may cause errors in the sequel.


! Package Listings Error: language javascript undefined.

See the Listings package documentation for explanation.
Type  H <return>  for immediate help.
 ...                                              
                                                  
l.6587 \begin{lstlisting}[language=JavaScript]
                                              
The language is not loadable. Try typing  <return>  to proceed.
If that doesn't work, type  X <return>  to quit.

(c:/texlive/2025/texmf-dist/tex/latex/listings/lstlang1.sty
File: lstlang1.sty 2024/09/23 1.10c listings language file
)
(c:/texlive/2025/texmf-dist/tex/latex/listings/lstlang2.sty
File: lstlang2.sty 2024/09/23 1.10c listings language file
)
(c:/texlive/2025/texmf-dist/tex/latex/listings/lstlang3.sty
File: lstlang3.sty 2024/09/23 1.10c listings language file
)

! Package Listings Error: Couldn't load requested language.

See the Listings package documentation for explanation.
Type  H <return>  for immediate help.
 ...                                              
                                                  
l.6608 \begin{lstlisting}[language=JavaScript]
                                              
The following languages weren't loadable:
    ,javascript$
This may cause errors in the sequel.


! Package Listings Error: language javascript undefined.

See the Listings package documentation for explanation.
Type  H <return>  for immediate help.
 ...                                              
                                                  
l.6608 \begin{lstlisting}[language=JavaScript]
                                              
The language is not loadable. Try typing  <return>  to proceed.
If that doesn't work, type  X <return>  to quit.



[267] (c:/texlive/2025/texmf-dist/tex/latex/listings/lstlang1.sty
File: lstlang1.sty 2024/09/23 1.10c listings language file
)
(c:/texlive/2025/texmf-dist/tex/latex/listings/lstlang2.sty
File: lstlang2.sty 2024/09/23 1.10c listings language file
)
(c:/texlive/2025/texmf-dist/tex/latex/listings/lstlang3.sty
File: lstlang3.sty 2024/09/23 1.10c listings language file
)

! Package Listings Error: Couldn't load requested language.

See the Listings package documentation for explanation.
Type  H <return>  for immediate help.
 ...                                              
                                                  
l.6635 \begin{lstlisting}[language=JavaScript]
                                              
The following languages weren't loadable:
    ,javascript$
This may cause errors in the sequel.


! Package Listings Error: language javascript undefined.

See the Listings package documentation for explanation.
Type  H <return>  for immediate help.
 ...                                              
                                                  
l.6635 \begin{lstlisting}[language=JavaScript]
                                              
The language is not loadable. Try typing  <return>  to proceed.
If that doesn't work, type  X <return>  to quit.


Underfull \vbox (badness 3930) has occurred while \output is active []



[268] (c:/texlive/2025/texmf-dist/tex/latex/listings/lstlang1.sty
File: lstlang1.sty 2024/09/23 1.10c listings language file
)
(c:/texlive/2025/texmf-dist/tex/latex/listings/lstlang2.sty
File: lstlang2.sty 2024/09/23 1.10c listings language file
)
(c:/texlive/2025/texmf-dist/tex/latex/listings/lstlang3.sty
File: lstlang3.sty 2024/09/23 1.10c listings language file
)

! Package Listings Error: Couldn't load requested language.

See the Listings package documentation for explanation.
Type  H <return>  for immediate help.
 ...                                              
                                                  
l.6663 \begin{lstlisting}[language=JavaScript]
                                              
The following languages weren't loadable:
    ,javascript$
This may cause errors in the sequel.


! Package Listings Error: language javascript undefined.

See the Listings package documentation for explanation.
Type  H <return>  for immediate help.
 ...                                              
                                                  
l.6663 \begin{lstlisting}[language=JavaScript]
                                              
The language is not loadable. Try typing  <return>  to proceed.
If that doesn't work, type  X <return>  to quit.

(c:/texlive/2025/texmf-dist/tex/latex/listings/lstlang1.sty
File: lstlang1.sty 2024/09/23 1.10c listings language file
)
(c:/texlive/2025/texmf-dist/tex/latex/listings/lstlang2.sty
File: lstlang2.sty 2024/09/23 1.10c listings language file
)
(c:/texlive/2025/texmf-dist/tex/latex/listings/lstlang3.sty
File: lstlang3.sty 2024/09/23 1.10c listings language file
)

! Package Listings Error: Couldn't load requested language.

See the Listings package documentation for explanation.
Type  H <return>  for immediate help.
 ...                                              
                                                  
l.6694 \begin{lstlisting}[language=JavaScript]
                                              
The following languages weren't loadable:
    ,javascript$
This may cause errors in the sequel.


! Package Listings Error: language javascript undefined.

See the Listings package documentation for explanation.
Type  H <return>  for immediate help.
 ...                                              
                                                  
l.6694 \begin{lstlisting}[language=JavaScript]
                                              
The language is not loadable. Try typing  <return>  to proceed.
If that doesn't work, type  X <return>  to quit.



[269] (c:/texlive/2025/texmf-dist/tex/latex/listings/lstlang1.sty
File: lstlang1.sty 2024/09/23 1.10c listings language file
)
(c:/texlive/2025/texmf-dist/tex/latex/listings/lstlang2.sty
File: lstlang2.sty 2024/09/23 1.10c listings language file
)
(c:/texlive/2025/texmf-dist/tex/latex/listings/lstlang3.sty
File: lstlang3.sty 2024/09/23 1.10c listings language file
)

! Package Listings Error: Couldn't load requested language.

See the Listings package documentation for explanation.
Type  H <return>  for immediate help.
 ...                                              
                                                  
l.6710 \begin{lstlisting}[language=JavaScript]
                                              
The following languages weren't loadable:
    ,javascript$
This may cause errors in the sequel.


! Package Listings Error: language javascript undefined.

See the Listings package documentation for explanation.
Type  H <return>  for immediate help.
 ...                                              
                                                  
l.6710 \begin{lstlisting}[language=JavaScript]
                                              
The language is not loadable. Try typing  <return>  to proceed.
If that doesn't work, type  X <return>  to quit.

(c:/texlive/2025/texmf-dist/tex/latex/listings/lstlang1.sty
File: lstlang1.sty 2024/09/23 1.10c listings language file
)
(c:/texlive/2025/texmf-dist/tex/latex/listings/lstlang2.sty
File: lstlang2.sty 2024/09/23 1.10c listings language file
)
(c:/texlive/2025/texmf-dist/tex/latex/listings/lstlang3.sty
File: lstlang3.sty 2024/09/23 1.10c listings language file
)

! Package Listings Error: Couldn't load requested language.

See the Listings package documentation for explanation.
Type  H <return>  for immediate help.
 ...                                              
                                                  
l.6728 \begin{lstlisting}[language=JavaScript]
                                              
The following languages weren't loadable:
    ,javascript$
This may cause errors in the sequel.


! Package Listings Error: language javascript undefined.

See the Listings package documentation for explanation.
Type  H <return>  for immediate help.
 ...                                              
                                                  
l.6728 \begin{lstlisting}[language=JavaScript]
                                              
The language is not loadable. Try typing  <return>  to proceed.
If that doesn't work, type  X <return>  to quit.



[270] (c:/texlive/2025/texmf-dist/tex/latex/listings/lstlang1.sty
File: lstlang1.sty 2024/09/23 1.10c listings language file
)
(c:/texlive/2025/texmf-dist/tex/latex/listings/lstlang2.sty
File: lstlang2.sty 2024/09/23 1.10c listings language file
)
(c:/texlive/2025/texmf-dist/tex/latex/listings/lstlang3.sty
File: lstlang3.sty 2024/09/23 1.10c listings language file
)

! Package Listings Error: Couldn't load requested language.

See the Listings package documentation for explanation.
Type  H <return>  for immediate help.
 ...                                              
                                                  
l.6750 \begin{lstlisting}[language=JavaScript]
                                              
The following languages weren't loadable:
    ,javascript$
This may cause errors in the sequel.


! Package Listings Error: language javascript undefined.

See the Listings package documentation for explanation.
Type  H <return>  for immediate help.
 ...                                              
                                                  
l.6750 \begin{lstlisting}[language=JavaScript]
                                              
The language is not loadable. Try typing  <return>  to proceed.
If that doesn't work, type  X <return>  to quit.

(c:/texlive/2025/texmf-dist/tex/latex/listings/lstlang1.sty
File: lstlang1.sty 2024/09/23 1.10c listings language file
)
(c:/texlive/2025/texmf-dist/tex/latex/listings/lstlang2.sty
File: lstlang2.sty 2024/09/23 1.10c listings language file
)
(c:/texlive/2025/texmf-dist/tex/latex/listings/lstlang3.sty
File: lstlang3.sty 2024/09/23 1.10c listings language file
)

! Package Listings Error: Couldn't load requested language.

See the Listings package documentation for explanation.
Type  H <return>  for immediate help.
 ...                                              
                                                  
l.6779 \begin{lstlisting}[language=JavaScript]
                                              
The following languages weren't loadable:
    ,javascript$
This may cause errors in the sequel.


! Package Listings Error: language javascript undefined.

See the Listings package documentation for explanation.
Type  H <return>  for immediate help.
 ...                                              
                                                  
l.6779 \begin{lstlisting}[language=JavaScript]
                                              
The language is not loadable. Try typing  <return>  to proceed.
If that doesn't work, type  X <return>  to quit.



[271] (c:/texlive/2025/texmf-dist/tex/latex/listings/lstlang1.sty
File: lstlang1.sty 2024/09/23 1.10c listings language file
)
(c:/texlive/2025/texmf-dist/tex/latex/listings/lstlang2.sty
File: lstlang2.sty 2024/09/23 1.10c listings language file
)
(c:/texlive/2025/texmf-dist/tex/latex/listings/lstlang3.sty
File: lstlang3.sty 2024/09/23 1.10c listings language file
)

! Package Listings Error: Couldn't load requested language.

See the Listings package documentation for explanation.
Type  H <return>  for immediate help.
 ...                                              
                                                  
l.6797 \begin{lstlisting}[language=JavaScript]
                                              
The following languages weren't loadable:
    ,javascript$
This may cause errors in the sequel.


! Package Listings Error: language javascript undefined.

See the Listings package documentation for explanation.
Type  H <return>  for immediate help.
 ...                                              
                                                  
l.6797 \begin{lstlisting}[language=JavaScript]
                                              
The language is not loadable. Try typing  <return>  to proceed.
If that doesn't work, type  X <return>  to quit.

(c:/texlive/2025/texmf-dist/tex/latex/listings/lstlang1.sty
File: lstlang1.sty 2024/09/23 1.10c listings language file
)
(c:/texlive/2025/texmf-dist/tex/latex/listings/lstlang2.sty
File: lstlang2.sty 2024/09/23 1.10c listings language file
)
(c:/texlive/2025/texmf-dist/tex/latex/listings/lstlang3.sty
File: lstlang3.sty 2024/09/23 1.10c listings language file
)

! Package Listings Error: Couldn't load requested language.

See the Listings package documentation for explanation.
Type  H <return>  for immediate help.
 ...                                              
                                                  
l.6818 \begin{lstlisting}[language=JavaScript]
                                              
The following languages weren't loadable:
    ,javascript$
This may cause errors in the sequel.


! Package Listings Error: language javascript undefined.

See the Listings package documentation for explanation.
Type  H <return>  for immediate help.
 ...                                              
                                                  
l.6818 \begin{lstlisting}[language=JavaScript]
                                              
The language is not loadable. Try typing  <return>  to proceed.
If that doesn't work, type  X <return>  to quit.

(c:/texlive/2025/texmf-dist/tex/latex/listings/lstlang1.sty
File: lstlang1.sty 2024/09/23 1.10c listings language file
)
(c:/texlive/2025/texmf-dist/tex/latex/listings/lstlang2.sty
File: lstlang2.sty 2024/09/23 1.10c listings language file
)
(c:/texlive/2025/texmf-dist/tex/latex/listings/lstlang3.sty
File: lstlang3.sty 2024/09/23 1.10c listings language file
)

! Package Listings Error: Couldn't load requested language.

See the Listings package documentation for explanation.
Type  H <return>  for immediate help.
 ...                                              
                                                  
l.6836 \begin{lstlisting}[language=JavaScript]
                                              
The following languages weren't loadable:
    ,javascript$
This may cause errors in the sequel.


! Package Listings Error: language javascript undefined.

See the Listings package documentation for explanation.
Type  H <return>  for immediate help.
 ...                                              
                                                  
l.6836 \begin{lstlisting}[language=JavaScript]
                                              
The language is not loadable. Try typing  <return>  to proceed.
If that doesn't work, type  X <return>  to quit.



[272] (c:/texlive/2025/texmf-dist/tex/latex/listings/lstlang1.sty
File: lstlang1.sty 2024/09/23 1.10c listings language file
)
(c:/texlive/2025/texmf-dist/tex/latex/listings/lstlang2.sty
File: lstlang2.sty 2024/09/23 1.10c listings language file
)
(c:/texlive/2025/texmf-dist/tex/latex/listings/lstlang3.sty
File: lstlang3.sty 2024/09/23 1.10c listings language file
)

! Package Listings Error: Couldn't load requested language.

See the Listings package documentation for explanation.
Type  H <return>  for immediate help.
 ...                                              
                                                  
l.6857 \begin{lstlisting}[language=JavaScript]
                                              
The following languages weren't loadable:
    ,javascript$
This may cause errors in the sequel.


! Package Listings Error: language javascript undefined.

See the Listings package documentation for explanation.
Type  H <return>  for immediate help.
 ...                                              
                                                  
l.6857 \begin{lstlisting}[language=JavaScript]
                                              
The language is not loadable. Try typing  <return>  to proceed.
If that doesn't work, type  X <return>  to quit.



[273] (c:/texlive/2025/texmf-dist/tex/latex/listings/lstlang1.sty
File: lstlang1.sty 2024/09/23 1.10c listings language file
)
(c:/texlive/2025/texmf-dist/tex/latex/listings/lstlang2.sty
File: lstlang2.sty 2024/09/23 1.10c listings language file
)
(c:/texlive/2025/texmf-dist/tex/latex/listings/lstlang3.sty
File: lstlang3.sty 2024/09/23 1.10c listings language file
)

! Package Listings Error: Couldn't load requested language.

See the Listings package documentation for explanation.
Type  H <return>  for immediate help.
 ...                                              
                                                  
l.6884 \begin{lstlisting}[language=JavaScript]
                                              
The following languages weren't loadable:
    ,javascript$
This may cause errors in the sequel.


! Package Listings Error: language javascript undefined.

See the Listings package documentation for explanation.
Type  H <return>  for immediate help.
 ...                                              
                                                  
l.6884 \begin{lstlisting}[language=JavaScript]
                                              
The language is not loadable. Try typing  <return>  to proceed.
If that doesn't work, type  X <return>  to quit.


Underfull \vbox (badness 6364) has occurred while \output is active []



[274] (c:/texlive/2025/texmf-dist/tex/latex/listings/lstlang1.sty
File: lstlang1.sty 2024/09/23 1.10c listings language file
)
(c:/texlive/2025/texmf-dist/tex/latex/listings/lstlang2.sty
File: lstlang2.sty 2024/09/23 1.10c listings language file
)
(c:/texlive/2025/texmf-dist/tex/latex/listings/lstlang3.sty
File: lstlang3.sty 2024/09/23 1.10c listings language file
)

! Package Listings Error: Couldn't load requested language.

See the Listings package documentation for explanation.
Type  H <return>  for immediate help.
 ...                                              
                                                  
l.6937 \begin{lstlisting}[language=JavaScript]
                                              
The following languages weren't loadable:
    ,javascript$
This may cause errors in the sequel.


! Package Listings Error: language javascript undefined.

See the Listings package documentation for explanation.
Type  H <return>  for immediate help.
 ...                                              
                                                  
l.6937 \begin{lstlisting}[language=JavaScript]
                                              
The language is not loadable. Try typing  <return>  to proceed.
If that doesn't work, type  X <return>  to quit.


Underfull \vbox (badness 6204) has occurred while \output is active []



[275] (c:/texlive/2025/texmf-dist/tex/latex/listings/lstlang1.sty
File: lstlang1.sty 2024/09/23 1.10c listings language file
)
(c:/texlive/2025/texmf-dist/tex/latex/listings/lstlang2.sty
File: lstlang2.sty 2024/09/23 1.10c listings language file
)
(c:/texlive/2025/texmf-dist/tex/latex/listings/lstlang3.sty
File: lstlang3.sty 2024/09/23 1.10c listings language file
)

! Package Listings Error: Couldn't load requested language.

See the Listings package documentation for explanation.
Type  H <return>  for immediate help.
 ...                                              
                                                  
l.6979 \begin{lstlisting}[language=JavaScript]
                                              
The following languages weren't loadable:
    ,javascript$
This may cause errors in the sequel.


! Package Listings Error: language javascript undefined.

See the Listings package documentation for explanation.
Type  H <return>  for immediate help.
 ...                                              
                                                  
l.6979 \begin{lstlisting}[language=JavaScript]
                                              
The language is not loadable. Try typing  <return>  to proceed.
If that doesn't work, type  X <return>  to quit.



[276]
Underfull \vbox (badness 10000) has occurred while \output is active []



[277] (c:/texlive/2025/texmf-dist/tex/latex/listings/lstlang1.sty
File: lstlang1.sty 2024/09/23 1.10c listings language file
)
(c:/texlive/2025/texmf-dist/tex/latex/listings/lstlang2.sty
File: lstlang2.sty 2024/09/23 1.10c listings language file
)
(c:/texlive/2025/texmf-dist/tex/latex/listings/lstlang3.sty
File: lstlang3.sty 2024/09/23 1.10c listings language file
)

! Package Listings Error: Couldn't load requested language.

See the Listings package documentation for explanation.
Type  H <return>  for immediate help.
 ...                                              
                                                  
l.7063 \begin{lstlisting}[language=JavaScript]
                                              
The following languages weren't loadable:
    ,javascript$
This may cause errors in the sequel.


! Package Listings Error: language javascript undefined.

See the Listings package documentation for explanation.
Type  H <return>  for immediate help.
 ...                                              
                                                  
l.7063 \begin{lstlisting}[language=JavaScript]
                                              
The language is not loadable. Try typing  <return>  to proceed.
If that doesn't work, type  X <return>  to quit.



[278] (c:/texlive/2025/texmf-dist/tex/latex/listings/lstlang1.sty
File: lstlang1.sty 2024/09/23 1.10c listings language file
)
(c:/texlive/2025/texmf-dist/tex/latex/listings/lstlang2.sty
File: lstlang2.sty 2024/09/23 1.10c listings language file
)
(c:/texlive/2025/texmf-dist/tex/latex/listings/lstlang3.sty
File: lstlang3.sty 2024/09/23 1.10c listings language file
)

! Package Listings Error: Couldn't load requested language.

See the Listings package documentation for explanation.
Type  H <return>  for immediate help.
 ...                                              
                                                  
l.7098 \begin{lstlisting}[language=JavaScript]
                                              
The following languages weren't loadable:
    ,javascript$
This may cause errors in the sequel.


! Package Listings Error: language javascript undefined.

See the Listings package documentation for explanation.
Type  H <return>  for immediate help.
 ...                                              
                                                  
l.7098 \begin{lstlisting}[language=JavaScript]
                                              
The language is not loadable. Try typing  <return>  to proceed.
If that doesn't work, type  X <return>  to quit.


Underfull \vbox (badness 3930) has occurred while \output is active []



[279] (c:/texlive/2025/texmf-dist/tex/latex/listings/lstlang1.sty
File: lstlang1.sty 2024/09/23 1.10c listings language file
)
(c:/texlive/2025/texmf-dist/tex/latex/listings/lstlang2.sty
File: lstlang2.sty 2024/09/23 1.10c listings language file
)
(c:/texlive/2025/texmf-dist/tex/latex/listings/lstlang3.sty
File: lstlang3.sty 2024/09/23 1.10c listings language file
)

! Package Listings Error: Couldn't load requested language.

See the Listings package documentation for explanation.
Type  H <return>  for immediate help.
 ...                                              
                                                  
l.7150 \begin{lstlisting}[language=JavaScript]
                                              
The following languages weren't loadable:
    ,javascript$
This may cause errors in the sequel.


! Package Listings Error: language javascript undefined.

See the Listings package documentation for explanation.
Type  H <return>  for immediate help.
 ...                                              
                                                  
l.7150 \begin{lstlisting}[language=JavaScript]
                                              
The language is not loadable. Try typing  <return>  to proceed.
If that doesn't work, type  X <return>  to quit.


Underfull \vbox (badness 6204) has occurred while \output is active []



[280]
! Undefined control sequence.
l.7207 Promise提供了\passthrough
                             {\lstinline!.catch()!}方法来处理异步操作中的错误，同时async/awa...
The control sequence at the end of the top line
of your error message was never \def'ed. If you have
misspelled it (e.g., `\hobx'), type `I' and the correct
spelling (e.g., `I\hbox'). Otherwise just continue,
and I'll forget about whatever was undefined.



[281] (c:/texlive/2025/texmf-dist/tex/latex/listings/lstlang1.sty
File: lstlang1.sty 2024/09/23 1.10c listings language file
)
(c:/texlive/2025/texmf-dist/tex/latex/listings/lstlang2.sty
File: lstlang2.sty 2024/09/23 1.10c listings language file
)
(c:/texlive/2025/texmf-dist/tex/latex/listings/lstlang3.sty
File: lstlang3.sty 2024/09/23 1.10c listings language file
)

! Package Listings Error: Couldn't load requested language.

See the Listings package documentation for explanation.
Type  H <return>  for immediate help.
 ...                                              
                                                  
l.7209 \begin{lstlisting}[language=JavaScript]
                                              
The following languages weren't loadable:
    ,javascript$
This may cause errors in the sequel.


! Package Listings Error: language javascript undefined.

See the Listings package documentation for explanation.
Type  H <return>  for immediate help.
 ...                                              
                                                  
l.7209 \begin{lstlisting}[language=JavaScript]
                                              
The language is not loadable. Try typing  <return>  to proceed.
If that doesn't work, type  X <return>  to quit.

! Undefined control sequence.
l.7246 Promise链中的错误会向下传播，直到遇到\passthrough
                                         {\lstinline!.catch()!}方法。这种机制让我们可以在...
The control sequence at the end of the top line
of your error message was never \def'ed. If you have
misspelled it (e.g., `\hobx'), type `I' and the correct
spelling (e.g., `I\hbox'). Otherwise just continue,
and I'll forget about whatever was undefined.

(c:/texlive/2025/texmf-dist/tex/latex/listings/lstlang1.sty
File: lstlang1.sty 2024/09/23 1.10c listings language file
)
(c:/texlive/2025/texmf-dist/tex/latex/listings/lstlang2.sty
File: lstlang2.sty 2024/09/23 1.10c listings language file
)
(c:/texlive/2025/texmf-dist/tex/latex/listings/lstlang3.sty
File: lstlang3.sty 2024/09/23 1.10c listings language file
)

! Package Listings Error: Couldn't load requested language.

See the Listings package documentation for explanation.
Type  H <return>  for immediate help.
 ...                                              
                                                  
l.7248 \begin{lstlisting}[language=JavaScript]
                                              
The following languages weren't loadable:
    ,javascript$
This may cause errors in the sequel.


! Package Listings Error: language javascript undefined.

See the Listings package documentation for explanation.
Type  H <return>  for immediate help.
 ...                                              
                                                  
l.7248 \begin{lstlisting}[language=JavaScript]
                                              
The language is not loadable. Try typing  <return>  to proceed.
If that doesn't work, type  X <return>  to quit.



[282]
! Undefined control sequence.
l.7274 当需要同时处理多个站点的数据时，\passthrough
                                   {\lstinline!Promise.allSettled()!}是一个很好的选...
The control sequence at the end of the top line
of your error message was never \def'ed. If you have
misspelled it (e.g., `\hobx'), type `I' and the correct
spelling (e.g., `I\hbox'). Otherwise just continue,
and I'll forget about whatever was undefined.

(c:/texlive/2025/texmf-dist/tex/latex/listings/lstlang1.sty
File: lstlang1.sty 2024/09/23 1.10c listings language file
)
(c:/texlive/2025/texmf-dist/tex/latex/listings/lstlang2.sty
File: lstlang2.sty 2024/09/23 1.10c listings language file
)
(c:/texlive/2025/texmf-dist/tex/latex/listings/lstlang3.sty
File: lstlang3.sty 2024/09/23 1.10c listings language file
)

! Package Listings Error: Couldn't load requested language.

See the Listings package documentation for explanation.
Type  H <return>  for immediate help.
 ...                                              
                                                  
l.7276 \begin{lstlisting}[language=JavaScript]
                                              
The following languages weren't loadable:
    ,javascript$
This may cause errors in the sequel.


! Package Listings Error: language javascript undefined.

See the Listings package documentation for explanation.
Type  H <return>  for immediate help.
 ...                                              
                                                  
l.7276 \begin{lstlisting}[language=JavaScript]
                                              
The language is not loadable. Try typing  <return>  to proceed.
If that doesn't work, type  X <return>  to quit.


Underfull \vbox (badness 10000) has occurred while \output is active []



[283] (c:/texlive/2025/texmf-dist/tex/latex/listings/lstlang1.sty
File: lstlang1.sty 2024/09/23 1.10c listings language file
)
(c:/texlive/2025/texmf-dist/tex/latex/listings/lstlang2.sty
File: lstlang2.sty 2024/09/23 1.10c listings language file
)
(c:/texlive/2025/texmf-dist/tex/latex/listings/lstlang3.sty
File: lstlang3.sty 2024/09/23 1.10c listings language file
)

! Package Listings Error: Couldn't load requested language.

See the Listings package documentation for explanation.
Type  H <return>  for immediate help.
 ...                                              
                                                  
l.7318 \begin{lstlisting}[language=JavaScript]
                                              
The following languages weren't loadable:
    ,javascript$
This may cause errors in the sequel.


! Package Listings Error: language javascript undefined.

See the Listings package documentation for explanation.
Type  H <return>  for immediate help.
 ...                                              
                                                  
l.7318 \begin{lstlisting}[language=JavaScript]
                                              
The language is not loadable. Try typing  <return>  to proceed.
If that doesn't work, type  X <return>  to quit.


Underfull \vbox (badness 6204) has occurred while \output is active []



[284]
Underfull \vbox (badness 10000) has occurred while \output is active []



[285] (c:/texlive/2025/texmf-dist/tex/latex/listings/lstlang1.sty
File: lstlang1.sty 2024/09/23 1.10c listings language file
)
(c:/texlive/2025/texmf-dist/tex/latex/listings/lstlang2.sty
File: lstlang2.sty 2024/09/23 1.10c listings language file
)
(c:/texlive/2025/texmf-dist/tex/latex/listings/lstlang3.sty
File: lstlang3.sty 2024/09/23 1.10c listings language file
)

! Package Listings Error: Couldn't load requested language.

See the Listings package documentation for explanation.
Type  H <return>  for immediate help.
 ...                                              
                                                  
l.7387 \begin{lstlisting}[language=JavaScript]
                                              
The following languages weren't loadable:
    ,javascript$
This may cause errors in the sequel.


! Package Listings Error: language javascript undefined.

See the Listings package documentation for explanation.
Type  H <return>  for immediate help.
 ...                                              
                                                  
l.7387 \begin{lstlisting}[language=JavaScript]
                                              
The language is not loadable. Try typing  <return>  to proceed.
If that doesn't work, type  X <return>  to quit.

Missing character: There is no 🚨 (U+1F6A8) in font TeX Gyre Cursor/OT:script=la
tn;language=dflt;!
Missing character: There is no ⚠ (U+26A0) in font TeX Gyre Cursor/OT:script=lat
n;language=dflt;!
Missing character: There is no ️ (U+FE0F) in font FangSong/OT:script=hani;langu
age=dflt;!


[286]
Missing character: There is no ℹ (U+2139) in font TeX Gyre Cursor/OT:script=lat
n;language=dflt;!
Missing character: There is no ️ (U+FE0F) in font FangSong/OT:script=hani;langu
age=dflt;!
Missing character: There is no 🐛 (U+1F41B) in font TeX Gyre Cursor/OT:script=la
tn;language=dflt;!
Missing character: There is no 📝 (U+1F4DD) in font TeX Gyre Cursor/OT:script=la
tn;language=dflt;!

Underfull \vbox (badness 10000) has occurred while \output is active []



[287]
Missing character: There is no 🔴 (U+1F534) in font TeX Gyre Cursor/OT:script=la
tn;language=dflt;!

Underfull \vbox (badness 10000) has occurred while \output is active []



[288]
Underfull \vbox (badness 10000) has occurred while \output is active []



[289]
Underfull \vbox (badness 10000) has occurred while \output is active []



[290]
Underfull \vbox (badness 10000) has occurred while \output is active []



[291]
Underfull \vbox (badness 10000) has occurred while \output is active []



[292]
Missing character: There is no 🐛 (U+1F41B) in font TeX Gyre Cursor/OT:script=la
tn;language=dflt;!

Underfull \vbox (badness 10000) has occurred while \output is active []



[293]
Underfull \vbox (badness 10000) has occurred while \output is active []



[294] (c:/texlive/2025/texmf-dist/tex/latex/listings/lstlang1.sty
File: lstlang1.sty 2024/09/23 1.10c listings language file
)
(c:/texlive/2025/texmf-dist/tex/latex/listings/lstlang2.sty
File: lstlang2.sty 2024/09/23 1.10c listings language file
)
(c:/texlive/2025/texmf-dist/tex/latex/listings/lstlang3.sty
File: lstlang3.sty 2024/09/23 1.10c listings language file
)

! Package Listings Error: Couldn't load requested language.

See the Listings package documentation for explanation.
Type  H <return>  for immediate help.
 ...                                              
                                                  
l.7730 \begin{lstlisting}[language=JavaScript]
                                              
The following languages weren't loadable:
    ,javascript$
This may cause errors in the sequel.


! Package Listings Error: language javascript undefined.

See the Listings package documentation for explanation.
Type  H <return>  for immediate help.
 ...                                              
                                                  
l.7730 \begin{lstlisting}[language=JavaScript]
                                              
The language is not loadable. Try typing  <return>  to proceed.
If that doesn't work, type  X <return>  to quit.

Missing character: There is no ❌ (U+274C) in font TeX Gyre Cursor/OT:script=lat
n;language=dflt;!
Missing character: There is no ✅ (U+2705) in font TeX Gyre Cursor/OT:script=lat
n;language=dflt;!


[295]
Underfull \vbox (badness 10000) has occurred while \output is active []



[296]
Underfull \vbox (badness 10000) has occurred while \output is active []



[297]
Missing character: There is no ✅ (U+2705) in font TeX Gyre Cursor/OT:script=lat
n;language=dflt;!

Underfull \vbox (badness 10000) has occurred while \output is active []



[298]
Underfull \vbox (badness 10000) has occurred while \output is active []



[299] (c:/texlive/2025/texmf-dist/tex/latex/listings/lstlang1.sty
File: lstlang1.sty 2024/09/23 1.10c listings language file
)
(c:/texlive/2025/texmf-dist/tex/latex/listings/lstlang2.sty
File: lstlang2.sty 2024/09/23 1.10c listings language file
)
(c:/texlive/2025/texmf-dist/tex/latex/listings/lstlang3.sty
File: lstlang3.sty 2024/09/23 1.10c listings language file
)

! Package Listings Error: Couldn't load requested language.

See the Listings package documentation for explanation.
Type  H <return>  for immediate help.
 ...                                              
                                                  
l.7930 \begin{lstlisting}[language=JavaScript]
                                              
The following languages weren't loadable:
    ,javascript$
This may cause errors in the sequel.


! Package Listings Error: language javascript undefined.

See the Listings package documentation for explanation.
Type  H <return>  for immediate help.
 ...                                              
                                                  
l.7930 \begin{lstlisting}[language=JavaScript]
                                              
The language is not loadable. Try typing  <return>  to proceed.
If that doesn't work, type  X <return>  to quit.



[300]
Underfull \vbox (badness 10000) has occurred while \output is active []



[301]
Underfull \vbox (badness 10000) has occurred while \output is active []



[302]
Underfull \vbox (badness 10000) has occurred while \output is active []



[303]
Underfull \vbox (badness 10000) has occurred while \output is active []



[304]
Underfull \vbox (badness 10000) has occurred while \output is active []



[305]
Underfull \vbox (badness 10000) has occurred while \output is active []



[306]
Underfull \vbox (badness 10000) has occurred while \output is active []



[307]
Underfull \vbox (badness 10000) has occurred while \output is active []



[308] (c:/texlive/2025/texmf-dist/tex/latex/listings/lstlang1.sty
File: lstlang1.sty 2024/09/23 1.10c listings language file
)
(c:/texlive/2025/texmf-dist/tex/latex/listings/lstlang2.sty
File: lstlang2.sty 2024/09/23 1.10c listings language file
)
(c:/texlive/2025/texmf-dist/tex/latex/listings/lstlang3.sty
File: lstlang3.sty 2024/09/23 1.10c listings language file
)

! Package Listings Error: Couldn't load requested language.

See the Listings package documentation for explanation.
Type  H <return>  for immediate help.
 ...                                              
                                                  
l.8286 \begin{lstlisting}[language=JavaScript]
                                              
The following languages weren't loadable:
    ,javascript$
This may cause errors in the sequel.


! Package Listings Error: language javascript undefined.

See the Listings package documentation for explanation.
Type  H <return>  for immediate help.
 ...                                              
                                                  
l.8286 \begin{lstlisting}[language=JavaScript]
                                              
The language is not loadable. Try typing  <return>  to proceed.
If that doesn't work, type  X <return>  to quit.



[309]
Underfull \vbox (badness 10000) has occurred while \output is active []



[310]
Underfull \vbox (badness 10000) has occurred while \output is active []



[311]
Underfull \vbox (badness 10000) has occurred while \output is active []



[312]
Underfull \vbox (badness 10000) has occurred while \output is active []



[313]
Underfull \vbox (badness 10000) has occurred while \output is active []



[314]
Underfull \vbox (badness 10000) has occurred while \output is active []



[315]
Underfull \vbox (badness 10000) has occurred while \output is active []



[316]
Underfull \vbox (badness 10000) has occurred while \output is active []



[317]
Underfull \vbox (badness 10000) has occurred while \output is active []



[318]
! Undefined control sequence.
l.8684 传统JavaScript使用\passthrough
                                 {\lstinline!var!}声明变量存在作用域提升和重复声明等问题，ES6引入的...
The control sequence at the end of the top line
of your error message was never \def'ed. If you have
misspelled it (e.g., `\hobx'), type `I' and the correct
spelling (e.g., `I\hbox'). Otherwise just continue,
and I'll forget about whatever was undefined.

! Undefined control sequence.
l.8684 ...!}声明变量存在作用域提升和重复声明等问题，ES6引入的\passthrough
                                                  {\lstinline!let!}和\passthr...
The control sequence at the end of the top line
of your error message was never \def'ed. If you have
misspelled it (e.g., `\hobx'), type `I' and the correct
spelling (e.g., `I\hbox'). Otherwise just continue,
and I'll forget about whatever was undefined.

! Undefined control sequence.
l.8684 ...assthrough{\lstinline!let!}和\passthrough
                                                  {\lstinline!const!}提供了更加严格...
The control sequence at the end of the top line
of your error message was never \def'ed. If you have
misspelled it (e.g., `\hobx'), type `I' and the correct
spelling (e.g., `I\hbox'). Otherwise just continue,
and I'll forget about whatever was undefined.



[319] (c:/texlive/2025/texmf-dist/tex/latex/listings/lstlang1.sty
File: lstlang1.sty 2024/09/23 1.10c listings language file
)
(c:/texlive/2025/texmf-dist/tex/latex/listings/lstlang2.sty
File: lstlang2.sty 2024/09/23 1.10c listings language file
)
(c:/texlive/2025/texmf-dist/tex/latex/listings/lstlang3.sty
File: lstlang3.sty 2024/09/23 1.10c listings language file
)

! Package Listings Error: Couldn't load requested language.

See the Listings package documentation for explanation.
Type  H <return>  for immediate help.
 ...                                              
                                                  
l.8688 \begin{lstlisting}[language=JavaScript]
                                              
The following languages weren't loadable:
    ,javascript$
This may cause errors in the sequel.


! Package Listings Error: language javascript undefined.

See the Listings package documentation for explanation.
Type  H <return>  for immediate help.
 ...                                              
                                                  
l.8688 \begin{lstlisting}[language=JavaScript]
                                              
The language is not loadable. Try typing  <return>  to proceed.
If that doesn't work, type  X <return>  to quit.

(c:/texlive/2025/texmf-dist/tex/latex/listings/lstlang1.sty
File: lstlang1.sty 2024/09/23 1.10c listings language file
)
(c:/texlive/2025/texmf-dist/tex/latex/listings/lstlang2.sty
File: lstlang2.sty 2024/09/23 1.10c listings language file
)
(c:/texlive/2025/texmf-dist/tex/latex/listings/lstlang3.sty
File: lstlang3.sty 2024/09/23 1.10c listings language file
)

! Package Listings Error: Couldn't load requested language.

See the Listings package documentation for explanation.
Type  H <return>  for immediate help.
 ...                                              
                                                  
l.8703 \begin{lstlisting}[language=JavaScript]
                                              
The following languages weren't loadable:
    ,javascript$
This may cause errors in the sequel.


! Package Listings Error: language javascript undefined.

See the Listings package documentation for explanation.
Type  H <return>  for immediate help.
 ...                                              
                                                  
l.8703 \begin{lstlisting}[language=JavaScript]
                                              
The language is not loadable. Try typing  <return>  to proceed.
If that doesn't work, type  X <return>  to quit.

Missing character: There is no 🚨 (U+1F6A8) in font TeX Gyre Cursor/OT:script=la
tn;language=dflt;!
Missing character: There is no 🚨 (U+1F6A8) in font TeX Gyre Cursor/OT:script=la
tn;language=dflt;!
(c:/texlive/2025/texmf-dist/tex/latex/listings/lstlang1.sty
File: lstlang1.sty 2024/09/23 1.10c listings language file
)
(c:/texlive/2025/texmf-dist/tex/latex/listings/lstlang2.sty
File: lstlang2.sty 2024/09/23 1.10c listings language file
)
(c:/texlive/2025/texmf-dist/tex/latex/listings/lstlang3.sty
File: lstlang3.sty 2024/09/23 1.10c listings language file
)

! Package Listings Error: Couldn't load requested language.

See the Listings package documentation for explanation.
Type  H <return>  for immediate help.
 ...                                              
                                                  
l.8720 \begin{lstlisting}[language=JavaScript]
                                              
The following languages weren't loadable:
    ,javascript$
This may cause errors in the sequel.


! Package Listings Error: language javascript undefined.

See the Listings package documentation for explanation.
Type  H <return>  for immediate help.
 ...                                              
                                                  
l.8720 \begin{lstlisting}[language=JavaScript]
                                              
The language is not loadable. Try typing  <return>  to proceed.
If that doesn't work, type  X <return>  to quit.



[320]
! Undefined control sequence.
l.8733 ...ES6引入的函数简写语法，不仅语法更加简洁，还具有不同的\passthrough
                                                  {\lstinline!this!}绑定行为，这使得...
The control sequence at the end of the top line
of your error message was never \def'ed. If you have
misspelled it (e.g., `\hobx'), type `I' and the correct
spelling (e.g., `I\hbox'). Otherwise just continue,
and I'll forget about whatever was undefined.

! Undefined control sequence.
l.8735 ...操作都可以通过函数式编程方式优雅实现。箭头函数配合数组的\passthrough
                                                  {\lstinline!map!}、\passthr...
The control sequence at the end of the top line
of your error message was never \def'ed. If you have
misspelled it (e.g., `\hobx'), type `I' and the correct
spelling (e.g., `I\hbox'). Otherwise just continue,
and I'll forget about whatever was undefined.

! Undefined control sequence.
l.8735 ...assthrough{\lstinline!map!}、\passthrough
                                                  {\lstinline!filter!}、\pass...
The control sequence at the end of the top line
of your error message was never \def'ed. If you have
misspelled it (e.g., `\hobx'), type `I' and the correct
spelling (e.g., `I\hbox'). Otherwise just continue,
and I'll forget about whatever was undefined.

! Undefined control sequence.
l.8735 ...through{\lstinline!filter!}、\passthrough
                                                  {\lstinline!reduce!}等方法，能够...
The control sequence at the end of the top line
of your error message was never \def'ed. If you have
misspelled it (e.g., `\hobx'), type `I' and the correct
spelling (e.g., `I\hbox'). Otherwise just continue,
and I'll forget about whatever was undefined.

(c:/texlive/2025/texmf-dist/tex/latex/listings/lstlang1.sty
File: lstlang1.sty 2024/09/23 1.10c listings language file
)
(c:/texlive/2025/texmf-dist/tex/latex/listings/lstlang2.sty
File: lstlang2.sty 2024/09/23 1.10c listings language file
)
(c:/texlive/2025/texmf-dist/tex/latex/listings/lstlang3.sty
File: lstlang3.sty 2024/09/23 1.10c listings language file
)

! Package Listings Error: Couldn't load requested language.

See the Listings package documentation for explanation.
Type  H <return>  for immediate help.
 ...                                              
                                                  
l.8737 \begin{lstlisting}[language=JavaScript]
                                              
The following languages weren't loadable:
    ,javascript$
This may cause errors in the sequel.


! Package Listings Error: language javascript undefined.

See the Listings package documentation for explanation.
Type  H <return>  for immediate help.
 ...                                              
                                                  
l.8737 \begin{lstlisting}[language=JavaScript]
                                              
The language is not loadable. Try typing  <return>  to proceed.
If that doesn't work, type  X <return>  to quit.



[321]
! Undefined control sequence.
l.8758 ...omise链式调用}允许我们将多个异步操作串联起来，每个\passthrough
                                                  {\lstinline!.then()!}方法都返回...
The control sequence at the end of the top line
of your error message was never \def'ed. If you have
misspelled it (e.g., `\hobx'), type `I' and the correct
spelling (e.g., `I\hbox'). Otherwise just continue,
and I'll forget about whatever was undefined.

(c:/texlive/2025/texmf-dist/tex/latex/listings/lstlang1.sty
File: lstlang1.sty 2024/09/23 1.10c listings language file
)
(c:/texlive/2025/texmf-dist/tex/latex/listings/lstlang2.sty
File: lstlang2.sty 2024/09/23 1.10c listings language file
)
(c:/texlive/2025/texmf-dist/tex/latex/listings/lstlang3.sty
File: lstlang3.sty 2024/09/23 1.10c listings language file
)

! Package Listings Error: Couldn't load requested language.

See the Listings package documentation for explanation.
Type  H <return>  for immediate help.
 ...                                              
                                                  
l.8760 \begin{lstlisting}[language=JavaScript]
                                              
The following languages weren't loadable:
    ,javascript$
This may cause errors in the sequel.


! Package Listings Error: language javascript undefined.

See the Listings package documentation for explanation.
Type  H <return>  for immediate help.
 ...                                              
                                                  
l.8760 \begin{lstlisting}[language=JavaScript]
                                              
The language is not loadable. Try typing  <return>  to proceed.
If that doesn't work, type  X <return>  to quit.

! Undefined control sequence.
l.8773 ...，它基于Promise但提供了更接近同步代码的编写体验。\passthrough
                                                  {\lstinline!async!}函数总是返回P...
The control sequence at the end of the top line
of your error message was never \def'ed. If you have
misspelled it (e.g., `\hobx'), type `I' and the correct
spelling (e.g., `I\hbox'). Otherwise just continue,
and I'll forget about whatever was undefined.

! Undefined control sequence.
l.8773 ...nline!async!}函数总是返回Promise，而\passthrough
                                                  {\lstinline!await!}关键字可以暂停...
The control sequence at the end of the top line
of your error message was never \def'ed. If you have
misspelled it (e.g., `\hobx'), type `I' and the correct
spelling (e.g., `I\hbox'). Otherwise just continue,
and I'll forget about whatever was undefined.

(c:/texlive/2025/texmf-dist/tex/latex/listings/lstlang1.sty
File: lstlang1.sty 2024/09/23 1.10c listings language file
)
(c:/texlive/2025/texmf-dist/tex/latex/listings/lstlang2.sty
File: lstlang2.sty 2024/09/23 1.10c listings language file
)
(c:/texlive/2025/texmf-dist/tex/latex/listings/lstlang3.sty
File: lstlang3.sty 2024/09/23 1.10c listings language file
)

! Package Listings Error: Couldn't load requested language.

See the Listings package documentation for explanation.
Type  H <return>  for immediate help.
 ...                                              
                                                  
l.8777 \begin{lstlisting}[language=JavaScript]
                                              
The following languages weren't loadable:
    ,javascript$
This may cause errors in the sequel.


! Package Listings Error: language javascript undefined.

See the Listings package documentation for explanation.
Type  H <return>  for immediate help.
 ...                                              
                                                  
l.8777 \begin{lstlisting}[language=JavaScript]
                                              
The language is not loadable. Try typing  <return>  to proceed.
If that doesn't work, type  X <return>  to quit.



[322] (c:/texlive/2025/texmf-dist/tex/latex/listings/lstlang1.sty
File: lstlang1.sty 2024/09/23 1.10c listings language file
)
(c:/texlive/2025/texmf-dist/tex/latex/listings/lstlang2.sty
File: lstlang2.sty 2024/09/23 1.10c listings language file
)
(c:/texlive/2025/texmf-dist/tex/latex/listings/lstlang3.sty
File: lstlang3.sty 2024/09/23 1.10c listings language file
)

! Package Listings Error: Couldn't load requested language.

See the Listings package documentation for explanation.
Type  H <return>  for immediate help.
 ...                                              
                                                  
l.8794 \begin{lstlisting}[language=JavaScript]
                                              
The following languages weren't loadable:
    ,javascript$
This may cause errors in the sequel.


! Package Listings Error: language javascript undefined.

See the Listings package documentation for explanation.
Type  H <return>  for immediate help.
 ...                                              
                                                  
l.8794 \begin{lstlisting}[language=JavaScript]
                                              
The language is not loadable. Try typing  <return>  to proceed.
If that doesn't work, type  X <return>  to quit.

! Undefined control sequence.
l.8807 ...avaScript还提供了多种Promise组合模式，如\passthrough
                                                  {\lstinline!Promise.all()!...
The control sequence at the end of the top line
of your error message was never \def'ed. If you have
misspelled it (e.g., `\hobx'), type `I' and the correct
spelling (e.g., `I\hbox'). Otherwise just continue,
and I'll forget about whatever was undefined.

! Undefined control sequence.
l.8807 ...{\lstinline!Promise.all()!}、\passthrough
                                                  {\lstinline!Promise.allSet...
The control sequence at the end of the top line
of your error message was never \def'ed. If you have
misspelled it (e.g., `\hobx'), type `I' and the correct
spelling (e.g., `I\hbox'). Otherwise just continue,
and I'll forget about whatever was undefined.

! Undefined control sequence.
l.8807 ...line!Promise.allSettled()!}、\passthrough
                                                  {\lstinline!Promise.race()...
The control sequence at the end of the top line
of your error message was never \def'ed. If you have
misspelled it (e.g., `\hobx'), type `I' and the correct
spelling (e.g., `I\hbox'). Otherwise just continue,
and I'll forget about whatever was undefined.

(c:/texlive/2025/texmf-dist/tex/latex/listings/lstlang1.sty
File: lstlang1.sty 2024/09/23 1.10c listings language file
)
(c:/texlive/2025/texmf-dist/tex/latex/listings/lstlang2.sty
File: lstlang2.sty 2024/09/23 1.10c listings language file
)
(c:/texlive/2025/texmf-dist/tex/latex/listings/lstlang3.sty
File: lstlang3.sty 2024/09/23 1.10c listings language file
)

! Package Listings Error: Couldn't load requested language.

See the Listings package documentation for explanation.
Type  H <return>  for immediate help.
 ...                                              
                                                  
l.8809 \begin{lstlisting}[language=JavaScript]
                                              
The following languages weren't loadable:
    ,javascript$
This may cause errors in the sequel.


! Package Listings Error: language javascript undefined.

See the Listings package documentation for explanation.
Type  H <return>  for immediate help.
 ...                                              
                                                  
l.8809 \begin{lstlisting}[language=JavaScript]
                                              
The language is not loadable. Try typing  <return>  to proceed.
If that doesn't work, type  X <return>  to quit.


Underfull \vbox (badness 4013) has occurred while \output is active []



[323]
! Undefined control sequence.
l.8824 ...展，DOM操作的性能和易用性都有了显著提升。新的API如\passthrough
                                                  {\lstinline!querySelector!...
The control sequence at the end of the top line
of your error message was never \def'ed. If you have
misspelled it (e.g., `\hobx'), type `I' and the correct
spelling (e.g., `I\hbox'). Otherwise just continue,
and I'll forget about whatever was undefined.

! Undefined control sequence.
l.8824 ...{\lstinline!querySelector!}、\passthrough
                                                  {\lstinline!classList!}、\p...
The control sequence at the end of the top line
of your error message was never \def'ed. If you have
misspelled it (e.g., `\hobx'), type `I' and the correct
spelling (e.g., `I\hbox'). Otherwise just continue,
and I'll forget about whatever was undefined.

! Undefined control sequence.
l.8824 ...ough{\lstinline!classList!}、\passthrough
                                                  {\lstinline!dataset!}等使得DO...
The control sequence at the end of the top line
of your error message was never \def'ed. If you have
misspelled it (e.g., `\hobx'), type `I' and the correct
spelling (e.g., `I\hbox'). Otherwise just continue,
and I'll forget about whatever was undefined.

! Undefined control sequence.
l.8828 传统的\passthrough
                      {\lstinline!document.getElementById()!}和\passthrough{\...
The control sequence at the end of the top line
of your error message was never \def'ed. If you have
misspelled it (e.g., `\hobx'), type `I' and the correct
spelling (e.g., `I\hbox'). Otherwise just continue,
and I'll forget about whatever was undefined.

! Undefined control sequence.
l.8828 ...document.getElementById()!}和\passthrough
                                                  {\lstinline!getElementsByC...
The control sequence at the end of the top line
of your error message was never \def'ed. If you have
misspelled it (e.g., `\hobx'), type `I' and the correct
spelling (e.g., `I\hbox'). Otherwise just continue,
and I'll forget about whatever was undefined.

! Undefined control sequence.
l.8828 ...中使用较为繁琐。\textbf{现代DOM查询API}如\passthrough
                                                  {\lstinline!querySelector(...
The control sequence at the end of the top line
of your error message was never \def'ed. If you have
misspelled it (e.g., `\hobx'), type `I' and the correct
spelling (e.g., `I\hbox'). Otherwise just continue,
and I'll forget about whatever was undefined.

! Undefined control sequence.
l.8828 ...lstinline!querySelector()!}和\passthrough
                                                  {\lstinline!querySelectorA...
The control sequence at the end of the top line
of your error message was never \def'ed. If you have
misspelled it (e.g., `\hobx'), type `I' and the correct
spelling (e.g., `I\hbox'). Otherwise just continue,
and I'll forget about whatever was undefined.

(c:/texlive/2025/texmf-dist/tex/latex/listings/lstlang1.sty
File: lstlang1.sty 2024/09/23 1.10c listings language file
)
(c:/texlive/2025/texmf-dist/tex/latex/listings/lstlang2.sty
File: lstlang2.sty 2024/09/23 1.10c listings language file
)
(c:/texlive/2025/texmf-dist/tex/latex/listings/lstlang3.sty
File: lstlang3.sty 2024/09/23 1.10c listings language file
)

! Package Listings Error: Couldn't load requested language.

See the Listings package documentation for explanation.
Type  H <return>  for immediate help.
 ...                                              
                                                  
l.8832 \begin{lstlisting}[language=JavaScript]
                                              
The following languages weren't loadable:
    ,javascript$
This may cause errors in the sequel.


! Package Listings Error: language javascript undefined.

See the Listings package documentation for explanation.
Type  H <return>  for immediate help.
 ...                                              
                                                  
l.8832 \begin{lstlisting}[language=JavaScript]
                                              
The language is not loadable. Try typing  <return>  to proceed.
If that doesn't work, type  X <return>  to quit.



[324] (c:/texlive/2025/texmf-dist/tex/latex/listings/lstlang1.sty
File: lstlang1.sty 2024/09/23 1.10c listings language file
)
(c:/texlive/2025/texmf-dist/tex/latex/listings/lstlang2.sty
File: lstlang2.sty 2024/09/23 1.10c listings language file
)
(c:/texlive/2025/texmf-dist/tex/latex/listings/lstlang3.sty
File: lstlang3.sty 2024/09/23 1.10c listings language file
)

! Package Listings Error: Couldn't load requested language.

See the Listings package documentation for explanation.
Type  H <return>  for immediate help.
 ...                                              
                                                  
l.8849 \begin{lstlisting}[language=JavaScript]
                                              
The following languages weren't loadable:
    ,javascript$
This may cause errors in the sequel.


! Package Listings Error: language javascript undefined.

See the Listings package documentation for explanation.
Type  H <return>  for immediate help.
 ...                                              
                                                  
l.8849 \begin{lstlisting}[language=JavaScript]
                                              
The language is not loadable. Try typing  <return>  to proceed.
If that doesn't work, type  X <return>  to quit.

! Undefined control sequence.
l.8868 ES6模块系统通过\passthrough
                            {\lstinline!import!}和\passthrough{\lstinline!exp...
The control sequence at the end of the top line
of your error message was never \def'ed. If you have
misspelled it (e.g., `\hobx'), type `I' and the correct
spelling (e.g., `I\hbox'). Otherwise just continue,
and I'll forget about whatever was undefined.

! Undefined control sequence.
l.8868 ...through{\lstinline!import!}和\passthrough
                                                  {\lstinline!export!}语句提供了静...
The control sequence at the end of the top line
of your error message was never \def'ed. If you have
misspelled it (e.g., `\hobx'), type `I' and the correct
spelling (e.g., `I\hbox'). Otherwise just continue,
and I'll forget about whatever was undefined.

(c:/texlive/2025/texmf-dist/tex/latex/listings/lstlang1.sty
File: lstlang1.sty 2024/09/23 1.10c listings language file
)
(c:/texlive/2025/texmf-dist/tex/latex/listings/lstlang2.sty
File: lstlang2.sty 2024/09/23 1.10c listings language file
)
(c:/texlive/2025/texmf-dist/tex/latex/listings/lstlang3.sty
File: lstlang3.sty 2024/09/23 1.10c listings language file
)

! Package Listings Error: Couldn't load requested language.

See the Listings package documentation for explanation.
Type  H <return>  for immediate help.
 ...                                              
                                                  
l.8872 \begin{lstlisting}[language=JavaScript]
                                              
The following languages weren't loadable:
    ,javascript$
This may cause errors in the sequel.


! Package Listings Error: language javascript undefined.

See the Listings package documentation for explanation.
Type  H <return>  for immediate help.
 ...                                              
                                                  
l.8872 \begin{lstlisting}[language=JavaScript]
                                              
The language is not loadable. Try typing  <return>  to proceed.
If that doesn't work, type  X <return>  to quit.



[325] (c:/texlive/2025/texmf-dist/tex/latex/listings/lstlang1.sty
File: lstlang1.sty 2024/09/23 1.10c listings language file
)
(c:/texlive/2025/texmf-dist/tex/latex/listings/lstlang2.sty
File: lstlang2.sty 2024/09/23 1.10c listings language file
)
(c:/texlive/2025/texmf-dist/tex/latex/listings/lstlang3.sty
File: lstlang3.sty 2024/09/23 1.10c listings language file
)

! Package Listings Error: Couldn't load requested language.

See the Listings package documentation for explanation.
Type  H <return>  for immediate help.
 ...                                              
                                                  
l.8886 \begin{lstlisting}[language=JavaScript]
                                              
The following languages weren't loadable:
    ,javascript$
This may cause errors in the sequel.


! Package Listings Error: language javascript undefined.

See the Listings package documentation for explanation.
Type  H <return>  for immediate help.
 ...                                              
                                                  
l.8886 \begin{lstlisting}[language=JavaScript]
                                              
The language is not loadable. Try typing  <return>  to proceed.
If that doesn't work, type  X <return>  to quit.

(c:/texlive/2025/texmf-dist/tex/latex/listings/lstlang1.sty
File: lstlang1.sty 2024/09/23 1.10c listings language file
)
(c:/texlive/2025/texmf-dist/tex/latex/listings/lstlang2.sty
File: lstlang2.sty 2024/09/23 1.10c listings language file
)
(c:/texlive/2025/texmf-dist/tex/latex/listings/lstlang3.sty
File: lstlang3.sty 2024/09/23 1.10c listings language file
)

! Package Listings Error: Couldn't load requested language.

See the Listings package documentation for explanation.
Type  H <return>  for immediate help.
 ...                                              
                                                  
l.8900 \begin{lstlisting}[language=JavaScript]
                                              
The following languages weren't loadable:
    ,javascript$
This may cause errors in the sequel.


! Package Listings Error: language javascript undefined.

See the Listings package documentation for explanation.
Type  H <return>  for immediate help.
 ...                                              
                                                  
l.8900 \begin{lstlisting}[language=JavaScript]
                                              
The language is not loadable. Try typing  <return>  to proceed.
If that doesn't work, type  X <return>  to quit.

(c:/texlive/2025/texmf-dist/tex/latex/listings/lstlang1.sty
File: lstlang1.sty 2024/09/23 1.10c listings language file
)
(c:/texlive/2025/texmf-dist/tex/latex/listings/lstlang2.sty
File: lstlang2.sty 2024/09/23 1.10c listings language file
)
(c:/texlive/2025/texmf-dist/tex/latex/listings/lstlang3.sty
File: lstlang3.sty 2024/09/23 1.10c listings language file
)

! Package Listings Error: Couldn't load requested language.

See the Listings package documentation for explanation.
Type  H <return>  for immediate help.
 ...                                              
                                                  
l.8917 \begin{lstlisting}[language=JavaScript]
                                              
The following languages weren't loadable:
    ,javascript$
This may cause errors in the sequel.


! Package Listings Error: language javascript undefined.

See the Listings package documentation for explanation.
Type  H <return>  for immediate help.
 ...                                              
                                                  
l.8917 \begin{lstlisting}[language=JavaScript]
                                              
The language is not loadable. Try typing  <return>  to proceed.
If that doesn't work, type  X <return>  to quit.



[326] (c:/texlive/2025/texmf-dist/tex/latex/listings/lstlang1.sty
File: lstlang1.sty 2024/09/23 1.10c listings language file
)
(c:/texlive/2025/texmf-dist/tex/latex/listings/lstlang2.sty
File: lstlang2.sty 2024/09/23 1.10c listings language file
)
(c:/texlive/2025/texmf-dist/tex/latex/listings/lstlang3.sty
File: lstlang3.sty 2024/09/23 1.10c listings language file
)

! Package Listings Error: Couldn't load requested language.

See the Listings package documentation for explanation.
Type  H <return>  for immediate help.
 ...                                              
                                                  
l.8931 \begin{lstlisting}[language=JavaScript]
                                              
The following languages weren't loadable:
    ,javascript$
This may cause errors in the sequel.


! Package Listings Error: language javascript undefined.

See the Listings package documentation for explanation.
Type  H <return>  for immediate help.
 ...                                              
                                                  
l.8931 \begin{lstlisting}[language=JavaScript]
                                              
The language is not loadable. Try typing  <return>  to proceed.
If that doesn't work, type  X <return>  to quit.

[327]

[328] (c:/texlive/2025/texmf-dist/tex/latex/listings/lstlang1.sty
File: lstlang1.sty 2024/09/23 1.10c listings language file
)
(c:/texlive/2025/texmf-dist/tex/latex/listings/lstlang2.sty
File: lstlang2.sty 2024/09/23 1.10c listings language file
)
(c:/texlive/2025/texmf-dist/tex/latex/listings/lstlang3.sty
File: lstlang3.sty 2024/09/23 1.10c listings language file
)

! Package Listings Error: Couldn't load requested language.

See the Listings package documentation for explanation.
Type  H <return>  for immediate help.
 ...                                              
                                                  
l.9023 \begin{lstlisting}[language=JavaScript]
                                              
The following languages weren't loadable:
    ,javascript$
This may cause errors in the sequel.


! Package Listings Error: language javascript undefined.

See the Listings package documentation for explanation.
Type  H <return>  for immediate help.
 ...                                              
                                                  
l.9023 \begin{lstlisting}[language=JavaScript]
                                              
The language is not loadable. Try typing  <return>  to proceed.
If that doesn't work, type  X <return>  to quit.



[329]
Underfull \vbox (badness 10000) has occurred while \output is active []



[330] (c:/texlive/2025/texmf-dist/tex/latex/listings/lstlang1.sty
File: lstlang1.sty 2024/09/23 1.10c listings language file
)
(c:/texlive/2025/texmf-dist/tex/latex/listings/lstlang2.sty
File: lstlang2.sty 2024/09/23 1.10c listings language file
)
(c:/texlive/2025/texmf-dist/tex/latex/listings/lstlang3.sty
File: lstlang3.sty 2024/09/23 1.10c listings language file
)

! Package Listings Error: Couldn't load requested language.

See the Listings package documentation for explanation.
Type  H <return>  for immediate help.
 ...                                              
                                                  
l.9073 \begin{lstlisting}[language=JavaScript]
                                              
The following languages weren't loadable:
    ,javascript$
This may cause errors in the sequel.


! Package Listings Error: language javascript undefined.

See the Listings package documentation for explanation.
Type  H <return>  for immediate help.
 ...                                              
                                                  
l.9073 \begin{lstlisting}[language=JavaScript]
                                              
The language is not loadable. Try typing  <return>  to proceed.
If that doesn't work, type  X <return>  to quit.


Underfull \vbox (badness 10000) has occurred while \output is active []



[331]
! Undefined control sequence.
l.9146 ...bf{全局状态污染}：大量全局变量使得状态管理变得混乱。\passthrough
                                                  {\lstinline!cartItems!}、\p...
The control sequence at the end of the top line
of your error message was never \def'ed. If you have
misspelled it (e.g., `\hobx'), type `I' and the correct
spelling (e.g., `I\hbox'). Otherwise just continue,
and I'll forget about whatever was undefined.

! Undefined control sequence.
l.9146 ...ough{\lstinline!cartItems!}、\passthrough
                                                  {\lstinline!totalPrice!}等变...
The control sequence at the end of the top line
of your error message was never \def'ed. If you have
misspelled it (e.g., `\hobx'), type `I' and the correct
spelling (e.g., `I\hbox'). Otherwise just continue,
and I'll forget about whatever was undefined.



[332] (c:/texlive/2025/texmf-dist/tex/latex/listings/lstlang1.sty
File: lstlang1.sty 2024/09/23 1.10c listings language file
)
(c:/texlive/2025/texmf-dist/tex/latex/listings/lstlang2.sty
File: lstlang2.sty 2024/09/23 1.10c listings language file
)
(c:/texlive/2025/texmf-dist/tex/latex/listings/lstlang3.sty
File: lstlang3.sty 2024/09/23 1.10c listings language file
)

! Package Listings Error: Couldn't load requested language.

See the Listings package documentation for explanation.
Type  H <return>  for immediate help.
 ...                                              
                                                  
l.9161 \begin{lstlisting}[language=JavaScript]
                                              
The following languages weren't loadable:
    ,javascript$
This may cause errors in the sequel.


! Package Listings Error: language javascript undefined.

See the Listings package documentation for explanation.
Type  H <return>  for immediate help.
 ...                                              
                                                  
l.9161 \begin{lstlisting}[language=JavaScript]
                                              
The language is not loadable. Try typing  <return>  to proceed.
If that doesn't work, type  X <return>  to quit.



[333] (c:/texlive/2025/texmf-dist/tex/latex/listings/lstlang1.sty
File: lstlang1.sty 2024/09/23 1.10c listings language file
)
(c:/texlive/2025/texmf-dist/tex/latex/listings/lstlang2.sty
File: lstlang2.sty 2024/09/23 1.10c listings language file
)
(c:/texlive/2025/texmf-dist/tex/latex/listings/lstlang3.sty
File: lstlang3.sty 2024/09/23 1.10c listings language file
)

! Package Listings Error: Couldn't load requested language.

See the Listings package documentation for explanation.
Type  H <return>  for immediate help.
 ...                                              
                                                  
l.9218 \begin{lstlisting}[language=JavaScript]
                                              
The following languages weren't loadable:
    ,javascript$
This may cause errors in the sequel.


! Package Listings Error: language javascript undefined.

See the Listings package documentation for explanation.
Type  H <return>  for immediate help.
 ...                                              
                                                  
l.9218 \begin{lstlisting}[language=JavaScript]
                                              
The language is not loadable. Try typing  <return>  to proceed.
If that doesn't work, type  X <return>  to quit.

Missing character: There is no ↕ (U+2195) in font TeX Gyre Cursor/OT:script=lat
n;language=dflt;!


[334]
Missing character: There is no ↕ (U+2195) in font TeX Gyre Cursor/OT:script=lat
n;language=dflt;!
Missing character: There is no ↕ (U+2195) in font TeX Gyre Cursor/OT:script=lat
n;language=dflt;!
Missing character: There is no ↕ (U+2195) in font TeX Gyre Cursor/OT:script=lat
n;language=dflt;!
Missing character: There is no ↕ (U+2195) in font TeX Gyre Cursor/OT:script=lat
n;language=dflt;!

Underfull \vbox (badness 10000) has occurred while \output is active []



[335]
Missing character: There is no ↕ (U+2195) in font TeX Gyre Cursor/OT:script=lat
n;language=dflt;!

Underfull \vbox (badness 10000) has occurred while \output is active []



[336] (c:/texlive/2025/texmf-dist/tex/latex/listings/lstlang1.sty
File: lstlang1.sty 2024/09/23 1.10c listings language file
)
(c:/texlive/2025/texmf-dist/tex/latex/listings/lstlang2.sty
File: lstlang2.sty 2024/09/23 1.10c listings language file
)
(c:/texlive/2025/texmf-dist/tex/latex/listings/lstlang3.sty
File: lstlang3.sty 2024/09/23 1.10c listings language file
)

! Package Listings Error: Couldn't load requested language.

See the Listings package documentation for explanation.
Type  H <return>  for immediate help.
 ...                                              
                                                  
l.9301 \begin{lstlisting}[language=JavaScript]
                                              
The following languages weren't loadable:
    ,javascript$
This may cause errors in the sequel.


! Package Listings Error: language javascript undefined.

See the Listings package documentation for explanation.
Type  H <return>  for immediate help.
 ...                                              
                                                  
l.9301 \begin{lstlisting}[language=JavaScript]
                                              
The language is not loadable. Try typing  <return>  to proceed.
If that doesn't work, type  X <return>  to quit.

(c:/texlive/2025/texmf-dist/tex/latex/listings/lstlang1.sty
File: lstlang1.sty 2024/09/23 1.10c listings language file
)
(c:/texlive/2025/texmf-dist/tex/latex/listings/lstlang2.sty
File: lstlang2.sty 2024/09/23 1.10c listings language file
)
(c:/texlive/2025/texmf-dist/tex/latex/listings/lstlang3.sty
File: lstlang3.sty 2024/09/23 1.10c listings language file
)

! Package Listings Error: Couldn't load requested language.

See the Listings package documentation for explanation.
Type  H <return>  for immediate help.
 ...                                              
                                                  
l.9323 \begin{lstlisting}[language=Vue]
                                       
The following languages weren't loadable:
    ,vue$
This may cause errors in the sequel.


! Package Listings Error: language vue undefined.

See the Listings package documentation for explanation.
Type  H <return>  for immediate help.
 ...                                              
                                                  
l.9323 \begin{lstlisting}[language=Vue]
                                       
The language is not loadable. Try typing  <return>  to proceed.
If that doesn't work, type  X <return>  to quit.



[337] [338]

[339] (c:/texlive/2025/texmf-dist/tex/latex/listings/lstlang1.sty
File: lstlang1.sty 2024/09/23 1.10c listings language file
)
(c:/texlive/2025/texmf-dist/tex/latex/listings/lstlang2.sty
File: lstlang2.sty 2024/09/23 1.10c listings language file
)
(c:/texlive/2025/texmf-dist/tex/latex/listings/lstlang3.sty
File: lstlang3.sty 2024/09/23 1.10c listings language file
)

! Package Listings Error: Couldn't load requested language.

See the Listings package documentation for explanation.
Type  H <return>  for immediate help.
 ...                                              
                                                  
l.9455 \begin{lstlisting}[language=Vue]
                                       
The following languages weren't loadable:
    ,vue$
This may cause errors in the sequel.


! Package Listings Error: language vue undefined.

See the Listings package documentation for explanation.
Type  H <return>  for immediate help.
 ...                                              
                                                  
l.9455 \begin{lstlisting}[language=Vue]
                                       
The language is not loadable. Try typing  <return>  to proceed.
If that doesn't work, type  X <return>  to quit.



[340]
Underfull \vbox (badness 10000) has occurred while \output is active []



[341]
Underfull \vbox (badness 10000) has occurred while \output is active []



[342]

[343]
Underfull \vbox (badness 10000) has occurred while \output is active []



[344]
Underfull \vbox (badness 10000) has occurred while \output is active []



[345]
Underfull \vbox (badness 10000) has occurred while \output is active []



[346]
Underfull \vbox (badness 10000) has occurred while \output is active []



[347]
! Undefined control sequence.
l.9786   \textbf{响应式数据}：当\passthrough
                                     {\lstinline!monitoringStations!}数组中的数据发...
The control sequence at the end of the top line
of your error message was never \def'ed. If you have
misspelled it (e.g., `\hobx'), type `I' and the correct
spelling (e.g., `I\hbox'). Otherwise just continue,
and I'll forget about whatever was undefined.

! Undefined control sequence.
l.9788   \textbf{计算属性}：\passthrough
                                   {\lstinline!totalStations!}、\passthrough{...
The control sequence at the end of the top line
of your error message was never \def'ed. If you have
misspelled it (e.g., `\hobx'), type `I' and the correct
spelling (e.g., `I\hbox'). Otherwise just continue,
and I'll forget about whatever was undefined.

! Undefined control sequence.
l.9788 ...{\lstinline!totalStations!}、\passthrough
                                                  {\lstinline!warningStation...
The control sequence at the end of the top line
of your error message was never \def'ed. If you have
misspelled it (e.g., `\hobx'), type `I' and the correct
spelling (e.g., `I\hbox'). Otherwise just continue,
and I'll forget about whatever was undefined.

! Undefined control sequence.
l.9790   \textbf{声明式渲染}：使用\passthrough
                                      {\lstinline!v-for!}指令声明式地渲染监测站列表
The control sequence at the end of the top line
of your error message was never \def'ed. If you have
misspelled it (e.g., `\hobx'), type `I' and the correct
spelling (e.g., `I\hbox'). Otherwise just continue,
and I'll forget about whatever was undefined.

! Undefined control sequence.
l.9792   \textbf{事件处理}：通过\passthrough
                                     {\lstinline!@click!}绑定点击事件处理函数
The control sequence at the end of the top line
of your error message was never \def'ed. If you have
misspelled it (e.g., `\hobx'), type `I' and the correct
spelling (e.g., `I\hbox'). Otherwise just continue,
and I'll forget about whatever was undefined.


Underfull \vbox (badness 10000) has occurred while \output is active []



[348] (c:/texlive/2025/texmf-dist/tex/latex/listings/lstlang1.sty
File: lstlang1.sty 2024/09/23 1.10c listings language file
)
(c:/texlive/2025/texmf-dist/tex/latex/listings/lstlang2.sty
File: lstlang2.sty 2024/09/23 1.10c listings language file
)
(c:/texlive/2025/texmf-dist/tex/latex/listings/lstlang3.sty
File: lstlang3.sty 2024/09/23 1.10c listings language file
)

! Package Listings Error: Couldn't load requested language.

See the Listings package documentation for explanation.
Type  H <return>  for immediate help.
 ...                                              
                                                  
l.9801 \begin{lstlisting}[language=Vue]
                                       
The following languages weren't loadable:
    ,vue$
This may cause errors in the sequel.


! Package Listings Error: language vue undefined.

See the Listings package documentation for explanation.
Type  H <return>  for immediate help.
 ...                                              
                                                  
l.9801 \begin{lstlisting}[language=Vue]
                                       
The language is not loadable. Try typing  <return>  to proceed.
If that doesn't work, type  X <return>  to quit.



[349]
Underfull \vbox (badness 10000) has occurred while \output is active []



[350] (c:/texlive/2025/texmf-dist/tex/latex/listings/lstlang1.sty
File: lstlang1.sty 2024/09/23 1.10c listings language file
)
(c:/texlive/2025/texmf-dist/tex/latex/listings/lstlang2.sty
File: lstlang2.sty 2024/09/23 1.10c listings language file
)
(c:/texlive/2025/texmf-dist/tex/latex/listings/lstlang3.sty
File: lstlang3.sty 2024/09/23 1.10c listings language file
)

! Package Listings Error: Couldn't load requested language.

See the Listings package documentation for explanation.
Type  H <return>  for immediate help.
 ...                                              
                                                  
l.9890 \begin{lstlisting}[language=Vue]
                                       
The following languages weren't loadable:
    ,vue$
This may cause errors in the sequel.


! Package Listings Error: language vue undefined.

See the Listings package documentation for explanation.
Type  H <return>  for immediate help.
 ...                                              
                                                  
l.9890 \begin{lstlisting}[language=Vue]
                                       
The language is not loadable. Try typing  <return>  to proceed.
If that doesn't work, type  X <return>  to quit.

Missing character: There is no ↗ (U+2197) in font TeX Gyre Cursor/OT:script=lat
n;language=dflt;!
Missing character: There is no ↘ (U+2198) in font TeX Gyre Cursor/OT:script=lat
n;language=dflt;!

Underfull \vbox (badness 3930) has occurred while \output is active []



[351]
Underfull \vbox (badness 10000) has occurred while \output is active []



[352]
Underfull \vbox (badness 10000) has occurred while \output is active []



[353]
Underfull \vbox (badness 10000) has occurred while \output is active []



[354]
Underfull \vbox (badness 10000) has occurred while \output is active []



[355]
Underfull \vbox (badness 10000) has occurred while \output is active []



[356]
Underfull \vbox (badness 10000) has occurred while \output is active []



[357]
Underfull \vbox (badness 10000) has occurred while \output is active []



[358]
! Undefined control sequence.
l.10204   \textbf{数据变化自动更新界面}：当\passthrough
                                           {\lstinline!currentLevel!}改变时，相关的...
The control sequence at the end of the top line
of your error message was never \def'ed. If you have
misspelled it (e.g., `\hobx'), type `I' and the correct
spelling (e.g., `I\hbox'). Otherwise just continue,
and I'll forget about whatever was undefined.

! Undefined control sequence.
l.10206   \textbf{计算属性自动重新计算}：\passthrough
                                          {\lstinline!currentVolume!}和\passt...
The control sequence at the end of the top line
of your error message was never \def'ed. If you have
misspelled it (e.g., `\hobx'), type `I' and the correct
spelling (e.g., `I\hbox'). Otherwise just continue,
and I'll forget about whatever was undefined.

! Undefined control sequence.
l.10206 ...\lstinline!currentVolume!}和\passthrough
                                                  {\lstinline!volumePercenta...
The control sequence at the end of the top line
of your error message was never \def'ed. If you have
misspelled it (e.g., `\hobx'), type `I' and the correct
spelling (e.g., `I\hbox'). Otherwise just continue,
and I'll forget about whatever was undefined.

! Undefined control sequence.
l.10206 ...inline!volumePercentage!}基于\passthrough
                                                  {\lstinline!currentLevel!}...
The control sequence at the end of the top line
of your error message was never \def'ed. If you have
misspelled it (e.g., `\hobx'), type `I' and the correct
spelling (e.g., `I\hbox'). Otherwise just continue,
and I'll forget about whatever was undefined.

! Undefined control sequence.
l.10208   \textbf{侦听器触发相应逻辑}：通过\passthrough
                                           {\lstinline!watch!}监听数据变化，触发预警逻辑
The control sequence at the end of the top line
of your error message was never \def'ed. If you have
misspelled it (e.g., `\hobx'), type `I' and the correct
spelling (e.g., `I\hbox'). Otherwise just continue,
and I'll forget about whatever was undefined.


Overfull \hbox (0.85106pt too wide) in paragraph at lines 10236--10236
[]|\TU/TeXGyrePagella(0)/b/n/12 ViewModel|  
 []

(c:/texlive/2025/texmf-dist/tex/latex/listings/lstlang1.sty
File: lstlang1.sty 2024/09/23 1.10c listings language file
)
(c:/texlive/2025/texmf-dist/tex/latex/listings/lstlang2.sty
File: lstlang2.sty 2024/09/23 1.10c listings language file
)
(c:/texlive/2025/texmf-dist/tex/latex/listings/lstlang3.sty
File: lstlang3.sty 2024/09/23 1.10c listings language file
)

! Package Listings Error: Couldn't load requested language.

See the Listings package documentation for explanation.
Type  H <return>  for immediate help.
 ...                                              
                                                  
l.10241 \begin{lstlisting}[language=Vue]
                                        
The following languages weren't loadable:
    ,vue$
This may cause errors in the sequel.


! Package Listings Error: language vue undefined.

See the Listings package documentation for explanation.
Type  H <return>  for immediate help.
 ...                                              
                                                  
l.10241 \begin{lstlisting}[language=Vue]
                                        
The language is not loadable. Try typing  <return>  to proceed.
If that doesn't work, type  X <return>  to quit.



[359]
Underfull \vbox (badness 10000) has occurred while \output is active []



[360]
Underfull \vbox (badness 10000) has occurred while \output is active []



[361]
Underfull \vbox (badness 10000) has occurred while \output is active []



[362]
Underfull \vbox (badness 10000) has occurred while \output is active []



[363]
Underfull \vbox (badness 10000) has occurred while \output is active []



[364]
Underfull \vbox (badness 10000) has occurred while \output is active []



[365]
Underfull \vbox (badness 10000) has occurred while \output is active []



[366]
Underfull \vbox (badness 10000) has occurred while \output is active []



[367]
Underfull \vbox (badness 10000) has occurred while \output is active []



[368]
Underfull \vbox (badness 10000) has occurred while \output is active []



[369]
Underfull \vbox (badness 10000) has occurred while \output is active []



[370]
Underfull \vbox (badness 10000) has occurred while \output is active []



[371]
Underfull \vbox (badness 10000) has occurred while \output is active []



[372]
Underfull \vbox (badness 10000) has occurred while \output is active []



[373]
Underfull \vbox (badness 10000) has occurred while \output is active []



[374]
Underfull \vbox (badness 10000) has occurred while \output is active []



[375]
Underfull \vbox (badness 10000) has occurred while \output is active []



[376]
! Undefined control sequence.
<recently read> \passthrough 
                             
l.10940   \passthrough
                      {\lstinline!searchKeyword!}, \passthrough{\lstinline!f...
The control sequence at the end of the top line
of your error message was never \def'ed. If you have
misspelled it (e.g., `\hobx'), type `I' and the correct
spelling (e.g., `I\hbox'). Otherwise just continue,
and I'll forget about whatever was undefined.

! Undefined control sequence.
l.10940 ...lstinline!searchKeyword!}, \passthrough
                                                  {\lstinline!filterStatus!}...
The control sequence at the end of the top line
of your error message was never \def'ed. If you have
misspelled it (e.g., `\hobx'), type `I' and the correct
spelling (e.g., `I\hbox'). Otherwise just continue,
and I'll forget about whatever was undefined.

! Undefined control sequence.
l.10943 ...Template部分定义了用户界面结构 - 使用指令(\passthrough
                                                  {\lstinline!v-for!}, \pass...
The control sequence at the end of the top line
of your error message was never \def'ed. If you have
misspelled it (e.g., `\hobx'), type `I' and the correct
spelling (e.g., `I\hbox'). Otherwise just continue,
and I'll forget about whatever was undefined.

! Undefined control sequence.
l.10943 ...hrough{\lstinline!v-for!}, \passthrough
                                                  {\lstinline!v-if!}, \passt...
The control sequence at the end of the top line
of your error message was never \def'ed. If you have
misspelled it (e.g., `\hobx'), type `I' and the correct
spelling (e.g., `I\hbox'). Otherwise just continue,
and I'll forget about whatever was undefined.

! Undefined control sequence.
l.10943 ...through{\lstinline!v-if!}, \passthrough
                                                  {\lstinline!v-model!})声明式地...
The control sequence at the end of the top line
of your error message was never \def'ed. If you have
misspelled it (e.g., `\hobx'), type `I' and the correct
spelling (e.g., `I\hbox'). Otherwise just continue,
and I'll forget about whatever was undefined.

! Undefined control sequence.
l.10943 ...odel!})声明式地描述界面逻辑 - 通过事件绑定(\passthrough
                                                  {\lstinline!@click!}, \pas...
The control sequence at the end of the top line
of your error message was never \def'ed. If you have
misspelled it (e.g., `\hobx'), type `I' and the correct
spelling (e.g., `I\hbox'). Otherwise just continue,
and I'll forget about whatever was undefined.

! Undefined control sequence.
l.10943 ...rough{\lstinline!@click!}, \passthrough
                                                  {\lstinline!@submit!})响应用户操作
The control sequence at the end of the top line
of your error message was never \def'ed. If you have
misspelled it (e.g., `\hobx'), type `I' and the correct
spelling (e.g., `I\hbox'). Otherwise just continue,
and I'll forget about whatever was undefined.

! Undefined control sequence.
l.10945 \textbf{ViewModel层}： - 计算属性(\passthrough
                                                {\lstinline!filteredStations...
The control sequence at the end of the top line
of your error message was never \def'ed. If you have
misspelled it (e.g., `\hobx'), type `I' and the correct
spelling (e.g., `I\hbox'). Otherwise just continue,
and I'll forget about whatever was undefined.

! Undefined control sequence.
l.10945 ...inline!filteredStations!}, \passthrough
                                                  {\lstinline!stationStats!}...
The control sequence at the end of the top line
of your error message was never \def'ed. If you have
misspelled it (e.g., `\hobx'), type `I' and the correct
spelling (e.g., `I\hbox'). Otherwise just continue,
and I'll forget about whatever was undefined.

! Undefined control sequence.
l.10945 ...tionStats!})自动处理数据转换 - 侦听器(\passthrough
                                                  {\lstinline!watch!})监听数据变化...
The control sequence at the end of the top line
of your error message was never \def'ed. If you have
misspelled it (e.g., `\hobx'), type `I' and the correct
spelling (e.g., `I\hbox'). Otherwise just continue,
and I'll forget about whatever was undefined.

! Undefined control sequence.
l.10945 ...watch!})监听数据变化并执行相应逻辑 - 方法(\passthrough
                                                  {\lstinline!refreshAllData...
The control sequence at the end of the top line
of your error message was never \def'ed. If you have
misspelled it (e.g., `\hobx'), type `I' and the correct
spelling (e.g., `I\hbox'). Otherwise just continue,
and I'll forget about whatever was undefined.

! Undefined control sequence.
l.10945 ...stinline!refreshAllData!}, \passthrough
                                                  {\lstinline!saveStation!})...
The control sequence at the end of the top line
of your error message was never \def'ed. If you have
misspelled it (e.g., `\hobx'), type `I' and the correct
spelling (e.g., `I\hbox'). Otherwise just continue,
and I'll forget about whatever was undefined.

(c:/texlive/2025/texmf-dist/tex/latex/listings/lstlang1.sty
File: lstlang1.sty 2024/09/23 1.10c listings language file
)
(c:/texlive/2025/texmf-dist/tex/latex/listings/lstlang2.sty
File: lstlang2.sty 2024/09/23 1.10c listings language file
)
(c:/texlive/2025/texmf-dist/tex/latex/listings/lstlang3.sty
File: lstlang3.sty 2024/09/23 1.10c listings language file
)

! Package Listings Error: Couldn't load requested language.

See the Listings package documentation for explanation.
Type  H <return>  for immediate help.
 ...                                              
                                                  
l.10955 \begin{lstlisting}[language=Vue]
                                        
The following languages weren't loadable:
    ,vue$
This may cause errors in the sequel.


! Package Listings Error: language vue undefined.

See the Listings package documentation for explanation.
Type  H <return>  for immediate help.
 ...                                              
                                                  
l.10955 \begin{lstlisting}[language=Vue]
                                        
The language is not loadable. Try typing  <return>  to proceed.
If that doesn't work, type  X <return>  to quit.



[377]
Underfull \vbox (badness 10000) has occurred while \output is active []



[378]
Underfull \vbox (badness 10000) has occurred while \output is active []



[379]
Underfull \vbox (badness 10000) has occurred while \output is active []



[380]
Underfull \vbox (badness 10000) has occurred while \output is active []



[381]
Underfull \vbox (badness 10000) has occurred while \output is active []



[382]
Underfull \vbox (badness 10000) has occurred while \output is active []



[383]
Underfull \vbox (badness 10000) has occurred while \output is active []



[384]
Underfull \vbox (badness 10000) has occurred while \output is active []



[385]
Underfull \vbox (badness 10000) has occurred while \output is active []



[386]
Underfull \vbox (badness 10000) has occurred while \output is active []



[387] (c:/texlive/2025/texmf-dist/tex/latex/listings/lstlang1.sty
File: lstlang1.sty 2024/09/23 1.10c listings language file
)
(c:/texlive/2025/texmf-dist/tex/latex/listings/lstlang2.sty
File: lstlang2.sty 2024/09/23 1.10c listings language file
)
(c:/texlive/2025/texmf-dist/tex/latex/listings/lstlang3.sty
File: lstlang3.sty 2024/09/23 1.10c listings language file
)

! Package Listings Error: Couldn't load requested language.

See the Listings package documentation for explanation.
Type  H <return>  for immediate help.
 ...                                              
                                                  
l.11378 \begin{lstlisting}[language=JavaScript]
                                               
The following languages weren't loadable:
    ,javascript$
This may cause errors in the sequel.


! Package Listings Error: language javascript undefined.

See the Listings package documentation for explanation.
Type  H <return>  for immediate help.
 ...                                              
                                                  
l.11378 \begin{lstlisting}[language=JavaScript]
                                               
The language is not loadable. Try typing  <return>  to proceed.
If that doesn't work, type  X <return>  to quit.



[388]
! Undefined control sequence.
l.11438 ...中，应用的创建方式相比Vue 2有了重要变化。我们使用\passthrough
                                                  {\lstinline!createApp!}函数来...
The control sequence at the end of the top line
of your error message was never \def'ed. If you have
misspelled it (e.g., `\hobx'), type `I' and the correct
spelling (e.g., `I\hbox'). Otherwise just continue,
and I'll forget about whatever was undefined.



[389]
Underfull \vbox (badness 10000) has occurred while \output is active []



[390]
Underfull \vbox (badness 10000) has occurred while \output is active []



[391]
Underfull \vbox (badness 10000) has occurred while \output is active []



[392]
Underfull \vbox (badness 10000) has occurred while \output is active []



[393]
Underfull \vbox (badness 10000) has occurred while \output is active []



[394]
Underfull \vbox (badness 10000) has occurred while \output is active []



[395]
Underfull \vbox (badness 10000) has occurred while \output is active []



[396]
Underfull \vbox (badness 10000) has occurred while \output is active []



[397]
Underfull \vbox (badness 10000) has occurred while \output is active []



[398]
Underfull \vbox (badness 10000) has occurred while \output is active []



[399]
Underfull \vbox (badness 10000) has occurred while \output is active []



[400]
Underfull \vbox (badness 10000) has occurred while \output is active []



[401]
! Undefined control sequence.
l.11936 \textbf{1. 应用实例创建}： - 使用\passthrough
                                            {\lstinline!createApp()!}创建应用实例 ...
The control sequence at the end of the top line
of your error message was never \def'ed. If you have
misspelled it (e.g., `\hobx'), type `I' and the correct
spelling (e.g., `I\hbox'). Otherwise just continue,
and I'll forget about whatever was undefined.

! Undefined control sequence.
l.11936 ...ne!createApp()!}创建应用实例 - 通过\passthrough
                                                  {\lstinline!setup()!}函数配置C...
The control sequence at the end of the top line
of your error message was never \def'ed. If you have
misspelled it (e.g., `\hobx'), type `I' and the correct
spelling (e.g., `I\hbox'). Otherwise just continue,
and I'll forget about whatever was undefined.

! Undefined control sequence.
l.11936 ...)!}函数配置Composition API - 使用\passthrough
                                                  {\lstinline!mount()!}挂载到DOM元素
The control sequence at the end of the top line
of your error message was never \def'ed. If you have
misspelled it (e.g., `\hobx'), type `I' and the correct
spelling (e.g., `I\hbox'). Otherwise just continue,
and I'll forget about whatever was undefined.

! Undefined control sequence.
l.11938 \textbf{2. 响应式数据管理}： - \passthrough
                                           {\lstinline!ref()!}创建基本类型的响应式数据 -...
The control sequence at the end of the top line
of your error message was never \def'ed. If you have
misspelled it (e.g., `\hobx'), type `I' and the correct
spelling (e.g., `I\hbox'). Otherwise just continue,
and I'll forget about whatever was undefined.

! Undefined control sequence.
l.11938 ...line!ref()!}创建基本类型的响应式数据 - \passthrough
                                                  {\lstinline!reactive()!}创建...
The control sequence at the end of the top line
of your error message was never \def'ed. If you have
misspelled it (e.g., `\hobx'), type `I' and the correct
spelling (e.g., `I\hbox'). Otherwise just continue,
and I'll forget about whatever was undefined.

! Undefined control sequence.
l.11940 \textbf{3. 计算属性和侦听器}： - \passthrough
                                            {\lstinline!computed()!}创建依赖其他数据...
The control sequence at the end of the top line
of your error message was never \def'ed. If you have
misspelled it (e.g., `\hobx'), type `I' and the correct
spelling (e.g., `I\hbox'). Otherwise just continue,
and I'll forget about whatever was undefined.

! Undefined control sequence.
l.11940 ...omputed()!}创建依赖其他数据的计算属性 - \passthrough
                                                  {\lstinline!watch()!}监听数据变...
The control sequence at the end of the top line
of your error message was never \def'ed. If you have
misspelled it (e.g., `\hobx'), type `I' and the correct
spelling (e.g., `I\hbox'). Otherwise just continue,
and I'll forget about whatever was undefined.

! Undefined control sequence.
l.11942 \textbf{4. 生命周期管理}： - \passthrough
                                          {\lstinline!onMounted()!}在组件挂载后执行初...
The control sequence at the end of the top line
of your error message was never \def'ed. If you have
misspelled it (e.g., `\hobx'), type `I' and the correct
spelling (e.g., `I\hbox'). Otherwise just continue,
and I'll forget about whatever was undefined.

! Undefined control sequence.
l.11942 ...Mounted()!}在组件挂载后执行初始化逻辑 - \passthrough
                                                  {\lstinline!onUnmounted()!...
The control sequence at the end of the top line
of your error message was never \def'ed. If you have
misspelled it (e.g., `\hobx'), type `I' and the correct
spelling (e.g., `I\hbox'). Otherwise just continue,
and I'll forget about whatever was undefined.

(c:/texlive/2025/texmf-dist/tex/latex/listings/lstlang1.sty
File: lstlang1.sty 2024/09/23 1.10c listings language file
)
(c:/texlive/2025/texmf-dist/tex/latex/listings/lstlang2.sty
File: lstlang2.sty 2024/09/23 1.10c listings language file
)
(c:/texlive/2025/texmf-dist/tex/latex/listings/lstlang3.sty
File: lstlang3.sty 2024/09/23 1.10c listings language file
)

! Package Listings Error: Couldn't load requested language.

See the Listings package documentation for explanation.
Type  H <return>  for immediate help.
 ...                                              
                                                  
l.11950 \begin{lstlisting}[language=Vue]
                                        
The following languages weren't loadable:
    ,vue$
This may cause errors in the sequel.


! Package Listings Error: language vue undefined.

See the Listings package documentation for explanation.
Type  H <return>  for immediate help.
 ...                                              
                                                  
l.11950 \begin{lstlisting}[language=Vue]
                                        
The language is not loadable. Try typing  <return>  to proceed.
If that doesn't work, type  X <return>  to quit.



[402]
Underfull \vbox (badness 10000) has occurred while \output is active []



[403]
Underfull \vbox (badness 10000) has occurred while \output is active []



[404]
Underfull \vbox (badness 10000) has occurred while \output is active []



[405]
Underfull \vbox (badness 10000) has occurred while \output is active []



[406]
Underfull \vbox (badness 10000) has occurred while \output is active []



[407]
Underfull \vbox (badness 10000) has occurred while \output is active []



[408]
Underfull \vbox (badness 10000) has occurred while \output is active []



[409]
Underfull \vbox (badness 10000) has occurred while \output is active []



[410]
Underfull \vbox (badness 10000) has occurred while \output is active []



[411]
Underfull \vbox (badness 10000) has occurred while \output is active []



[412]
Underfull \vbox (badness 10000) has occurred while \output is active []



[413]
Underfull \vbox (badness 10000) has occurred while \output is active []



[414]
Underfull \vbox (badness 10000) has occurred while \output is active []



[415]
Underfull \vbox (badness 10000) has occurred while \output is active []



[416]
! Undefined control sequence.
l.12552   深度监听(\passthrough
                           {\lstinline!\{ deep: true \}!}): 监听对象内部属性变化
The control sequence at the end of the top line
of your error message was never \def'ed. If you have
misspelled it (e.g., `\hobx'), type `I' and the correct
spelling (e.g., `I\hbox'). Otherwise just continue,
and I'll forget about whatever was undefined.

(c:/texlive/2025/texmf-dist/tex/latex/listings/lstlang1.sty
File: lstlang1.sty 2024/09/23 1.10c listings language file
)
(c:/texlive/2025/texmf-dist/tex/latex/listings/lstlang2.sty
File: lstlang2.sty 2024/09/23 1.10c listings language file
)
(c:/texlive/2025/texmf-dist/tex/latex/listings/lstlang3.sty
File: lstlang3.sty 2024/09/23 1.10c listings language file
)

! Package Listings Error: Couldn't load requested language.

See the Listings package documentation for explanation.
Type  H <return>  for immediate help.
 ...                                              
                                                  
l.12580 \begin{lstlisting}[language=Vue]
                                        
The following languages weren't loadable:
    ,vue$
This may cause errors in the sequel.


! Package Listings Error: language vue undefined.

See the Listings package documentation for explanation.
Type  H <return>  for immediate help.
 ...                                              
                                                  
l.12580 \begin{lstlisting}[language=Vue]
                                        
The language is not loadable. Try typing  <return>  to proceed.
If that doesn't work, type  X <return>  to quit.



[417]
Missing character: There is no ✓ (U+2713) in font TeX Gyre Cursor/OT:script=lat
n;language=dflt;!
Missing character: There is no ⚠ (U+26A0) in font TeX Gyre Cursor/OT:script=lat
n;language=dflt;!
Missing character: There is no ✗ (U+2717) in font TeX Gyre Cursor/OT:script=lat
n;language=dflt;!

Underfull \vbox (badness 10000) has occurred while \output is active []



[418]
Underfull \vbox (badness 10000) has occurred while \output is active []



[419]
Underfull \vbox (badness 10000) has occurred while \output is active []



[420]
Underfull \vbox (badness 10000) has occurred while \output is active []



[421]
Underfull \vbox (badness 10000) has occurred while \output is active []



[422]
Underfull \vbox (badness 10000) has occurred while \output is active []



[423]
Missing character: There is no ✏ (U+270F) in font TeX Gyre Cursor/OT:script=lat
n;language=dflt;!
Missing character: There is no 🗑 (U+1F5D1) in font TeX Gyre Cursor/OT:script=la
tn;language=dflt;!

Underfull \vbox (badness 10000) has occurred while \output is active []



[424]
Underfull \vbox (badness 10000) has occurred while \output is active []



[425]
Underfull \vbox (badness 10000) has occurred while \output is active []



[426]
Underfull \vbox (badness 10000) has occurred while \output is active []



[427]
Underfull \vbox (badness 10000) has occurred while \output is active []



[428]
Underfull \vbox (badness 10000) has occurred while \output is active []



[429]
Underfull \vbox (badness 10000) has occurred while \output is active []



[430]
Underfull \vbox (badness 10000) has occurred while \output is active []



[431]
Underfull \vbox (badness 10000) has occurred while \output is active []



[432]
Underfull \vbox (badness 10000) has occurred while \output is active []



[433]
Underfull \vbox (badness 10000) has occurred while \output is active []



[434]
Missing character: There is no ℹ (U+2139) in font TeX Gyre Cursor/OT:script=lat
n;language=dflt;!
Missing character: There is no ️ (U+FE0F) in font FangSong/OT:script=hani;langu
age=dflt;!
Missing character: There is no ⚠ (U+26A0) in font TeX Gyre Cursor/OT:script=lat
n;language=dflt;!
Missing character: There is no ️ (U+FE0F) in font FangSong/OT:script=hani;langu
age=dflt;!
Missing character: There is no ❌ (U+274C) in font TeX Gyre Cursor/OT:script=lat
n;language=dflt;!
Missing character: There is no 📢 (U+1F4E2) in font TeX Gyre Cursor/OT:script=la
tn;language=dflt;!

Underfull \vbox (badness 10000) has occurred while \output is active []



[435]
Underfull \vbox (badness 10000) has occurred while \output is active []



[436]
Missing character: There is no ↕ (U+2195) in font TeX Gyre Cursor/OT:script=lat
n;language=dflt;!
Missing character: There is no ️ (U+FE0F) in font FangSong/OT:script=hani;langu
age=dflt;!

Underfull \vbox (badness 10000) has occurred while \output is active []



[437]
Missing character: There is no ↗ (U+2197) in font TeX Gyre Cursor/OT:script=lat
n;language=dflt;!
Missing character: There is no ↘ (U+2198) in font TeX Gyre Cursor/OT:script=lat
n;language=dflt;!

Underfull \vbox (badness 10000) has occurred while \output is active []



[438]
Underfull \vbox (badness 10000) has occurred while \output is active []



[439]
Underfull \vbox (badness 10000) has occurred while \output is active []



[440]
Underfull \vbox (badness 10000) has occurred while \output is active []



[441]
Underfull \vbox (badness 10000) has occurred while \output is active []



[442]
Underfull \vbox (badness 10000) has occurred while \output is active []



[443]
Underfull \vbox (badness 10000) has occurred while \output is active []



[444]
Underfull \vbox (badness 10000) has occurred while \output is active []



[445]
Underfull \vbox (badness 10000) has occurred while \output is active []



[446]
Underfull \vbox (badness 10000) has occurred while \output is active []



[447]
Underfull \vbox (badness 10000) has occurred while \output is active []



[448]
Underfull \vbox (badness 10000) has occurred while \output is active []



[449]
Underfull \vbox (badness 10000) has occurred while \output is active []



[450]
Underfull \vbox (badness 10000) has occurred while \output is active []



[451]
Underfull \vbox (badness 10000) has occurred while \output is active []



[452]
Underfull \vbox (badness 10000) has occurred while \output is active []



[453]
! Undefined control sequence.
l.14032 \textbf{1. 插值表达式}： - \passthrough
                                         {\lstinline!\{\{ dashboardTitle \}\...
The control sequence at the end of the top line
of your error message was never \def'ed. If you have
misspelled it (e.g., `\hobx'), type `I' and the correct
spelling (e.g., `I\hbox'). Otherwise just continue,
and I'll forget about whatever was undefined.

! Undefined control sequence.
l.14032 ...ardTitle \}\}!} - 简单文本插值 - \passthrough
                                                  {\lstinline!\{\{ formatDat...
The control sequence at the end of the top line
of your error message was never \def'ed. If you have
misspelled it (e.g., `\hobx'), type `I' and the correct
spelling (e.g., `I\hbox'). Otherwise just continue,
and I'll forget about whatever was undefined.

! Undefined control sequence.
l.14034 \textbf{2. 属性绑定}： - \passthrough
                                        {\lstinline!:class="systemStatusClas...
The control sequence at the end of the top line
of your error message was never \def'ed. If you have
misspelled it (e.g., `\hobx'), type `I' and the correct
spelling (e.g., `I\hbox'). Otherwise just continue,
and I'll forget about whatever was undefined.

! Undefined control sequence.
l.14034 ...atusClass"!} - 动态class绑定 - \passthrough
                                                  {\lstinline!:style="getCha...
The control sequence at the end of the top line
of your error message was never \def'ed. If you have
misspelled it (e.g., `\hobx'), type `I' and the correct
spelling (e.g., `I\hbox'). Otherwise just continue,
and I'll forget about whatever was undefined.

! Undefined control sequence.
l.14034 ...e(chartData)"!} - 动态样式绑定 - \passthrough
                                                  {\lstinline!:disabled="sta...
The control sequence at the end of the top line
of your error message was never \def'ed. If you have
misspelled it (e.g., `\hobx'), type `I' and the correct
spelling (e.g., `I\hbox'). Otherwise just continue,
and I'll forget about whatever was undefined.

! Undefined control sequence.
l.14036 \textbf{3. 条件渲染}： - \passthrough
                                        {\lstinline!v-if/v-else-if/v-else!} ...
The control sequence at the end of the top line
of your error message was never \def'ed. If you have
misspelled it (e.g., `\hobx'), type `I' and the correct
spelling (e.g., `I\hbox'). Otherwise just continue,
and I'll forget about whatever was undefined.

! Undefined control sequence.
l.14036 ...lse-if/v-else!} - 条件分支渲染 - \passthrough
                                                  {\lstinline!v-show!} - 条件显...
The control sequence at the end of the top line
of your error message was never \def'ed. If you have
misspelled it (e.g., `\hobx'), type `I' and the correct
spelling (e.g., `I\hbox'). Otherwise just continue,
and I'll forget about whatever was undefined.

! Undefined control sequence.
l.14038 \textbf{4. 列表渲染}： - \passthrough
                                        {\lstinline!v-for="station in filter...
The control sequence at the end of the top line
of your error message was never \def'ed. If you have
misspelled it (e.g., `\hobx'), type `I' and the correct
spelling (e.g., `I\hbox'). Otherwise just continue,
and I'll forget about whatever was undefined.

! Undefined control sequence.
l.14038 ...lteredStations"!} - 数组循环 - \passthrough
                                                  {\lstinline!v-for="(value,...
The control sequence at the end of the top line
of your error message was never \def'ed. If you have
misspelled it (e.g., `\hobx'), type `I' and the correct
spelling (e.g., `I\hbox'). Otherwise just continue,
and I'll forget about whatever was undefined.

! Undefined control sequence.
l.14040 \textbf{5. 事件处理}： - \passthrough
                                        {\lstinline!@click="selectStation(st...
The control sequence at the end of the top line
of your error message was never \def'ed. If you have
misspelled it (e.g., `\hobx'), type `I' and the correct
spelling (e.g., `I\hbox'). Otherwise just continue,
and I'll forget about whatever was undefined.

! Undefined control sequence.
l.14040 ...ation(station)"!} - 点击事件 - \passthrough
                                                  {\lstinline!@click.stop!} ...
The control sequence at the end of the top line
of your error message was never \def'ed. If you have
misspelled it (e.g., `\hobx'), type `I' and the correct
spelling (e.g., `I\hbox'). Otherwise just continue,
and I'll forget about whatever was undefined.

! Undefined control sequence.
l.14040 ...ne!@click.stop!} - 事件修饰符 - \passthrough
                                                  {\lstinline!@submit.preven...
The control sequence at the end of the top line
of your error message was never \def'ed. If you have
misspelled it (e.g., `\hobx'), type `I' and the correct
spelling (e.g., `I\hbox'). Otherwise just continue,
and I'll forget about whatever was undefined.

! Undefined control sequence.
l.14042 \textbf{6. 双向数据绑定}： - \passthrough
                                          {\lstinline!v-model="searchKeyword...
The control sequence at the end of the top line
of your error message was never \def'ed. If you have
misspelled it (e.g., `\hobx'), type `I' and the correct
spelling (e.g., `I\hbox'). Otherwise just continue,
and I'll forget about whatever was undefined.

! Undefined control sequence.
l.14042 ...earchKeyword"!} - 文本输入绑定 - \passthrough
                                                  {\lstinline!v-model="selec...
The control sequence at the end of the top line
of your error message was never \def'ed. If you have
misspelled it (e.g., `\hobx'), type `I' and the correct
spelling (e.g., `I\hbox'). Otherwise just continue,
and I'll forget about whatever was undefined.

! Undefined control sequence.
l.14042 ...lectedRegions"!} - 多选框绑定 - \passthrough
                                                  {\lstinline!v-model.number...
The control sequence at the end of the top line
of your error message was never \def'ed. If you have
misspelled it (e.g., `\hobx'), type `I' and the correct
spelling (e.g., `I\hbox'). Otherwise just continue,
and I'll forget about whatever was undefined.



[454] (c:/texlive/2025/texmf-dist/tex/latex/listings/lstlang1.sty
File: lstlang1.sty 2024/09/23 1.10c listings language file
)
(c:/texlive/2025/texmf-dist/tex/latex/listings/lstlang2.sty
File: lstlang2.sty 2024/09/23 1.10c listings language file
)
(c:/texlive/2025/texmf-dist/tex/latex/listings/lstlang3.sty
File: lstlang3.sty 2024/09/23 1.10c listings language file
)

! Package Listings Error: Couldn't load requested language.

See the Listings package documentation for explanation.
Type  H <return>  for immediate help.
 ...                                              
                                                  
l.14077 \begin{lstlisting}[language=JavaScript]
                                               
The following languages weren't loadable:
    ,javascript$
This may cause errors in the sequel.


! Package Listings Error: language javascript undefined.

See the Listings package documentation for explanation.
Type  H <return>  for immediate help.
 ...                                              
                                                  
l.14077 \begin{lstlisting}[language=JavaScript]
                                               
The language is not loadable. Try typing  <return>  to proceed.
If that doesn't work, type  X <return>  to quit.



[455]
! Undefined control sequence.
l.14123 ...f{关键概念说明：} - \textbf{嵌套路由}：\passthrough
                                                  {\lstinline!children!}配置子路...
The control sequence at the end of the top line
of your error message was never \def'ed. If you have
misspelled it (e.g., `\hobx'), type `I' and the correct
spelling (e.g., `I\hbox'). Otherwise just continue,
and I'll forget about whatever was undefined.

! Undefined control sequence.
l.14123 ...适合有公共布局的页面 - \textbf{动态路由}：\passthrough
                                                  {\lstinline!:stationId!}是路...
The control sequence at the end of the top line
of your error message was never \def'ed. If you have
misspelled it (e.g., `\hobx'), type `I' and the correct
spelling (e.g., `I\hbox'). Otherwise just continue,
and I'll forget about whatever was undefined.

! Undefined control sequence.
l.14123 ...nline!:stationId!}是路径参数，可匹配\passthrough
                                                  {\lstinline!/stations/WS00...
The control sequence at the end of the top line
of your error message was never \def'ed. If you have
misspelled it (e.g., `\hobx'), type `I' and the correct
spelling (e.g., `I\hbox'). Otherwise just continue,
and I'll forget about whatever was undefined.

! Undefined control sequence.
l.14123 .../WS001!}等 - \textbf{路由元信息}：\passthrough
                                                  {\lstinline!meta!}存储自定义数据，...
The control sequence at the end of the top line
of your error message was never \def'ed. If you have
misspelled it (e.g., `\hobx'), type `I' and the correct
spelling (e.g., `I\hbox'). Otherwise just continue,
and I'll forget about whatever was undefined.

(c:/texlive/2025/texmf-dist/tex/latex/listings/lstlang1.sty
File: lstlang1.sty 2024/09/23 1.10c listings language file
)
(c:/texlive/2025/texmf-dist/tex/latex/listings/lstlang2.sty
File: lstlang2.sty 2024/09/23 1.10c listings language file
)
(c:/texlive/2025/texmf-dist/tex/latex/listings/lstlang3.sty
File: lstlang3.sty 2024/09/23 1.10c listings language file
)

! Package Listings Error: Couldn't load requested language.

See the Listings package documentation for explanation.
Type  H <return>  for immediate help.
 ...                                              
                                                  
l.14129 \begin{lstlisting}[language=JavaScript]
                                               
The following languages weren't loadable:
    ,javascript$
This may cause errors in the sequel.


! Package Listings Error: language javascript undefined.

See the Listings package documentation for explanation.
Type  H <return>  for immediate help.
 ...                                              
                                                  
l.14129 \begin{lstlisting}[language=JavaScript]
                                               
The language is not loadable. Try typing  <return>  to proceed.
If that doesn't work, type  X <return>  to quit.

(c:/texlive/2025/texmf-dist/tex/latex/listings/lstlang1.sty
File: lstlang1.sty 2024/09/23 1.10c listings language file
)
(c:/texlive/2025/texmf-dist/tex/latex/listings/lstlang2.sty
File: lstlang2.sty 2024/09/23 1.10c listings language file
)
(c:/texlive/2025/texmf-dist/tex/latex/listings/lstlang3.sty
File: lstlang3.sty 2024/09/23 1.10c listings language file
)

! Package Listings Error: Couldn't load requested language.

See the Listings package documentation for explanation.
Type  H <return>  for immediate help.
 ...                                              
                                                  
l.14148 \begin{lstlisting}[language=Vue]
                                        
The following languages weren't loadable:
    ,vue$
This may cause errors in the sequel.


! Package Listings Error: language vue undefined.

See the Listings package documentation for explanation.
Type  H <return>  for immediate help.
 ...                                              
                                                  
l.14148 \begin{lstlisting}[language=Vue]
                                        
The language is not loadable. Try typing  <return>  to proceed.
If that doesn't work, type  X <return>  to quit.



[456]
Underfull \vbox (badness 10000) has occurred while \output is active []



[457] (c:/texlive/2025/texmf-dist/tex/latex/listings/lstlang1.sty
File: lstlang1.sty 2024/09/23 1.10c listings language file
)
(c:/texlive/2025/texmf-dist/tex/latex/listings/lstlang2.sty
File: lstlang2.sty 2024/09/23 1.10c listings language file
)
(c:/texlive/2025/texmf-dist/tex/latex/listings/lstlang3.sty
File: lstlang3.sty 2024/09/23 1.10c listings language file
)

! Package Listings Error: Couldn't load requested language.

See the Listings package documentation for explanation.
Type  H <return>  for immediate help.
 ...                                              
                                                  
l.14210 \begin{lstlisting}[language=JavaScript]
                                               
The following languages weren't loadable:
    ,javascript$
This may cause errors in the sequel.


! Package Listings Error: language javascript undefined.

See the Listings package documentation for explanation.
Type  H <return>  for immediate help.
 ...                                              
                                                  
l.14210 \begin{lstlisting}[language=JavaScript]
                                               
The language is not loadable. Try typing  <return>  to proceed.
If that doesn't work, type  X <return>  to quit.



[458]
! Undefined control sequence.
l.14268 ... \textbf{状态（State）}：存储数据，使用\passthrough
                                                  {\lstinline!ref()!}或\passt...
The control sequence at the end of the top line
of your error message was never \def'ed. If you have
misspelled it (e.g., `\hobx'), type `I' and the correct
spelling (e.g., `I\hbox'). Otherwise just continue,
and I'll forget about whatever was undefined.

! Undefined control sequence.
l.14268 ...through{\lstinline!ref()!}或\passthrough
                                                  {\lstinline!reactive()!} 2...
The control sequence at the end of the top line
of your error message was never \def'ed. If you have
misspelled it (e.g., `\hobx'), type `I' and the correct
spelling (e.g., `I\hbox'). Otherwise just continue,
and I'll forget about whatever was undefined.

! Undefined control sequence.
l.14268 ...计算属性（Getters）}：基于状态的派生数据，使用\passthrough
                                                  {\lstinline!computed()!} 3...
The control sequence at the end of the top line
of your error message was never \def'ed. If you have
misspelled it (e.g., `\hobx'), type `I' and the correct
spelling (e.g., `I\hbox'). Otherwise just continue,
and I'll forget about whatever was undefined.

(c:/texlive/2025/texmf-dist/tex/latex/listings/lstlang1.sty
File: lstlang1.sty 2024/09/23 1.10c listings language file
)
(c:/texlive/2025/texmf-dist/tex/latex/listings/lstlang2.sty
File: lstlang2.sty 2024/09/23 1.10c listings language file
)
(c:/texlive/2025/texmf-dist/tex/latex/listings/lstlang3.sty
File: lstlang3.sty 2024/09/23 1.10c listings language file
)

! Package Listings Error: Couldn't load requested language.

See the Listings package documentation for explanation.
Type  H <return>  for immediate help.
 ...                                              
                                                  
l.14272 \begin{lstlisting}[language=Vue]
                                        
The following languages weren't loadable:
    ,vue$
This may cause errors in the sequel.


! Package Listings Error: language vue undefined.

See the Listings package documentation for explanation.
Type  H <return>  for immediate help.
 ...                                              
                                                  
l.14272 \begin{lstlisting}[language=Vue]
                                        
The language is not loadable. Try typing  <return>  to proceed.
If that doesn't work, type  X <return>  to quit.



[459] (c:/texlive/2025/texmf-dist/tex/latex/listings/lstlang1.sty
File: lstlang1.sty 2024/09/23 1.10c listings language file
)
(c:/texlive/2025/texmf-dist/tex/latex/listings/lstlang2.sty
File: lstlang2.sty 2024/09/23 1.10c listings language file
)
(c:/texlive/2025/texmf-dist/tex/latex/listings/lstlang3.sty
File: lstlang3.sty 2024/09/23 1.10c listings language file
)

! Package Listings Error: Couldn't load requested language.

See the Listings package documentation for explanation.
Type  H <return>  for immediate help.
 ...                                              
                                                  
l.14303 \begin{lstlisting}[language=JavaScript]
                                               
The following languages weren't loadable:
    ,javascript$
This may cause errors in the sequel.


! Package Listings Error: language javascript undefined.

See the Listings package documentation for explanation.
Type  H <return>  for immediate help.
 ...                                              
                                                  
l.14303 \begin{lstlisting}[language=JavaScript]
                                               
The language is not loadable. Try typing  <return>  to proceed.
If that doesn't work, type  X <return>  to quit.



[460]
Underfull \vbox (badness 10000) has occurred while \output is active []



[461] (c:/texlive/2025/texmf-dist/tex/latex/listings/lstlang1.sty
File: lstlang1.sty 2024/09/23 1.10c listings language file
)
(c:/texlive/2025/texmf-dist/tex/latex/listings/lstlang2.sty
File: lstlang2.sty 2024/09/23 1.10c listings language file
)
(c:/texlive/2025/texmf-dist/tex/latex/listings/lstlang3.sty
File: lstlang3.sty 2024/09/23 1.10c listings language file
)

! Package Listings Error: Couldn't load requested language.

See the Listings package documentation for explanation.
Type  H <return>  for immediate help.
 ...                                              
                                                  
l.14366 \begin{lstlisting}[language=Vue]
                                        
The following languages weren't loadable:
    ,vue$
This may cause errors in the sequel.


! Package Listings Error: language vue undefined.

See the Listings package documentation for explanation.
Type  H <return>  for immediate help.
 ...                                              
                                                  
l.14366 \begin{lstlisting}[language=Vue]
                                        
The language is not loadable. Try typing  <return>  to proceed.
If that doesn't work, type  X <return>  to quit.



[462] (c:/texlive/2025/texmf-dist/tex/latex/listings/lstlang1.sty
File: lstlang1.sty 2024/09/23 1.10c listings language file
)
(c:/texlive/2025/texmf-dist/tex/latex/listings/lstlang2.sty
File: lstlang2.sty 2024/09/23 1.10c listings language file
)
(c:/texlive/2025/texmf-dist/tex/latex/listings/lstlang3.sty
File: lstlang3.sty 2024/09/23 1.10c listings language file
)

! Package Listings Error: Couldn't load requested language.

See the Listings package documentation for explanation.
Type  H <return>  for immediate help.
 ...                                              
                                                  
l.14413 \begin{lstlisting}[language=Vue]
                                        
The following languages weren't loadable:
    ,vue$
This may cause errors in the sequel.


! Package Listings Error: language vue undefined.

See the Listings package documentation for explanation.
Type  H <return>  for immediate help.
 ...                                              
                                                  
l.14413 \begin{lstlisting}[language=Vue]
                                        
The language is not loadable. Try typing  <return>  to proceed.
If that doesn't work, type  X <return>  to quit.

(c:/texlive/2025/texmf-dist/tex/latex/listings/lstlang1.sty
File: lstlang1.sty 2024/09/23 1.10c listings language file
)
(c:/texlive/2025/texmf-dist/tex/latex/listings/lstlang2.sty
File: lstlang2.sty 2024/09/23 1.10c listings language file
)
(c:/texlive/2025/texmf-dist/tex/latex/listings/lstlang3.sty
File: lstlang3.sty 2024/09/23 1.10c listings language file
)

! Package Listings Error: Couldn't load requested language.

See the Listings package documentation for explanation.
Type  H <return>  for immediate help.
 ...                                              
                                                  
l.14453 \begin{lstlisting}[language=JavaScript]
                                               
The following languages weren't loadable:
    ,javascript$
This may cause errors in the sequel.


! Package Listings Error: language javascript undefined.

See the Listings package documentation for explanation.
Type  H <return>  for immediate help.
 ...                                              
                                                  
l.14453 \begin{lstlisting}[language=JavaScript]
                                               
The language is not loadable. Try typing  <return>  to proceed.
If that doesn't work, type  X <return>  to quit.



[463]
! Undefined control sequence.
l.14478   \textbf{组件内部状态}：使用\passthrough
                                        {\lstinline!ref()!}或\passthrough{\ls...
The control sequence at the end of the top line
of your error message was never \def'ed. If you have
misspelled it (e.g., `\hobx'), type `I' and the correct
spelling (e.g., `I\hbox'). Otherwise just continue,
and I'll forget about whatever was undefined.

! Undefined control sequence.
l.14478 ...through{\lstinline!ref()!}或\passthrough
                                                  {\lstinline!reactive()!}管理...
The control sequence at the end of the top line
of your error message was never \def'ed. If you have
misspelled it (e.g., `\hobx'), type `I' and the correct
spelling (e.g., `I\hbox'). Otherwise just continue,
and I'll forget about whatever was undefined.

(c:/texlive/2025/texmf-dist/tex/latex/listings/lstlang1.sty
File: lstlang1.sty 2024/09/23 1.10c listings language file
)
(c:/texlive/2025/texmf-dist/tex/latex/listings/lstlang2.sty
File: lstlang2.sty 2024/09/23 1.10c listings language file
)
(c:/texlive/2025/texmf-dist/tex/latex/listings/lstlang3.sty
File: lstlang3.sty 2024/09/23 1.10c listings language file
)

! Package Listings Error: Couldn't load requested language.

See the Listings package documentation for explanation.
Type  H <return>  for immediate help.
 ...                                              
                                                  
l.14485 \begin{lstlisting}[language=JavaScript]
                                               
The following languages weren't loadable:
    ,javascript$
This may cause errors in the sequel.


! Package Listings Error: language javascript undefined.

See the Listings package documentation for explanation.
Type  H <return>  for immediate help.
 ...                                              
                                                  
l.14485 \begin{lstlisting}[language=JavaScript]
                                               
The language is not loadable. Try typing  <return>  to proceed.
If that doesn't work, type  X <return>  to quit.

(c:/texlive/2025/texmf-dist/tex/latex/listings/lstlang1.sty
File: lstlang1.sty 2024/09/23 1.10c listings language file
)
(c:/texlive/2025/texmf-dist/tex/latex/listings/lstlang2.sty
File: lstlang2.sty 2024/09/23 1.10c listings language file
)
(c:/texlive/2025/texmf-dist/tex/latex/listings/lstlang3.sty
File: lstlang3.sty 2024/09/23 1.10c listings language file
)

! Package Listings Error: Couldn't load requested language.

See the Listings package documentation for explanation.
Type  H <return>  for immediate help.
 ...                                              
                                                  
l.14499 \begin{lstlisting}[language=JavaScript]
                                               
The following languages weren't loadable:
    ,javascript$
This may cause errors in the sequel.


! Package Listings Error: language javascript undefined.

See the Listings package documentation for explanation.
Type  H <return>  for immediate help.
 ...                                              
                                                  
l.14499 \begin{lstlisting}[language=JavaScript]
                                               
The language is not loadable. Try typing  <return>  to proceed.
If that doesn't work, type  X <return>  to quit.



[464]
! Undefined control sequence.
l.14511 为\passthrough
                     {\lstinline!v-for!}提供稳定的key值，避免不必要的重新渲染：
The control sequence at the end of the top line
of your error message was never \def'ed. If you have
misspelled it (e.g., `\hobx'), type `I' and the correct
spelling (e.g., `I\hbox'). Otherwise just continue,
and I'll forget about whatever was undefined.

(c:/texlive/2025/texmf-dist/tex/latex/listings/lstlang1.sty
File: lstlang1.sty 2024/09/23 1.10c listings language file
)
(c:/texlive/2025/texmf-dist/tex/latex/listings/lstlang2.sty
File: lstlang2.sty 2024/09/23 1.10c listings language file
)
(c:/texlive/2025/texmf-dist/tex/latex/listings/lstlang3.sty
File: lstlang3.sty 2024/09/23 1.10c listings language file
)

! Package Listings Error: Couldn't load requested language.

See the Listings package documentation for explanation.
Type  H <return>  for immediate help.
 ...                                              
                                                  
l.14513 \begin{lstlisting}[language=Vue]
                                        
The following languages weren't loadable:
    ,vue$
This may cause errors in the sequel.


! Package Listings Error: language vue undefined.

See the Listings package documentation for explanation.
Type  H <return>  for immediate help.
 ...                                              
                                                  
l.14513 \begin{lstlisting}[language=Vue]
                                        
The language is not loadable. Try typing  <return>  to proceed.
If that doesn't work, type  X <return>  to quit.

(c:/texlive/2025/texmf-dist/tex/latex/listings/lstlang1.sty
File: lstlang1.sty 2024/09/23 1.10c listings language file
)
(c:/texlive/2025/texmf-dist/tex/latex/listings/lstlang2.sty
File: lstlang2.sty 2024/09/23 1.10c listings language file
)
(c:/texlive/2025/texmf-dist/tex/latex/listings/lstlang3.sty
File: lstlang3.sty 2024/09/23 1.10c listings language file
)

! Package Listings Error: Couldn't load requested language.

See the Listings package documentation for explanation.
Type  H <return>  for immediate help.
 ...                                              
                                                  
l.14526 \begin{lstlisting}[language=JavaScript]
                                               
The following languages weren't loadable:
    ,javascript$
This may cause errors in the sequel.


! Package Listings Error: language javascript undefined.

See the Listings package documentation for explanation.
Type  H <return>  for immediate help.
 ...                                              
                                                  
l.14526 \begin{lstlisting}[language=JavaScript]
                                               
The language is not loadable. Try typing  <return>  to proceed.
If that doesn't work, type  X <return>  to quit.


Underfull \vbox (badness 1314) has occurred while \output is active []



[465]
Overfull \hbox (103.0799pt too wide) in paragraph at lines 14559--14560
[]\TU/TeXGyrePagella(0)/m/n/12 ““ station.id.toLowerCase().includes(keyword) ||
 station.location?.toLowerCase().includes(keyword)
 []

! Undefined control sequence.
l.14567 ... websocket = new WebSocket(\passthrough
                                                  {\lstinline!$\{import.meta...
The control sequence at the end of the top line
of your error message was never \def'ed. If you have
misspelled it (e.g., `\hobx'), type `I' and the correct
spelling (e.g., `I\hbox'). Otherwise just continue,
and I'll forget about whatever was undefined.



[466]

[467]
Underfull \vbox (badness 10000) has occurred while \output is active []



[468]

[469]
Missing character: There is no ├ (U+251C) in font TeX Gyre Cursor/OT:script=lat
n;language=dflt;!
Missing character: There is no ─ (U+2500) in font TeX Gyre Cursor/OT:script=lat
n;language=dflt;!
Missing character: There is no ─ (U+2500) in font TeX Gyre Cursor/OT:script=lat
n;language=dflt;!
Missing character: There is no │ (U+2502) in font TeX Gyre Cursor/OT:script=lat
n;language=dflt;!
Missing character: There is no ├ (U+251C) in font TeX Gyre Cursor/OT:script=lat
n;language=dflt;!
Missing character: There is no ─ (U+2500) in font TeX Gyre Cursor/OT:script=lat
n;language=dflt;!
Missing character: There is no ─ (U+2500) in font TeX Gyre Cursor/OT:script=lat
n;language=dflt;!
Missing character: There is no │ (U+2502) in font TeX Gyre Cursor/OT:script=lat
n;language=dflt;!
Missing character: There is no └ (U+2514) in font TeX Gyre Cursor/OT:script=lat
n;language=dflt;!
Missing character: There is no ─ (U+2500) in font TeX Gyre Cursor/OT:script=lat
n;language=dflt;!
Missing character: There is no ─ (U+2500) in font TeX Gyre Cursor/OT:script=lat
n;language=dflt;!
Missing character: There is no ├ (U+251C) in font TeX Gyre Cursor/OT:script=lat
n;language=dflt;!
Missing character: There is no ─ (U+2500) in font TeX Gyre Cursor/OT:script=lat
n;language=dflt;!
Missing character: There is no ─ (U+2500) in font TeX Gyre Cursor/OT:script=lat
n;language=dflt;!
Missing character: There is no │ (U+2502) in font TeX Gyre Cursor/OT:script=lat
n;language=dflt;!
Missing character: There is no ├ (U+251C) in font TeX Gyre Cursor/OT:script=lat
n;language=dflt;!
Missing character: There is no ─ (U+2500) in font TeX Gyre Cursor/OT:script=lat
n;language=dflt;!
Missing character: There is no ─ (U+2500) in font TeX Gyre Cursor/OT:script=lat
n;language=dflt;!


[470]
Missing character: There is no │ (U+2502) in font TeX Gyre Cursor/OT:script=lat
n;language=dflt;!
Missing character: There is no │ (U+2502) in font TeX Gyre Cursor/OT:script=lat
n;language=dflt;!
Missing character: There is no ├ (U+251C) in font TeX Gyre Cursor/OT:script=lat
n;language=dflt;!
Missing character: There is no ─ (U+2500) in font TeX Gyre Cursor/OT:script=lat
n;language=dflt;!
Missing character: There is no ─ (U+2500) in font TeX Gyre Cursor/OT:script=lat
n;language=dflt;!
Missing character: There is no │ (U+2502) in font TeX Gyre Cursor/OT:script=lat
n;language=dflt;!
Missing character: There is no │ (U+2502) in font TeX Gyre Cursor/OT:script=lat
n;language=dflt;!
Missing character: There is no └ (U+2514) in font TeX Gyre Cursor/OT:script=lat
n;language=dflt;!
Missing character: There is no ─ (U+2500) in font TeX Gyre Cursor/OT:script=lat
n;language=dflt;!
Missing character: There is no ─ (U+2500) in font TeX Gyre Cursor/OT:script=lat
n;language=dflt;!
Missing character: There is no │ (U+2502) in font TeX Gyre Cursor/OT:script=lat
n;language=dflt;!
Missing character: There is no ├ (U+251C) in font TeX Gyre Cursor/OT:script=lat
n;language=dflt;!
Missing character: There is no ─ (U+2500) in font TeX Gyre Cursor/OT:script=lat
n;language=dflt;!
Missing character: There is no ─ (U+2500) in font TeX Gyre Cursor/OT:script=lat
n;language=dflt;!
Missing character: There is no │ (U+2502) in font TeX Gyre Cursor/OT:script=lat
n;language=dflt;!
Missing character: There is no │ (U+2502) in font TeX Gyre Cursor/OT:script=lat
n;language=dflt;!
Missing character: There is no ├ (U+251C) in font TeX Gyre Cursor/OT:script=lat
n;language=dflt;!
Missing character: There is no ─ (U+2500) in font TeX Gyre Cursor/OT:script=lat
n;language=dflt;!
Missing character: There is no ─ (U+2500) in font TeX Gyre Cursor/OT:script=lat
n;language=dflt;!
Missing character: There is no │ (U+2502) in font TeX Gyre Cursor/OT:script=lat
n;language=dflt;!
Missing character: There is no │ (U+2502) in font TeX Gyre Cursor/OT:script=lat
n;language=dflt;!
Missing character: There is no └ (U+2514) in font TeX Gyre Cursor/OT:script=lat
n;language=dflt;!
Missing character: There is no ─ (U+2500) in font TeX Gyre Cursor/OT:script=lat
n;language=dflt;!
Missing character: There is no ─ (U+2500) in font TeX Gyre Cursor/OT:script=lat
n;language=dflt;!
Missing character: There is no │ (U+2502) in font TeX Gyre Cursor/OT:script=lat
n;language=dflt;!
Missing character: There is no ├ (U+251C) in font TeX Gyre Cursor/OT:script=lat
n;language=dflt;!
Missing character: There is no ─ (U+2500) in font TeX Gyre Cursor/OT:script=lat
n;language=dflt;!
Missing character: There is no ─ (U+2500) in font TeX Gyre Cursor/OT:script=lat
n;language=dflt;!
Missing character: There is no │ (U+2502) in font TeX Gyre Cursor/OT:script=lat
n;language=dflt;!
Missing character: There is no ├ (U+251C) in font TeX Gyre Cursor/OT:script=lat
n;language=dflt;!
Missing character: There is no ─ (U+2500) in font TeX Gyre Cursor/OT:script=lat
n;language=dflt;!
Missing character: There is no ─ (U+2500) in font TeX Gyre Cursor/OT:script=lat
n;language=dflt;!
Missing character: There is no │ (U+2502) in font TeX Gyre Cursor/OT:script=lat
n;language=dflt;!
Missing character: There is no ├ (U+251C) in font TeX Gyre Cursor/OT:script=lat
n;language=dflt;!
Missing character: There is no ─ (U+2500) in font TeX Gyre Cursor/OT:script=lat
n;language=dflt;!
Missing character: There is no ─ (U+2500) in font TeX Gyre Cursor/OT:script=lat
n;language=dflt;!
Missing character: There is no │ (U+2502) in font TeX Gyre Cursor/OT:script=lat
n;language=dflt;!
Missing character: There is no ├ (U+251C) in font TeX Gyre Cursor/OT:script=lat
n;language=dflt;!
Missing character: There is no ─ (U+2500) in font TeX Gyre Cursor/OT:script=lat
n;language=dflt;!
Missing character: There is no ─ (U+2500) in font TeX Gyre Cursor/OT:script=lat
n;language=dflt;!
Missing character: There is no │ (U+2502) in font TeX Gyre Cursor/OT:script=lat
n;language=dflt;!
Missing character: There is no └ (U+2514) in font TeX Gyre Cursor/OT:script=lat
n;language=dflt;!
Missing character: There is no ─ (U+2500) in font TeX Gyre Cursor/OT:script=lat
n;language=dflt;!
Missing character: There is no ─ (U+2500) in font TeX Gyre Cursor/OT:script=lat
n;language=dflt;!
Missing character: There is no ├ (U+251C) in font TeX Gyre Cursor/OT:script=lat
n;language=dflt;!
Missing character: There is no ─ (U+2500) in font TeX Gyre Cursor/OT:script=lat
n;language=dflt;!
Missing character: There is no ─ (U+2500) in font TeX Gyre Cursor/OT:script=lat
n;language=dflt;!
Missing character: There is no ├ (U+251C) in font TeX Gyre Cursor/OT:script=lat
n;language=dflt;!
Missing character: There is no ─ (U+2500) in font TeX Gyre Cursor/OT:script=lat
n;language=dflt;!
Missing character: There is no ─ (U+2500) in font TeX Gyre Cursor/OT:script=lat
n;language=dflt;!
Missing character: There is no └ (U+2514) in font TeX Gyre Cursor/OT:script=lat
n;language=dflt;!
Missing character: There is no ─ (U+2500) in font TeX Gyre Cursor/OT:script=lat
n;language=dflt;!
Missing character: There is no ─ (U+2500) in font TeX Gyre Cursor/OT:script=lat
n;language=dflt;!
! Undefined control sequence.
l.14766   \textbf{ES6 Modules}：使用\passthrough
                                             {\lstinline!import!}和\passthrou...
The control sequence at the end of the top line
of your error message was never \def'ed. If you have
misspelled it (e.g., `\hobx'), type `I' and the correct
spelling (e.g., `I\hbox'). Otherwise just continue,
and I'll forget about whatever was undefined.

! Undefined control sequence.
l.14766 ...hrough{\lstinline!import!}和\passthrough
                                                  {\lstinline!export!}语法
The control sequence at the end of the top line
of your error message was never \def'ed. If you have
misspelled it (e.g., `\hobx'), type `I' and the correct
spelling (e.g., `I\hbox'). Otherwise just continue,
and I'll forget about whatever was undefined.

(c:/texlive/2025/texmf-dist/tex/latex/listings/lstlang1.sty
File: lstlang1.sty 2024/09/23 1.10c listings language file
)
(c:/texlive/2025/texmf-dist/tex/latex/listings/lstlang2.sty
File: lstlang2.sty 2024/09/23 1.10c listings language file
)
(c:/texlive/2025/texmf-dist/tex/latex/listings/lstlang3.sty
File: lstlang3.sty 2024/09/23 1.10c listings language file
)

! Package Listings Error: Couldn't load requested language.

See the Listings package documentation for explanation.
Type  H <return>  for immediate help.
 ...                                              
                                                  
l.14777 \begin{lstlisting}[language=JavaScript]
                                               
The following languages weren't loadable:
    ,javascript$
This may cause errors in the sequel.


! Package Listings Error: language javascript undefined.

See the Listings package documentation for explanation.
Type  H <return>  for immediate help.
 ...                                              
                                                  
l.14777 \begin{lstlisting}[language=JavaScript]
                                               
The language is not loadable. Try typing  <return>  to proceed.
If that doesn't work, type  X <return>  to quit.


Underfull \vbox (badness 10000) has occurred while \output is active []



[471]
Underfull \vbox (badness 10000) has occurred while \output is active []



[472]
Underfull \vbox (badness 1383) has occurred while \output is active []



[473]

[474]
Missing character: There is no ❯ (U+276F) in font TeX Gyre Cursor/OT:script=lat
n;language=dflt;!
Missing character: There is no ❯ (U+276F) in font TeX Gyre Cursor/OT:script=lat
n;language=dflt;!
Missing character: There is no ◉ (U+25C9) in font TeX Gyre Cursor/OT:script=lat
n;language=dflt;!
Missing character: There is no ◉ (U+25C9) in font TeX Gyre Cursor/OT:script=lat
n;language=dflt;!
Missing character: There is no ◉ (U+25C9) in font TeX Gyre Cursor/OT:script=lat
n;language=dflt;!
Missing character: There is no ◉ (U+25C9) in font TeX Gyre Cursor/OT:script=lat
n;language=dflt;!
Missing character: There is no ◉ (U+25C9) in font TeX Gyre Cursor/OT:script=lat
n;language=dflt;!
Missing character: There is no ◉ (U+25C9) in font TeX Gyre Cursor/OT:script=lat
n;language=dflt;!
Missing character: There is no ◉ (U+25C9) in font TeX Gyre Cursor/OT:script=lat
n;language=dflt;!
Missing character: There is no ◉ (U+25C9) in font TeX Gyre Cursor/OT:script=lat
n;language=dflt;!
Missing character: There is no ◉ (U+25C9) in font TeX Gyre Cursor/OT:script=lat
n;language=dflt;!
Missing character: There is no ❯ (U+276F) in font TeX Gyre Cursor/OT:script=lat
n;language=dflt;!


[475]
Missing character: There is no ❯ (U+276F) in font TeX Gyre Cursor/OT:script=lat
n;language=dflt;!
Missing character: There is no ❯ (U+276F) in font TeX Gyre Cursor/OT:script=lat
n;language=dflt;!
Missing character: There is no ❯ (U+276F) in font TeX Gyre Cursor/OT:script=lat
n;language=dflt;!
Missing character: There is no ◉ (U+25C9) in font TeX Gyre Cursor/OT:script=lat
n;language=dflt;!
Missing character: There is no ◉ (U+25C9) in font TeX Gyre Cursor/OT:script=lat
n;language=dflt;!
Missing character: There is no ❯ (U+276F) in font TeX Gyre Cursor/OT:script=lat
n;language=dflt;!
Missing character: There is no ❯ (U+276F) in font TeX Gyre Cursor/OT:script=lat
n;language=dflt;!
Missing character: There is no ❯ (U+276F) in font TeX Gyre Cursor/OT:script=lat
n;language=dflt;!
Missing character: There is no ├ (U+251C) in font TeX Gyre Cursor/OT:script=lat
n;language=dflt;!
Missing character: There is no ─ (U+2500) in font TeX Gyre Cursor/OT:script=lat
n;language=dflt;!
Missing character: There is no ─ (U+2500) in font TeX Gyre Cursor/OT:script=lat
n;language=dflt;!
Missing character: There is no │ (U+2502) in font TeX Gyre Cursor/OT:script=lat
n;language=dflt;!
Missing character: There is no ├ (U+251C) in font TeX Gyre Cursor/OT:script=lat
n;language=dflt;!
Missing character: There is no ─ (U+2500) in font TeX Gyre Cursor/OT:script=lat
n;language=dflt;!
Missing character: There is no ─ (U+2500) in font TeX Gyre Cursor/OT:script=lat
n;language=dflt;!
Missing character: There is no │ (U+2502) in font TeX Gyre Cursor/OT:script=lat
n;language=dflt;!
Missing character: There is no ├ (U+251C) in font TeX Gyre Cursor/OT:script=lat
n;language=dflt;!
Missing character: There is no ─ (U+2500) in font TeX Gyre Cursor/OT:script=lat
n;language=dflt;!
Missing character: There is no ─ (U+2500) in font TeX Gyre Cursor/OT:script=lat
n;language=dflt;!
Missing character: There is no │ (U+2502) in font TeX Gyre Cursor/OT:script=lat
n;language=dflt;!
Missing character: There is no └ (U+2514) in font TeX Gyre Cursor/OT:script=lat
n;language=dflt;!
Missing character: There is no ─ (U+2500) in font TeX Gyre Cursor/OT:script=lat
n;language=dflt;!
Missing character: There is no ─ (U+2500) in font TeX Gyre Cursor/OT:script=lat
n;language=dflt;!
Missing character: There is no ├ (U+251C) in font TeX Gyre Cursor/OT:script=lat
n;language=dflt;!
Missing character: There is no ─ (U+2500) in font TeX Gyre Cursor/OT:script=lat
n;language=dflt;!
Missing character: There is no ─ (U+2500) in font TeX Gyre Cursor/OT:script=lat
n;language=dflt;!
Missing character: There is no │ (U+2502) in font TeX Gyre Cursor/OT:script=lat
n;language=dflt;!
Missing character: There is no ├ (U+251C) in font TeX Gyre Cursor/OT:script=lat
n;language=dflt;!
Missing character: There is no ─ (U+2500) in font TeX Gyre Cursor/OT:script=lat
n;language=dflt;!
Missing character: There is no ─ (U+2500) in font TeX Gyre Cursor/OT:script=lat
n;language=dflt;!
Missing character: There is no │ (U+2502) in font TeX Gyre Cursor/OT:script=lat
n;language=dflt;!
Missing character: There is no │ (U+2502) in font TeX Gyre Cursor/OT:script=lat
n;language=dflt;!
Missing character: There is no ├ (U+251C) in font TeX Gyre Cursor/OT:script=lat
n;language=dflt;!
Missing character: There is no ─ (U+2500) in font TeX Gyre Cursor/OT:script=lat
n;language=dflt;!
Missing character: There is no ─ (U+2500) in font TeX Gyre Cursor/OT:script=lat
n;language=dflt;!
Missing character: There is no │ (U+2502) in font TeX Gyre Cursor/OT:script=lat
n;language=dflt;!
Missing character: There is no │ (U+2502) in font TeX Gyre Cursor/OT:script=lat
n;language=dflt;!
Missing character: There is no ├ (U+251C) in font TeX Gyre Cursor/OT:script=lat
n;language=dflt;!
Missing character: There is no ─ (U+2500) in font TeX Gyre Cursor/OT:script=lat
n;language=dflt;!
Missing character: There is no ─ (U+2500) in font TeX Gyre Cursor/OT:script=lat
n;language=dflt;!
Missing character: There is no │ (U+2502) in font TeX Gyre Cursor/OT:script=lat
n;language=dflt;!
Missing character: There is no │ (U+2502) in font TeX Gyre Cursor/OT:script=lat
n;language=dflt;!
Missing character: There is no └ (U+2514) in font TeX Gyre Cursor/OT:script=lat
n;language=dflt;!
Missing character: There is no ─ (U+2500) in font TeX Gyre Cursor/OT:script=lat
n;language=dflt;!
Missing character: There is no ─ (U+2500) in font TeX Gyre Cursor/OT:script=lat
n;language=dflt;!
Missing character: There is no │ (U+2502) in font TeX Gyre Cursor/OT:script=lat
n;language=dflt;!
Missing character: There is no ├ (U+251C) in font TeX Gyre Cursor/OT:script=lat
n;language=dflt;!
Missing character: There is no ─ (U+2500) in font TeX Gyre Cursor/OT:script=lat
n;language=dflt;!
Missing character: There is no ─ (U+2500) in font TeX Gyre Cursor/OT:script=lat
n;language=dflt;!
Missing character: There is no │ (U+2502) in font TeX Gyre Cursor/OT:script=lat
n;language=dflt;!
Missing character: There is no │ (U+2502) in font TeX Gyre Cursor/OT:script=lat
n;language=dflt;!
Missing character: There is no ├ (U+251C) in font TeX Gyre Cursor/OT:script=lat
n;language=dflt;!
Missing character: There is no ─ (U+2500) in font TeX Gyre Cursor/OT:script=lat
n;language=dflt;!
Missing character: There is no ─ (U+2500) in font TeX Gyre Cursor/OT:script=lat
n;language=dflt;!
Missing character: There is no │ (U+2502) in font TeX Gyre Cursor/OT:script=lat
n;language=dflt;!
Missing character: There is no │ (U+2502) in font TeX Gyre Cursor/OT:script=lat
n;language=dflt;!
Missing character: There is no │ (U+2502) in font TeX Gyre Cursor/OT:script=lat
n;language=dflt;!
Missing character: There is no ├ (U+251C) in font TeX Gyre Cursor/OT:script=lat
n;language=dflt;!
Missing character: There is no ─ (U+2500) in font TeX Gyre Cursor/OT:script=lat
n;language=dflt;!
Missing character: There is no ─ (U+2500) in font TeX Gyre Cursor/OT:script=lat
n;language=dflt;!
Missing character: There is no │ (U+2502) in font TeX Gyre Cursor/OT:script=lat
n;language=dflt;!
Missing character: There is no │ (U+2502) in font TeX Gyre Cursor/OT:script=lat
n;language=dflt;!
Missing character: There is no │ (U+2502) in font TeX Gyre Cursor/OT:script=lat
n;language=dflt;!
Missing character: There is no ├ (U+251C) in font TeX Gyre Cursor/OT:script=lat
n;language=dflt;!
Missing character: There is no ─ (U+2500) in font TeX Gyre Cursor/OT:script=lat
n;language=dflt;!
Missing character: There is no ─ (U+2500) in font TeX Gyre Cursor/OT:script=lat
n;language=dflt;!


[476]
Missing character: There is no │ (U+2502) in font TeX Gyre Cursor/OT:script=lat
n;language=dflt;!
Missing character: There is no │ (U+2502) in font TeX Gyre Cursor/OT:script=lat
n;language=dflt;!
Missing character: There is no │ (U+2502) in font TeX Gyre Cursor/OT:script=lat
n;language=dflt;!
Missing character: There is no └ (U+2514) in font TeX Gyre Cursor/OT:script=lat
n;language=dflt;!
Missing character: There is no ─ (U+2500) in font TeX Gyre Cursor/OT:script=lat
n;language=dflt;!
Missing character: There is no ─ (U+2500) in font TeX Gyre Cursor/OT:script=lat
n;language=dflt;!
Missing character: There is no │ (U+2502) in font TeX Gyre Cursor/OT:script=lat
n;language=dflt;!
Missing character: There is no │ (U+2502) in font TeX Gyre Cursor/OT:script=lat
n;language=dflt;!
Missing character: There is no ├ (U+251C) in font TeX Gyre Cursor/OT:script=lat
n;language=dflt;!
Missing character: There is no ─ (U+2500) in font TeX Gyre Cursor/OT:script=lat
n;language=dflt;!
Missing character: There is no ─ (U+2500) in font TeX Gyre Cursor/OT:script=lat
n;language=dflt;!
Missing character: There is no │ (U+2502) in font TeX Gyre Cursor/OT:script=lat
n;language=dflt;!
Missing character: There is no │ (U+2502) in font TeX Gyre Cursor/OT:script=lat
n;language=dflt;!
Missing character: There is no │ (U+2502) in font TeX Gyre Cursor/OT:script=lat
n;language=dflt;!
Missing character: There is no ├ (U+251C) in font TeX Gyre Cursor/OT:script=lat
n;language=dflt;!
Missing character: There is no ─ (U+2500) in font TeX Gyre Cursor/OT:script=lat
n;language=dflt;!
Missing character: There is no ─ (U+2500) in font TeX Gyre Cursor/OT:script=lat
n;language=dflt;!
Missing character: There is no │ (U+2502) in font TeX Gyre Cursor/OT:script=lat
n;language=dflt;!
Missing character: There is no │ (U+2502) in font TeX Gyre Cursor/OT:script=lat
n;language=dflt;!
Missing character: There is no │ (U+2502) in font TeX Gyre Cursor/OT:script=lat
n;language=dflt;!
Missing character: There is no ├ (U+251C) in font TeX Gyre Cursor/OT:script=lat
n;language=dflt;!
Missing character: There is no ─ (U+2500) in font TeX Gyre Cursor/OT:script=lat
n;language=dflt;!
Missing character: There is no ─ (U+2500) in font TeX Gyre Cursor/OT:script=lat
n;language=dflt;!
Missing character: There is no │ (U+2502) in font TeX Gyre Cursor/OT:script=lat
n;language=dflt;!
Missing character: There is no │ (U+2502) in font TeX Gyre Cursor/OT:script=lat
n;language=dflt;!
Missing character: There is no │ (U+2502) in font TeX Gyre Cursor/OT:script=lat
n;language=dflt;!
Missing character: There is no └ (U+2514) in font TeX Gyre Cursor/OT:script=lat
n;language=dflt;!
Missing character: There is no ─ (U+2500) in font TeX Gyre Cursor/OT:script=lat
n;language=dflt;!
Missing character: There is no ─ (U+2500) in font TeX Gyre Cursor/OT:script=lat
n;language=dflt;!
Missing character: There is no │ (U+2502) in font TeX Gyre Cursor/OT:script=lat
n;language=dflt;!
Missing character: There is no │ (U+2502) in font TeX Gyre Cursor/OT:script=lat
n;language=dflt;!
Missing character: There is no └ (U+2514) in font TeX Gyre Cursor/OT:script=lat
n;language=dflt;!
Missing character: There is no ─ (U+2500) in font TeX Gyre Cursor/OT:script=lat
n;language=dflt;!
Missing character: There is no ─ (U+2500) in font TeX Gyre Cursor/OT:script=lat
n;language=dflt;!
Missing character: There is no │ (U+2502) in font TeX Gyre Cursor/OT:script=lat
n;language=dflt;!
Missing character: There is no │ (U+2502) in font TeX Gyre Cursor/OT:script=lat
n;language=dflt;!
Missing character: There is no ├ (U+251C) in font TeX Gyre Cursor/OT:script=lat
n;language=dflt;!
Missing character: There is no ─ (U+2500) in font TeX Gyre Cursor/OT:script=lat
n;language=dflt;!
Missing character: There is no ─ (U+2500) in font TeX Gyre Cursor/OT:script=lat
n;language=dflt;!
Missing character: There is no │ (U+2502) in font TeX Gyre Cursor/OT:script=lat
n;language=dflt;!
Missing character: There is no │ (U+2502) in font TeX Gyre Cursor/OT:script=lat
n;language=dflt;!
Missing character: There is no ├ (U+251C) in font TeX Gyre Cursor/OT:script=lat
n;language=dflt;!
Missing character: There is no ─ (U+2500) in font TeX Gyre Cursor/OT:script=lat
n;language=dflt;!
Missing character: There is no ─ (U+2500) in font TeX Gyre Cursor/OT:script=lat
n;language=dflt;!
Missing character: There is no │ (U+2502) in font TeX Gyre Cursor/OT:script=lat
n;language=dflt;!
Missing character: There is no │ (U+2502) in font TeX Gyre Cursor/OT:script=lat
n;language=dflt;!
Missing character: There is no └ (U+2514) in font TeX Gyre Cursor/OT:script=lat
n;language=dflt;!
Missing character: There is no ─ (U+2500) in font TeX Gyre Cursor/OT:script=lat
n;language=dflt;!
Missing character: There is no ─ (U+2500) in font TeX Gyre Cursor/OT:script=lat
n;language=dflt;!
Missing character: There is no │ (U+2502) in font TeX Gyre Cursor/OT:script=lat
n;language=dflt;!
Missing character: There is no ├ (U+251C) in font TeX Gyre Cursor/OT:script=lat
n;language=dflt;!
Missing character: There is no ─ (U+2500) in font TeX Gyre Cursor/OT:script=lat
n;language=dflt;!
Missing character: There is no ─ (U+2500) in font TeX Gyre Cursor/OT:script=lat
n;language=dflt;!
Missing character: There is no │ (U+2502) in font TeX Gyre Cursor/OT:script=lat
n;language=dflt;!
Missing character: There is no │ (U+2502) in font TeX Gyre Cursor/OT:script=lat
n;language=dflt;!
Missing character: There is no ├ (U+251C) in font TeX Gyre Cursor/OT:script=lat
n;language=dflt;!
Missing character: There is no ─ (U+2500) in font TeX Gyre Cursor/OT:script=lat
n;language=dflt;!
Missing character: There is no ─ (U+2500) in font TeX Gyre Cursor/OT:script=lat
n;language=dflt;!
Missing character: There is no │ (U+2502) in font TeX Gyre Cursor/OT:script=lat
n;language=dflt;!
Missing character: There is no │ (U+2502) in font TeX Gyre Cursor/OT:script=lat
n;language=dflt;!
Missing character: There is no ├ (U+251C) in font TeX Gyre Cursor/OT:script=lat
n;language=dflt;!
Missing character: There is no ─ (U+2500) in font TeX Gyre Cursor/OT:script=lat
n;language=dflt;!
Missing character: There is no ─ (U+2500) in font TeX Gyre Cursor/OT:script=lat
n;language=dflt;!
Missing character: There is no │ (U+2502) in font TeX Gyre Cursor/OT:script=lat
n;language=dflt;!
Missing character: There is no │ (U+2502) in font TeX Gyre Cursor/OT:script=lat
n;language=dflt;!
Missing character: There is no ├ (U+251C) in font TeX Gyre Cursor/OT:script=lat
n;language=dflt;!
Missing character: There is no ─ (U+2500) in font TeX Gyre Cursor/OT:script=lat
n;language=dflt;!
Missing character: There is no ─ (U+2500) in font TeX Gyre Cursor/OT:script=lat
n;language=dflt;!
Missing character: There is no │ (U+2502) in font TeX Gyre Cursor/OT:script=lat
n;language=dflt;!
Missing character: There is no │ (U+2502) in font TeX Gyre Cursor/OT:script=lat
n;language=dflt;!
Missing character: There is no └ (U+2514) in font TeX Gyre Cursor/OT:script=lat
n;language=dflt;!
Missing character: There is no ─ (U+2500) in font TeX Gyre Cursor/OT:script=lat
n;language=dflt;!
Missing character: There is no ─ (U+2500) in font TeX Gyre Cursor/OT:script=lat
n;language=dflt;!
Missing character: There is no │ (U+2502) in font TeX Gyre Cursor/OT:script=lat
n;language=dflt;!
Missing character: There is no ├ (U+251C) in font TeX Gyre Cursor/OT:script=lat
n;language=dflt;!
Missing character: There is no ─ (U+2500) in font TeX Gyre Cursor/OT:script=lat
n;language=dflt;!
Missing character: There is no ─ (U+2500) in font TeX Gyre Cursor/OT:script=lat
n;language=dflt;!
Missing character: There is no │ (U+2502) in font TeX Gyre Cursor/OT:script=lat
n;language=dflt;!
Missing character: There is no │ (U+2502) in font TeX Gyre Cursor/OT:script=lat
n;language=dflt;!
Missing character: There is no └ (U+2514) in font TeX Gyre Cursor/OT:script=lat
n;language=dflt;!
Missing character: There is no ─ (U+2500) in font TeX Gyre Cursor/OT:script=lat
n;language=dflt;!
Missing character: There is no ─ (U+2500) in font TeX Gyre Cursor/OT:script=lat
n;language=dflt;!
Missing character: There is no │ (U+2502) in font TeX Gyre Cursor/OT:script=lat
n;language=dflt;!
Missing character: There is no ├ (U+251C) in font TeX Gyre Cursor/OT:script=lat
n;language=dflt;!
Missing character: There is no ─ (U+2500) in font TeX Gyre Cursor/OT:script=lat
n;language=dflt;!
Missing character: There is no ─ (U+2500) in font TeX Gyre Cursor/OT:script=lat
n;language=dflt;!
Missing character: There is no │ (U+2502) in font TeX Gyre Cursor/OT:script=lat
n;language=dflt;!
Missing character: There is no │ (U+2502) in font TeX Gyre Cursor/OT:script=lat
n;language=dflt;!
Missing character: There is no ├ (U+251C) in font TeX Gyre Cursor/OT:script=lat
n;language=dflt;!
Missing character: There is no ─ (U+2500) in font TeX Gyre Cursor/OT:script=lat
n;language=dflt;!
Missing character: There is no ─ (U+2500) in font TeX Gyre Cursor/OT:script=lat
n;language=dflt;!
Missing character: There is no │ (U+2502) in font TeX Gyre Cursor/OT:script=lat
n;language=dflt;!
Missing character: There is no │ (U+2502) in font TeX Gyre Cursor/OT:script=lat
n;language=dflt;!
Missing character: There is no ├ (U+251C) in font TeX Gyre Cursor/OT:script=lat
n;language=dflt;!
Missing character: There is no ─ (U+2500) in font TeX Gyre Cursor/OT:script=lat
n;language=dflt;!
Missing character: There is no ─ (U+2500) in font TeX Gyre Cursor/OT:script=lat
n;language=dflt;!
Missing character: There is no │ (U+2502) in font TeX Gyre Cursor/OT:script=lat
n;language=dflt;!
Missing character: There is no │ (U+2502) in font TeX Gyre Cursor/OT:script=lat
n;language=dflt;!
Missing character: There is no │ (U+2502) in font TeX Gyre Cursor/OT:script=lat
n;language=dflt;!
Missing character: There is no ├ (U+251C) in font TeX Gyre Cursor/OT:script=lat
n;language=dflt;!
Missing character: There is no ─ (U+2500) in font TeX Gyre Cursor/OT:script=lat
n;language=dflt;!
Missing character: There is no ─ (U+2500) in font TeX Gyre Cursor/OT:script=lat
n;language=dflt;!
Missing character: There is no │ (U+2502) in font TeX Gyre Cursor/OT:script=lat
n;language=dflt;!
Missing character: There is no │ (U+2502) in font TeX Gyre Cursor/OT:script=lat
n;language=dflt;!
Missing character: There is no │ (U+2502) in font TeX Gyre Cursor/OT:script=lat
n;language=dflt;!
Missing character: There is no ├ (U+251C) in font TeX Gyre Cursor/OT:script=lat
n;language=dflt;!
Missing character: There is no ─ (U+2500) in font TeX Gyre Cursor/OT:script=lat
n;language=dflt;!
Missing character: There is no ─ (U+2500) in font TeX Gyre Cursor/OT:script=lat
n;language=dflt;!
Missing character: There is no │ (U+2502) in font TeX Gyre Cursor/OT:script=lat
n;language=dflt;!
Missing character: There is no │ (U+2502) in font TeX Gyre Cursor/OT:script=lat
n;language=dflt;!
Missing character: There is no │ (U+2502) in font TeX Gyre Cursor/OT:script=lat
n;language=dflt;!
Missing character: There is no └ (U+2514) in font TeX Gyre Cursor/OT:script=lat
n;language=dflt;!
Missing character: There is no ─ (U+2500) in font TeX Gyre Cursor/OT:script=lat
n;language=dflt;!
Missing character: There is no ─ (U+2500) in font TeX Gyre Cursor/OT:script=lat
n;language=dflt;!
Missing character: There is no │ (U+2502) in font TeX Gyre Cursor/OT:script=lat
n;language=dflt;!
Missing character: There is no │ (U+2502) in font TeX Gyre Cursor/OT:script=lat
n;language=dflt;!
Missing character: There is no └ (U+2514) in font TeX Gyre Cursor/OT:script=lat
n;language=dflt;!
Missing character: There is no ─ (U+2500) in font TeX Gyre Cursor/OT:script=lat
n;language=dflt;!
Missing character: There is no ─ (U+2500) in font TeX Gyre Cursor/OT:script=lat
n;language=dflt;!
Missing character: There is no │ (U+2502) in font TeX Gyre Cursor/OT:script=lat
n;language=dflt;!
Missing character: There is no ├ (U+251C) in font TeX Gyre Cursor/OT:script=lat
n;language=dflt;!
Missing character: There is no ─ (U+2500) in font TeX Gyre Cursor/OT:script=lat
n;language=dflt;!
Missing character: There is no ─ (U+2500) in font TeX Gyre Cursor/OT:script=lat
n;language=dflt;!
Missing character: There is no │ (U+2502) in font TeX Gyre Cursor/OT:script=lat
n;language=dflt;!
Missing character: There is no │ (U+2502) in font TeX Gyre Cursor/OT:script=lat
n;language=dflt;!
Missing character: There is no ├ (U+251C) in font TeX Gyre Cursor/OT:script=lat
n;language=dflt;!
Missing character: There is no ─ (U+2500) in font TeX Gyre Cursor/OT:script=lat
n;language=dflt;!
Missing character: There is no ─ (U+2500) in font TeX Gyre Cursor/OT:script=lat
n;language=dflt;!
Missing character: There is no │ (U+2502) in font TeX Gyre Cursor/OT:script=lat
n;language=dflt;!
Missing character: There is no │ (U+2502) in font TeX Gyre Cursor/OT:script=lat
n;language=dflt;!
Missing character: There is no ├ (U+251C) in font TeX Gyre Cursor/OT:script=lat
n;language=dflt;!
Missing character: There is no ─ (U+2500) in font TeX Gyre Cursor/OT:script=lat
n;language=dflt;!
Missing character: There is no ─ (U+2500) in font TeX Gyre Cursor/OT:script=lat
n;language=dflt;!
Missing character: There is no │ (U+2502) in font TeX Gyre Cursor/OT:script=lat
n;language=dflt;!
Missing character: There is no │ (U+2502) in font TeX Gyre Cursor/OT:script=lat
n;language=dflt;!
Missing character: There is no ├ (U+251C) in font TeX Gyre Cursor/OT:script=lat
n;language=dflt;!
Missing character: There is no ─ (U+2500) in font TeX Gyre Cursor/OT:script=lat
n;language=dflt;!
Missing character: There is no ─ (U+2500) in font TeX Gyre Cursor/OT:script=lat
n;language=dflt;!
Missing character: There is no │ (U+2502) in font TeX Gyre Cursor/OT:script=lat
n;language=dflt;!
Missing character: There is no │ (U+2502) in font TeX Gyre Cursor/OT:script=lat
n;language=dflt;!
Missing character: There is no └ (U+2514) in font TeX Gyre Cursor/OT:script=lat
n;language=dflt;!
Missing character: There is no ─ (U+2500) in font TeX Gyre Cursor/OT:script=lat
n;language=dflt;!
Missing character: There is no ─ (U+2500) in font TeX Gyre Cursor/OT:script=lat
n;language=dflt;!
Missing character: There is no │ (U+2502) in font TeX Gyre Cursor/OT:script=lat
n;language=dflt;!
Missing character: There is no ├ (U+251C) in font TeX Gyre Cursor/OT:script=lat
n;language=dflt;!
Missing character: There is no ─ (U+2500) in font TeX Gyre Cursor/OT:script=lat
n;language=dflt;!
Missing character: There is no ─ (U+2500) in font TeX Gyre Cursor/OT:script=lat
n;language=dflt;!
Missing character: There is no │ (U+2502) in font TeX Gyre Cursor/OT:script=lat
n;language=dflt;!
Missing character: There is no │ (U+2502) in font TeX Gyre Cursor/OT:script=lat
n;language=dflt;!
Missing character: There is no ├ (U+251C) in font TeX Gyre Cursor/OT:script=lat
n;language=dflt;!
Missing character: There is no ─ (U+2500) in font TeX Gyre Cursor/OT:script=lat
n;language=dflt;!
Missing character: There is no ─ (U+2500) in font TeX Gyre Cursor/OT:script=lat
n;language=dflt;!
Missing character: There is no │ (U+2502) in font TeX Gyre Cursor/OT:script=lat
n;language=dflt;!
Missing character: There is no │ (U+2502) in font TeX Gyre Cursor/OT:script=lat
n;language=dflt;!
Missing character: There is no ├ (U+251C) in font TeX Gyre Cursor/OT:script=lat
n;language=dflt;!
Missing character: There is no ─ (U+2500) in font TeX Gyre Cursor/OT:script=lat
n;language=dflt;!
Missing character: There is no ─ (U+2500) in font TeX Gyre Cursor/OT:script=lat
n;language=dflt;!
Missing character: There is no │ (U+2502) in font TeX Gyre Cursor/OT:script=lat
n;language=dflt;!
Missing character: There is no │ (U+2502) in font TeX Gyre Cursor/OT:script=lat
n;language=dflt;!
Missing character: There is no ├ (U+251C) in font TeX Gyre Cursor/OT:script=lat
n;language=dflt;!
Missing character: There is no ─ (U+2500) in font TeX Gyre Cursor/OT:script=lat
n;language=dflt;!
Missing character: There is no ─ (U+2500) in font TeX Gyre Cursor/OT:script=lat
n;language=dflt;!
Missing character: There is no │ (U+2502) in font TeX Gyre Cursor/OT:script=lat
n;language=dflt;!
Missing character: There is no │ (U+2502) in font TeX Gyre Cursor/OT:script=lat
n;language=dflt;!
Missing character: There is no └ (U+2514) in font TeX Gyre Cursor/OT:script=lat
n;language=dflt;!
Missing character: There is no ─ (U+2500) in font TeX Gyre Cursor/OT:script=lat
n;language=dflt;!
Missing character: There is no ─ (U+2500) in font TeX Gyre Cursor/OT:script=lat
n;language=dflt;!
Missing character: There is no │ (U+2502) in font TeX Gyre Cursor/OT:script=lat
n;language=dflt;!
Missing character: There is no ├ (U+251C) in font TeX Gyre Cursor/OT:script=lat
n;language=dflt;!
Missing character: There is no ─ (U+2500) in font TeX Gyre Cursor/OT:script=lat
n;language=dflt;!
Missing character: There is no ─ (U+2500) in font TeX Gyre Cursor/OT:script=lat
n;language=dflt;!
Missing character: There is no │ (U+2502) in font TeX Gyre Cursor/OT:script=lat
n;language=dflt;!
Missing character: There is no │ (U+2502) in font TeX Gyre Cursor/OT:script=lat
n;language=dflt;!
Missing character: There is no ├ (U+251C) in font TeX Gyre Cursor/OT:script=lat
n;language=dflt;!
Missing character: There is no ─ (U+2500) in font TeX Gyre Cursor/OT:script=lat
n;language=dflt;!
Missing character: There is no ─ (U+2500) in font TeX Gyre Cursor/OT:script=lat
n;language=dflt;!
Missing character: There is no │ (U+2502) in font TeX Gyre Cursor/OT:script=lat
n;language=dflt;!
Missing character: There is no │ (U+2502) in font TeX Gyre Cursor/OT:script=lat
n;language=dflt;!
Missing character: There is no └ (U+2514) in font TeX Gyre Cursor/OT:script=lat
n;language=dflt;!
Missing character: There is no ─ (U+2500) in font TeX Gyre Cursor/OT:script=lat
n;language=dflt;!
Missing character: There is no ─ (U+2500) in font TeX Gyre Cursor/OT:script=lat
n;language=dflt;!
Missing character: There is no │ (U+2502) in font TeX Gyre Cursor/OT:script=lat
n;language=dflt;!
Missing character: There is no ├ (U+251C) in font TeX Gyre Cursor/OT:script=lat
n;language=dflt;!
Missing character: There is no ─ (U+2500) in font TeX Gyre Cursor/OT:script=lat
n;language=dflt;!
Missing character: There is no ─ (U+2500) in font TeX Gyre Cursor/OT:script=lat
n;language=dflt;!
Missing character: There is no │ (U+2502) in font TeX Gyre Cursor/OT:script=lat
n;language=dflt;!
Missing character: There is no │ (U+2502) in font TeX Gyre Cursor/OT:script=lat
n;language=dflt;!
Missing character: There is no ├ (U+251C) in font TeX Gyre Cursor/OT:script=lat
n;language=dflt;!
Missing character: There is no ─ (U+2500) in font TeX Gyre Cursor/OT:script=lat
n;language=dflt;!
Missing character: There is no ─ (U+2500) in font TeX Gyre Cursor/OT:script=lat
n;language=dflt;!
Missing character: There is no │ (U+2502) in font TeX Gyre Cursor/OT:script=lat
n;language=dflt;!
Missing character: There is no │ (U+2502) in font TeX Gyre Cursor/OT:script=lat
n;language=dflt;!
Missing character: There is no └ (U+2514) in font TeX Gyre Cursor/OT:script=lat
n;language=dflt;!
Missing character: There is no ─ (U+2500) in font TeX Gyre Cursor/OT:script=lat
n;language=dflt;!
Missing character: There is no ─ (U+2500) in font TeX Gyre Cursor/OT:script=lat
n;language=dflt;!
Missing character: There is no │ (U+2502) in font TeX Gyre Cursor/OT:script=lat
n;language=dflt;!
Missing character: There is no ├ (U+251C) in font TeX Gyre Cursor/OT:script=lat
n;language=dflt;!
Missing character: There is no ─ (U+2500) in font TeX Gyre Cursor/OT:script=lat
n;language=dflt;!
Missing character: There is no ─ (U+2500) in font TeX Gyre Cursor/OT:script=lat
n;language=dflt;!
Missing character: There is no │ (U+2502) in font TeX Gyre Cursor/OT:script=lat
n;language=dflt;!
Missing character: There is no │ (U+2502) in font TeX Gyre Cursor/OT:script=lat
n;language=dflt;!
Missing character: There is no ├ (U+251C) in font TeX Gyre Cursor/OT:script=lat
n;language=dflt;!
Missing character: There is no ─ (U+2500) in font TeX Gyre Cursor/OT:script=lat
n;language=dflt;!
Missing character: There is no ─ (U+2500) in font TeX Gyre Cursor/OT:script=lat
n;language=dflt;!

Underfull \vbox (badness 10000) has occurred while \output is active []



[477]
Missing character: There is no │ (U+2502) in font TeX Gyre Cursor/OT:script=lat
n;language=dflt;!
Missing character: There is no │ (U+2502) in font TeX Gyre Cursor/OT:script=lat
n;language=dflt;!
Missing character: There is no └ (U+2514) in font TeX Gyre Cursor/OT:script=lat
n;language=dflt;!
Missing character: There is no ─ (U+2500) in font TeX Gyre Cursor/OT:script=lat
n;language=dflt;!
Missing character: There is no ─ (U+2500) in font TeX Gyre Cursor/OT:script=lat
n;language=dflt;!
Missing character: There is no │ (U+2502) in font TeX Gyre Cursor/OT:script=lat
n;language=dflt;!
Missing character: There is no ├ (U+251C) in font TeX Gyre Cursor/OT:script=lat
n;language=dflt;!
Missing character: There is no ─ (U+2500) in font TeX Gyre Cursor/OT:script=lat
n;language=dflt;!
Missing character: There is no ─ (U+2500) in font TeX Gyre Cursor/OT:script=lat
n;language=dflt;!
Missing character: There is no │ (U+2502) in font TeX Gyre Cursor/OT:script=lat
n;language=dflt;!
Missing character: There is no └ (U+2514) in font TeX Gyre Cursor/OT:script=lat
n;language=dflt;!
Missing character: There is no ─ (U+2500) in font TeX Gyre Cursor/OT:script=lat
n;language=dflt;!
Missing character: There is no ─ (U+2500) in font TeX Gyre Cursor/OT:script=lat
n;language=dflt;!
Missing character: There is no ├ (U+251C) in font TeX Gyre Cursor/OT:script=lat
n;language=dflt;!
Missing character: There is no ─ (U+2500) in font TeX Gyre Cursor/OT:script=lat
n;language=dflt;!
Missing character: There is no ─ (U+2500) in font TeX Gyre Cursor/OT:script=lat
n;language=dflt;!
Missing character: There is no │ (U+2502) in font TeX Gyre Cursor/OT:script=lat
n;language=dflt;!
Missing character: There is no ├ (U+251C) in font TeX Gyre Cursor/OT:script=lat
n;language=dflt;!
Missing character: There is no ─ (U+2500) in font TeX Gyre Cursor/OT:script=lat
n;language=dflt;!
Missing character: There is no ─ (U+2500) in font TeX Gyre Cursor/OT:script=lat
n;language=dflt;!
Missing character: There is no │ (U+2502) in font TeX Gyre Cursor/OT:script=lat
n;language=dflt;!
Missing character: There is no │ (U+2502) in font TeX Gyre Cursor/OT:script=lat
n;language=dflt;!
Missing character: There is no ├ (U+251C) in font TeX Gyre Cursor/OT:script=lat
n;language=dflt;!
Missing character: There is no ─ (U+2500) in font TeX Gyre Cursor/OT:script=lat
n;language=dflt;!
Missing character: There is no ─ (U+2500) in font TeX Gyre Cursor/OT:script=lat
n;language=dflt;!
Missing character: There is no │ (U+2502) in font TeX Gyre Cursor/OT:script=lat
n;language=dflt;!
Missing character: There is no │ (U+2502) in font TeX Gyre Cursor/OT:script=lat
n;language=dflt;!
Missing character: There is no ├ (U+251C) in font TeX Gyre Cursor/OT:script=lat
n;language=dflt;!
Missing character: There is no ─ (U+2500) in font TeX Gyre Cursor/OT:script=lat
n;language=dflt;!
Missing character: There is no ─ (U+2500) in font TeX Gyre Cursor/OT:script=lat
n;language=dflt;!
Missing character: There is no │ (U+2502) in font TeX Gyre Cursor/OT:script=lat
n;language=dflt;!
Missing character: There is no │ (U+2502) in font TeX Gyre Cursor/OT:script=lat
n;language=dflt;!
Missing character: There is no └ (U+2514) in font TeX Gyre Cursor/OT:script=lat
n;language=dflt;!
Missing character: There is no ─ (U+2500) in font TeX Gyre Cursor/OT:script=lat
n;language=dflt;!
Missing character: There is no ─ (U+2500) in font TeX Gyre Cursor/OT:script=lat
n;language=dflt;!
Missing character: There is no │ (U+2502) in font TeX Gyre Cursor/OT:script=lat
n;language=dflt;!
Missing character: There is no └ (U+2514) in font TeX Gyre Cursor/OT:script=lat
n;language=dflt;!
Missing character: There is no ─ (U+2500) in font TeX Gyre Cursor/OT:script=lat
n;language=dflt;!
Missing character: There is no ─ (U+2500) in font TeX Gyre Cursor/OT:script=lat
n;language=dflt;!
Missing character: There is no │ (U+2502) in font TeX Gyre Cursor/OT:script=lat
n;language=dflt;!
Missing character: There is no ├ (U+251C) in font TeX Gyre Cursor/OT:script=lat
n;language=dflt;!
Missing character: There is no ─ (U+2500) in font TeX Gyre Cursor/OT:script=lat
n;language=dflt;!
Missing character: There is no ─ (U+2500) in font TeX Gyre Cursor/OT:script=lat
n;language=dflt;!
Missing character: There is no │ (U+2502) in font TeX Gyre Cursor/OT:script=lat
n;language=dflt;!
Missing character: There is no └ (U+2514) in font TeX Gyre Cursor/OT:script=lat
n;language=dflt;!
Missing character: There is no ─ (U+2500) in font TeX Gyre Cursor/OT:script=lat
n;language=dflt;!
Missing character: There is no ─ (U+2500) in font TeX Gyre Cursor/OT:script=lat
n;language=dflt;!
Missing character: There is no ├ (U+251C) in font TeX Gyre Cursor/OT:script=lat
n;language=dflt;!
Missing character: There is no ─ (U+2500) in font TeX Gyre Cursor/OT:script=lat
n;language=dflt;!
Missing character: There is no ─ (U+2500) in font TeX Gyre Cursor/OT:script=lat
n;language=dflt;!
Missing character: There is no ├ (U+251C) in font TeX Gyre Cursor/OT:script=lat
n;language=dflt;!
Missing character: There is no ─ (U+2500) in font TeX Gyre Cursor/OT:script=lat
n;language=dflt;!
Missing character: There is no ─ (U+2500) in font TeX Gyre Cursor/OT:script=lat
n;language=dflt;!
Missing character: There is no ├ (U+251C) in font TeX Gyre Cursor/OT:script=lat
n;language=dflt;!
Missing character: There is no ─ (U+2500) in font TeX Gyre Cursor/OT:script=lat
n;language=dflt;!
Missing character: There is no ─ (U+2500) in font TeX Gyre Cursor/OT:script=lat
n;language=dflt;!
Missing character: There is no ├ (U+251C) in font TeX Gyre Cursor/OT:script=lat
n;language=dflt;!
Missing character: There is no ─ (U+2500) in font TeX Gyre Cursor/OT:script=lat
n;language=dflt;!
Missing character: There is no ─ (U+2500) in font TeX Gyre Cursor/OT:script=lat
n;language=dflt;!
Missing character: There is no ├ (U+251C) in font TeX Gyre Cursor/OT:script=lat
n;language=dflt;!
Missing character: There is no ─ (U+2500) in font TeX Gyre Cursor/OT:script=lat
n;language=dflt;!
Missing character: There is no ─ (U+2500) in font TeX Gyre Cursor/OT:script=lat
n;language=dflt;!
Missing character: There is no ├ (U+251C) in font TeX Gyre Cursor/OT:script=lat
n;language=dflt;!
Missing character: There is no ─ (U+2500) in font TeX Gyre Cursor/OT:script=lat
n;language=dflt;!
Missing character: There is no ─ (U+2500) in font TeX Gyre Cursor/OT:script=lat
n;language=dflt;!
Missing character: There is no ├ (U+251C) in font TeX Gyre Cursor/OT:script=lat
n;language=dflt;!
Missing character: There is no ─ (U+2500) in font TeX Gyre Cursor/OT:script=lat
n;language=dflt;!
Missing character: There is no ─ (U+2500) in font TeX Gyre Cursor/OT:script=lat
n;language=dflt;!
Missing character: There is no ├ (U+251C) in font TeX Gyre Cursor/OT:script=lat
n;language=dflt;!
Missing character: There is no ─ (U+2500) in font TeX Gyre Cursor/OT:script=lat
n;language=dflt;!
Missing character: There is no ─ (U+2500) in font TeX Gyre Cursor/OT:script=lat
n;language=dflt;!
Missing character: There is no ├ (U+251C) in font TeX Gyre Cursor/OT:script=lat
n;language=dflt;!
Missing character: There is no ─ (U+2500) in font TeX Gyre Cursor/OT:script=lat
n;language=dflt;!
Missing character: There is no ─ (U+2500) in font TeX Gyre Cursor/OT:script=lat
n;language=dflt;!
Missing character: There is no ├ (U+251C) in font TeX Gyre Cursor/OT:script=lat
n;language=dflt;!
Missing character: There is no ─ (U+2500) in font TeX Gyre Cursor/OT:script=lat
n;language=dflt;!
Missing character: There is no ─ (U+2500) in font TeX Gyre Cursor/OT:script=lat
n;language=dflt;!
Missing character: There is no └ (U+2514) in font TeX Gyre Cursor/OT:script=lat
n;language=dflt;!
Missing character: There is no ─ (U+2500) in font TeX Gyre Cursor/OT:script=lat
n;language=dflt;!
Missing character: There is no ─ (U+2500) in font TeX Gyre Cursor/OT:script=lat
n;language=dflt;!


[478]

[479]

[480] (c:/texlive/2025/texmf-dist/tex/latex/listings/lstlang1.sty
File: lstlang1.sty 2024/09/23 1.10c listings language file
)
(c:/texlive/2025/texmf-dist/tex/latex/listings/lstlang2.sty
File: lstlang2.sty 2024/09/23 1.10c listings language file
)
(c:/texlive/2025/texmf-dist/tex/latex/listings/lstlang3.sty
File: lstlang3.sty 2024/09/23 1.10c listings language file
)

! Package Listings Error: Couldn't load requested language.

See the Listings package documentation for explanation.
Type  H <return>  for immediate help.
 ...                                              
                                                  
l.15259 \begin{lstlisting}[language=JavaScript]
                                               
The following languages weren't loadable:
    ,javascript$
This may cause errors in the sequel.


! Package Listings Error: language javascript undefined.

See the Listings package documentation for explanation.
Type  H <return>  for immediate help.
 ...                                              
                                                  
l.15259 \begin{lstlisting}[language=JavaScript]
                                               
The language is not loadable. Try typing  <return>  to proceed.
If that doesn't work, type  X <return>  to quit.


Underfull \vbox (badness 7576) has occurred while \output is active []



[481]
Underfull \vbox (badness 10000) has occurred while \output is active []



[482]

[483]
! Undefined control sequence.
l.15374 ...、CommonJS、AMD等模块化标准，允许开发者使用\passthrough
                                                  {\lstinline!import!}和\pass...
The control sequence at the end of the top line
of your error message was never \def'ed. If you have
misspelled it (e.g., `\hobx'), type `I' and the correct
spelling (e.g., `I\hbox'). Otherwise just continue,
and I'll forget about whatever was undefined.

! Undefined control sequence.
l.15374 ...hrough{\lstinline!import!}和\passthrough
                                                  {\lstinline!export!}语句来管理代...
The control sequence at the end of the top line
of your error message was never \def'ed. If you have
misspelled it (e.g., `\hobx'), type `I' and the correct
spelling (e.g., `I\hbox'). Otherwise just continue,
and I'll forget about whatever was undefined.



[484] (c:/texlive/2025/texmf-dist/tex/latex/listings/lstlang1.sty
File: lstlang1.sty 2024/09/23 1.10c listings language file
)
(c:/texlive/2025/texmf-dist/tex/latex/listings/lstlang2.sty
File: lstlang2.sty 2024/09/23 1.10c listings language file
)
(c:/texlive/2025/texmf-dist/tex/latex/listings/lstlang3.sty
File: lstlang3.sty 2024/09/23 1.10c listings language file
)

! Package Listings Error: Couldn't load requested language.

See the Listings package documentation for explanation.
Type  H <return>  for immediate help.
 ...                                              
                                                  
l.15390 \begin{lstlisting}[language=JavaScript]
                                               
The following languages weren't loadable:
    ,javascript$
This may cause errors in the sequel.


! Package Listings Error: language javascript undefined.

See the Listings package documentation for explanation.
Type  H <return>  for immediate help.
 ...                                              
                                                  
l.15390 \begin{lstlisting}[language=JavaScript]
                                               
The language is not loadable. Try typing  <return>  to proceed.
If that doesn't work, type  X <return>  to quit.

(c:/texlive/2025/texmf-dist/tex/latex/listings/lstlang1.sty
File: lstlang1.sty 2024/09/23 1.10c listings language file
)
(c:/texlive/2025/texmf-dist/tex/latex/listings/lstlang2.sty
File: lstlang2.sty 2024/09/23 1.10c listings language file
)
(c:/texlive/2025/texmf-dist/tex/latex/listings/lstlang3.sty
File: lstlang3.sty 2024/09/23 1.10c listings language file
)

! Package Listings Error: Couldn't load requested language.

See the Listings package documentation for explanation.
Type  H <return>  for immediate help.
 ...                                              
                                                  
l.15402 \begin{lstlisting}[language=JavaScript]
                                               
The following languages weren't loadable:
    ,javascript$
This may cause errors in the sequel.


! Package Listings Error: language javascript undefined.

See the Listings package documentation for explanation.
Type  H <return>  for immediate help.
 ...                                              
                                                  
l.15402 \begin{lstlisting}[language=JavaScript]
                                               
The language is not loadable. Try typing  <return>  to proceed.
If that doesn't work, type  X <return>  to quit.

(c:/texlive/2025/texmf-dist/tex/latex/listings/lstlang1.sty
File: lstlang1.sty 2024/09/23 1.10c listings language file
)
(c:/texlive/2025/texmf-dist/tex/latex/listings/lstlang2.sty
File: lstlang2.sty 2024/09/23 1.10c listings language file
)
(c:/texlive/2025/texmf-dist/tex/latex/listings/lstlang3.sty
File: lstlang3.sty 2024/09/23 1.10c listings language file
)

! Package Listings Error: Couldn't load requested language.

See the Listings package documentation for explanation.
Type  H <return>  for immediate help.
 ...                                              
                                                  
l.15415 \begin{lstlisting}[language=JavaScript]
                                               
The following languages weren't loadable:
    ,javascript$
This may cause errors in the sequel.


! Package Listings Error: language javascript undefined.

See the Listings package documentation for explanation.
Type  H <return>  for immediate help.
 ...                                              
                                                  
l.15415 \begin{lstlisting}[language=JavaScript]
                                               
The language is not loadable. Try typing  <return>  to proceed.
If that doesn't work, type  X <return>  to quit.



[485] (c:/texlive/2025/texmf-dist/tex/latex/listings/lstlang1.sty
File: lstlang1.sty 2024/09/23 1.10c listings language file
)
(c:/texlive/2025/texmf-dist/tex/latex/listings/lstlang2.sty
File: lstlang2.sty 2024/09/23 1.10c listings language file
)
(c:/texlive/2025/texmf-dist/tex/latex/listings/lstlang3.sty
File: lstlang3.sty 2024/09/23 1.10c listings language file
)

! Package Listings Error: Couldn't load requested language.

See the Listings package documentation for explanation.
Type  H <return>  for immediate help.
 ...                                              
                                                  
l.15475 \begin{lstlisting}[language=JavaScript]
                                               
The following languages weren't loadable:
    ,javascript$
This may cause errors in the sequel.


! Package Listings Error: language javascript undefined.

See the Listings package documentation for explanation.
Type  H <return>  for immediate help.
 ...                                              
                                                  
l.15475 \begin{lstlisting}[language=JavaScript]
                                               
The language is not loadable. Try typing  <return>  to proceed.
If that doesn't work, type  X <return>  to quit.


Underfull \vbox (badness 10000) has occurred while \output is active []



[486]
Underfull \vbox (badness 10000) has occurred while \output is active []



[487] (c:/texlive/2025/texmf-dist/tex/latex/listings/lstlang1.sty
File: lstlang1.sty 2024/09/23 1.10c listings language file
)
(c:/texlive/2025/texmf-dist/tex/latex/listings/lstlang2.sty
File: lstlang2.sty 2024/09/23 1.10c listings language file
)
(c:/texlive/2025/texmf-dist/tex/latex/listings/lstlang3.sty
File: lstlang3.sty 2024/09/23 1.10c listings language file
)

! Package Listings Error: Couldn't load requested language.

See the Listings package documentation for explanation.
Type  H <return>  for immediate help.
 ...                                              
                                                  
l.15556 \begin{lstlisting}[language=JavaScript]
                                               
The following languages weren't loadable:
    ,javascript$
This may cause errors in the sequel.


! Package Listings Error: language javascript undefined.

See the Listings package documentation for explanation.
Type  H <return>  for immediate help.
 ...                                              
                                                  
l.15556 \begin{lstlisting}[language=JavaScript]
                                               
The language is not loadable. Try typing  <return>  to proceed.
If that doesn't work, type  X <return>  to quit.



[488] (c:/texlive/2025/texmf-dist/tex/latex/listings/lstlang1.sty
File: lstlang1.sty 2024/09/23 1.10c listings language file
)
(c:/texlive/2025/texmf-dist/tex/latex/listings/lstlang2.sty
File: lstlang2.sty 2024/09/23 1.10c listings language file
)
(c:/texlive/2025/texmf-dist/tex/latex/listings/lstlang3.sty
File: lstlang3.sty 2024/09/23 1.10c listings language file
)

! Package Listings Error: Couldn't load requested language.

See the Listings package documentation for explanation.
Type  H <return>  for immediate help.
 ...                                              
                                                  
l.15571 \begin{lstlisting}[language=JavaScript]
                                               
The following languages weren't loadable:
    ,javascript$
This may cause errors in the sequel.


! Package Listings Error: language javascript undefined.

See the Listings package documentation for explanation.
Type  H <return>  for immediate help.
 ...                                              
                                                  
l.15571 \begin{lstlisting}[language=JavaScript]
                                               
The language is not loadable. Try typing  <return>  to proceed.
If that doesn't work, type  X <return>  to quit.



[489]

[490]
! Undefined control sequence.
l.15705 \textbf{本地文件协议限制}：直接通过\passthrough
                                          {\lstinline!file://!}协议打开HTML文件会受到...
The control sequence at the end of the top line
of your error message was never \def'ed. If you have
misspelled it (e.g., `\hobx'), type `I' and the correct
spelling (e.g., `I\hbox'). Otherwise just continue,
and I'll forget about whatever was undefined.



[491] (c:/texlive/2025/texmf-dist/tex/latex/listings/lstlang1.sty
File: lstlang1.sty 2024/09/23 1.10c listings language file
)
(c:/texlive/2025/texmf-dist/tex/latex/listings/lstlang2.sty
File: lstlang2.sty 2024/09/23 1.10c listings language file
)
(c:/texlive/2025/texmf-dist/tex/latex/listings/lstlang3.sty
File: lstlang3.sty 2024/09/23 1.10c listings language file
)

! Package Listings Error: Couldn't load requested language.

See the Listings package documentation for explanation.
Type  H <return>  for immediate help.
 ...                                              
                                                  
l.15731 \begin{lstlisting}[language=JavaScript]
                                               
The following languages weren't loadable:
    ,javascript$
This may cause errors in the sequel.


! Package Listings Error: language javascript undefined.

See the Listings package documentation for explanation.
Type  H <return>  for immediate help.
 ...                                              
                                                  
l.15731 \begin{lstlisting}[language=JavaScript]
                                               
The language is not loadable. Try typing  <return>  to proceed.
If that doesn't work, type  X <return>  to quit.



[492] (c:/texlive/2025/texmf-dist/tex/latex/listings/lstlang1.sty
File: lstlang1.sty 2024/09/23 1.10c listings language file
)
(c:/texlive/2025/texmf-dist/tex/latex/listings/lstlang2.sty
File: lstlang2.sty 2024/09/23 1.10c listings language file
)
(c:/texlive/2025/texmf-dist/tex/latex/listings/lstlang3.sty
File: lstlang3.sty 2024/09/23 1.10c listings language file
)

! Package Listings Error: Couldn't load requested language.

See the Listings package documentation for explanation.
Type  H <return>  for immediate help.
 ...                                              
                                                  
l.15761 \begin{lstlisting}[language=JavaScript]
                                               
The following languages weren't loadable:
    ,javascript$
This may cause errors in the sequel.


! Package Listings Error: language javascript undefined.

See the Listings package documentation for explanation.
Type  H <return>  for immediate help.
 ...                                              
                                                  
l.15761 \begin{lstlisting}[language=JavaScript]
                                               
The language is not loadable. Try typing  <return>  to proceed.
If that doesn't work, type  X <return>  to quit.


Underfull \vbox (badness 3930) has occurred while \output is active []



[493] (c:/texlive/2025/texmf-dist/tex/latex/listings/lstlang1.sty
File: lstlang1.sty 2024/09/23 1.10c listings language file
)
(c:/texlive/2025/texmf-dist/tex/latex/listings/lstlang2.sty
File: lstlang2.sty 2024/09/23 1.10c listings language file
)
(c:/texlive/2025/texmf-dist/tex/latex/listings/lstlang3.sty
File: lstlang3.sty 2024/09/23 1.10c listings language file
)

! Package Listings Error: Couldn't load requested language.

See the Listings package documentation for explanation.
Type  H <return>  for immediate help.
 ...                                              
                                                  
l.15821 \begin{lstlisting}[language=JavaScript]
                                               
The following languages weren't loadable:
    ,javascript$
This may cause errors in the sequel.


! Package Listings Error: language javascript undefined.

See the Listings package documentation for explanation.
Type  H <return>  for immediate help.
 ...                                              
                                                  
l.15821 \begin{lstlisting}[language=JavaScript]
                                               
The language is not loadable. Try typing  <return>  to proceed.
If that doesn't work, type  X <return>  to quit.


Underfull \vbox (badness 3930) has occurred while \output is active []



[494] (c:/texlive/2025/texmf-dist/tex/latex/listings/lstlang1.sty
File: lstlang1.sty 2024/09/23 1.10c listings language file
)
(c:/texlive/2025/texmf-dist/tex/latex/listings/lstlang2.sty
File: lstlang2.sty 2024/09/23 1.10c listings language file
)
(c:/texlive/2025/texmf-dist/tex/latex/listings/lstlang3.sty
File: lstlang3.sty 2024/09/23 1.10c listings language file
)

! Package Listings Error: Couldn't load requested language.

See the Listings package documentation for explanation.
Type  H <return>  for immediate help.
 ...                                              
                                                  
l.15852 \begin{lstlisting}[language=JavaScript]
                                               
The following languages weren't loadable:
    ,javascript$
This may cause errors in the sequel.


! Package Listings Error: language javascript undefined.

See the Listings package documentation for explanation.
Type  H <return>  for immediate help.
 ...                                              
                                                  
l.15852 \begin{lstlisting}[language=JavaScript]
                                               
The language is not loadable. Try typing  <return>  to proceed.
If that doesn't work, type  X <return>  to quit.



[495] (c:/texlive/2025/texmf-dist/tex/latex/listings/lstlang1.sty
File: lstlang1.sty 2024/09/23 1.10c listings language file
)
(c:/texlive/2025/texmf-dist/tex/latex/listings/lstlang2.sty
File: lstlang2.sty 2024/09/23 1.10c listings language file
)
(c:/texlive/2025/texmf-dist/tex/latex/listings/lstlang3.sty
File: lstlang3.sty 2024/09/23 1.10c listings language file
)

! Package Listings Error: Couldn't load requested language.

See the Listings package documentation for explanation.
Type  H <return>  for immediate help.
 ...                                              
                                                  
l.15885 \begin{lstlisting}[language=Vue]
                                        
The following languages weren't loadable:
    ,vue$
This may cause errors in the sequel.


! Package Listings Error: language vue undefined.

See the Listings package documentation for explanation.
Type  H <return>  for immediate help.
 ...                                              
                                                  
l.15885 \begin{lstlisting}[language=Vue]
                                        
The language is not loadable. Try typing  <return>  to proceed.
If that doesn't work, type  X <return>  to quit.

(c:/texlive/2025/texmf-dist/tex/latex/listings/lstlang1.sty
File: lstlang1.sty 2024/09/23 1.10c listings language file
)
(c:/texlive/2025/texmf-dist/tex/latex/listings/lstlang2.sty
File: lstlang2.sty 2024/09/23 1.10c listings language file
)
(c:/texlive/2025/texmf-dist/tex/latex/listings/lstlang3.sty
File: lstlang3.sty 2024/09/23 1.10c listings language file
)

! Package Listings Error: Couldn't load requested language.

See the Listings package documentation for explanation.
Type  H <return>  for immediate help.
 ...                                              
                                                  
l.15928 \begin{lstlisting}[language=JavaScript]
                                               
The following languages weren't loadable:
    ,javascript$
This may cause errors in the sequel.


! Package Listings Error: language javascript undefined.

See the Listings package documentation for explanation.
Type  H <return>  for immediate help.
 ...                                              
                                                  
l.15928 \begin{lstlisting}[language=JavaScript]
                                               
The language is not loadable. Try typing  <return>  to proceed.
If that doesn't work, type  X <return>  to quit.



[496]

[497] (c:/texlive/2025/texmf-dist/tex/latex/listings/lstlang1.sty
File: lstlang1.sty 2024/09/23 1.10c listings language file
)
(c:/texlive/2025/texmf-dist/tex/latex/listings/lstlang2.sty
File: lstlang2.sty 2024/09/23 1.10c listings language file
)
(c:/texlive/2025/texmf-dist/tex/latex/listings/lstlang3.sty
File: lstlang3.sty 2024/09/23 1.10c listings language file
)

! Package Listings Error: Couldn't load requested language.

See the Listings package documentation for explanation.
Type  H <return>  for immediate help.
 ...                                              
                                                  
l.16012 \begin{lstlisting}[language=JavaScript]
                                               
The following languages weren't loadable:
    ,javascript$
This may cause errors in the sequel.


! Package Listings Error: language javascript undefined.

See the Listings package documentation for explanation.
Type  H <return>  for immediate help.
 ...                                              
                                                  
l.16012 \begin{lstlisting}[language=JavaScript]
                                               
The language is not loadable. Try typing  <return>  to proceed.
If that doesn't work, type  X <return>  to quit.



[498]
Underfull \vbox (badness 10000) has occurred while \output is active []



[499]
Underfull \vbox (badness 10000) has occurred while \output is active []



[500] (c:/texlive/2025/texmf-dist/tex/latex/listings/lstlang1.sty
File: lstlang1.sty 2024/09/23 1.10c listings language file
)
(c:/texlive/2025/texmf-dist/tex/latex/listings/lstlang2.sty
File: lstlang2.sty 2024/09/23 1.10c listings language file
)
(c:/texlive/2025/texmf-dist/tex/latex/listings/lstlang3.sty
File: lstlang3.sty 2024/09/23 1.10c listings language file
)

! Package Listings Error: Couldn't load requested language.

See the Listings package documentation for explanation.
Type  H <return>  for immediate help.
 ...                                              
                                                  
l.16140 \begin{lstlisting}[language=JavaScript]
                                               
The following languages weren't loadable:
    ,javascript$
This may cause errors in the sequel.


! Package Listings Error: language javascript undefined.

See the Listings package documentation for explanation.
Type  H <return>  for immediate help.
 ...                                              
                                                  
l.16140 \begin{lstlisting}[language=JavaScript]
                                               
The language is not loadable. Try typing  <return>  to proceed.
If that doesn't work, type  X <return>  to quit.


Underfull \vbox (badness 6204) has occurred while \output is active []



[501]
Underfull \vbox (badness 10000) has occurred while \output is active []



[502] (c:/texlive/2025/texmf-dist/tex/latex/listings/lstlang1.sty
File: lstlang1.sty 2024/09/23 1.10c listings language file
)
(c:/texlive/2025/texmf-dist/tex/latex/listings/lstlang2.sty
File: lstlang2.sty 2024/09/23 1.10c listings language file
)
(c:/texlive/2025/texmf-dist/tex/latex/listings/lstlang3.sty
File: lstlang3.sty 2024/09/23 1.10c listings language file
)

! Package Listings Error: Couldn't load requested language.

See the Listings package documentation for explanation.
Type  H <return>  for immediate help.
 ...                                              
                                                  
l.16219 \begin{lstlisting}[language=JavaScript]
                                               
The following languages weren't loadable:
    ,javascript$
This may cause errors in the sequel.


! Package Listings Error: language javascript undefined.

See the Listings package documentation for explanation.
Type  H <return>  for immediate help.
 ...                                              
                                                  
l.16219 \begin{lstlisting}[language=JavaScript]
                                               
The language is not loadable. Try typing  <return>  to proceed.
If that doesn't work, type  X <return>  to quit.



[503] (c:/texlive/2025/texmf-dist/tex/latex/listings/lstlang1.sty
File: lstlang1.sty 2024/09/23 1.10c listings language file
)
(c:/texlive/2025/texmf-dist/tex/latex/listings/lstlang2.sty
File: lstlang2.sty 2024/09/23 1.10c listings language file
)
(c:/texlive/2025/texmf-dist/tex/latex/listings/lstlang3.sty
File: lstlang3.sty 2024/09/23 1.10c listings language file
)

! Package Listings Error: Couldn't load requested language.

See the Listings package documentation for explanation.
Type  H <return>  for immediate help.
 ...                                              
                                                  
l.16253 \begin{lstlisting}[language=JavaScript]
                                               
The following languages weren't loadable:
    ,javascript$
This may cause errors in the sequel.


! Package Listings Error: language javascript undefined.

See the Listings package documentation for explanation.
Type  H <return>  for immediate help.
 ...                                              
                                                  
l.16253 \begin{lstlisting}[language=JavaScript]
                                               
The language is not loadable. Try typing  <return>  to proceed.
If that doesn't work, type  X <return>  to quit.



[504] (c:/texlive/2025/texmf-dist/tex/latex/listings/lstlang1.sty
File: lstlang1.sty 2024/09/23 1.10c listings language file
)
(c:/texlive/2025/texmf-dist/tex/latex/listings/lstlang2.sty
File: lstlang2.sty 2024/09/23 1.10c listings language file
)
(c:/texlive/2025/texmf-dist/tex/latex/listings/lstlang3.sty
File: lstlang3.sty 2024/09/23 1.10c listings language file
)

! Package Listings Error: Couldn't load requested language.

See the Listings package documentation for explanation.
Type  H <return>  for immediate help.
 ...                                              
                                                  
l.16268 \begin{lstlisting}[language=JavaScript]
                                               
The following languages weren't loadable:
    ,javascript$
This may cause errors in the sequel.


! Package Listings Error: language javascript undefined.

See the Listings package documentation for explanation.
Type  H <return>  for immediate help.
 ...                                              
                                                  
l.16268 \begin{lstlisting}[language=JavaScript]
                                               
The language is not loadable. Try typing  <return>  to proceed.
If that doesn't work, type  X <return>  to quit.



[505] (c:/texlive/2025/texmf-dist/tex/latex/listings/lstlang1.sty
File: lstlang1.sty 2024/09/23 1.10c listings language file
)
(c:/texlive/2025/texmf-dist/tex/latex/listings/lstlang2.sty
File: lstlang2.sty 2024/09/23 1.10c listings language file
)
(c:/texlive/2025/texmf-dist/tex/latex/listings/lstlang3.sty
File: lstlang3.sty 2024/09/23 1.10c listings language file
)

! Package Listings Error: Couldn't load requested language.

See the Listings package documentation for explanation.
Type  H <return>  for immediate help.
 ...                                              
                                                  
l.16318 \begin{lstlisting}[language=JavaScript]
                                               
The following languages weren't loadable:
    ,javascript$
This may cause errors in the sequel.


! Package Listings Error: language javascript undefined.

See the Listings package documentation for explanation.
Type  H <return>  for immediate help.
 ...                                              
                                                  
l.16318 \begin{lstlisting}[language=JavaScript]
                                               
The language is not loadable. Try typing  <return>  to proceed.
If that doesn't work, type  X <return>  to quit.



[506] (c:/texlive/2025/texmf-dist/tex/latex/listings/lstlang1.sty
File: lstlang1.sty 2024/09/23 1.10c listings language file
)
(c:/texlive/2025/texmf-dist/tex/latex/listings/lstlang2.sty
File: lstlang2.sty 2024/09/23 1.10c listings language file
)
(c:/texlive/2025/texmf-dist/tex/latex/listings/lstlang3.sty
File: lstlang3.sty 2024/09/23 1.10c listings language file
)

! Package Listings Error: Couldn't load requested language.

See the Listings package documentation for explanation.
Type  H <return>  for immediate help.
 ...                                              
                                                  
l.16369 \begin{lstlisting}[language=JavaScript]
                                               
The following languages weren't loadable:
    ,javascript$
This may cause errors in the sequel.


! Package Listings Error: language javascript undefined.

See the Listings package documentation for explanation.
Type  H <return>  for immediate help.
 ...                                              
                                                  
l.16369 \begin{lstlisting}[language=JavaScript]
                                               
The language is not loadable. Try typing  <return>  to proceed.
If that doesn't work, type  X <return>  to quit.



[507]
Underfull \vbox (badness 10000) has occurred while \output is active []



[508]
Underfull \vbox (badness 10000) has occurred while \output is active []



[509] (c:/texlive/2025/texmf-dist/tex/latex/listings/lstlang1.sty
File: lstlang1.sty 2024/09/23 1.10c listings language file
)
(c:/texlive/2025/texmf-dist/tex/latex/listings/lstlang2.sty
File: lstlang2.sty 2024/09/23 1.10c listings language file
)
(c:/texlive/2025/texmf-dist/tex/latex/listings/lstlang3.sty
File: lstlang3.sty 2024/09/23 1.10c listings language file
)

! Package Listings Error: Couldn't load requested language.

See the Listings package documentation for explanation.
Type  H <return>  for immediate help.
 ...                                              
                                                  
l.16489 \begin{lstlisting}[language=JavaScript]
                                               
The following languages weren't loadable:
    ,javascript$
This may cause errors in the sequel.


! Package Listings Error: language javascript undefined.

See the Listings package documentation for explanation.
Type  H <return>  for immediate help.
 ...                                              
                                                  
l.16489 \begin{lstlisting}[language=JavaScript]
                                               
The language is not loadable. Try typing  <return>  to proceed.
If that doesn't work, type  X <return>  to quit.

(c:/texlive/2025/texmf-dist/tex/latex/listings/lstlang1.sty
File: lstlang1.sty 2024/09/23 1.10c listings language file
)
(c:/texlive/2025/texmf-dist/tex/latex/listings/lstlang2.sty
File: lstlang2.sty 2024/09/23 1.10c listings language file
)
(c:/texlive/2025/texmf-dist/tex/latex/listings/lstlang3.sty
File: lstlang3.sty 2024/09/23 1.10c listings language file
)

! Package Listings Error: Couldn't load requested language.

See the Listings package documentation for explanation.
Type  H <return>  for immediate help.
 ...                                              
                                                  
l.16514 \begin{lstlisting}[language=JavaScript]
                                               
The following languages weren't loadable:
    ,javascript$
This may cause errors in the sequel.


! Package Listings Error: language javascript undefined.

See the Listings package documentation for explanation.
Type  H <return>  for immediate help.
 ...                                              
                                                  
l.16514 \begin{lstlisting}[language=JavaScript]
                                               
The language is not loadable. Try typing  <return>  to proceed.
If that doesn't work, type  X <return>  to quit.



[510] (c:/texlive/2025/texmf-dist/tex/latex/listings/lstlang1.sty
File: lstlang1.sty 2024/09/23 1.10c listings language file
)
(c:/texlive/2025/texmf-dist/tex/latex/listings/lstlang2.sty
File: lstlang2.sty 2024/09/23 1.10c listings language file
)
(c:/texlive/2025/texmf-dist/tex/latex/listings/lstlang3.sty
File: lstlang3.sty 2024/09/23 1.10c listings language file
)

! Package Listings Error: Couldn't load requested language.

See the Listings package documentation for explanation.
Type  H <return>  for immediate help.
 ...                                              
                                                  
l.16550 \begin{lstlisting}[language=JavaScript]
                                               
The following languages weren't loadable:
    ,javascript$
This may cause errors in the sequel.


! Package Listings Error: language javascript undefined.

See the Listings package documentation for explanation.
Type  H <return>  for immediate help.
 ...                                              
                                                  
l.16550 \begin{lstlisting}[language=JavaScript]
                                               
The language is not loadable. Try typing  <return>  to proceed.
If that doesn't work, type  X <return>  to quit.



[511] (c:/texlive/2025/texmf-dist/tex/latex/listings/lstlang1.sty
File: lstlang1.sty 2024/09/23 1.10c listings language file
)
(c:/texlive/2025/texmf-dist/tex/latex/listings/lstlang2.sty
File: lstlang2.sty 2024/09/23 1.10c listings language file
)
(c:/texlive/2025/texmf-dist/tex/latex/listings/lstlang3.sty
File: lstlang3.sty 2024/09/23 1.10c listings language file
)

! Package Listings Error: Couldn't load requested language.

See the Listings package documentation for explanation.
Type  H <return>  for immediate help.
 ...                                              
                                                  
l.16575 \begin{lstlisting}[language=JavaScript]
                                               
The following languages weren't loadable:
    ,javascript$
This may cause errors in the sequel.


! Package Listings Error: language javascript undefined.

See the Listings package documentation for explanation.
Type  H <return>  for immediate help.
 ...                                              
                                                  
l.16575 \begin{lstlisting}[language=JavaScript]
                                               
The language is not loadable. Try typing  <return>  to proceed.
If that doesn't work, type  X <return>  to quit.



[512] (c:/texlive/2025/texmf-dist/tex/latex/listings/lstlang1.sty
File: lstlang1.sty 2024/09/23 1.10c listings language file
)
(c:/texlive/2025/texmf-dist/tex/latex/listings/lstlang2.sty
File: lstlang2.sty 2024/09/23 1.10c listings language file
)
(c:/texlive/2025/texmf-dist/tex/latex/listings/lstlang3.sty
File: lstlang3.sty 2024/09/23 1.10c listings language file
)

! Package Listings Error: Couldn't load requested language.

See the Listings package documentation for explanation.
Type  H <return>  for immediate help.
 ...                                              
                                                  
l.16618 \begin{lstlisting}[language=JavaScript]
                                               
The following languages weren't loadable:
    ,javascript$
This may cause errors in the sequel.


! Package Listings Error: language javascript undefined.

See the Listings package documentation for explanation.
Type  H <return>  for immediate help.
 ...                                              
                                                  
l.16618 \begin{lstlisting}[language=JavaScript]
                                               
The language is not loadable. Try typing  <return>  to proceed.
If that doesn't work, type  X <return>  to quit.

(c:/texlive/2025/texmf-dist/tex/latex/listings/lstlang1.sty
File: lstlang1.sty 2024/09/23 1.10c listings language file
)
(c:/texlive/2025/texmf-dist/tex/latex/listings/lstlang2.sty
File: lstlang2.sty 2024/09/23 1.10c listings language file
)
(c:/texlive/2025/texmf-dist/tex/latex/listings/lstlang3.sty
File: lstlang3.sty 2024/09/23 1.10c listings language file
)

! Package Listings Error: Couldn't load requested language.

See the Listings package documentation for explanation.
Type  H <return>  for immediate help.
 ...                                              
                                                  
l.16638 \begin{lstlisting}[language=json]
                                         
The following languages weren't loadable:
    ,json$
This may cause errors in the sequel.


! Package Listings Error: language json undefined.

See the Listings package documentation for explanation.
Type  H <return>  for immediate help.
 ...                                              
                                                  
l.16638 \begin{lstlisting}[language=json]
                                         
The language is not loadable. Try typing  <return>  to proceed.
If that doesn't work, type  X <return>  to quit.



[513] (c:/texlive/2025/texmf-dist/tex/latex/listings/lstlang1.sty
File: lstlang1.sty 2024/09/23 1.10c listings language file
)
(c:/texlive/2025/texmf-dist/tex/latex/listings/lstlang2.sty
File: lstlang2.sty 2024/09/23 1.10c listings language file
)
(c:/texlive/2025/texmf-dist/tex/latex/listings/lstlang3.sty
File: lstlang3.sty 2024/09/23 1.10c listings language file
)

! Package Listings Error: Couldn't load requested language.

See the Listings package documentation for explanation.
Type  H <return>  for immediate help.
 ...                                              
                                                  
l.16673 \begin{lstlisting}[language=JavaScript]
                                               
The following languages weren't loadable:
    ,javascript$
This may cause errors in the sequel.


! Package Listings Error: language javascript undefined.

See the Listings package documentation for explanation.
Type  H <return>  for immediate help.
 ...                                              
                                                  
l.16673 \begin{lstlisting}[language=JavaScript]
                                               
The language is not loadable. Try typing  <return>  to proceed.
If that doesn't work, type  X <return>  to quit.



[514]
Missing character: There is no 🧪 (U+1F9EA) in font TeX Gyre Cursor/OT:script=la
tn;language=dflt;!
Missing character: There is no ✅ (U+2705) in font TeX Gyre Cursor/OT:script=lat
n;language=dflt;!
(c:/texlive/2025/texmf-dist/tex/latex/listings/lstlang1.sty
File: lstlang1.sty 2024/09/23 1.10c listings language file
)
(c:/texlive/2025/texmf-dist/tex/latex/listings/lstlang2.sty
File: lstlang2.sty 2024/09/23 1.10c listings language file
)
(c:/texlive/2025/texmf-dist/tex/latex/listings/lstlang3.sty
File: lstlang3.sty 2024/09/23 1.10c listings language file
)

! Package Listings Error: Couldn't load requested language.

See the Listings package documentation for explanation.
Type  H <return>  for immediate help.
 ...                                              
                                                  
l.16729 \begin{lstlisting}[language=JavaScript]
                                               
The following languages weren't loadable:
    ,javascript$
This may cause errors in the sequel.


! Package Listings Error: language javascript undefined.

See the Listings package documentation for explanation.
Type  H <return>  for immediate help.
 ...                                              
                                                  
l.16729 \begin{lstlisting}[language=JavaScript]
                                               
The language is not loadable. Try typing  <return>  to proceed.
If that doesn't work, type  X <return>  to quit.



[515]

[516] (c:/texlive/2025/texmf-dist/tex/latex/listings/lstlang1.sty
File: lstlang1.sty 2024/09/23 1.10c listings language file
)
(c:/texlive/2025/texmf-dist/tex/latex/listings/lstlang2.sty
File: lstlang2.sty 2024/09/23 1.10c listings language file
)
(c:/texlive/2025/texmf-dist/tex/latex/listings/lstlang3.sty
File: lstlang3.sty 2024/09/23 1.10c listings language file
)

! Package Listings Error: Couldn't load requested language.

See the Listings package documentation for explanation.
Type  H <return>  for immediate help.
 ...                                              
                                                  
l.16798 \begin{lstlisting}[language=json]
                                         
The following languages weren't loadable:
    ,json$
This may cause errors in the sequel.


! Package Listings Error: language json undefined.

See the Listings package documentation for explanation.
Type  H <return>  for immediate help.
 ...                                              
                                                  
l.16798 \begin{lstlisting}[language=json]
                                         
The language is not loadable. Try typing  <return>  to proceed.
If that doesn't work, type  X <return>  to quit.



[517] (c:/texlive/2025/texmf-dist/tex/latex/listings/lstlang1.sty
File: lstlang1.sty 2024/09/23 1.10c listings language file
)
(c:/texlive/2025/texmf-dist/tex/latex/listings/lstlang2.sty
File: lstlang2.sty 2024/09/23 1.10c listings language file
)
(c:/texlive/2025/texmf-dist/tex/latex/listings/lstlang3.sty
File: lstlang3.sty 2024/09/23 1.10c listings language file
)

! Package Listings Error: Couldn't load requested language.

See the Listings package documentation for explanation.
Type  H <return>  for immediate help.
 ...                                              
                                                  
l.16843 \begin{lstlisting}[language=Vue]
                                        
The following languages weren't loadable:
    ,vue$
This may cause errors in the sequel.


! Package Listings Error: language vue undefined.

See the Listings package documentation for explanation.
Type  H <return>  for immediate help.
 ...                                              
                                                  
l.16843 \begin{lstlisting}[language=Vue]
                                        
The language is not loadable. Try typing  <return>  to proceed.
If that doesn't work, type  X <return>  to quit.



[518]
Underfull \vbox (badness 10000) has occurred while \output is active []



[519]
Underfull \vbox (badness 10000) has occurred while \output is active []



[520]
Underfull \vbox (badness 10000) has occurred while \output is active []



[521]
Underfull \vbox (badness 10000) has occurred while \output is active []



[522]
Underfull \vbox (badness 10000) has occurred while \output is active []



[523]
Underfull \vbox (badness 10000) has occurred while \output is active []



[524]
Underfull \vbox (badness 1189) has occurred while \output is active []



[525]

[526]
! Undefined control sequence.
l.17186 ...u9605\u8bfbchapter04.md\u5927\u7eb2\uff
                                                  0c\u4e86\u89e34.6\u8282\u7...
The control sequence at the end of the top line
of your error message was never \def'ed. If you have
misspelled it (e.g., `\hobx'), type `I' and the correct
spelling (e.g., `I\hbox'). Otherwise just continue,
and I'll forget about whatever was undefined.

! Undefined control sequence.
l.17186 ...``\u64b0\u51994.6\u8282\u5185\u5bb9\uff
                                                  0c\u5305\u542b\u8be6\u7ec6...
The control sequence at the end of the top line
of your error message was never \def'ed. If you have
misspelled it (e.g., `\hobx'), type `I' and the correct
spelling (e.g., `I\hbox'). Otherwise just continue,
and I'll forget about whatever was undefined.


Overfull \hbox (60.4279pt too wide) in paragraph at lines 17186--17187
[]\TU/TeXGyrePagella(0)/m/n/12 [{“content”: “9̆6058̆bfbchapter04.md5̆9277̆eb20c
4̆e868̆9e34.68̆2827̆6848̆9816̆c425̆48c7̆ed36̆784”,
 []


Overfull \hbox (234.59595pt too wide) in paragraph at lines 17186--17187
\TU/TeXGyrePagella(0)/m/n/12 “id”: “read-outline”, “status”: “completed”}, {“co
ntent”: “5̆2066̆7904.68̆2829̆7008̆9816̆4b05̆1997̆6845̆1855̆bb95̆48c6̆df15̆ea68̆
9816̆c42”,
 []


Overfull \hbox (364.81995pt too wide) in paragraph at lines 17186--17187
\TU/TeXGyrePagella(0)/m/n/12 “id”: “analyze-requirements”, “status”: “completed
”}, {“content”: “6̆4b05̆1994.68̆2825̆1855̆bb90c5̆3055̆42b8̆be67̆ec67̆4068̆bba9̆
6108̆ff05̆48c5̆b9e8̆df56̆8484̆f8b”,
 []


Overfull \hbox (270.43993pt too wide) in paragraph at lines 17186--17187
\TU/TeXGyrePagella(0)/m/n/12 “id”: “write-content”, “status”: “completed”}, {“c
ontent”: “6̆8c06̆7e55̆1855̆bb94̆e0e5̆24d9̆7627̆ae08̆2827̆6844̆e008̆1f46̆0275̆48
c8̆fde8̆d2f6̆027”,
 []



[527] (c:/texlive/2025/texmf-dist/tex/latex/listings/lstlang1.sty
File: lstlang1.sty 2024/09/23 1.10c listings language file
)
(c:/texlive/2025/texmf-dist/tex/latex/listings/lstlang2.sty
File: lstlang2.sty 2024/09/23 1.10c listings language file
)
(c:/texlive/2025/texmf-dist/tex/latex/listings/lstlang3.sty
File: lstlang3.sty 2024/09/23 1.10c listings language file
)

! Package Listings Error: Couldn't load requested language.

See the Listings package documentation for explanation.
Type  H <return>  for immediate help.
 ...                                              
                                                  
l.17239 \begin{lstlisting}[language=JavaScript]
                                               
The following languages weren't loadable:
    ,javascript$
This may cause errors in the sequel.


! Package Listings Error: language javascript undefined.

See the Listings package documentation for explanation.
Type  H <return>  for immediate help.
 ...                                              
                                                  
l.17239 \begin{lstlisting}[language=JavaScript]
                                               
The language is not loadable. Try typing  <return>  to proceed.
If that doesn't work, type  X <return>  to quit.



[528] (c:/texlive/2025/texmf-dist/tex/latex/listings/lstlang1.sty
File: lstlang1.sty 2024/09/23 1.10c listings language file
)
(c:/texlive/2025/texmf-dist/tex/latex/listings/lstlang2.sty
File: lstlang2.sty 2024/09/23 1.10c listings language file
)
(c:/texlive/2025/texmf-dist/tex/latex/listings/lstlang3.sty
File: lstlang3.sty 2024/09/23 1.10c listings language file
)

! Package Listings Error: Couldn't load requested language.

See the Listings package documentation for explanation.
Type  H <return>  for immediate help.
 ...                                              
                                                  
l.17294 \begin{lstlisting}[language=JavaScript]
                                               
The following languages weren't loadable:
    ,javascript$
This may cause errors in the sequel.


! Package Listings Error: language javascript undefined.

See the Listings package documentation for explanation.
Type  H <return>  for immediate help.
 ...                                              
                                                  
l.17294 \begin{lstlisting}[language=JavaScript]
                                               
The language is not loadable. Try typing  <return>  to proceed.
If that doesn't work, type  X <return>  to quit.



[529]

[530] (c:/texlive/2025/texmf-dist/tex/latex/listings/lstlang1.sty
File: lstlang1.sty 2024/09/23 1.10c listings language file
)
(c:/texlive/2025/texmf-dist/tex/latex/listings/lstlang2.sty
File: lstlang2.sty 2024/09/23 1.10c listings language file
)
(c:/texlive/2025/texmf-dist/tex/latex/listings/lstlang3.sty
File: lstlang3.sty 2024/09/23 1.10c listings language file
)

! Package Listings Error: Couldn't load requested language.

See the Listings package documentation for explanation.
Type  H <return>  for immediate help.
 ...                                              
                                                  
l.17382 \begin{lstlisting}[language=Nginx]
                                          
The following languages weren't loadable:
    ,nginx$
This may cause errors in the sequel.


! Package Listings Error: language nginx undefined.

See the Listings package documentation for explanation.
Type  H <return>  for immediate help.
 ...                                              
                                                  
l.17382 \begin{lstlisting}[language=Nginx]
                                          
The language is not loadable. Try typing  <return>  to proceed.
If that doesn't work, type  X <return>  to quit.



[531] (c:/texlive/2025/texmf-dist/tex/latex/listings/lstlang1.sty
File: lstlang1.sty 2024/09/23 1.10c listings language file
)
(c:/texlive/2025/texmf-dist/tex/latex/listings/lstlang2.sty
File: lstlang2.sty 2024/09/23 1.10c listings language file
)
(c:/texlive/2025/texmf-dist/tex/latex/listings/lstlang3.sty
File: lstlang3.sty 2024/09/23 1.10c listings language file
)

! Package Listings Error: Couldn't load requested language.

See the Listings package documentation for explanation.
Type  H <return>  for immediate help.
 ...                                              
                                                  
l.17422 \begin{lstlisting}[language=JavaScript]
                                               
The following languages weren't loadable:
    ,javascript$
This may cause errors in the sequel.


! Package Listings Error: language javascript undefined.

See the Listings package documentation for explanation.
Type  H <return>  for immediate help.
 ...                                              
                                                  
l.17422 \begin{lstlisting}[language=JavaScript]
                                               
The language is not loadable. Try typing  <return>  to proceed.
If that doesn't work, type  X <return>  to quit.



[532] (c:/texlive/2025/texmf-dist/tex/latex/listings/lstlang1.sty
File: lstlang1.sty 2024/09/23 1.10c listings language file
)
(c:/texlive/2025/texmf-dist/tex/latex/listings/lstlang2.sty
File: lstlang2.sty 2024/09/23 1.10c listings language file
)
(c:/texlive/2025/texmf-dist/tex/latex/listings/lstlang3.sty
File: lstlang3.sty 2024/09/23 1.10c listings language file
)

! Package Listings Error: Couldn't load requested language.

See the Listings package documentation for explanation.
Type  H <return>  for immediate help.
 ...                                              
                                                  
l.17495 \begin{lstlisting}[language=JavaScript]
                                               
The following languages weren't loadable:
    ,javascript$
This may cause errors in the sequel.


! Package Listings Error: language javascript undefined.

See the Listings package documentation for explanation.
Type  H <return>  for immediate help.
 ...                                              
                                                  
l.17495 \begin{lstlisting}[language=JavaScript]
                                               
The language is not loadable. Try typing  <return>  to proceed.
If that doesn't work, type  X <return>  to quit.



[533]

[534] (c:/texlive/2025/texmf-dist/tex/latex/listings/lstlang1.sty
File: lstlang1.sty 2024/09/23 1.10c listings language file
)
(c:/texlive/2025/texmf-dist/tex/latex/listings/lstlang2.sty
File: lstlang2.sty 2024/09/23 1.10c listings language file
)
(c:/texlive/2025/texmf-dist/tex/latex/listings/lstlang3.sty
File: lstlang3.sty 2024/09/23 1.10c listings language file
)

! Package Listings Error: Couldn't load requested language.

See the Listings package documentation for explanation.
Type  H <return>  for immediate help.
 ...                                              
                                                  
l.17550 \begin{lstlisting}[language=JavaScript]
                                               
The following languages weren't loadable:
    ,javascript$
This may cause errors in the sequel.


! Package Listings Error: language javascript undefined.

See the Listings package documentation for explanation.
Type  H <return>  for immediate help.
 ...                                              
                                                  
l.17550 \begin{lstlisting}[language=JavaScript]
                                               
The language is not loadable. Try typing  <return>  to proceed.
If that doesn't work, type  X <return>  to quit.



[535] (c:/texlive/2025/texmf-dist/tex/latex/listings/lstlang1.sty
File: lstlang1.sty 2024/09/23 1.10c listings language file
)
(c:/texlive/2025/texmf-dist/tex/latex/listings/lstlang2.sty
File: lstlang2.sty 2024/09/23 1.10c listings language file
)
(c:/texlive/2025/texmf-dist/tex/latex/listings/lstlang3.sty
File: lstlang3.sty 2024/09/23 1.10c listings language file
)

! Package Listings Error: Couldn't load requested language.

See the Listings package documentation for explanation.
Type  H <return>  for immediate help.
 ...                                              
                                                  
l.17620 \begin{lstlisting}[language=JavaScript]
                                               
The following languages weren't loadable:
    ,javascript$
This may cause errors in the sequel.


! Package Listings Error: language javascript undefined.

See the Listings package documentation for explanation.
Type  H <return>  for immediate help.
 ...                                              
                                                  
l.17620 \begin{lstlisting}[language=JavaScript]
                                               
The language is not loadable. Try typing  <return>  to proceed.
If that doesn't work, type  X <return>  to quit.



[536]

[537] (c:/texlive/2025/texmf-dist/tex/latex/listings/lstlang1.sty
File: lstlang1.sty 2024/09/23 1.10c listings language file
)
(c:/texlive/2025/texmf-dist/tex/latex/listings/lstlang2.sty
File: lstlang2.sty 2024/09/23 1.10c listings language file
)
(c:/texlive/2025/texmf-dist/tex/latex/listings/lstlang3.sty
File: lstlang3.sty 2024/09/23 1.10c listings language file
)

! Package Listings Error: Couldn't load requested language.

See the Listings package documentation for explanation.
Type  H <return>  for immediate help.
 ...                                              
                                                  
l.17671 \begin{lstlisting}[language=yaml]
                                         
The following languages weren't loadable:
    ,yaml$
This may cause errors in the sequel.


! Package Listings Error: language yaml undefined.

See the Listings package documentation for explanation.
Type  H <return>  for immediate help.
 ...                                              
                                                  
l.17671 \begin{lstlisting}[language=yaml]
                                         
The language is not loadable. Try typing  <return>  to proceed.
If that doesn't work, type  X <return>  to quit.



[538]

[539]

[540]

[541]

[542]

[543]) (./chapters/chapter05.tex

[544]

[545]

[546

]
Chapter 5.


[547]
Underfull \vbox (badness 10000) has occurred while \output is active []



[548]

[549]
Underfull \vbox (badness 10000) has occurred while \output is active []



[550]
Underfull \vbox (badness 10000) has occurred while \output is active []



[551]
Underfull \vbox (badness 10000) has occurred while \output is active []



[552]
Missing character: There is no ┌ (U+250C) in font TeX Gyre Cursor/OT:script=lat
n;language=dflt;!
Missing character: There is no ─ (U+2500) in font TeX Gyre Cursor/OT:script=lat
n;language=dflt;!
Missing character: There is no ─ (U+2500) in font TeX Gyre Cursor/OT:script=lat
n;language=dflt;!
Missing character: There is no ─ (U+2500) in font TeX Gyre Cursor/OT:script=lat
n;language=dflt;!
Missing character: There is no ─ (U+2500) in font TeX Gyre Cursor/OT:script=lat
n;language=dflt;!
Missing character: There is no ─ (U+2500) in font TeX Gyre Cursor/OT:script=lat
n;language=dflt;!
Missing character: There is no ─ (U+2500) in font TeX Gyre Cursor/OT:script=lat
n;language=dflt;!
Missing character: There is no ─ (U+2500) in font TeX Gyre Cursor/OT:script=lat
n;language=dflt;!
Missing character: There is no ─ (U+2500) in font TeX Gyre Cursor/OT:script=lat
n;language=dflt;!
Missing character: There is no ─ (U+2500) in font TeX Gyre Cursor/OT:script=lat
n;language=dflt;!
Missing character: There is no ─ (U+2500) in font TeX Gyre Cursor/OT:script=lat
n;language=dflt;!
Missing character: There is no ─ (U+2500) in font TeX Gyre Cursor/OT:script=lat
n;language=dflt;!
Missing character: There is no ─ (U+2500) in font TeX Gyre Cursor/OT:script=lat
n;language=dflt;!
Missing character: There is no ─ (U+2500) in font TeX Gyre Cursor/OT:script=lat
n;language=dflt;!
Missing character: There is no ─ (U+2500) in font TeX Gyre Cursor/OT:script=lat
n;language=dflt;!
Missing character: There is no ─ (U+2500) in font TeX Gyre Cursor/OT:script=lat
n;language=dflt;!
Missing character: There is no ─ (U+2500) in font TeX Gyre Cursor/OT:script=lat
n;language=dflt;!
Missing character: There is no ─ (U+2500) in font TeX Gyre Cursor/OT:script=lat
n;language=dflt;!
Missing character: There is no ─ (U+2500) in font TeX Gyre Cursor/OT:script=lat
n;language=dflt;!
Missing character: There is no ─ (U+2500) in font TeX Gyre Cursor/OT:script=lat
n;language=dflt;!
Missing character: There is no ─ (U+2500) in font TeX Gyre Cursor/OT:script=lat
n;language=dflt;!
Missing character: There is no ─ (U+2500) in font TeX Gyre Cursor/OT:script=lat
n;language=dflt;!
Missing character: There is no ─ (U+2500) in font TeX Gyre Cursor/OT:script=lat
n;language=dflt;!
Missing character: There is no ─ (U+2500) in font TeX Gyre Cursor/OT:script=lat
n;language=dflt;!
Missing character: There is no ─ (U+2500) in font TeX Gyre Cursor/OT:script=lat
n;language=dflt;!
Missing character: There is no ─ (U+2500) in font TeX Gyre Cursor/OT:script=lat
n;language=dflt;!
Missing character: There is no ─ (U+2500) in font TeX Gyre Cursor/OT:script=lat
n;language=dflt;!
Missing character: There is no ─ (U+2500) in font TeX Gyre Cursor/OT:script=lat
n;language=dflt;!
Missing character: There is no ─ (U+2500) in font TeX Gyre Cursor/OT:script=lat
n;language=dflt;!
Missing character: There is no ─ (U+2500) in font TeX Gyre Cursor/OT:script=lat
n;language=dflt;!
Missing character: There is no ─ (U+2500) in font TeX Gyre Cursor/OT:script=lat
n;language=dflt;!
Missing character: There is no ─ (U+2500) in font TeX Gyre Cursor/OT:script=lat
n;language=dflt;!
Missing character: There is no ─ (U+2500) in font TeX Gyre Cursor/OT:script=lat
n;language=dflt;!
Missing character: There is no ─ (U+2500) in font TeX Gyre Cursor/OT:script=lat
n;language=dflt;!
Missing character: There is no ─ (U+2500) in font TeX Gyre Cursor/OT:script=lat
n;language=dflt;!
Missing character: There is no ─ (U+2500) in font TeX Gyre Cursor/OT:script=lat
n;language=dflt;!
Missing character: There is no ─ (U+2500) in font TeX Gyre Cursor/OT:script=lat
n;language=dflt;!
Missing character: There is no ─ (U+2500) in font TeX Gyre Cursor/OT:script=lat
n;language=dflt;!
Missing character: There is no ─ (U+2500) in font TeX Gyre Cursor/OT:script=lat
n;language=dflt;!
Missing character: There is no ─ (U+2500) in font TeX Gyre Cursor/OT:script=lat
n;language=dflt;!
Missing character: There is no ─ (U+2500) in font TeX Gyre Cursor/OT:script=lat
n;language=dflt;!
Missing character: There is no ─ (U+2500) in font TeX Gyre Cursor/OT:script=lat
n;language=dflt;!
Missing character: There is no ─ (U+2500) in font TeX Gyre Cursor/OT:script=lat
n;language=dflt;!
Missing character: There is no ─ (U+2500) in font TeX Gyre Cursor/OT:script=lat
n;language=dflt;!
Missing character: There is no ─ (U+2500) in font TeX Gyre Cursor/OT:script=lat
n;language=dflt;!
Missing character: There is no ─ (U+2500) in font TeX Gyre Cursor/OT:script=lat
n;language=dflt;!
Missing character: There is no ─ (U+2500) in font TeX Gyre Cursor/OT:script=lat
n;language=dflt;!
Missing character: There is no ─ (U+2500) in font TeX Gyre Cursor/OT:script=lat
n;language=dflt;!
Missing character: There is no ─ (U+2500) in font TeX Gyre Cursor/OT:script=lat
n;language=dflt;!
Missing character: There is no ─ (U+2500) in font TeX Gyre Cursor/OT:script=lat
n;language=dflt;!
Missing character: There is no ┐ (U+2510) in font TeX Gyre Cursor/OT:script=lat
n;language=dflt;!
Missing character: There is no │ (U+2502) in font TeX Gyre Cursor/OT:script=lat
n;language=dflt;!
Missing character: There is no │ (U+2502) in font TeX Gyre Cursor/OT:script=lat
n;language=dflt;!
Missing character: There is no │ (U+2502) in font TeX Gyre Cursor/OT:script=lat
n;language=dflt;!
Missing character: There is no │ (U+2502) in font TeX Gyre Cursor/OT:script=lat
n;language=dflt;!
Missing character: There is no └ (U+2514) in font TeX Gyre Cursor/OT:script=lat
n;language=dflt;!
Missing character: There is no ─ (U+2500) in font TeX Gyre Cursor/OT:script=lat
n;language=dflt;!
Missing character: There is no ─ (U+2500) in font TeX Gyre Cursor/OT:script=lat
n;language=dflt;!
Missing character: There is no ─ (U+2500) in font TeX Gyre Cursor/OT:script=lat
n;language=dflt;!
Missing character: There is no ─ (U+2500) in font TeX Gyre Cursor/OT:script=lat
n;language=dflt;!
Missing character: There is no ─ (U+2500) in font TeX Gyre Cursor/OT:script=lat
n;language=dflt;!
Missing character: There is no ─ (U+2500) in font TeX Gyre Cursor/OT:script=lat
n;language=dflt;!
Missing character: There is no ─ (U+2500) in font TeX Gyre Cursor/OT:script=lat
n;language=dflt;!
Missing character: There is no ─ (U+2500) in font TeX Gyre Cursor/OT:script=lat
n;language=dflt;!
Missing character: There is no ─ (U+2500) in font TeX Gyre Cursor/OT:script=lat
n;language=dflt;!
Missing character: There is no ─ (U+2500) in font TeX Gyre Cursor/OT:script=lat
n;language=dflt;!
Missing character: There is no ─ (U+2500) in font TeX Gyre Cursor/OT:script=lat
n;language=dflt;!
Missing character: There is no ─ (U+2500) in font TeX Gyre Cursor/OT:script=lat
n;language=dflt;!
Missing character: There is no ─ (U+2500) in font TeX Gyre Cursor/OT:script=lat
n;language=dflt;!
Missing character: There is no ─ (U+2500) in font TeX Gyre Cursor/OT:script=lat
n;language=dflt;!
Missing character: There is no ─ (U+2500) in font TeX Gyre Cursor/OT:script=lat
n;language=dflt;!
Missing character: There is no ─ (U+2500) in font TeX Gyre Cursor/OT:script=lat
n;language=dflt;!
Missing character: There is no ─ (U+2500) in font TeX Gyre Cursor/OT:script=lat
n;language=dflt;!
Missing character: There is no ┬ (U+252C) in font TeX Gyre Cursor/OT:script=lat
n;language=dflt;!
Missing character: There is no ─ (U+2500) in font TeX Gyre Cursor/OT:script=lat
n;language=dflt;!
Missing character: There is no ─ (U+2500) in font TeX Gyre Cursor/OT:script=lat
n;language=dflt;!
Missing character: There is no ─ (U+2500) in font TeX Gyre Cursor/OT:script=lat
n;language=dflt;!
Missing character: There is no ─ (U+2500) in font TeX Gyre Cursor/OT:script=lat
n;language=dflt;!
Missing character: There is no ─ (U+2500) in font TeX Gyre Cursor/OT:script=lat
n;language=dflt;!
Missing character: There is no ─ (U+2500) in font TeX Gyre Cursor/OT:script=lat
n;language=dflt;!
Missing character: There is no ─ (U+2500) in font TeX Gyre Cursor/OT:script=lat
n;language=dflt;!
Missing character: There is no ─ (U+2500) in font TeX Gyre Cursor/OT:script=lat
n;language=dflt;!
Missing character: There is no ─ (U+2500) in font TeX Gyre Cursor/OT:script=lat
n;language=dflt;!
Missing character: There is no ─ (U+2500) in font TeX Gyre Cursor/OT:script=lat
n;language=dflt;!
Missing character: There is no ─ (U+2500) in font TeX Gyre Cursor/OT:script=lat
n;language=dflt;!
Missing character: There is no ─ (U+2500) in font TeX Gyre Cursor/OT:script=lat
n;language=dflt;!
Missing character: There is no ─ (U+2500) in font TeX Gyre Cursor/OT:script=lat
n;language=dflt;!
Missing character: There is no ─ (U+2500) in font TeX Gyre Cursor/OT:script=lat
n;language=dflt;!
Missing character: There is no ─ (U+2500) in font TeX Gyre Cursor/OT:script=lat
n;language=dflt;!
Missing character: There is no ─ (U+2500) in font TeX Gyre Cursor/OT:script=lat
n;language=dflt;!
Missing character: There is no ─ (U+2500) in font TeX Gyre Cursor/OT:script=lat
n;language=dflt;!
Missing character: There is no ─ (U+2500) in font TeX Gyre Cursor/OT:script=lat
n;language=dflt;!
Missing character: There is no ─ (U+2500) in font TeX Gyre Cursor/OT:script=lat
n;language=dflt;!
Missing character: There is no ─ (U+2500) in font TeX Gyre Cursor/OT:script=lat
n;language=dflt;!
Missing character: There is no ─ (U+2500) in font TeX Gyre Cursor/OT:script=lat
n;language=dflt;!
Missing character: There is no ─ (U+2500) in font TeX Gyre Cursor/OT:script=lat
n;language=dflt;!
Missing character: There is no ─ (U+2500) in font TeX Gyre Cursor/OT:script=lat
n;language=dflt;!
Missing character: There is no ─ (U+2500) in font TeX Gyre Cursor/OT:script=lat
n;language=dflt;!
Missing character: There is no ─ (U+2500) in font TeX Gyre Cursor/OT:script=lat
n;language=dflt;!
Missing character: There is no ─ (U+2500) in font TeX Gyre Cursor/OT:script=lat
n;language=dflt;!
Missing character: There is no ─ (U+2500) in font TeX Gyre Cursor/OT:script=lat
n;language=dflt;!
Missing character: There is no ─ (U+2500) in font TeX Gyre Cursor/OT:script=lat
n;language=dflt;!
Missing character: There is no ─ (U+2500) in font TeX Gyre Cursor/OT:script=lat
n;language=dflt;!
Missing character: There is no ─ (U+2500) in font TeX Gyre Cursor/OT:script=lat
n;language=dflt;!
Missing character: There is no ─ (U+2500) in font TeX Gyre Cursor/OT:script=lat
n;language=dflt;!
Missing character: There is no ┘ (U+2518) in font TeX Gyre Cursor/OT:script=lat
n;language=dflt;!


[553]
Missing character: There is no │ (U+2502) in font TeX Gyre Cursor/OT:script=lat
n;language=dflt;!
Missing character: There is no ┌ (U+250C) in font TeX Gyre Cursor/OT:script=lat
n;language=dflt;!
Missing character: There is no ─ (U+2500) in font TeX Gyre Cursor/OT:script=lat
n;language=dflt;!
Missing character: There is no ─ (U+2500) in font TeX Gyre Cursor/OT:script=lat
n;language=dflt;!
Missing character: There is no ─ (U+2500) in font TeX Gyre Cursor/OT:script=lat
n;language=dflt;!
Missing character: There is no ─ (U+2500) in font TeX Gyre Cursor/OT:script=lat
n;language=dflt;!
Missing character: There is no ─ (U+2500) in font TeX Gyre Cursor/OT:script=lat
n;language=dflt;!
Missing character: There is no ─ (U+2500) in font TeX Gyre Cursor/OT:script=lat
n;language=dflt;!
Missing character: There is no ─ (U+2500) in font TeX Gyre Cursor/OT:script=lat
n;language=dflt;!
Missing character: There is no ─ (U+2500) in font TeX Gyre Cursor/OT:script=lat
n;language=dflt;!
Missing character: There is no ─ (U+2500) in font TeX Gyre Cursor/OT:script=lat
n;language=dflt;!
Missing character: There is no ─ (U+2500) in font TeX Gyre Cursor/OT:script=lat
n;language=dflt;!
Missing character: There is no ─ (U+2500) in font TeX Gyre Cursor/OT:script=lat
n;language=dflt;!
Missing character: There is no ─ (U+2500) in font TeX Gyre Cursor/OT:script=lat
n;language=dflt;!
Missing character: There is no ─ (U+2500) in font TeX Gyre Cursor/OT:script=lat
n;language=dflt;!
Missing character: There is no ─ (U+2500) in font TeX Gyre Cursor/OT:script=lat
n;language=dflt;!
Missing character: There is no ─ (U+2500) in font TeX Gyre Cursor/OT:script=lat
n;language=dflt;!
Missing character: There is no ─ (U+2500) in font TeX Gyre Cursor/OT:script=lat
n;language=dflt;!
Missing character: There is no ─ (U+2500) in font TeX Gyre Cursor/OT:script=lat
n;language=dflt;!
Missing character: There is no ▼ (U+25BC) in font TeX Gyre Cursor/OT:script=lat
n;language=dflt;!
Missing character: There is no ─ (U+2500) in font TeX Gyre Cursor/OT:script=lat
n;language=dflt;!
Missing character: There is no ─ (U+2500) in font TeX Gyre Cursor/OT:script=lat
n;language=dflt;!
Missing character: There is no ─ (U+2500) in font TeX Gyre Cursor/OT:script=lat
n;language=dflt;!
Missing character: There is no ─ (U+2500) in font TeX Gyre Cursor/OT:script=lat
n;language=dflt;!
Missing character: There is no ─ (U+2500) in font TeX Gyre Cursor/OT:script=lat
n;language=dflt;!
Missing character: There is no ─ (U+2500) in font TeX Gyre Cursor/OT:script=lat
n;language=dflt;!
Missing character: There is no ─ (U+2500) in font TeX Gyre Cursor/OT:script=lat
n;language=dflt;!
Missing character: There is no ─ (U+2500) in font TeX Gyre Cursor/OT:script=lat
n;language=dflt;!
Missing character: There is no ─ (U+2500) in font TeX Gyre Cursor/OT:script=lat
n;language=dflt;!
Missing character: There is no ─ (U+2500) in font TeX Gyre Cursor/OT:script=lat
n;language=dflt;!
Missing character: There is no ─ (U+2500) in font TeX Gyre Cursor/OT:script=lat
n;language=dflt;!
Missing character: There is no ─ (U+2500) in font TeX Gyre Cursor/OT:script=lat
n;language=dflt;!
Missing character: There is no ─ (U+2500) in font TeX Gyre Cursor/OT:script=lat
n;language=dflt;!
Missing character: There is no ─ (U+2500) in font TeX Gyre Cursor/OT:script=lat
n;language=dflt;!
Missing character: There is no ─ (U+2500) in font TeX Gyre Cursor/OT:script=lat
n;language=dflt;!
Missing character: There is no ─ (U+2500) in font TeX Gyre Cursor/OT:script=lat
n;language=dflt;!
Missing character: There is no ─ (U+2500) in font TeX Gyre Cursor/OT:script=lat
n;language=dflt;!
Missing character: There is no ─ (U+2500) in font TeX Gyre Cursor/OT:script=lat
n;language=dflt;!
Missing character: There is no ─ (U+2500) in font TeX Gyre Cursor/OT:script=lat
n;language=dflt;!
Missing character: There is no ─ (U+2500) in font TeX Gyre Cursor/OT:script=lat
n;language=dflt;!
Missing character: There is no ─ (U+2500) in font TeX Gyre Cursor/OT:script=lat
n;language=dflt;!
Missing character: There is no ─ (U+2500) in font TeX Gyre Cursor/OT:script=lat
n;language=dflt;!
Missing character: There is no ─ (U+2500) in font TeX Gyre Cursor/OT:script=lat
n;language=dflt;!
Missing character: There is no ─ (U+2500) in font TeX Gyre Cursor/OT:script=lat
n;language=dflt;!
Missing character: There is no ─ (U+2500) in font TeX Gyre Cursor/OT:script=lat
n;language=dflt;!
Missing character: There is no ─ (U+2500) in font TeX Gyre Cursor/OT:script=lat
n;language=dflt;!
Missing character: There is no ─ (U+2500) in font TeX Gyre Cursor/OT:script=lat
n;language=dflt;!
Missing character: There is no ─ (U+2500) in font TeX Gyre Cursor/OT:script=lat
n;language=dflt;!
Missing character: There is no ─ (U+2500) in font TeX Gyre Cursor/OT:script=lat
n;language=dflt;!
Missing character: There is no ─ (U+2500) in font TeX Gyre Cursor/OT:script=lat
n;language=dflt;!
Missing character: There is no ─ (U+2500) in font TeX Gyre Cursor/OT:script=lat
n;language=dflt;!
Missing character: There is no ┐ (U+2510) in font TeX Gyre Cursor/OT:script=lat
n;language=dflt;!
Missing character: There is no │ (U+2502) in font TeX Gyre Cursor/OT:script=lat
n;language=dflt;!
Missing character: There is no │ (U+2502) in font TeX Gyre Cursor/OT:script=lat
n;language=dflt;!
Missing character: There is no │ (U+2502) in font TeX Gyre Cursor/OT:script=lat
n;language=dflt;!
Missing character: There is no │ (U+2502) in font TeX Gyre Cursor/OT:script=lat
n;language=dflt;!
Missing character: There is no └ (U+2514) in font TeX Gyre Cursor/OT:script=lat
n;language=dflt;!
Missing character: There is no ─ (U+2500) in font TeX Gyre Cursor/OT:script=lat
n;language=dflt;!
Missing character: There is no ─ (U+2500) in font TeX Gyre Cursor/OT:script=lat
n;language=dflt;!
Missing character: There is no ─ (U+2500) in font TeX Gyre Cursor/OT:script=lat
n;language=dflt;!
Missing character: There is no ─ (U+2500) in font TeX Gyre Cursor/OT:script=lat
n;language=dflt;!
Missing character: There is no ─ (U+2500) in font TeX Gyre Cursor/OT:script=lat
n;language=dflt;!
Missing character: There is no ─ (U+2500) in font TeX Gyre Cursor/OT:script=lat
n;language=dflt;!
Missing character: There is no ─ (U+2500) in font TeX Gyre Cursor/OT:script=lat
n;language=dflt;!
Missing character: There is no ─ (U+2500) in font TeX Gyre Cursor/OT:script=lat
n;language=dflt;!
Missing character: There is no ─ (U+2500) in font TeX Gyre Cursor/OT:script=lat
n;language=dflt;!
Missing character: There is no ─ (U+2500) in font TeX Gyre Cursor/OT:script=lat
n;language=dflt;!
Missing character: There is no ─ (U+2500) in font TeX Gyre Cursor/OT:script=lat
n;language=dflt;!
Missing character: There is no ─ (U+2500) in font TeX Gyre Cursor/OT:script=lat
n;language=dflt;!
Missing character: There is no ─ (U+2500) in font TeX Gyre Cursor/OT:script=lat
n;language=dflt;!
Missing character: There is no ─ (U+2500) in font TeX Gyre Cursor/OT:script=lat
n;language=dflt;!
Missing character: There is no ─ (U+2500) in font TeX Gyre Cursor/OT:script=lat
n;language=dflt;!
Missing character: There is no ─ (U+2500) in font TeX Gyre Cursor/OT:script=lat
n;language=dflt;!
Missing character: There is no ─ (U+2500) in font TeX Gyre Cursor/OT:script=lat
n;language=dflt;!
Missing character: There is no ┬ (U+252C) in font TeX Gyre Cursor/OT:script=lat
n;language=dflt;!
Missing character: There is no ─ (U+2500) in font TeX Gyre Cursor/OT:script=lat
n;language=dflt;!
Missing character: There is no ─ (U+2500) in font TeX Gyre Cursor/OT:script=lat
n;language=dflt;!
Missing character: There is no ─ (U+2500) in font TeX Gyre Cursor/OT:script=lat
n;language=dflt;!
Missing character: There is no ─ (U+2500) in font TeX Gyre Cursor/OT:script=lat
n;language=dflt;!
Missing character: There is no ─ (U+2500) in font TeX Gyre Cursor/OT:script=lat
n;language=dflt;!
Missing character: There is no ─ (U+2500) in font TeX Gyre Cursor/OT:script=lat
n;language=dflt;!
Missing character: There is no ─ (U+2500) in font TeX Gyre Cursor/OT:script=lat
n;language=dflt;!
Missing character: There is no ─ (U+2500) in font TeX Gyre Cursor/OT:script=lat
n;language=dflt;!
Missing character: There is no ─ (U+2500) in font TeX Gyre Cursor/OT:script=lat
n;language=dflt;!
Missing character: There is no ─ (U+2500) in font TeX Gyre Cursor/OT:script=lat
n;language=dflt;!
Missing character: There is no ─ (U+2500) in font TeX Gyre Cursor/OT:script=lat
n;language=dflt;!
Missing character: There is no ─ (U+2500) in font TeX Gyre Cursor/OT:script=lat
n;language=dflt;!
Missing character: There is no ─ (U+2500) in font TeX Gyre Cursor/OT:script=lat
n;language=dflt;!
Missing character: There is no ─ (U+2500) in font TeX Gyre Cursor/OT:script=lat
n;language=dflt;!
Missing character: There is no ─ (U+2500) in font TeX Gyre Cursor/OT:script=lat
n;language=dflt;!
Missing character: There is no ─ (U+2500) in font TeX Gyre Cursor/OT:script=lat
n;language=dflt;!
Missing character: There is no ─ (U+2500) in font TeX Gyre Cursor/OT:script=lat
n;language=dflt;!
Missing character: There is no ─ (U+2500) in font TeX Gyre Cursor/OT:script=lat
n;language=dflt;!
Missing character: There is no ─ (U+2500) in font TeX Gyre Cursor/OT:script=lat
n;language=dflt;!
Missing character: There is no ─ (U+2500) in font TeX Gyre Cursor/OT:script=lat
n;language=dflt;!
Missing character: There is no ─ (U+2500) in font TeX Gyre Cursor/OT:script=lat
n;language=dflt;!
Missing character: There is no ─ (U+2500) in font TeX Gyre Cursor/OT:script=lat
n;language=dflt;!
Missing character: There is no ─ (U+2500) in font TeX Gyre Cursor/OT:script=lat
n;language=dflt;!
Missing character: There is no ─ (U+2500) in font TeX Gyre Cursor/OT:script=lat
n;language=dflt;!
Missing character: There is no ─ (U+2500) in font TeX Gyre Cursor/OT:script=lat
n;language=dflt;!
Missing character: There is no ─ (U+2500) in font TeX Gyre Cursor/OT:script=lat
n;language=dflt;!
Missing character: There is no ─ (U+2500) in font TeX Gyre Cursor/OT:script=lat
n;language=dflt;!
Missing character: There is no ─ (U+2500) in font TeX Gyre Cursor/OT:script=lat
n;language=dflt;!
Missing character: There is no ─ (U+2500) in font TeX Gyre Cursor/OT:script=lat
n;language=dflt;!
Missing character: There is no ─ (U+2500) in font TeX Gyre Cursor/OT:script=lat
n;language=dflt;!
Missing character: There is no ─ (U+2500) in font TeX Gyre Cursor/OT:script=lat
n;language=dflt;!
Missing character: There is no ┘ (U+2518) in font TeX Gyre Cursor/OT:script=lat
n;language=dflt;!
Missing character: There is no │ (U+2502) in font TeX Gyre Cursor/OT:script=lat
n;language=dflt;!
Missing character: There is no ┌ (U+250C) in font TeX Gyre Cursor/OT:script=lat
n;language=dflt;!
Missing character: There is no ─ (U+2500) in font TeX Gyre Cursor/OT:script=lat
n;language=dflt;!
Missing character: There is no ─ (U+2500) in font TeX Gyre Cursor/OT:script=lat
n;language=dflt;!
Missing character: There is no ─ (U+2500) in font TeX Gyre Cursor/OT:script=lat
n;language=dflt;!
Missing character: There is no ─ (U+2500) in font TeX Gyre Cursor/OT:script=lat
n;language=dflt;!
Missing character: There is no ─ (U+2500) in font TeX Gyre Cursor/OT:script=lat
n;language=dflt;!
Missing character: There is no ─ (U+2500) in font TeX Gyre Cursor/OT:script=lat
n;language=dflt;!
Missing character: There is no ─ (U+2500) in font TeX Gyre Cursor/OT:script=lat
n;language=dflt;!
Missing character: There is no ─ (U+2500) in font TeX Gyre Cursor/OT:script=lat
n;language=dflt;!
Missing character: There is no ─ (U+2500) in font TeX Gyre Cursor/OT:script=lat
n;language=dflt;!
Missing character: There is no ─ (U+2500) in font TeX Gyre Cursor/OT:script=lat
n;language=dflt;!
Missing character: There is no ─ (U+2500) in font TeX Gyre Cursor/OT:script=lat
n;language=dflt;!
Missing character: There is no ─ (U+2500) in font TeX Gyre Cursor/OT:script=lat
n;language=dflt;!
Missing character: There is no ─ (U+2500) in font TeX Gyre Cursor/OT:script=lat
n;language=dflt;!
Missing character: There is no ─ (U+2500) in font TeX Gyre Cursor/OT:script=lat
n;language=dflt;!
Missing character: There is no ─ (U+2500) in font TeX Gyre Cursor/OT:script=lat
n;language=dflt;!
Missing character: There is no ─ (U+2500) in font TeX Gyre Cursor/OT:script=lat
n;language=dflt;!
Missing character: There is no ─ (U+2500) in font TeX Gyre Cursor/OT:script=lat
n;language=dflt;!
Missing character: There is no ▼ (U+25BC) in font TeX Gyre Cursor/OT:script=lat
n;language=dflt;!
Missing character: There is no ─ (U+2500) in font TeX Gyre Cursor/OT:script=lat
n;language=dflt;!
Missing character: There is no ─ (U+2500) in font TeX Gyre Cursor/OT:script=lat
n;language=dflt;!
Missing character: There is no ─ (U+2500) in font TeX Gyre Cursor/OT:script=lat
n;language=dflt;!
Missing character: There is no ─ (U+2500) in font TeX Gyre Cursor/OT:script=lat
n;language=dflt;!
Missing character: There is no ─ (U+2500) in font TeX Gyre Cursor/OT:script=lat
n;language=dflt;!
Missing character: There is no ─ (U+2500) in font TeX Gyre Cursor/OT:script=lat
n;language=dflt;!
Missing character: There is no ─ (U+2500) in font TeX Gyre Cursor/OT:script=lat
n;language=dflt;!
Missing character: There is no ─ (U+2500) in font TeX Gyre Cursor/OT:script=lat
n;language=dflt;!
Missing character: There is no ─ (U+2500) in font TeX Gyre Cursor/OT:script=lat
n;language=dflt;!
Missing character: There is no ─ (U+2500) in font TeX Gyre Cursor/OT:script=lat
n;language=dflt;!
Missing character: There is no ─ (U+2500) in font TeX Gyre Cursor/OT:script=lat
n;language=dflt;!
Missing character: There is no ─ (U+2500) in font TeX Gyre Cursor/OT:script=lat
n;language=dflt;!
Missing character: There is no ─ (U+2500) in font TeX Gyre Cursor/OT:script=lat
n;language=dflt;!
Missing character: There is no ─ (U+2500) in font TeX Gyre Cursor/OT:script=lat
n;language=dflt;!
Missing character: There is no ─ (U+2500) in font TeX Gyre Cursor/OT:script=lat
n;language=dflt;!
Missing character: There is no ─ (U+2500) in font TeX Gyre Cursor/OT:script=lat
n;language=dflt;!
Missing character: There is no ─ (U+2500) in font TeX Gyre Cursor/OT:script=lat
n;language=dflt;!
Missing character: There is no ─ (U+2500) in font TeX Gyre Cursor/OT:script=lat
n;language=dflt;!
Missing character: There is no ─ (U+2500) in font TeX Gyre Cursor/OT:script=lat
n;language=dflt;!
Missing character: There is no ─ (U+2500) in font TeX Gyre Cursor/OT:script=lat
n;language=dflt;!
Missing character: There is no ─ (U+2500) in font TeX Gyre Cursor/OT:script=lat
n;language=dflt;!
Missing character: There is no ─ (U+2500) in font TeX Gyre Cursor/OT:script=lat
n;language=dflt;!
Missing character: There is no ─ (U+2500) in font TeX Gyre Cursor/OT:script=lat
n;language=dflt;!
Missing character: There is no ─ (U+2500) in font TeX Gyre Cursor/OT:script=lat
n;language=dflt;!
Missing character: There is no ─ (U+2500) in font TeX Gyre Cursor/OT:script=lat
n;language=dflt;!
Missing character: There is no ─ (U+2500) in font TeX Gyre Cursor/OT:script=lat
n;language=dflt;!
Missing character: There is no ─ (U+2500) in font TeX Gyre Cursor/OT:script=lat
n;language=dflt;!
Missing character: There is no ─ (U+2500) in font TeX Gyre Cursor/OT:script=lat
n;language=dflt;!
Missing character: There is no ─ (U+2500) in font TeX Gyre Cursor/OT:script=lat
n;language=dflt;!
Missing character: There is no ─ (U+2500) in font TeX Gyre Cursor/OT:script=lat
n;language=dflt;!
Missing character: There is no ─ (U+2500) in font TeX Gyre Cursor/OT:script=lat
n;language=dflt;!
Missing character: There is no ┐ (U+2510) in font TeX Gyre Cursor/OT:script=lat
n;language=dflt;!
Missing character: There is no │ (U+2502) in font TeX Gyre Cursor/OT:script=lat
n;language=dflt;!
Missing character: There is no │ (U+2502) in font TeX Gyre Cursor/OT:script=lat
n;language=dflt;!
Missing character: There is no │ (U+2502) in font TeX Gyre Cursor/OT:script=lat
n;language=dflt;!
Missing character: There is no ┌ (U+250C) in font TeX Gyre Cursor/OT:script=lat
n;language=dflt;!
Missing character: There is no ─ (U+2500) in font TeX Gyre Cursor/OT:script=lat
n;language=dflt;!
Missing character: There is no ─ (U+2500) in font TeX Gyre Cursor/OT:script=lat
n;language=dflt;!
Missing character: There is no ─ (U+2500) in font TeX Gyre Cursor/OT:script=lat
n;language=dflt;!
Missing character: There is no ─ (U+2500) in font TeX Gyre Cursor/OT:script=lat
n;language=dflt;!
Missing character: There is no ─ (U+2500) in font TeX Gyre Cursor/OT:script=lat
n;language=dflt;!
Missing character: There is no ─ (U+2500) in font TeX Gyre Cursor/OT:script=lat
n;language=dflt;!
Missing character: There is no ─ (U+2500) in font TeX Gyre Cursor/OT:script=lat
n;language=dflt;!
Missing character: There is no ─ (U+2500) in font TeX Gyre Cursor/OT:script=lat
n;language=dflt;!
Missing character: There is no ─ (U+2500) in font TeX Gyre Cursor/OT:script=lat
n;language=dflt;!
Missing character: There is no ┬ (U+252C) in font TeX Gyre Cursor/OT:script=lat
n;language=dflt;!
Missing character: There is no ─ (U+2500) in font TeX Gyre Cursor/OT:script=lat
n;language=dflt;!
Missing character: There is no ─ (U+2500) in font TeX Gyre Cursor/OT:script=lat
n;language=dflt;!
Missing character: There is no ─ (U+2500) in font TeX Gyre Cursor/OT:script=lat
n;language=dflt;!
Missing character: There is no ─ (U+2500) in font TeX Gyre Cursor/OT:script=lat
n;language=dflt;!
Missing character: There is no ─ (U+2500) in font TeX Gyre Cursor/OT:script=lat
n;language=dflt;!
Missing character: There is no ─ (U+2500) in font TeX Gyre Cursor/OT:script=lat
n;language=dflt;!
Missing character: There is no ─ (U+2500) in font TeX Gyre Cursor/OT:script=lat
n;language=dflt;!
Missing character: There is no ─ (U+2500) in font TeX Gyre Cursor/OT:script=lat
n;language=dflt;!
Missing character: There is no ─ (U+2500) in font TeX Gyre Cursor/OT:script=lat
n;language=dflt;!
Missing character: There is no ┬ (U+252C) in font TeX Gyre Cursor/OT:script=lat
n;language=dflt;!
Missing character: There is no ─ (U+2500) in font TeX Gyre Cursor/OT:script=lat
n;language=dflt;!
Missing character: There is no ─ (U+2500) in font TeX Gyre Cursor/OT:script=lat
n;language=dflt;!
Missing character: There is no ─ (U+2500) in font TeX Gyre Cursor/OT:script=lat
n;language=dflt;!
Missing character: There is no ─ (U+2500) in font TeX Gyre Cursor/OT:script=lat
n;language=dflt;!
Missing character: There is no ─ (U+2500) in font TeX Gyre Cursor/OT:script=lat
n;language=dflt;!
Missing character: There is no ─ (U+2500) in font TeX Gyre Cursor/OT:script=lat
n;language=dflt;!
Missing character: There is no ─ (U+2500) in font TeX Gyre Cursor/OT:script=lat
n;language=dflt;!
Missing character: There is no ─ (U+2500) in font TeX Gyre Cursor/OT:script=lat
n;language=dflt;!
Missing character: There is no ─ (U+2500) in font TeX Gyre Cursor/OT:script=lat
n;language=dflt;!
Missing character: There is no ┬ (U+252C) in font TeX Gyre Cursor/OT:script=lat
n;language=dflt;!
Missing character: There is no ─ (U+2500) in font TeX Gyre Cursor/OT:script=lat
n;language=dflt;!
Missing character: There is no ─ (U+2500) in font TeX Gyre Cursor/OT:script=lat
n;language=dflt;!
Missing character: There is no ─ (U+2500) in font TeX Gyre Cursor/OT:script=lat
n;language=dflt;!
Missing character: There is no ─ (U+2500) in font TeX Gyre Cursor/OT:script=lat
n;language=dflt;!
Missing character: There is no ─ (U+2500) in font TeX Gyre Cursor/OT:script=lat
n;language=dflt;!
Missing character: There is no ─ (U+2500) in font TeX Gyre Cursor/OT:script=lat
n;language=dflt;!
Missing character: There is no ─ (U+2500) in font TeX Gyre Cursor/OT:script=lat
n;language=dflt;!
Missing character: There is no ─ (U+2500) in font TeX Gyre Cursor/OT:script=lat
n;language=dflt;!
Missing character: There is no ─ (U+2500) in font TeX Gyre Cursor/OT:script=lat
n;language=dflt;!
Missing character: There is no ┐ (U+2510) in font TeX Gyre Cursor/OT:script=lat
n;language=dflt;!
Missing character: There is no │ (U+2502) in font TeX Gyre Cursor/OT:script=lat
n;language=dflt;!
Missing character: There is no │ (U+2502) in font TeX Gyre Cursor/OT:script=lat
n;language=dflt;!
Missing character: There is no │ (U+2502) in font TeX Gyre Cursor/OT:script=lat
n;language=dflt;!
Missing character: There is no │ (U+2502) in font TeX Gyre Cursor/OT:script=lat
n;language=dflt;!
Missing character: There is no │ (U+2502) in font TeX Gyre Cursor/OT:script=lat
n;language=dflt;!
Missing character: There is no │ (U+2502) in font TeX Gyre Cursor/OT:script=lat
n;language=dflt;!
Missing character: There is no │ (U+2502) in font TeX Gyre Cursor/OT:script=lat
n;language=dflt;!
Missing character: There is no │ (U+2502) in font TeX Gyre Cursor/OT:script=lat
n;language=dflt;!
Missing character: There is no │ (U+2502) in font TeX Gyre Cursor/OT:script=lat
n;language=dflt;!
Missing character: There is no └ (U+2514) in font TeX Gyre Cursor/OT:script=lat
n;language=dflt;!
Missing character: There is no ─ (U+2500) in font TeX Gyre Cursor/OT:script=lat
n;language=dflt;!
Missing character: There is no ─ (U+2500) in font TeX Gyre Cursor/OT:script=lat
n;language=dflt;!
Missing character: There is no ─ (U+2500) in font TeX Gyre Cursor/OT:script=lat
n;language=dflt;!
Missing character: There is no ─ (U+2500) in font TeX Gyre Cursor/OT:script=lat
n;language=dflt;!
Missing character: There is no ─ (U+2500) in font TeX Gyre Cursor/OT:script=lat
n;language=dflt;!
Missing character: There is no ─ (U+2500) in font TeX Gyre Cursor/OT:script=lat
n;language=dflt;!
Missing character: There is no ─ (U+2500) in font TeX Gyre Cursor/OT:script=lat
n;language=dflt;!
Missing character: There is no ─ (U+2500) in font TeX Gyre Cursor/OT:script=lat
n;language=dflt;!
Missing character: There is no ─ (U+2500) in font TeX Gyre Cursor/OT:script=lat
n;language=dflt;!
Missing character: There is no ┴ (U+2534) in font TeX Gyre Cursor/OT:script=lat
n;language=dflt;!
Missing character: There is no ─ (U+2500) in font TeX Gyre Cursor/OT:script=lat
n;language=dflt;!
Missing character: There is no ─ (U+2500) in font TeX Gyre Cursor/OT:script=lat
n;language=dflt;!
Missing character: There is no ─ (U+2500) in font TeX Gyre Cursor/OT:script=lat
n;language=dflt;!
Missing character: There is no ─ (U+2500) in font TeX Gyre Cursor/OT:script=lat
n;language=dflt;!
Missing character: There is no ─ (U+2500) in font TeX Gyre Cursor/OT:script=lat
n;language=dflt;!
Missing character: There is no ─ (U+2500) in font TeX Gyre Cursor/OT:script=lat
n;language=dflt;!
Missing character: There is no ─ (U+2500) in font TeX Gyre Cursor/OT:script=lat
n;language=dflt;!
Missing character: There is no ─ (U+2500) in font TeX Gyre Cursor/OT:script=lat
n;language=dflt;!
Missing character: There is no ─ (U+2500) in font TeX Gyre Cursor/OT:script=lat
n;language=dflt;!
Missing character: There is no ┴ (U+2534) in font TeX Gyre Cursor/OT:script=lat
n;language=dflt;!
Missing character: There is no ─ (U+2500) in font TeX Gyre Cursor/OT:script=lat
n;language=dflt;!
Missing character: There is no ─ (U+2500) in font TeX Gyre Cursor/OT:script=lat
n;language=dflt;!
Missing character: There is no ─ (U+2500) in font TeX Gyre Cursor/OT:script=lat
n;language=dflt;!
Missing character: There is no ─ (U+2500) in font TeX Gyre Cursor/OT:script=lat
n;language=dflt;!
Missing character: There is no ─ (U+2500) in font TeX Gyre Cursor/OT:script=lat
n;language=dflt;!
Missing character: There is no ─ (U+2500) in font TeX Gyre Cursor/OT:script=lat
n;language=dflt;!
Missing character: There is no ─ (U+2500) in font TeX Gyre Cursor/OT:script=lat
n;language=dflt;!
Missing character: There is no ─ (U+2500) in font TeX Gyre Cursor/OT:script=lat
n;language=dflt;!
Missing character: There is no ─ (U+2500) in font TeX Gyre Cursor/OT:script=lat
n;language=dflt;!
Missing character: There is no ┴ (U+2534) in font TeX Gyre Cursor/OT:script=lat
n;language=dflt;!
Missing character: There is no ─ (U+2500) in font TeX Gyre Cursor/OT:script=lat
n;language=dflt;!
Missing character: There is no ─ (U+2500) in font TeX Gyre Cursor/OT:script=lat
n;language=dflt;!
Missing character: There is no ─ (U+2500) in font TeX Gyre Cursor/OT:script=lat
n;language=dflt;!
Missing character: There is no ─ (U+2500) in font TeX Gyre Cursor/OT:script=lat
n;language=dflt;!
Missing character: There is no ─ (U+2500) in font TeX Gyre Cursor/OT:script=lat
n;language=dflt;!
Missing character: There is no ─ (U+2500) in font TeX Gyre Cursor/OT:script=lat
n;language=dflt;!
Missing character: There is no ─ (U+2500) in font TeX Gyre Cursor/OT:script=lat
n;language=dflt;!
Missing character: There is no ─ (U+2500) in font TeX Gyre Cursor/OT:script=lat
n;language=dflt;!
Missing character: There is no ─ (U+2500) in font TeX Gyre Cursor/OT:script=lat
n;language=dflt;!
Missing character: There is no ┘ (U+2518) in font TeX Gyre Cursor/OT:script=lat
n;language=dflt;!
Missing character: There is no │ (U+2502) in font TeX Gyre Cursor/OT:script=lat
n;language=dflt;!
Missing character: There is no └ (U+2514) in font TeX Gyre Cursor/OT:script=lat
n;language=dflt;!
Missing character: There is no ─ (U+2500) in font TeX Gyre Cursor/OT:script=lat
n;language=dflt;!
Missing character: There is no ─ (U+2500) in font TeX Gyre Cursor/OT:script=lat
n;language=dflt;!
Missing character: There is no ─ (U+2500) in font TeX Gyre Cursor/OT:script=lat
n;language=dflt;!
Missing character: There is no ─ (U+2500) in font TeX Gyre Cursor/OT:script=lat
n;language=dflt;!
Missing character: There is no ─ (U+2500) in font TeX Gyre Cursor/OT:script=lat
n;language=dflt;!
Missing character: There is no ─ (U+2500) in font TeX Gyre Cursor/OT:script=lat
n;language=dflt;!
Missing character: There is no ─ (U+2500) in font TeX Gyre Cursor/OT:script=lat
n;language=dflt;!
Missing character: There is no ─ (U+2500) in font TeX Gyre Cursor/OT:script=lat
n;language=dflt;!
Missing character: There is no ─ (U+2500) in font TeX Gyre Cursor/OT:script=lat
n;language=dflt;!
Missing character: There is no ─ (U+2500) in font TeX Gyre Cursor/OT:script=lat
n;language=dflt;!
Missing character: There is no ─ (U+2500) in font TeX Gyre Cursor/OT:script=lat
n;language=dflt;!
Missing character: There is no ─ (U+2500) in font TeX Gyre Cursor/OT:script=lat
n;language=dflt;!
Missing character: There is no ─ (U+2500) in font TeX Gyre Cursor/OT:script=lat
n;language=dflt;!
Missing character: There is no ─ (U+2500) in font TeX Gyre Cursor/OT:script=lat
n;language=dflt;!
Missing character: There is no ─ (U+2500) in font TeX Gyre Cursor/OT:script=lat
n;language=dflt;!
Missing character: There is no ─ (U+2500) in font TeX Gyre Cursor/OT:script=lat
n;language=dflt;!
Missing character: There is no ─ (U+2500) in font TeX Gyre Cursor/OT:script=lat
n;language=dflt;!
Missing character: There is no ┬ (U+252C) in font TeX Gyre Cursor/OT:script=lat
n;language=dflt;!
Missing character: There is no ─ (U+2500) in font TeX Gyre Cursor/OT:script=lat
n;language=dflt;!
Missing character: There is no ─ (U+2500) in font TeX Gyre Cursor/OT:script=lat
n;language=dflt;!
Missing character: There is no ─ (U+2500) in font TeX Gyre Cursor/OT:script=lat
n;language=dflt;!
Missing character: There is no ─ (U+2500) in font TeX Gyre Cursor/OT:script=lat
n;language=dflt;!
Missing character: There is no ─ (U+2500) in font TeX Gyre Cursor/OT:script=lat
n;language=dflt;!
Missing character: There is no ─ (U+2500) in font TeX Gyre Cursor/OT:script=lat
n;language=dflt;!
Missing character: There is no ─ (U+2500) in font TeX Gyre Cursor/OT:script=lat
n;language=dflt;!
Missing character: There is no ─ (U+2500) in font TeX Gyre Cursor/OT:script=lat
n;language=dflt;!
Missing character: There is no ─ (U+2500) in font TeX Gyre Cursor/OT:script=lat
n;language=dflt;!
Missing character: There is no ─ (U+2500) in font TeX Gyre Cursor/OT:script=lat
n;language=dflt;!
Missing character: There is no ─ (U+2500) in font TeX Gyre Cursor/OT:script=lat
n;language=dflt;!
Missing character: There is no ─ (U+2500) in font TeX Gyre Cursor/OT:script=lat
n;language=dflt;!
Missing character: There is no ─ (U+2500) in font TeX Gyre Cursor/OT:script=lat
n;language=dflt;!
Missing character: There is no ─ (U+2500) in font TeX Gyre Cursor/OT:script=lat
n;language=dflt;!
Missing character: There is no ─ (U+2500) in font TeX Gyre Cursor/OT:script=lat
n;language=dflt;!
Missing character: There is no ─ (U+2500) in font TeX Gyre Cursor/OT:script=lat
n;language=dflt;!
Missing character: There is no ─ (U+2500) in font TeX Gyre Cursor/OT:script=lat
n;language=dflt;!
Missing character: There is no ─ (U+2500) in font TeX Gyre Cursor/OT:script=lat
n;language=dflt;!
Missing character: There is no ─ (U+2500) in font TeX Gyre Cursor/OT:script=lat
n;language=dflt;!
Missing character: There is no ─ (U+2500) in font TeX Gyre Cursor/OT:script=lat
n;language=dflt;!
Missing character: There is no ─ (U+2500) in font TeX Gyre Cursor/OT:script=lat
n;language=dflt;!
Missing character: There is no ─ (U+2500) in font TeX Gyre Cursor/OT:script=lat
n;language=dflt;!
Missing character: There is no ─ (U+2500) in font TeX Gyre Cursor/OT:script=lat
n;language=dflt;!
Missing character: There is no ─ (U+2500) in font TeX Gyre Cursor/OT:script=lat
n;language=dflt;!
Missing character: There is no ─ (U+2500) in font TeX Gyre Cursor/OT:script=lat
n;language=dflt;!
Missing character: There is no ─ (U+2500) in font TeX Gyre Cursor/OT:script=lat
n;language=dflt;!
Missing character: There is no ─ (U+2500) in font TeX Gyre Cursor/OT:script=lat
n;language=dflt;!
Missing character: There is no ─ (U+2500) in font TeX Gyre Cursor/OT:script=lat
n;language=dflt;!
Missing character: There is no ─ (U+2500) in font TeX Gyre Cursor/OT:script=lat
n;language=dflt;!
Missing character: There is no ─ (U+2500) in font TeX Gyre Cursor/OT:script=lat
n;language=dflt;!
Missing character: There is no ─ (U+2500) in font TeX Gyre Cursor/OT:script=lat
n;language=dflt;!
Missing character: There is no ┘ (U+2518) in font TeX Gyre Cursor/OT:script=lat
n;language=dflt;!
Missing character: There is no │ (U+2502) in font TeX Gyre Cursor/OT:script=lat
n;language=dflt;!
Missing character: There is no ┌ (U+250C) in font TeX Gyre Cursor/OT:script=lat
n;language=dflt;!
Missing character: There is no ─ (U+2500) in font TeX Gyre Cursor/OT:script=lat
n;language=dflt;!
Missing character: There is no ─ (U+2500) in font TeX Gyre Cursor/OT:script=lat
n;language=dflt;!
Missing character: There is no ─ (U+2500) in font TeX Gyre Cursor/OT:script=lat
n;language=dflt;!
Missing character: There is no ─ (U+2500) in font TeX Gyre Cursor/OT:script=lat
n;language=dflt;!
Missing character: There is no ─ (U+2500) in font TeX Gyre Cursor/OT:script=lat
n;language=dflt;!
Missing character: There is no ─ (U+2500) in font TeX Gyre Cursor/OT:script=lat
n;language=dflt;!
Missing character: There is no ─ (U+2500) in font TeX Gyre Cursor/OT:script=lat
n;language=dflt;!
Missing character: There is no ─ (U+2500) in font TeX Gyre Cursor/OT:script=lat
n;language=dflt;!
Missing character: There is no ─ (U+2500) in font TeX Gyre Cursor/OT:script=lat
n;language=dflt;!
Missing character: There is no ─ (U+2500) in font TeX Gyre Cursor/OT:script=lat
n;language=dflt;!
Missing character: There is no ─ (U+2500) in font TeX Gyre Cursor/OT:script=lat
n;language=dflt;!
Missing character: There is no ─ (U+2500) in font TeX Gyre Cursor/OT:script=lat
n;language=dflt;!
Missing character: There is no ─ (U+2500) in font TeX Gyre Cursor/OT:script=lat
n;language=dflt;!
Missing character: There is no ─ (U+2500) in font TeX Gyre Cursor/OT:script=lat
n;language=dflt;!
Missing character: There is no ─ (U+2500) in font TeX Gyre Cursor/OT:script=lat
n;language=dflt;!
Missing character: There is no ─ (U+2500) in font TeX Gyre Cursor/OT:script=lat
n;language=dflt;!
Missing character: There is no ─ (U+2500) in font TeX Gyre Cursor/OT:script=lat
n;language=dflt;!
Missing character: There is no ▼ (U+25BC) in font TeX Gyre Cursor/OT:script=lat
n;language=dflt;!
Missing character: There is no ─ (U+2500) in font TeX Gyre Cursor/OT:script=lat
n;language=dflt;!
Missing character: There is no ─ (U+2500) in font TeX Gyre Cursor/OT:script=lat
n;language=dflt;!
Missing character: There is no ─ (U+2500) in font TeX Gyre Cursor/OT:script=lat
n;language=dflt;!
Missing character: There is no ─ (U+2500) in font TeX Gyre Cursor/OT:script=lat
n;language=dflt;!
Missing character: There is no ─ (U+2500) in font TeX Gyre Cursor/OT:script=lat
n;language=dflt;!
Missing character: There is no ─ (U+2500) in font TeX Gyre Cursor/OT:script=lat
n;language=dflt;!
Missing character: There is no ─ (U+2500) in font TeX Gyre Cursor/OT:script=lat
n;language=dflt;!
Missing character: There is no ─ (U+2500) in font TeX Gyre Cursor/OT:script=lat
n;language=dflt;!
Missing character: There is no ─ (U+2500) in font TeX Gyre Cursor/OT:script=lat
n;language=dflt;!
Missing character: There is no ─ (U+2500) in font TeX Gyre Cursor/OT:script=lat
n;language=dflt;!
Missing character: There is no ─ (U+2500) in font TeX Gyre Cursor/OT:script=lat
n;language=dflt;!
Missing character: There is no ─ (U+2500) in font TeX Gyre Cursor/OT:script=lat
n;language=dflt;!
Missing character: There is no ─ (U+2500) in font TeX Gyre Cursor/OT:script=lat
n;language=dflt;!
Missing character: There is no ─ (U+2500) in font TeX Gyre Cursor/OT:script=lat
n;language=dflt;!
Missing character: There is no ─ (U+2500) in font TeX Gyre Cursor/OT:script=lat
n;language=dflt;!
Missing character: There is no ─ (U+2500) in font TeX Gyre Cursor/OT:script=lat
n;language=dflt;!
Missing character: There is no ─ (U+2500) in font TeX Gyre Cursor/OT:script=lat
n;language=dflt;!
Missing character: There is no ─ (U+2500) in font TeX Gyre Cursor/OT:script=lat
n;language=dflt;!
Missing character: There is no ─ (U+2500) in font TeX Gyre Cursor/OT:script=lat
n;language=dflt;!
Missing character: There is no ─ (U+2500) in font TeX Gyre Cursor/OT:script=lat
n;language=dflt;!
Missing character: There is no ─ (U+2500) in font TeX Gyre Cursor/OT:script=lat
n;language=dflt;!
Missing character: There is no ─ (U+2500) in font TeX Gyre Cursor/OT:script=lat
n;language=dflt;!
Missing character: There is no ─ (U+2500) in font TeX Gyre Cursor/OT:script=lat
n;language=dflt;!
Missing character: There is no ─ (U+2500) in font TeX Gyre Cursor/OT:script=lat
n;language=dflt;!
Missing character: There is no ─ (U+2500) in font TeX Gyre Cursor/OT:script=lat
n;language=dflt;!
Missing character: There is no ─ (U+2500) in font TeX Gyre Cursor/OT:script=lat
n;language=dflt;!
Missing character: There is no ─ (U+2500) in font TeX Gyre Cursor/OT:script=lat
n;language=dflt;!
Missing character: There is no ─ (U+2500) in font TeX Gyre Cursor/OT:script=lat
n;language=dflt;!
Missing character: There is no ─ (U+2500) in font TeX Gyre Cursor/OT:script=lat
n;language=dflt;!
Missing character: There is no ─ (U+2500) in font TeX Gyre Cursor/OT:script=lat
n;language=dflt;!
Missing character: There is no ─ (U+2500) in font TeX Gyre Cursor/OT:script=lat
n;language=dflt;!
Missing character: There is no ┐ (U+2510) in font TeX Gyre Cursor/OT:script=lat
n;language=dflt;!
Missing character: There is no │ (U+2502) in font TeX Gyre Cursor/OT:script=lat
n;language=dflt;!
Missing character: There is no │ (U+2502) in font TeX Gyre Cursor/OT:script=lat
n;language=dflt;!
Missing character: There is no │ (U+2502) in font TeX Gyre Cursor/OT:script=lat
n;language=dflt;!
Missing character: There is no │ (U+2502) in font TeX Gyre Cursor/OT:script=lat
n;language=dflt;!
Missing character: There is no └ (U+2514) in font TeX Gyre Cursor/OT:script=lat
n;language=dflt;!
Missing character: There is no ─ (U+2500) in font TeX Gyre Cursor/OT:script=lat
n;language=dflt;!
Missing character: There is no ─ (U+2500) in font TeX Gyre Cursor/OT:script=lat
n;language=dflt;!
Missing character: There is no ─ (U+2500) in font TeX Gyre Cursor/OT:script=lat
n;language=dflt;!
Missing character: There is no ─ (U+2500) in font TeX Gyre Cursor/OT:script=lat
n;language=dflt;!
Missing character: There is no ─ (U+2500) in font TeX Gyre Cursor/OT:script=lat
n;language=dflt;!
Missing character: There is no ─ (U+2500) in font TeX Gyre Cursor/OT:script=lat
n;language=dflt;!
Missing character: There is no ─ (U+2500) in font TeX Gyre Cursor/OT:script=lat
n;language=dflt;!
Missing character: There is no ─ (U+2500) in font TeX Gyre Cursor/OT:script=lat
n;language=dflt;!
Missing character: There is no ─ (U+2500) in font TeX Gyre Cursor/OT:script=lat
n;language=dflt;!
Missing character: There is no ─ (U+2500) in font TeX Gyre Cursor/OT:script=lat
n;language=dflt;!
Missing character: There is no ─ (U+2500) in font TeX Gyre Cursor/OT:script=lat
n;language=dflt;!
Missing character: There is no ─ (U+2500) in font TeX Gyre Cursor/OT:script=lat
n;language=dflt;!
Missing character: There is no ─ (U+2500) in font TeX Gyre Cursor/OT:script=lat
n;language=dflt;!
Missing character: There is no ─ (U+2500) in font TeX Gyre Cursor/OT:script=lat
n;language=dflt;!
Missing character: There is no ─ (U+2500) in font TeX Gyre Cursor/OT:script=lat
n;language=dflt;!
Missing character: There is no ─ (U+2500) in font TeX Gyre Cursor/OT:script=lat
n;language=dflt;!
Missing character: There is no ─ (U+2500) in font TeX Gyre Cursor/OT:script=lat
n;language=dflt;!
Missing character: There is no ─ (U+2500) in font TeX Gyre Cursor/OT:script=lat
n;language=dflt;!
Missing character: There is no ─ (U+2500) in font TeX Gyre Cursor/OT:script=lat
n;language=dflt;!
Missing character: There is no ─ (U+2500) in font TeX Gyre Cursor/OT:script=lat
n;language=dflt;!
Missing character: There is no ─ (U+2500) in font TeX Gyre Cursor/OT:script=lat
n;language=dflt;!
Missing character: There is no ─ (U+2500) in font TeX Gyre Cursor/OT:script=lat
n;language=dflt;!
Missing character: There is no ─ (U+2500) in font TeX Gyre Cursor/OT:script=lat
n;language=dflt;!
Missing character: There is no ─ (U+2500) in font TeX Gyre Cursor/OT:script=lat
n;language=dflt;!
Missing character: There is no ─ (U+2500) in font TeX Gyre Cursor/OT:script=lat
n;language=dflt;!
Missing character: There is no ─ (U+2500) in font TeX Gyre Cursor/OT:script=lat
n;language=dflt;!
Missing character: There is no ─ (U+2500) in font TeX Gyre Cursor/OT:script=lat
n;language=dflt;!
Missing character: There is no ─ (U+2500) in font TeX Gyre Cursor/OT:script=lat
n;language=dflt;!
Missing character: There is no ─ (U+2500) in font TeX Gyre Cursor/OT:script=lat
n;language=dflt;!
Missing character: There is no ─ (U+2500) in font TeX Gyre Cursor/OT:script=lat
n;language=dflt;!
Missing character: There is no ─ (U+2500) in font TeX Gyre Cursor/OT:script=lat
n;language=dflt;!
Missing character: There is no ─ (U+2500) in font TeX Gyre Cursor/OT:script=lat
n;language=dflt;!
Missing character: There is no ─ (U+2500) in font TeX Gyre Cursor/OT:script=lat
n;language=dflt;!
Missing character: There is no ─ (U+2500) in font TeX Gyre Cursor/OT:script=lat
n;language=dflt;!
Missing character: There is no ─ (U+2500) in font TeX Gyre Cursor/OT:script=lat
n;language=dflt;!
Missing character: There is no ─ (U+2500) in font TeX Gyre Cursor/OT:script=lat
n;language=dflt;!
Missing character: There is no ─ (U+2500) in font TeX Gyre Cursor/OT:script=lat
n;language=dflt;!
Missing character: There is no ─ (U+2500) in font TeX Gyre Cursor/OT:script=lat
n;language=dflt;!
Missing character: There is no ─ (U+2500) in font TeX Gyre Cursor/OT:script=lat
n;language=dflt;!
Missing character: There is no ─ (U+2500) in font TeX Gyre Cursor/OT:script=lat
n;language=dflt;!
Missing character: There is no ─ (U+2500) in font TeX Gyre Cursor/OT:script=lat
n;language=dflt;!
Missing character: There is no ─ (U+2500) in font TeX Gyre Cursor/OT:script=lat
n;language=dflt;!
Missing character: There is no ─ (U+2500) in font TeX Gyre Cursor/OT:script=lat
n;language=dflt;!
Missing character: There is no ─ (U+2500) in font TeX Gyre Cursor/OT:script=lat
n;language=dflt;!
Missing character: There is no ─ (U+2500) in font TeX Gyre Cursor/OT:script=lat
n;language=dflt;!
Missing character: There is no ─ (U+2500) in font TeX Gyre Cursor/OT:script=lat
n;language=dflt;!
Missing character: There is no ─ (U+2500) in font TeX Gyre Cursor/OT:script=lat
n;language=dflt;!
Missing character: There is no ─ (U+2500) in font TeX Gyre Cursor/OT:script=lat
n;language=dflt;!
Missing character: There is no ─ (U+2500) in font TeX Gyre Cursor/OT:script=lat
n;language=dflt;!
Missing character: There is no ┘ (U+2518) in font TeX Gyre Cursor/OT:script=lat
n;language=dflt;!


[554]

[555]

[556] (c:/texlive/2025/texmf-dist/tex/latex/listings/lstlang1.sty
File: lstlang1.sty 2024/09/23 1.10c listings language file
)
Underfull \vbox (badness 2961) has occurred while \output is active []



[557] (c:/texlive/2025/texmf-dist/tex/latex/listings/lstlang1.sty
File: lstlang1.sty 2024/09/23 1.10c listings language file
)
Underfull \vbox (badness 1194) has occurred while \output is active []



[558]

[559]
Underfull \vbox (badness 5548) has occurred while \output is active []



[560]
Underfull \vbox (badness 10000) has occurred while \output is active []



[561]
Underfull \vbox (badness 10000) has occurred while \output is active []



[562]
Underfull \vbox (badness 10000) has occurred while \output is active []



[563]
Underfull \vbox (badness 10000) has occurred while \output is active []



[564]
Underfull \vbox (badness 10000) has occurred while \output is active []



[565]
Missing character: There is no ┌ (U+250C) in font TeX Gyre Cursor/OT:script=lat
n;language=dflt;!
Missing character: There is no ─ (U+2500) in font TeX Gyre Cursor/OT:script=lat
n;language=dflt;!
Missing character: There is no ─ (U+2500) in font TeX Gyre Cursor/OT:script=lat
n;language=dflt;!
Missing character: There is no ─ (U+2500) in font TeX Gyre Cursor/OT:script=lat
n;language=dflt;!
Missing character: There is no ─ (U+2500) in font TeX Gyre Cursor/OT:script=lat
n;language=dflt;!
Missing character: There is no ─ (U+2500) in font TeX Gyre Cursor/OT:script=lat
n;language=dflt;!
Missing character: There is no ─ (U+2500) in font TeX Gyre Cursor/OT:script=lat
n;language=dflt;!
Missing character: There is no ─ (U+2500) in font TeX Gyre Cursor/OT:script=lat
n;language=dflt;!
Missing character: There is no ─ (U+2500) in font TeX Gyre Cursor/OT:script=lat
n;language=dflt;!
Missing character: There is no ─ (U+2500) in font TeX Gyre Cursor/OT:script=lat
n;language=dflt;!
Missing character: There is no ─ (U+2500) in font TeX Gyre Cursor/OT:script=lat
n;language=dflt;!
Missing character: There is no ─ (U+2500) in font TeX Gyre Cursor/OT:script=lat
n;language=dflt;!
Missing character: There is no ─ (U+2500) in font TeX Gyre Cursor/OT:script=lat
n;language=dflt;!
Missing character: There is no ─ (U+2500) in font TeX Gyre Cursor/OT:script=lat
n;language=dflt;!
Missing character: There is no ─ (U+2500) in font TeX Gyre Cursor/OT:script=lat
n;language=dflt;!
Missing character: There is no ─ (U+2500) in font TeX Gyre Cursor/OT:script=lat
n;language=dflt;!
Missing character: There is no ─ (U+2500) in font TeX Gyre Cursor/OT:script=lat
n;language=dflt;!
Missing character: There is no ─ (U+2500) in font TeX Gyre Cursor/OT:script=lat
n;language=dflt;!
Missing character: There is no ─ (U+2500) in font TeX Gyre Cursor/OT:script=lat
n;language=dflt;!
Missing character: There is no ─ (U+2500) in font TeX Gyre Cursor/OT:script=lat
n;language=dflt;!
Missing character: There is no ─ (U+2500) in font TeX Gyre Cursor/OT:script=lat
n;language=dflt;!
Missing character: There is no ─ (U+2500) in font TeX Gyre Cursor/OT:script=lat
n;language=dflt;!
Missing character: There is no ─ (U+2500) in font TeX Gyre Cursor/OT:script=lat
n;language=dflt;!
Missing character: There is no ─ (U+2500) in font TeX Gyre Cursor/OT:script=lat
n;language=dflt;!
Missing character: There is no ─ (U+2500) in font TeX Gyre Cursor/OT:script=lat
n;language=dflt;!
Missing character: There is no ─ (U+2500) in font TeX Gyre Cursor/OT:script=lat
n;language=dflt;!
Missing character: There is no ─ (U+2500) in font TeX Gyre Cursor/OT:script=lat
n;language=dflt;!
Missing character: There is no ─ (U+2500) in font TeX Gyre Cursor/OT:script=lat
n;language=dflt;!
Missing character: There is no ─ (U+2500) in font TeX Gyre Cursor/OT:script=lat
n;language=dflt;!
Missing character: There is no ─ (U+2500) in font TeX Gyre Cursor/OT:script=lat
n;language=dflt;!
Missing character: There is no ─ (U+2500) in font TeX Gyre Cursor/OT:script=lat
n;language=dflt;!
Missing character: There is no ─ (U+2500) in font TeX Gyre Cursor/OT:script=lat
n;language=dflt;!
Missing character: There is no ─ (U+2500) in font TeX Gyre Cursor/OT:script=lat
n;language=dflt;!
Missing character: There is no ─ (U+2500) in font TeX Gyre Cursor/OT:script=lat
n;language=dflt;!
Missing character: There is no ─ (U+2500) in font TeX Gyre Cursor/OT:script=lat
n;language=dflt;!
Missing character: There is no ─ (U+2500) in font TeX Gyre Cursor/OT:script=lat
n;language=dflt;!
Missing character: There is no ─ (U+2500) in font TeX Gyre Cursor/OT:script=lat
n;language=dflt;!
Missing character: There is no ─ (U+2500) in font TeX Gyre Cursor/OT:script=lat
n;language=dflt;!
Missing character: There is no ┐ (U+2510) in font TeX Gyre Cursor/OT:script=lat
n;language=dflt;!
Missing character: There is no │ (U+2502) in font TeX Gyre Cursor/OT:script=lat
n;language=dflt;!
Missing character: There is no │ (U+2502) in font TeX Gyre Cursor/OT:script=lat
n;language=dflt;!
Missing character: There is no │ (U+2502) in font TeX Gyre Cursor/OT:script=lat
n;language=dflt;!
Missing character: There is no ┌ (U+250C) in font TeX Gyre Cursor/OT:script=lat
n;language=dflt;!
Missing character: There is no ─ (U+2500) in font TeX Gyre Cursor/OT:script=lat
n;language=dflt;!
Missing character: There is no ─ (U+2500) in font TeX Gyre Cursor/OT:script=lat
n;language=dflt;!
Missing character: There is no ─ (U+2500) in font TeX Gyre Cursor/OT:script=lat
n;language=dflt;!
Missing character: There is no ─ (U+2500) in font TeX Gyre Cursor/OT:script=lat
n;language=dflt;!
Missing character: There is no ─ (U+2500) in font TeX Gyre Cursor/OT:script=lat
n;language=dflt;!
Missing character: There is no ┬ (U+252C) in font TeX Gyre Cursor/OT:script=lat
n;language=dflt;!
Missing character: There is no ─ (U+2500) in font TeX Gyre Cursor/OT:script=lat
n;language=dflt;!
Missing character: There is no ─ (U+2500) in font TeX Gyre Cursor/OT:script=lat
n;language=dflt;!
Missing character: There is no ─ (U+2500) in font TeX Gyre Cursor/OT:script=lat
n;language=dflt;!
Missing character: There is no ─ (U+2500) in font TeX Gyre Cursor/OT:script=lat
n;language=dflt;!
Missing character: There is no ─ (U+2500) in font TeX Gyre Cursor/OT:script=lat
n;language=dflt;!
Missing character: There is no ┬ (U+252C) in font TeX Gyre Cursor/OT:script=lat
n;language=dflt;!
Missing character: There is no ─ (U+2500) in font TeX Gyre Cursor/OT:script=lat
n;language=dflt;!
Missing character: There is no ─ (U+2500) in font TeX Gyre Cursor/OT:script=lat
n;language=dflt;!
Missing character: There is no ─ (U+2500) in font TeX Gyre Cursor/OT:script=lat
n;language=dflt;!
Missing character: There is no ─ (U+2500) in font TeX Gyre Cursor/OT:script=lat
n;language=dflt;!
Missing character: There is no ─ (U+2500) in font TeX Gyre Cursor/OT:script=lat
n;language=dflt;!
Missing character: There is no ┬ (U+252C) in font TeX Gyre Cursor/OT:script=lat
n;language=dflt;!
Missing character: There is no ─ (U+2500) in font TeX Gyre Cursor/OT:script=lat
n;language=dflt;!
Missing character: There is no ─ (U+2500) in font TeX Gyre Cursor/OT:script=lat
n;language=dflt;!
Missing character: There is no ─ (U+2500) in font TeX Gyre Cursor/OT:script=lat
n;language=dflt;!
Missing character: There is no ─ (U+2500) in font TeX Gyre Cursor/OT:script=lat
n;language=dflt;!
Missing character: There is no ─ (U+2500) in font TeX Gyre Cursor/OT:script=lat
n;language=dflt;!
Missing character: There is no ┬ (U+252C) in font TeX Gyre Cursor/OT:script=lat
n;language=dflt;!
Missing character: There is no ─ (U+2500) in font TeX Gyre Cursor/OT:script=lat
n;language=dflt;!
Missing character: There is no ─ (U+2500) in font TeX Gyre Cursor/OT:script=lat
n;language=dflt;!
Missing character: There is no ─ (U+2500) in font TeX Gyre Cursor/OT:script=lat
n;language=dflt;!
Missing character: There is no ─ (U+2500) in font TeX Gyre Cursor/OT:script=lat
n;language=dflt;!
Missing character: There is no ─ (U+2500) in font TeX Gyre Cursor/OT:script=lat
n;language=dflt;!
Missing character: There is no ┐ (U+2510) in font TeX Gyre Cursor/OT:script=lat
n;language=dflt;!
Missing character: There is no │ (U+2502) in font TeX Gyre Cursor/OT:script=lat
n;language=dflt;!
Missing character: There is no │ (U+2502) in font TeX Gyre Cursor/OT:script=lat
n;language=dflt;!
Missing character: There is no │ (U+2502) in font TeX Gyre Cursor/OT:script=lat
n;language=dflt;!
Missing character: There is no │ (U+2502) in font TeX Gyre Cursor/OT:script=lat
n;language=dflt;!
Missing character: There is no │ (U+2502) in font TeX Gyre Cursor/OT:script=lat
n;language=dflt;!
Missing character: There is no │ (U+2502) in font TeX Gyre Cursor/OT:script=lat
n;language=dflt;!
Missing character: There is no │ (U+2502) in font TeX Gyre Cursor/OT:script=lat
n;language=dflt;!
Missing character: There is no │ (U+2502) in font TeX Gyre Cursor/OT:script=lat
n;language=dflt;!
Missing character: There is no │ (U+2502) in font TeX Gyre Cursor/OT:script=lat
n;language=dflt;!
Missing character: There is no │ (U+2502) in font TeX Gyre Cursor/OT:script=lat
n;language=dflt;!
Missing character: There is no │ (U+2502) in font TeX Gyre Cursor/OT:script=lat
n;language=dflt;!
Missing character: There is no │ (U+2502) in font TeX Gyre Cursor/OT:script=lat
n;language=dflt;!
Missing character: There is no │ (U+2502) in font TeX Gyre Cursor/OT:script=lat
n;language=dflt;!
Missing character: There is no │ (U+2502) in font TeX Gyre Cursor/OT:script=lat
n;language=dflt;!
Missing character: There is no │ (U+2502) in font TeX Gyre Cursor/OT:script=lat
n;language=dflt;!
Missing character: There is no │ (U+2502) in font TeX Gyre Cursor/OT:script=lat
n;language=dflt;!
Missing character: There is no │ (U+2502) in font TeX Gyre Cursor/OT:script=lat
n;language=dflt;!
Missing character: There is no │ (U+2502) in font TeX Gyre Cursor/OT:script=lat
n;language=dflt;!
Missing character: There is no │ (U+2502) in font TeX Gyre Cursor/OT:script=lat
n;language=dflt;!
Missing character: There is no │ (U+2502) in font TeX Gyre Cursor/OT:script=lat
n;language=dflt;!
Missing character: There is no │ (U+2502) in font TeX Gyre Cursor/OT:script=lat
n;language=dflt;!
Missing character: There is no │ (U+2502) in font TeX Gyre Cursor/OT:script=lat
n;language=dflt;!
Missing character: There is no │ (U+2502) in font TeX Gyre Cursor/OT:script=lat
n;language=dflt;!
Missing character: There is no │ (U+2502) in font TeX Gyre Cursor/OT:script=lat
n;language=dflt;!
Missing character: There is no │ (U+2502) in font TeX Gyre Cursor/OT:script=lat
n;language=dflt;!
Missing character: There is no │ (U+2502) in font TeX Gyre Cursor/OT:script=lat
n;language=dflt;!
Missing character: There is no └ (U+2514) in font TeX Gyre Cursor/OT:script=lat
n;language=dflt;!
Missing character: There is no ─ (U+2500) in font TeX Gyre Cursor/OT:script=lat
n;language=dflt;!
Missing character: There is no ─ (U+2500) in font TeX Gyre Cursor/OT:script=lat
n;language=dflt;!
Missing character: There is no ─ (U+2500) in font TeX Gyre Cursor/OT:script=lat
n;language=dflt;!
Missing character: There is no ─ (U+2500) in font TeX Gyre Cursor/OT:script=lat
n;language=dflt;!
Missing character: There is no ─ (U+2500) in font TeX Gyre Cursor/OT:script=lat
n;language=dflt;!
Missing character: There is no ┴ (U+2534) in font TeX Gyre Cursor/OT:script=lat
n;language=dflt;!
Missing character: There is no ─ (U+2500) in font TeX Gyre Cursor/OT:script=lat
n;language=dflt;!
Missing character: There is no ─ (U+2500) in font TeX Gyre Cursor/OT:script=lat
n;language=dflt;!
Missing character: There is no ─ (U+2500) in font TeX Gyre Cursor/OT:script=lat
n;language=dflt;!
Missing character: There is no ─ (U+2500) in font TeX Gyre Cursor/OT:script=lat
n;language=dflt;!
Missing character: There is no ─ (U+2500) in font TeX Gyre Cursor/OT:script=lat
n;language=dflt;!
Missing character: There is no ┴ (U+2534) in font TeX Gyre Cursor/OT:script=lat
n;language=dflt;!
Missing character: There is no ─ (U+2500) in font TeX Gyre Cursor/OT:script=lat
n;language=dflt;!
Missing character: There is no ─ (U+2500) in font TeX Gyre Cursor/OT:script=lat
n;language=dflt;!
Missing character: There is no ─ (U+2500) in font TeX Gyre Cursor/OT:script=lat
n;language=dflt;!
Missing character: There is no ─ (U+2500) in font TeX Gyre Cursor/OT:script=lat
n;language=dflt;!
Missing character: There is no ─ (U+2500) in font TeX Gyre Cursor/OT:script=lat
n;language=dflt;!
Missing character: There is no ┴ (U+2534) in font TeX Gyre Cursor/OT:script=lat
n;language=dflt;!
Missing character: There is no ─ (U+2500) in font TeX Gyre Cursor/OT:script=lat
n;language=dflt;!
Missing character: There is no ─ (U+2500) in font TeX Gyre Cursor/OT:script=lat
n;language=dflt;!
Missing character: There is no ─ (U+2500) in font TeX Gyre Cursor/OT:script=lat
n;language=dflt;!
Missing character: There is no ─ (U+2500) in font TeX Gyre Cursor/OT:script=lat
n;language=dflt;!
Missing character: There is no ─ (U+2500) in font TeX Gyre Cursor/OT:script=lat
n;language=dflt;!
Missing character: There is no ┴ (U+2534) in font TeX Gyre Cursor/OT:script=lat
n;language=dflt;!
Missing character: There is no ─ (U+2500) in font TeX Gyre Cursor/OT:script=lat
n;language=dflt;!
Missing character: There is no ─ (U+2500) in font TeX Gyre Cursor/OT:script=lat
n;language=dflt;!
Missing character: There is no ─ (U+2500) in font TeX Gyre Cursor/OT:script=lat
n;language=dflt;!
Missing character: There is no ─ (U+2500) in font TeX Gyre Cursor/OT:script=lat
n;language=dflt;!
Missing character: There is no ─ (U+2500) in font TeX Gyre Cursor/OT:script=lat
n;language=dflt;!
Missing character: There is no ┘ (U+2518) in font TeX Gyre Cursor/OT:script=lat
n;language=dflt;!
Missing character: There is no │ (U+2502) in font TeX Gyre Cursor/OT:script=lat
n;language=dflt;!
Missing character: There is no │ (U+2502) in font TeX Gyre Cursor/OT:script=lat
n;language=dflt;!
Missing character: There is no │ (U+2502) in font TeX Gyre Cursor/OT:script=lat
n;language=dflt;!
Missing character: There is no └ (U+2514) in font TeX Gyre Cursor/OT:script=lat
n;language=dflt;!
Missing character: There is no ─ (U+2500) in font TeX Gyre Cursor/OT:script=lat
n;language=dflt;!
Missing character: There is no ─ (U+2500) in font TeX Gyre Cursor/OT:script=lat
n;language=dflt;!
Missing character: There is no ─ (U+2500) in font TeX Gyre Cursor/OT:script=lat
n;language=dflt;!
Missing character: There is no ─ (U+2500) in font TeX Gyre Cursor/OT:script=lat
n;language=dflt;!
Missing character: There is no ─ (U+2500) in font TeX Gyre Cursor/OT:script=lat
n;language=dflt;!
Missing character: There is no ─ (U+2500) in font TeX Gyre Cursor/OT:script=lat
n;language=dflt;!
Missing character: There is no ─ (U+2500) in font TeX Gyre Cursor/OT:script=lat
n;language=dflt;!
Missing character: There is no ─ (U+2500) in font TeX Gyre Cursor/OT:script=lat
n;language=dflt;!
Missing character: There is no ─ (U+2500) in font TeX Gyre Cursor/OT:script=lat
n;language=dflt;!
Missing character: There is no ─ (U+2500) in font TeX Gyre Cursor/OT:script=lat
n;language=dflt;!
Missing character: There is no ─ (U+2500) in font TeX Gyre Cursor/OT:script=lat
n;language=dflt;!
Missing character: There is no ─ (U+2500) in font TeX Gyre Cursor/OT:script=lat
n;language=dflt;!
Missing character: There is no ─ (U+2500) in font TeX Gyre Cursor/OT:script=lat
n;language=dflt;!
Missing character: There is no ─ (U+2500) in font TeX Gyre Cursor/OT:script=lat
n;language=dflt;!
Missing character: There is no ─ (U+2500) in font TeX Gyre Cursor/OT:script=lat
n;language=dflt;!
Missing character: There is no ─ (U+2500) in font TeX Gyre Cursor/OT:script=lat
n;language=dflt;!
Missing character: There is no ─ (U+2500) in font TeX Gyre Cursor/OT:script=lat
n;language=dflt;!
Missing character: There is no ─ (U+2500) in font TeX Gyre Cursor/OT:script=lat
n;language=dflt;!
Missing character: There is no ─ (U+2500) in font TeX Gyre Cursor/OT:script=lat
n;language=dflt;!
Missing character: There is no ─ (U+2500) in font TeX Gyre Cursor/OT:script=lat
n;language=dflt;!
Missing character: There is no ─ (U+2500) in font TeX Gyre Cursor/OT:script=lat
n;language=dflt;!
Missing character: There is no ─ (U+2500) in font TeX Gyre Cursor/OT:script=lat
n;language=dflt;!
Missing character: There is no ─ (U+2500) in font TeX Gyre Cursor/OT:script=lat
n;language=dflt;!
Missing character: There is no ─ (U+2500) in font TeX Gyre Cursor/OT:script=lat
n;language=dflt;!
Missing character: There is no ─ (U+2500) in font TeX Gyre Cursor/OT:script=lat
n;language=dflt;!
Missing character: There is no ─ (U+2500) in font TeX Gyre Cursor/OT:script=lat
n;language=dflt;!
Missing character: There is no ─ (U+2500) in font TeX Gyre Cursor/OT:script=lat
n;language=dflt;!
Missing character: There is no ─ (U+2500) in font TeX Gyre Cursor/OT:script=lat
n;language=dflt;!
Missing character: There is no ─ (U+2500) in font TeX Gyre Cursor/OT:script=lat
n;language=dflt;!
Missing character: There is no ─ (U+2500) in font TeX Gyre Cursor/OT:script=lat
n;language=dflt;!
Missing character: There is no ─ (U+2500) in font TeX Gyre Cursor/OT:script=lat
n;language=dflt;!
Missing character: There is no ─ (U+2500) in font TeX Gyre Cursor/OT:script=lat
n;language=dflt;!
Missing character: There is no ─ (U+2500) in font TeX Gyre Cursor/OT:script=lat
n;language=dflt;!
Missing character: There is no ─ (U+2500) in font TeX Gyre Cursor/OT:script=lat
n;language=dflt;!
Missing character: There is no ─ (U+2500) in font TeX Gyre Cursor/OT:script=lat
n;language=dflt;!
Missing character: There is no ─ (U+2500) in font TeX Gyre Cursor/OT:script=lat
n;language=dflt;!
Missing character: There is no ─ (U+2500) in font TeX Gyre Cursor/OT:script=lat
n;language=dflt;!
Missing character: There is no ┘ (U+2518) in font TeX Gyre Cursor/OT:script=lat
n;language=dflt;!


[566]

[567]
Underfull \vbox (badness 10000) has occurred while \output is active []



[568]
Missing character: There is no ┌ (U+250C) in font TeX Gyre Cursor/OT:script=lat
n;language=dflt;!
Missing character: There is no ─ (U+2500) in font TeX Gyre Cursor/OT:script=lat
n;language=dflt;!
Missing character: There is no ─ (U+2500) in font TeX Gyre Cursor/OT:script=lat
n;language=dflt;!
Missing character: There is no ─ (U+2500) in font TeX Gyre Cursor/OT:script=lat
n;language=dflt;!
Missing character: There is no ─ (U+2500) in font TeX Gyre Cursor/OT:script=lat
n;language=dflt;!
Missing character: There is no ─ (U+2500) in font TeX Gyre Cursor/OT:script=lat
n;language=dflt;!
Missing character: There is no ─ (U+2500) in font TeX Gyre Cursor/OT:script=lat
n;language=dflt;!
Missing character: There is no ─ (U+2500) in font TeX Gyre Cursor/OT:script=lat
n;language=dflt;!
Missing character: There is no ─ (U+2500) in font TeX Gyre Cursor/OT:script=lat
n;language=dflt;!
Missing character: There is no ─ (U+2500) in font TeX Gyre Cursor/OT:script=lat
n;language=dflt;!
Missing character: There is no ─ (U+2500) in font TeX Gyre Cursor/OT:script=lat
n;language=dflt;!
Missing character: There is no ─ (U+2500) in font TeX Gyre Cursor/OT:script=lat
n;language=dflt;!
Missing character: There is no ─ (U+2500) in font TeX Gyre Cursor/OT:script=lat
n;language=dflt;!
Missing character: There is no ─ (U+2500) in font TeX Gyre Cursor/OT:script=lat
n;language=dflt;!
Missing character: There is no ─ (U+2500) in font TeX Gyre Cursor/OT:script=lat
n;language=dflt;!
Missing character: There is no ─ (U+2500) in font TeX Gyre Cursor/OT:script=lat
n;language=dflt;!
Missing character: There is no ─ (U+2500) in font TeX Gyre Cursor/OT:script=lat
n;language=dflt;!
Missing character: There is no ─ (U+2500) in font TeX Gyre Cursor/OT:script=lat
n;language=dflt;!
Missing character: There is no ─ (U+2500) in font TeX Gyre Cursor/OT:script=lat
n;language=dflt;!
Missing character: There is no ─ (U+2500) in font TeX Gyre Cursor/OT:script=lat
n;language=dflt;!
Missing character: There is no ─ (U+2500) in font TeX Gyre Cursor/OT:script=lat
n;language=dflt;!
Missing character: There is no ─ (U+2500) in font TeX Gyre Cursor/OT:script=lat
n;language=dflt;!
Missing character: There is no ─ (U+2500) in font TeX Gyre Cursor/OT:script=lat
n;language=dflt;!
Missing character: There is no ─ (U+2500) in font TeX Gyre Cursor/OT:script=lat
n;language=dflt;!
Missing character: There is no ─ (U+2500) in font TeX Gyre Cursor/OT:script=lat
n;language=dflt;!
Missing character: There is no ─ (U+2500) in font TeX Gyre Cursor/OT:script=lat
n;language=dflt;!
Missing character: There is no ─ (U+2500) in font TeX Gyre Cursor/OT:script=lat
n;language=dflt;!
Missing character: There is no ─ (U+2500) in font TeX Gyre Cursor/OT:script=lat
n;language=dflt;!
Missing character: There is no ─ (U+2500) in font TeX Gyre Cursor/OT:script=lat
n;language=dflt;!
Missing character: There is no ─ (U+2500) in font TeX Gyre Cursor/OT:script=lat
n;language=dflt;!
Missing character: There is no ─ (U+2500) in font TeX Gyre Cursor/OT:script=lat
n;language=dflt;!
Missing character: There is no ─ (U+2500) in font TeX Gyre Cursor/OT:script=lat
n;language=dflt;!
Missing character: There is no ─ (U+2500) in font TeX Gyre Cursor/OT:script=lat
n;language=dflt;!
Missing character: There is no ─ (U+2500) in font TeX Gyre Cursor/OT:script=lat
n;language=dflt;!
Missing character: There is no ─ (U+2500) in font TeX Gyre Cursor/OT:script=lat
n;language=dflt;!
Missing character: There is no ─ (U+2500) in font TeX Gyre Cursor/OT:script=lat
n;language=dflt;!
Missing character: There is no ─ (U+2500) in font TeX Gyre Cursor/OT:script=lat
n;language=dflt;!
Missing character: There is no ─ (U+2500) in font TeX Gyre Cursor/OT:script=lat
n;language=dflt;!
Missing character: There is no ─ (U+2500) in font TeX Gyre Cursor/OT:script=lat
n;language=dflt;!
Missing character: There is no ─ (U+2500) in font TeX Gyre Cursor/OT:script=lat
n;language=dflt;!
Missing character: There is no ─ (U+2500) in font TeX Gyre Cursor/OT:script=lat
n;language=dflt;!
Missing character: There is no ─ (U+2500) in font TeX Gyre Cursor/OT:script=lat
n;language=dflt;!
Missing character: There is no ┐ (U+2510) in font TeX Gyre Cursor/OT:script=lat
n;language=dflt;!
Missing character: There is no │ (U+2502) in font TeX Gyre Cursor/OT:script=lat
n;language=dflt;!
Missing character: There is no │ (U+2502) in font TeX Gyre Cursor/OT:script=lat
n;language=dflt;!
Missing character: There is no │ (U+2502) in font TeX Gyre Cursor/OT:script=lat
n;language=dflt;!
Missing character: There is no ┌ (U+250C) in font TeX Gyre Cursor/OT:script=lat
n;language=dflt;!
Missing character: There is no ─ (U+2500) in font TeX Gyre Cursor/OT:script=lat
n;language=dflt;!
Missing character: There is no ─ (U+2500) in font TeX Gyre Cursor/OT:script=lat
n;language=dflt;!
Missing character: There is no ─ (U+2500) in font TeX Gyre Cursor/OT:script=lat
n;language=dflt;!
Missing character: There is no ─ (U+2500) in font TeX Gyre Cursor/OT:script=lat
n;language=dflt;!
Missing character: There is no ─ (U+2500) in font TeX Gyre Cursor/OT:script=lat
n;language=dflt;!
Missing character: There is no ┬ (U+252C) in font TeX Gyre Cursor/OT:script=lat
n;language=dflt;!
Missing character: There is no ─ (U+2500) in font TeX Gyre Cursor/OT:script=lat
n;language=dflt;!
Missing character: There is no ─ (U+2500) in font TeX Gyre Cursor/OT:script=lat
n;language=dflt;!
Missing character: There is no ─ (U+2500) in font TeX Gyre Cursor/OT:script=lat
n;language=dflt;!
Missing character: There is no ─ (U+2500) in font TeX Gyre Cursor/OT:script=lat
n;language=dflt;!
Missing character: There is no ─ (U+2500) in font TeX Gyre Cursor/OT:script=lat
n;language=dflt;!
Missing character: There is no ┬ (U+252C) in font TeX Gyre Cursor/OT:script=lat
n;language=dflt;!
Missing character: There is no ─ (U+2500) in font TeX Gyre Cursor/OT:script=lat
n;language=dflt;!
Missing character: There is no ─ (U+2500) in font TeX Gyre Cursor/OT:script=lat
n;language=dflt;!
Missing character: There is no ─ (U+2500) in font TeX Gyre Cursor/OT:script=lat
n;language=dflt;!
Missing character: There is no ─ (U+2500) in font TeX Gyre Cursor/OT:script=lat
n;language=dflt;!
Missing character: There is no ─ (U+2500) in font TeX Gyre Cursor/OT:script=lat
n;language=dflt;!
Missing character: There is no ┬ (U+252C) in font TeX Gyre Cursor/OT:script=lat
n;language=dflt;!
Missing character: There is no ─ (U+2500) in font TeX Gyre Cursor/OT:script=lat
n;language=dflt;!
Missing character: There is no ─ (U+2500) in font TeX Gyre Cursor/OT:script=lat
n;language=dflt;!
Missing character: There is no ─ (U+2500) in font TeX Gyre Cursor/OT:script=lat
n;language=dflt;!
Missing character: There is no ─ (U+2500) in font TeX Gyre Cursor/OT:script=lat
n;language=dflt;!
Missing character: There is no ─ (U+2500) in font TeX Gyre Cursor/OT:script=lat
n;language=dflt;!
Missing character: There is no ┬ (U+252C) in font TeX Gyre Cursor/OT:script=lat
n;language=dflt;!
Missing character: There is no ─ (U+2500) in font TeX Gyre Cursor/OT:script=lat
n;language=dflt;!
Missing character: There is no ─ (U+2500) in font TeX Gyre Cursor/OT:script=lat
n;language=dflt;!
Missing character: There is no ─ (U+2500) in font TeX Gyre Cursor/OT:script=lat
n;language=dflt;!
Missing character: There is no ─ (U+2500) in font TeX Gyre Cursor/OT:script=lat
n;language=dflt;!
Missing character: There is no ─ (U+2500) in font TeX Gyre Cursor/OT:script=lat
n;language=dflt;!
Missing character: There is no ┬ (U+252C) in font TeX Gyre Cursor/OT:script=lat
n;language=dflt;!
Missing character: There is no ─ (U+2500) in font TeX Gyre Cursor/OT:script=lat
n;language=dflt;!
Missing character: There is no ─ (U+2500) in font TeX Gyre Cursor/OT:script=lat
n;language=dflt;!
Missing character: There is no ─ (U+2500) in font TeX Gyre Cursor/OT:script=lat
n;language=dflt;!
Missing character: There is no ─ (U+2500) in font TeX Gyre Cursor/OT:script=lat
n;language=dflt;!
Missing character: There is no ─ (U+2500) in font TeX Gyre Cursor/OT:script=lat
n;language=dflt;!
Missing character: There is no ┐ (U+2510) in font TeX Gyre Cursor/OT:script=lat
n;language=dflt;!
Missing character: There is no │ (U+2502) in font TeX Gyre Cursor/OT:script=lat
n;language=dflt;!
Missing character: There is no │ (U+2502) in font TeX Gyre Cursor/OT:script=lat
n;language=dflt;!
Missing character: There is no │ (U+2502) in font TeX Gyre Cursor/OT:script=lat
n;language=dflt;!
Missing character: There is no │ (U+2502) in font TeX Gyre Cursor/OT:script=lat
n;language=dflt;!
Missing character: There is no │ (U+2502) in font TeX Gyre Cursor/OT:script=lat
n;language=dflt;!
Missing character: There is no │ (U+2502) in font TeX Gyre Cursor/OT:script=lat
n;language=dflt;!
Missing character: There is no │ (U+2502) in font TeX Gyre Cursor/OT:script=lat
n;language=dflt;!
Missing character: There is no │ (U+2502) in font TeX Gyre Cursor/OT:script=lat
n;language=dflt;!
Missing character: There is no │ (U+2502) in font TeX Gyre Cursor/OT:script=lat
n;language=dflt;!
Missing character: There is no │ (U+2502) in font TeX Gyre Cursor/OT:script=lat
n;language=dflt;!
Missing character: There is no │ (U+2502) in font TeX Gyre Cursor/OT:script=lat
n;language=dflt;!
Missing character: There is no │ (U+2502) in font TeX Gyre Cursor/OT:script=lat
n;language=dflt;!
Missing character: There is no │ (U+2502) in font TeX Gyre Cursor/OT:script=lat
n;language=dflt;!
Missing character: There is no │ (U+2502) in font TeX Gyre Cursor/OT:script=lat
n;language=dflt;!
Missing character: There is no │ (U+2502) in font TeX Gyre Cursor/OT:script=lat
n;language=dflt;!
Missing character: There is no │ (U+2502) in font TeX Gyre Cursor/OT:script=lat
n;language=dflt;!
Missing character: There is no │ (U+2502) in font TeX Gyre Cursor/OT:script=lat
n;language=dflt;!
Missing character: There is no │ (U+2502) in font TeX Gyre Cursor/OT:script=lat
n;language=dflt;!
Missing character: There is no │ (U+2502) in font TeX Gyre Cursor/OT:script=lat
n;language=dflt;!
Missing character: There is no │ (U+2502) in font TeX Gyre Cursor/OT:script=lat
n;language=dflt;!
Missing character: There is no │ (U+2502) in font TeX Gyre Cursor/OT:script=lat
n;language=dflt;!
Missing character: There is no │ (U+2502) in font TeX Gyre Cursor/OT:script=lat
n;language=dflt;!
Missing character: There is no │ (U+2502) in font TeX Gyre Cursor/OT:script=lat
n;language=dflt;!
Missing character: There is no │ (U+2502) in font TeX Gyre Cursor/OT:script=lat
n;language=dflt;!
Missing character: There is no │ (U+2502) in font TeX Gyre Cursor/OT:script=lat
n;language=dflt;!
Missing character: There is no │ (U+2502) in font TeX Gyre Cursor/OT:script=lat
n;language=dflt;!
Missing character: There is no │ (U+2502) in font TeX Gyre Cursor/OT:script=lat
n;language=dflt;!
Missing character: There is no │ (U+2502) in font TeX Gyre Cursor/OT:script=lat
n;language=dflt;!
Missing character: There is no │ (U+2502) in font TeX Gyre Cursor/OT:script=lat
n;language=dflt;!
Missing character: There is no └ (U+2514) in font TeX Gyre Cursor/OT:script=lat
n;language=dflt;!
Missing character: There is no ─ (U+2500) in font TeX Gyre Cursor/OT:script=lat
n;language=dflt;!
Missing character: There is no ─ (U+2500) in font TeX Gyre Cursor/OT:script=lat
n;language=dflt;!
Missing character: There is no ─ (U+2500) in font TeX Gyre Cursor/OT:script=lat
n;language=dflt;!
Missing character: There is no ─ (U+2500) in font TeX Gyre Cursor/OT:script=lat
n;language=dflt;!
Missing character: There is no ─ (U+2500) in font TeX Gyre Cursor/OT:script=lat
n;language=dflt;!
Missing character: There is no ┴ (U+2534) in font TeX Gyre Cursor/OT:script=lat
n;language=dflt;!
Missing character: There is no ─ (U+2500) in font TeX Gyre Cursor/OT:script=lat
n;language=dflt;!
Missing character: There is no ─ (U+2500) in font TeX Gyre Cursor/OT:script=lat
n;language=dflt;!
Missing character: There is no ─ (U+2500) in font TeX Gyre Cursor/OT:script=lat
n;language=dflt;!
Missing character: There is no ─ (U+2500) in font TeX Gyre Cursor/OT:script=lat
n;language=dflt;!
Missing character: There is no ─ (U+2500) in font TeX Gyre Cursor/OT:script=lat
n;language=dflt;!
Missing character: There is no ┴ (U+2534) in font TeX Gyre Cursor/OT:script=lat
n;language=dflt;!
Missing character: There is no ─ (U+2500) in font TeX Gyre Cursor/OT:script=lat
n;language=dflt;!
Missing character: There is no ─ (U+2500) in font TeX Gyre Cursor/OT:script=lat
n;language=dflt;!
Missing character: There is no ─ (U+2500) in font TeX Gyre Cursor/OT:script=lat
n;language=dflt;!
Missing character: There is no ─ (U+2500) in font TeX Gyre Cursor/OT:script=lat
n;language=dflt;!
Missing character: There is no ─ (U+2500) in font TeX Gyre Cursor/OT:script=lat
n;language=dflt;!
Missing character: There is no ┴ (U+2534) in font TeX Gyre Cursor/OT:script=lat
n;language=dflt;!
Missing character: There is no ─ (U+2500) in font TeX Gyre Cursor/OT:script=lat
n;language=dflt;!
Missing character: There is no ─ (U+2500) in font TeX Gyre Cursor/OT:script=lat
n;language=dflt;!
Missing character: There is no ─ (U+2500) in font TeX Gyre Cursor/OT:script=lat
n;language=dflt;!
Missing character: There is no ─ (U+2500) in font TeX Gyre Cursor/OT:script=lat
n;language=dflt;!
Missing character: There is no ─ (U+2500) in font TeX Gyre Cursor/OT:script=lat
n;language=dflt;!
Missing character: There is no ┴ (U+2534) in font TeX Gyre Cursor/OT:script=lat
n;language=dflt;!
Missing character: There is no ─ (U+2500) in font TeX Gyre Cursor/OT:script=lat
n;language=dflt;!
Missing character: There is no ─ (U+2500) in font TeX Gyre Cursor/OT:script=lat
n;language=dflt;!
Missing character: There is no ─ (U+2500) in font TeX Gyre Cursor/OT:script=lat
n;language=dflt;!
Missing character: There is no ─ (U+2500) in font TeX Gyre Cursor/OT:script=lat
n;language=dflt;!
Missing character: There is no ─ (U+2500) in font TeX Gyre Cursor/OT:script=lat
n;language=dflt;!
Missing character: There is no ┴ (U+2534) in font TeX Gyre Cursor/OT:script=lat
n;language=dflt;!
Missing character: There is no ─ (U+2500) in font TeX Gyre Cursor/OT:script=lat
n;language=dflt;!
Missing character: There is no ─ (U+2500) in font TeX Gyre Cursor/OT:script=lat
n;language=dflt;!
Missing character: There is no ─ (U+2500) in font TeX Gyre Cursor/OT:script=lat
n;language=dflt;!
Missing character: There is no ─ (U+2500) in font TeX Gyre Cursor/OT:script=lat
n;language=dflt;!
Missing character: There is no ─ (U+2500) in font TeX Gyre Cursor/OT:script=lat
n;language=dflt;!
Missing character: There is no ┘ (U+2518) in font TeX Gyre Cursor/OT:script=lat
n;language=dflt;!
Missing character: There is no │ (U+2502) in font TeX Gyre Cursor/OT:script=lat
n;language=dflt;!
Missing character: There is no │ (U+2502) in font TeX Gyre Cursor/OT:script=lat
n;language=dflt;!
Missing character: There is no │ (U+2502) in font TeX Gyre Cursor/OT:script=lat
n;language=dflt;!
Missing character: There is no └ (U+2514) in font TeX Gyre Cursor/OT:script=lat
n;language=dflt;!
Missing character: There is no ─ (U+2500) in font TeX Gyre Cursor/OT:script=lat
n;language=dflt;!
Missing character: There is no ─ (U+2500) in font TeX Gyre Cursor/OT:script=lat
n;language=dflt;!
Missing character: There is no ─ (U+2500) in font TeX Gyre Cursor/OT:script=lat
n;language=dflt;!
Missing character: There is no ─ (U+2500) in font TeX Gyre Cursor/OT:script=lat
n;language=dflt;!
Missing character: There is no ─ (U+2500) in font TeX Gyre Cursor/OT:script=lat
n;language=dflt;!
Missing character: There is no ─ (U+2500) in font TeX Gyre Cursor/OT:script=lat
n;language=dflt;!
Missing character: There is no ─ (U+2500) in font TeX Gyre Cursor/OT:script=lat
n;language=dflt;!
Missing character: There is no ─ (U+2500) in font TeX Gyre Cursor/OT:script=lat
n;language=dflt;!
Missing character: There is no ─ (U+2500) in font TeX Gyre Cursor/OT:script=lat
n;language=dflt;!
Missing character: There is no ─ (U+2500) in font TeX Gyre Cursor/OT:script=lat
n;language=dflt;!
Missing character: There is no ─ (U+2500) in font TeX Gyre Cursor/OT:script=lat
n;language=dflt;!
Missing character: There is no ─ (U+2500) in font TeX Gyre Cursor/OT:script=lat
n;language=dflt;!
Missing character: There is no ─ (U+2500) in font TeX Gyre Cursor/OT:script=lat
n;language=dflt;!
Missing character: There is no ─ (U+2500) in font TeX Gyre Cursor/OT:script=lat
n;language=dflt;!
Missing character: There is no ─ (U+2500) in font TeX Gyre Cursor/OT:script=lat
n;language=dflt;!
Missing character: There is no ─ (U+2500) in font TeX Gyre Cursor/OT:script=lat
n;language=dflt;!
Missing character: There is no ─ (U+2500) in font TeX Gyre Cursor/OT:script=lat
n;language=dflt;!
Missing character: There is no ─ (U+2500) in font TeX Gyre Cursor/OT:script=lat
n;language=dflt;!
Missing character: There is no ─ (U+2500) in font TeX Gyre Cursor/OT:script=lat
n;language=dflt;!
Missing character: There is no ─ (U+2500) in font TeX Gyre Cursor/OT:script=lat
n;language=dflt;!
Missing character: There is no ─ (U+2500) in font TeX Gyre Cursor/OT:script=lat
n;language=dflt;!
Missing character: There is no ─ (U+2500) in font TeX Gyre Cursor/OT:script=lat
n;language=dflt;!
Missing character: There is no ─ (U+2500) in font TeX Gyre Cursor/OT:script=lat
n;language=dflt;!
Missing character: There is no ─ (U+2500) in font TeX Gyre Cursor/OT:script=lat
n;language=dflt;!
Missing character: There is no ─ (U+2500) in font TeX Gyre Cursor/OT:script=lat
n;language=dflt;!
Missing character: There is no ─ (U+2500) in font TeX Gyre Cursor/OT:script=lat
n;language=dflt;!
Missing character: There is no ─ (U+2500) in font TeX Gyre Cursor/OT:script=lat
n;language=dflt;!
Missing character: There is no ─ (U+2500) in font TeX Gyre Cursor/OT:script=lat
n;language=dflt;!
Missing character: There is no ─ (U+2500) in font TeX Gyre Cursor/OT:script=lat
n;language=dflt;!
Missing character: There is no ─ (U+2500) in font TeX Gyre Cursor/OT:script=lat
n;language=dflt;!
Missing character: There is no ─ (U+2500) in font TeX Gyre Cursor/OT:script=lat
n;language=dflt;!
Missing character: There is no ─ (U+2500) in font TeX Gyre Cursor/OT:script=lat
n;language=dflt;!
Missing character: There is no ─ (U+2500) in font TeX Gyre Cursor/OT:script=lat
n;language=dflt;!
Missing character: There is no ─ (U+2500) in font TeX Gyre Cursor/OT:script=lat
n;language=dflt;!
Missing character: There is no ─ (U+2500) in font TeX Gyre Cursor/OT:script=lat
n;language=dflt;!
Missing character: There is no ─ (U+2500) in font TeX Gyre Cursor/OT:script=lat
n;language=dflt;!
Missing character: There is no ─ (U+2500) in font TeX Gyre Cursor/OT:script=lat
n;language=dflt;!
Missing character: There is no ─ (U+2500) in font TeX Gyre Cursor/OT:script=lat
n;language=dflt;!
Missing character: There is no ─ (U+2500) in font TeX Gyre Cursor/OT:script=lat
n;language=dflt;!
Missing character: There is no ─ (U+2500) in font TeX Gyre Cursor/OT:script=lat
n;language=dflt;!
Missing character: There is no ─ (U+2500) in font TeX Gyre Cursor/OT:script=lat
n;language=dflt;!
Missing character: There is no ┘ (U+2518) in font TeX Gyre Cursor/OT:script=lat
n;language=dflt;!


[569]
Missing character: There is no ┌ (U+250C) in font TeX Gyre Cursor/OT:script=lat
n;language=dflt;!
Missing character: There is no ─ (U+2500) in font TeX Gyre Cursor/OT:script=lat
n;language=dflt;!
Missing character: There is no ─ (U+2500) in font TeX Gyre Cursor/OT:script=lat
n;language=dflt;!
Missing character: There is no ─ (U+2500) in font TeX Gyre Cursor/OT:script=lat
n;language=dflt;!
Missing character: There is no ─ (U+2500) in font TeX Gyre Cursor/OT:script=lat
n;language=dflt;!
Missing character: There is no ─ (U+2500) in font TeX Gyre Cursor/OT:script=lat
n;language=dflt;!
Missing character: There is no ─ (U+2500) in font TeX Gyre Cursor/OT:script=lat
n;language=dflt;!
Missing character: There is no ─ (U+2500) in font TeX Gyre Cursor/OT:script=lat
n;language=dflt;!
Missing character: There is no ─ (U+2500) in font TeX Gyre Cursor/OT:script=lat
n;language=dflt;!
Missing character: There is no ─ (U+2500) in font TeX Gyre Cursor/OT:script=lat
n;language=dflt;!
Missing character: There is no ─ (U+2500) in font TeX Gyre Cursor/OT:script=lat
n;language=dflt;!
Missing character: There is no ┐ (U+2510) in font TeX Gyre Cursor/OT:script=lat
n;language=dflt;!
Missing character: There is no ┌ (U+250C) in font TeX Gyre Cursor/OT:script=lat
n;language=dflt;!
Missing character: There is no ─ (U+2500) in font TeX Gyre Cursor/OT:script=lat
n;language=dflt;!
Missing character: There is no ─ (U+2500) in font TeX Gyre Cursor/OT:script=lat
n;language=dflt;!
Missing character: There is no ─ (U+2500) in font TeX Gyre Cursor/OT:script=lat
n;language=dflt;!
Missing character: There is no ─ (U+2500) in font TeX Gyre Cursor/OT:script=lat
n;language=dflt;!
Missing character: There is no ─ (U+2500) in font TeX Gyre Cursor/OT:script=lat
n;language=dflt;!
Missing character: There is no ─ (U+2500) in font TeX Gyre Cursor/OT:script=lat
n;language=dflt;!
Missing character: There is no ─ (U+2500) in font TeX Gyre Cursor/OT:script=lat
n;language=dflt;!
Missing character: There is no ─ (U+2500) in font TeX Gyre Cursor/OT:script=lat
n;language=dflt;!
Missing character: There is no ─ (U+2500) in font TeX Gyre Cursor/OT:script=lat
n;language=dflt;!
Missing character: There is no ─ (U+2500) in font TeX Gyre Cursor/OT:script=lat
n;language=dflt;!
Missing character: There is no ┐ (U+2510) in font TeX Gyre Cursor/OT:script=lat
n;language=dflt;!
Missing character: There is no ┌ (U+250C) in font TeX Gyre Cursor/OT:script=lat
n;language=dflt;!
Missing character: There is no ─ (U+2500) in font TeX Gyre Cursor/OT:script=lat
n;language=dflt;!
Missing character: There is no ─ (U+2500) in font TeX Gyre Cursor/OT:script=lat
n;language=dflt;!
Missing character: There is no ─ (U+2500) in font TeX Gyre Cursor/OT:script=lat
n;language=dflt;!
Missing character: There is no ─ (U+2500) in font TeX Gyre Cursor/OT:script=lat
n;language=dflt;!
Missing character: There is no ─ (U+2500) in font TeX Gyre Cursor/OT:script=lat
n;language=dflt;!
Missing character: There is no ─ (U+2500) in font TeX Gyre Cursor/OT:script=lat
n;language=dflt;!
Missing character: There is no ─ (U+2500) in font TeX Gyre Cursor/OT:script=lat
n;language=dflt;!
Missing character: There is no ─ (U+2500) in font TeX Gyre Cursor/OT:script=lat
n;language=dflt;!
Missing character: There is no ─ (U+2500) in font TeX Gyre Cursor/OT:script=lat
n;language=dflt;!
Missing character: There is no ─ (U+2500) in font TeX Gyre Cursor/OT:script=lat
n;language=dflt;!
Missing character: There is no ┐ (U+2510) in font TeX Gyre Cursor/OT:script=lat
n;language=dflt;!
Missing character: There is no ┌ (U+250C) in font TeX Gyre Cursor/OT:script=lat
n;language=dflt;!
Missing character: There is no ─ (U+2500) in font TeX Gyre Cursor/OT:script=lat
n;language=dflt;!
Missing character: There is no ─ (U+2500) in font TeX Gyre Cursor/OT:script=lat
n;language=dflt;!
Missing character: There is no ─ (U+2500) in font TeX Gyre Cursor/OT:script=lat
n;language=dflt;!
Missing character: There is no ─ (U+2500) in font TeX Gyre Cursor/OT:script=lat
n;language=dflt;!
Missing character: There is no ─ (U+2500) in font TeX Gyre Cursor/OT:script=lat
n;language=dflt;!
Missing character: There is no ─ (U+2500) in font TeX Gyre Cursor/OT:script=lat
n;language=dflt;!
Missing character: There is no ─ (U+2500) in font TeX Gyre Cursor/OT:script=lat
n;language=dflt;!
Missing character: There is no ─ (U+2500) in font TeX Gyre Cursor/OT:script=lat
n;language=dflt;!
Missing character: There is no ─ (U+2500) in font TeX Gyre Cursor/OT:script=lat
n;language=dflt;!
Missing character: There is no ─ (U+2500) in font TeX Gyre Cursor/OT:script=lat
n;language=dflt;!
Missing character: There is no ┐ (U+2510) in font TeX Gyre Cursor/OT:script=lat
n;language=dflt;!
Missing character: There is no │ (U+2502) in font TeX Gyre Cursor/OT:script=lat
n;language=dflt;!
Missing character: There is no │ (U+2502) in font TeX Gyre Cursor/OT:script=lat
n;language=dflt;!
Missing character: There is no │ (U+2502) in font TeX Gyre Cursor/OT:script=lat
n;language=dflt;!
Missing character: There is no │ (U+2502) in font TeX Gyre Cursor/OT:script=lat
n;language=dflt;!
Missing character: There is no │ (U+2502) in font TeX Gyre Cursor/OT:script=lat
n;language=dflt;!
Missing character: There is no │ (U+2502) in font TeX Gyre Cursor/OT:script=lat
n;language=dflt;!
Missing character: There is no │ (U+2502) in font TeX Gyre Cursor/OT:script=lat
n;language=dflt;!
Missing character: There is no │ (U+2502) in font TeX Gyre Cursor/OT:script=lat
n;language=dflt;!
Missing character: There is no │ (U+2502) in font TeX Gyre Cursor/OT:script=lat
n;language=dflt;!
Missing character: There is no │ (U+2502) in font TeX Gyre Cursor/OT:script=lat
n;language=dflt;!
Missing character: There is no │ (U+2502) in font TeX Gyre Cursor/OT:script=lat
n;language=dflt;!
Missing character: There is no │ (U+2502) in font TeX Gyre Cursor/OT:script=lat
n;language=dflt;!
Missing character: There is no │ (U+2502) in font TeX Gyre Cursor/OT:script=lat
n;language=dflt;!
Missing character: There is no │ (U+2502) in font TeX Gyre Cursor/OT:script=lat
n;language=dflt;!
Missing character: There is no │ (U+2502) in font TeX Gyre Cursor/OT:script=lat
n;language=dflt;!
Missing character: There is no │ (U+2502) in font TeX Gyre Cursor/OT:script=lat
n;language=dflt;!
Missing character: There is no │ (U+2502) in font TeX Gyre Cursor/OT:script=lat
n;language=dflt;!
Missing character: There is no │ (U+2502) in font TeX Gyre Cursor/OT:script=lat
n;language=dflt;!
Missing character: There is no │ (U+2502) in font TeX Gyre Cursor/OT:script=lat
n;language=dflt;!
Missing character: There is no │ (U+2502) in font TeX Gyre Cursor/OT:script=lat
n;language=dflt;!
Missing character: There is no │ (U+2502) in font TeX Gyre Cursor/OT:script=lat
n;language=dflt;!
Missing character: There is no │ (U+2502) in font TeX Gyre Cursor/OT:script=lat
n;language=dflt;!
Missing character: There is no │ (U+2502) in font TeX Gyre Cursor/OT:script=lat
n;language=dflt;!
Missing character: There is no │ (U+2502) in font TeX Gyre Cursor/OT:script=lat
n;language=dflt;!
Missing character: There is no └ (U+2514) in font TeX Gyre Cursor/OT:script=lat
n;language=dflt;!
Missing character: There is no ─ (U+2500) in font TeX Gyre Cursor/OT:script=lat
n;language=dflt;!
Missing character: There is no ─ (U+2500) in font TeX Gyre Cursor/OT:script=lat
n;language=dflt;!
Missing character: There is no ─ (U+2500) in font TeX Gyre Cursor/OT:script=lat
n;language=dflt;!
Missing character: There is no ─ (U+2500) in font TeX Gyre Cursor/OT:script=lat
n;language=dflt;!
Missing character: There is no ─ (U+2500) in font TeX Gyre Cursor/OT:script=lat
n;language=dflt;!
Missing character: There is no ─ (U+2500) in font TeX Gyre Cursor/OT:script=lat
n;language=dflt;!
Missing character: There is no ─ (U+2500) in font TeX Gyre Cursor/OT:script=lat
n;language=dflt;!
Missing character: There is no ─ (U+2500) in font TeX Gyre Cursor/OT:script=lat
n;language=dflt;!
Missing character: There is no ─ (U+2500) in font TeX Gyre Cursor/OT:script=lat
n;language=dflt;!
Missing character: There is no ─ (U+2500) in font TeX Gyre Cursor/OT:script=lat
n;language=dflt;!
Missing character: There is no ┘ (U+2518) in font TeX Gyre Cursor/OT:script=lat
n;language=dflt;!
Missing character: There is no └ (U+2514) in font TeX Gyre Cursor/OT:script=lat
n;language=dflt;!
Missing character: There is no ─ (U+2500) in font TeX Gyre Cursor/OT:script=lat
n;language=dflt;!
Missing character: There is no ─ (U+2500) in font TeX Gyre Cursor/OT:script=lat
n;language=dflt;!
Missing character: There is no ─ (U+2500) in font TeX Gyre Cursor/OT:script=lat
n;language=dflt;!
Missing character: There is no ─ (U+2500) in font TeX Gyre Cursor/OT:script=lat
n;language=dflt;!
Missing character: There is no ─ (U+2500) in font TeX Gyre Cursor/OT:script=lat
n;language=dflt;!
Missing character: There is no ─ (U+2500) in font TeX Gyre Cursor/OT:script=lat
n;language=dflt;!
Missing character: There is no ─ (U+2500) in font TeX Gyre Cursor/OT:script=lat
n;language=dflt;!
Missing character: There is no ─ (U+2500) in font TeX Gyre Cursor/OT:script=lat
n;language=dflt;!
Missing character: There is no ─ (U+2500) in font TeX Gyre Cursor/OT:script=lat
n;language=dflt;!
Missing character: There is no ─ (U+2500) in font TeX Gyre Cursor/OT:script=lat
n;language=dflt;!
Missing character: There is no ┘ (U+2518) in font TeX Gyre Cursor/OT:script=lat
n;language=dflt;!
Missing character: There is no └ (U+2514) in font TeX Gyre Cursor/OT:script=lat
n;language=dflt;!
Missing character: There is no ─ (U+2500) in font TeX Gyre Cursor/OT:script=lat
n;language=dflt;!
Missing character: There is no ─ (U+2500) in font TeX Gyre Cursor/OT:script=lat
n;language=dflt;!
Missing character: There is no ─ (U+2500) in font TeX Gyre Cursor/OT:script=lat
n;language=dflt;!
Missing character: There is no ─ (U+2500) in font TeX Gyre Cursor/OT:script=lat
n;language=dflt;!
Missing character: There is no ─ (U+2500) in font TeX Gyre Cursor/OT:script=lat
n;language=dflt;!
Missing character: There is no ─ (U+2500) in font TeX Gyre Cursor/OT:script=lat
n;language=dflt;!
Missing character: There is no ─ (U+2500) in font TeX Gyre Cursor/OT:script=lat
n;language=dflt;!
Missing character: There is no ─ (U+2500) in font TeX Gyre Cursor/OT:script=lat
n;language=dflt;!
Missing character: There is no ─ (U+2500) in font TeX Gyre Cursor/OT:script=lat
n;language=dflt;!
Missing character: There is no ─ (U+2500) in font TeX Gyre Cursor/OT:script=lat
n;language=dflt;!
Missing character: There is no ┘ (U+2518) in font TeX Gyre Cursor/OT:script=lat
n;language=dflt;!
Missing character: There is no └ (U+2514) in font TeX Gyre Cursor/OT:script=lat
n;language=dflt;!
Missing character: There is no ─ (U+2500) in font TeX Gyre Cursor/OT:script=lat
n;language=dflt;!
Missing character: There is no ─ (U+2500) in font TeX Gyre Cursor/OT:script=lat
n;language=dflt;!
Missing character: There is no ─ (U+2500) in font TeX Gyre Cursor/OT:script=lat
n;language=dflt;!
Missing character: There is no ─ (U+2500) in font TeX Gyre Cursor/OT:script=lat
n;language=dflt;!
Missing character: There is no ─ (U+2500) in font TeX Gyre Cursor/OT:script=lat
n;language=dflt;!
Missing character: There is no ─ (U+2500) in font TeX Gyre Cursor/OT:script=lat
n;language=dflt;!
Missing character: There is no ─ (U+2500) in font TeX Gyre Cursor/OT:script=lat
n;language=dflt;!
Missing character: There is no ─ (U+2500) in font TeX Gyre Cursor/OT:script=lat
n;language=dflt;!
Missing character: There is no ─ (U+2500) in font TeX Gyre Cursor/OT:script=lat
n;language=dflt;!
Missing character: There is no ─ (U+2500) in font TeX Gyre Cursor/OT:script=lat
n;language=dflt;!
Missing character: There is no ┘ (U+2518) in font TeX Gyre Cursor/OT:script=lat
n;language=dflt;!
Missing character: There is no │ (U+2502) in font TeX Gyre Cursor/OT:script=lat
n;language=dflt;!
Missing character: There is no │ (U+2502) in font TeX Gyre Cursor/OT:script=lat
n;language=dflt;!
Missing character: There is no │ (U+2502) in font TeX Gyre Cursor/OT:script=lat
n;language=dflt;!
Missing character: There is no │ (U+2502) in font TeX Gyre Cursor/OT:script=lat
n;language=dflt;!
Missing character: There is no └ (U+2514) in font TeX Gyre Cursor/OT:script=lat
n;language=dflt;!
Missing character: There is no ─ (U+2500) in font TeX Gyre Cursor/OT:script=lat
n;language=dflt;!
Missing character: There is no ─ (U+2500) in font TeX Gyre Cursor/OT:script=lat
n;language=dflt;!
Missing character: There is no ─ (U+2500) in font TeX Gyre Cursor/OT:script=lat
n;language=dflt;!
Missing character: There is no ─ (U+2500) in font TeX Gyre Cursor/OT:script=lat
n;language=dflt;!
Missing character: There is no ─ (U+2500) in font TeX Gyre Cursor/OT:script=lat
n;language=dflt;!
Missing character: There is no ─ (U+2500) in font TeX Gyre Cursor/OT:script=lat
n;language=dflt;!
Missing character: There is no ─ (U+2500) in font TeX Gyre Cursor/OT:script=lat
n;language=dflt;!
Missing character: There is no ─ (U+2500) in font TeX Gyre Cursor/OT:script=lat
n;language=dflt;!
Missing character: There is no ─ (U+2500) in font TeX Gyre Cursor/OT:script=lat
n;language=dflt;!
Missing character: There is no ─ (U+2500) in font TeX Gyre Cursor/OT:script=lat
n;language=dflt;!
Missing character: There is no ─ (U+2500) in font TeX Gyre Cursor/OT:script=lat
n;language=dflt;!
Missing character: There is no ─ (U+2500) in font TeX Gyre Cursor/OT:script=lat
n;language=dflt;!
Missing character: There is no ┴ (U+2534) in font TeX Gyre Cursor/OT:script=lat
n;language=dflt;!
Missing character: There is no ─ (U+2500) in font TeX Gyre Cursor/OT:script=lat
n;language=dflt;!
Missing character: There is no ─ (U+2500) in font TeX Gyre Cursor/OT:script=lat
n;language=dflt;!
Missing character: There is no ─ (U+2500) in font TeX Gyre Cursor/OT:script=lat
n;language=dflt;!
Missing character: There is no ─ (U+2500) in font TeX Gyre Cursor/OT:script=lat
n;language=dflt;!
Missing character: There is no ─ (U+2500) in font TeX Gyre Cursor/OT:script=lat
n;language=dflt;!
Missing character: There is no ─ (U+2500) in font TeX Gyre Cursor/OT:script=lat
n;language=dflt;!
Missing character: There is no ─ (U+2500) in font TeX Gyre Cursor/OT:script=lat
n;language=dflt;!
Missing character: There is no ─ (U+2500) in font TeX Gyre Cursor/OT:script=lat
n;language=dflt;!
Missing character: There is no ─ (U+2500) in font TeX Gyre Cursor/OT:script=lat
n;language=dflt;!
Missing character: There is no ─ (U+2500) in font TeX Gyre Cursor/OT:script=lat
n;language=dflt;!
Missing character: There is no ─ (U+2500) in font TeX Gyre Cursor/OT:script=lat
n;language=dflt;!
Missing character: There is no ─ (U+2500) in font TeX Gyre Cursor/OT:script=lat
n;language=dflt;!
Missing character: There is no ┴ (U+2534) in font TeX Gyre Cursor/OT:script=lat
n;language=dflt;!
Missing character: There is no ─ (U+2500) in font TeX Gyre Cursor/OT:script=lat
n;language=dflt;!
Missing character: There is no ─ (U+2500) in font TeX Gyre Cursor/OT:script=lat
n;language=dflt;!
Missing character: There is no ─ (U+2500) in font TeX Gyre Cursor/OT:script=lat
n;language=dflt;!
Missing character: There is no ─ (U+2500) in font TeX Gyre Cursor/OT:script=lat
n;language=dflt;!
Missing character: There is no ─ (U+2500) in font TeX Gyre Cursor/OT:script=lat
n;language=dflt;!
Missing character: There is no ─ (U+2500) in font TeX Gyre Cursor/OT:script=lat
n;language=dflt;!
Missing character: There is no ─ (U+2500) in font TeX Gyre Cursor/OT:script=lat
n;language=dflt;!
Missing character: There is no ─ (U+2500) in font TeX Gyre Cursor/OT:script=lat
n;language=dflt;!
Missing character: There is no ─ (U+2500) in font TeX Gyre Cursor/OT:script=lat
n;language=dflt;!
Missing character: There is no ─ (U+2500) in font TeX Gyre Cursor/OT:script=lat
n;language=dflt;!
Missing character: There is no ─ (U+2500) in font TeX Gyre Cursor/OT:script=lat
n;language=dflt;!
Missing character: There is no ─ (U+2500) in font TeX Gyre Cursor/OT:script=lat
n;language=dflt;!
Missing character: There is no ┘ (U+2518) in font TeX Gyre Cursor/OT:script=lat
n;language=dflt;!
Missing character: There is no │ (U+2502) in font TeX Gyre Cursor/OT:script=lat
n;language=dflt;!
Missing character: There is no ┌ (U+250C) in font TeX Gyre Cursor/OT:script=lat
n;language=dflt;!
Missing character: There is no ─ (U+2500) in font TeX Gyre Cursor/OT:script=lat
n;language=dflt;!
Missing character: There is no ─ (U+2500) in font TeX Gyre Cursor/OT:script=lat
n;language=dflt;!
Missing character: There is no ─ (U+2500) in font TeX Gyre Cursor/OT:script=lat
n;language=dflt;!
Missing character: There is no ─ (U+2500) in font TeX Gyre Cursor/OT:script=lat
n;language=dflt;!
Missing character: There is no ─ (U+2500) in font TeX Gyre Cursor/OT:script=lat
n;language=dflt;!
Missing character: There is no ─ (U+2500) in font TeX Gyre Cursor/OT:script=lat
n;language=dflt;!
Missing character: There is no ─ (U+2500) in font TeX Gyre Cursor/OT:script=lat
n;language=dflt;!
Missing character: There is no ─ (U+2500) in font TeX Gyre Cursor/OT:script=lat
n;language=dflt;!
Missing character: There is no ─ (U+2500) in font TeX Gyre Cursor/OT:script=lat
n;language=dflt;!
Missing character: There is no ─ (U+2500) in font TeX Gyre Cursor/OT:script=lat
n;language=dflt;!
Missing character: There is no ─ (U+2500) in font TeX Gyre Cursor/OT:script=lat
n;language=dflt;!
Missing character: There is no ─ (U+2500) in font TeX Gyre Cursor/OT:script=lat
n;language=dflt;!
Missing character: There is no ─ (U+2500) in font TeX Gyre Cursor/OT:script=lat
n;language=dflt;!
Missing character: There is no ─ (U+2500) in font TeX Gyre Cursor/OT:script=lat
n;language=dflt;!
Missing character: There is no ─ (U+2500) in font TeX Gyre Cursor/OT:script=lat
n;language=dflt;!
Missing character: There is no ─ (U+2500) in font TeX Gyre Cursor/OT:script=lat
n;language=dflt;!
Missing character: There is no ─ (U+2500) in font TeX Gyre Cursor/OT:script=lat
n;language=dflt;!
Missing character: There is no ─ (U+2500) in font TeX Gyre Cursor/OT:script=lat
n;language=dflt;!
Missing character: There is no ┐ (U+2510) in font TeX Gyre Cursor/OT:script=lat
n;language=dflt;!
Missing character: There is no │ (U+2502) in font TeX Gyre Cursor/OT:script=lat
n;language=dflt;!
Missing character: There is no │ (U+2502) in font TeX Gyre Cursor/OT:script=lat
n;language=dflt;!
Missing character: There is no │ (U+2502) in font TeX Gyre Cursor/OT:script=lat
n;language=dflt;!
Missing character: There is no │ (U+2502) in font TeX Gyre Cursor/OT:script=lat
n;language=dflt;!
Missing character: There is no └ (U+2514) in font TeX Gyre Cursor/OT:script=lat
n;language=dflt;!
Missing character: There is no ─ (U+2500) in font TeX Gyre Cursor/OT:script=lat
n;language=dflt;!
Missing character: There is no ─ (U+2500) in font TeX Gyre Cursor/OT:script=lat
n;language=dflt;!
Missing character: There is no ─ (U+2500) in font TeX Gyre Cursor/OT:script=lat
n;language=dflt;!
Missing character: There is no ─ (U+2500) in font TeX Gyre Cursor/OT:script=lat
n;language=dflt;!
Missing character: There is no ─ (U+2500) in font TeX Gyre Cursor/OT:script=lat
n;language=dflt;!
Missing character: There is no ─ (U+2500) in font TeX Gyre Cursor/OT:script=lat
n;language=dflt;!
Missing character: There is no ─ (U+2500) in font TeX Gyre Cursor/OT:script=lat
n;language=dflt;!
Missing character: There is no ─ (U+2500) in font TeX Gyre Cursor/OT:script=lat
n;language=dflt;!
Missing character: There is no ─ (U+2500) in font TeX Gyre Cursor/OT:script=lat
n;language=dflt;!
Missing character: There is no ─ (U+2500) in font TeX Gyre Cursor/OT:script=lat
n;language=dflt;!
Missing character: There is no ─ (U+2500) in font TeX Gyre Cursor/OT:script=lat
n;language=dflt;!
Missing character: There is no ─ (U+2500) in font TeX Gyre Cursor/OT:script=lat
n;language=dflt;!
Missing character: There is no ─ (U+2500) in font TeX Gyre Cursor/OT:script=lat
n;language=dflt;!
Missing character: There is no ─ (U+2500) in font TeX Gyre Cursor/OT:script=lat
n;language=dflt;!
Missing character: There is no ─ (U+2500) in font TeX Gyre Cursor/OT:script=lat
n;language=dflt;!
Missing character: There is no ─ (U+2500) in font TeX Gyre Cursor/OT:script=lat
n;language=dflt;!
Missing character: There is no ─ (U+2500) in font TeX Gyre Cursor/OT:script=lat
n;language=dflt;!
Missing character: There is no ─ (U+2500) in font TeX Gyre Cursor/OT:script=lat
n;language=dflt;!
Missing character: There is no ┘ (U+2518) in font TeX Gyre Cursor/OT:script=lat
n;language=dflt;!
Missing character: There is no │ (U+2502) in font TeX Gyre Cursor/OT:script=lat
n;language=dflt;!
Missing character: There is no ┌ (U+250C) in font TeX Gyre Cursor/OT:script=lat
n;language=dflt;!
Missing character: There is no ─ (U+2500) in font TeX Gyre Cursor/OT:script=lat
n;language=dflt;!
Missing character: There is no ─ (U+2500) in font TeX Gyre Cursor/OT:script=lat
n;language=dflt;!
Missing character: There is no ─ (U+2500) in font TeX Gyre Cursor/OT:script=lat
n;language=dflt;!
Missing character: There is no ─ (U+2500) in font TeX Gyre Cursor/OT:script=lat
n;language=dflt;!
Missing character: There is no ─ (U+2500) in font TeX Gyre Cursor/OT:script=lat
n;language=dflt;!
Missing character: There is no ─ (U+2500) in font TeX Gyre Cursor/OT:script=lat
n;language=dflt;!
Missing character: There is no ─ (U+2500) in font TeX Gyre Cursor/OT:script=lat
n;language=dflt;!
Missing character: There is no ─ (U+2500) in font TeX Gyre Cursor/OT:script=lat
n;language=dflt;!
Missing character: There is no ─ (U+2500) in font TeX Gyre Cursor/OT:script=lat
n;language=dflt;!
Missing character: There is no ─ (U+2500) in font TeX Gyre Cursor/OT:script=lat
n;language=dflt;!
Missing character: There is no ─ (U+2500) in font TeX Gyre Cursor/OT:script=lat
n;language=dflt;!
Missing character: There is no ─ (U+2500) in font TeX Gyre Cursor/OT:script=lat
n;language=dflt;!
Missing character: There is no ─ (U+2500) in font TeX Gyre Cursor/OT:script=lat
n;language=dflt;!
Missing character: There is no ─ (U+2500) in font TeX Gyre Cursor/OT:script=lat
n;language=dflt;!
Missing character: There is no ─ (U+2500) in font TeX Gyre Cursor/OT:script=lat
n;language=dflt;!
Missing character: There is no ─ (U+2500) in font TeX Gyre Cursor/OT:script=lat
n;language=dflt;!
Missing character: There is no ─ (U+2500) in font TeX Gyre Cursor/OT:script=lat
n;language=dflt;!
Missing character: There is no ─ (U+2500) in font TeX Gyre Cursor/OT:script=lat
n;language=dflt;!
Missing character: There is no ┐ (U+2510) in font TeX Gyre Cursor/OT:script=lat
n;language=dflt;!
Missing character: There is no │ (U+2502) in font TeX Gyre Cursor/OT:script=lat
n;language=dflt;!
Missing character: There is no │ (U+2502) in font TeX Gyre Cursor/OT:script=lat
n;language=dflt;!
Missing character: There is no │ (U+2502) in font TeX Gyre Cursor/OT:script=lat
n;language=dflt;!
Missing character: There is no │ (U+2502) in font TeX Gyre Cursor/OT:script=lat
n;language=dflt;!
Missing character: There is no └ (U+2514) in font TeX Gyre Cursor/OT:script=lat
n;language=dflt;!
Missing character: There is no ─ (U+2500) in font TeX Gyre Cursor/OT:script=lat
n;language=dflt;!
Missing character: There is no ─ (U+2500) in font TeX Gyre Cursor/OT:script=lat
n;language=dflt;!
Missing character: There is no ─ (U+2500) in font TeX Gyre Cursor/OT:script=lat
n;language=dflt;!
Missing character: There is no ─ (U+2500) in font TeX Gyre Cursor/OT:script=lat
n;language=dflt;!
Missing character: There is no ─ (U+2500) in font TeX Gyre Cursor/OT:script=lat
n;language=dflt;!
Missing character: There is no ─ (U+2500) in font TeX Gyre Cursor/OT:script=lat
n;language=dflt;!
Missing character: There is no ─ (U+2500) in font TeX Gyre Cursor/OT:script=lat
n;language=dflt;!
Missing character: There is no ─ (U+2500) in font TeX Gyre Cursor/OT:script=lat
n;language=dflt;!
Missing character: There is no ─ (U+2500) in font TeX Gyre Cursor/OT:script=lat
n;language=dflt;!
Missing character: There is no ─ (U+2500) in font TeX Gyre Cursor/OT:script=lat
n;language=dflt;!
Missing character: There is no ─ (U+2500) in font TeX Gyre Cursor/OT:script=lat
n;language=dflt;!
Missing character: There is no ─ (U+2500) in font TeX Gyre Cursor/OT:script=lat
n;language=dflt;!
Missing character: There is no ─ (U+2500) in font TeX Gyre Cursor/OT:script=lat
n;language=dflt;!
Missing character: There is no ─ (U+2500) in font TeX Gyre Cursor/OT:script=lat
n;language=dflt;!
Missing character: There is no ─ (U+2500) in font TeX Gyre Cursor/OT:script=lat
n;language=dflt;!
Missing character: There is no ─ (U+2500) in font TeX Gyre Cursor/OT:script=lat
n;language=dflt;!
Missing character: There is no ─ (U+2500) in font TeX Gyre Cursor/OT:script=lat
n;language=dflt;!
Missing character: There is no ─ (U+2500) in font TeX Gyre Cursor/OT:script=lat
n;language=dflt;!
Missing character: There is no ┘ (U+2518) in font TeX Gyre Cursor/OT:script=lat
n;language=dflt;!

Underfull \vbox (badness 3895) has occurred while \output is active []



[570]
Underfull \vbox (badness 10000) has occurred while \output is active []



[571]
Underfull \vbox (badness 10000) has occurred while \output is active []



[572]
! Undefined control sequence.
l.977   \textbf{表现层（Controller）}：\passthrough
                                             {\lstinline!WaterLevelControlle...
The control sequence at the end of the top line
of your error message was never \def'ed. If you have
misspelled it (e.g., `\hobx'), type `I' and the correct
spelling (e.g., `I\hbox'). Otherwise just continue,
and I'll forget about whatever was undefined.

! Undefined control sequence.
l.977 ...LevelController!}类负责处理HTTP请求。\passthrough
                                                  {\lstinline!@RestControlle...
The control sequence at the end of the top line
of your error message was never \def'ed. If you have
misspelled it (e.g., `\hobx'), type `I' and the correct
spelling (e.g., `I\hbox'). Otherwise just continue,
and I'll forget about whatever was undefined.

! Undefined control sequence.
l.977 ...EST风格的控制器，会自动将方法返回值转换为JSON格式。\passthrough
                                                  {\lstinline!@GetMapping("/...
The control sequence at the end of the top line
of your error message was never \def'ed. If you have
misspelled it (e.g., `\hobx'), type `I' and the correct
spelling (e.g., `I\hbox'). Otherwise just continue,
and I'll forget about whatever was undefined.

! Undefined control sequence.
l.977 ...\{stationId\}")!}定义了GET请求的路径，\passthrough
                                                  {\lstinline!\{stationId\}!...
The control sequence at the end of the top line
of your error message was never \def'ed. If you have
misspelled it (e.g., `\hobx'), type `I' and the correct
spelling (e.g., `I\hbox'). Otherwise just continue,
and I'll forget about whatever was undefined.

! Undefined control sequence.
l.979   \textbf{业务逻辑层（Service）}：\passthrough
                                            {\lstinline!WaterLevelService!}类...
The control sequence at the end of the top line
of your error message was never \def'ed. If you have
misspelled it (e.g., `\hobx'), type `I' and the correct
spelling (e.g., `I\hbox'). Otherwise just continue,
and I'll forget about whatever was undefined.

! Undefined control sequence.
l.979 ...WaterLevelService!}类实现核心业务逻辑。\passthrough
                                                  {\lstinline!@Service!}注解标识...
The control sequence at the end of the top line
of your error message was never \def'ed. If you have
misspelled it (e.g., `\hobx'), type `I' and the correct
spelling (e.g., `I\hbox'). Otherwise just continue,
and I'll forget about whatever was undefined.

! Undefined control sequence.
l.979 ...inline!@Service!}注解标识这是业务层组件，\passthrough
                                                  {\lstinline!@Transactional...
The control sequence at the end of the top line
of your error message was never \def'ed. If you have
misspelled it (e.g., `\hobx'), type `I' and the correct
spelling (e.g., `I\hbox'). Otherwise just continue,
and I'll forget about whatever was undefined.

! Undefined control sequence.
l.981   \textbf{数据访问层（Repository）}：\passthrough
                                               {\lstinline!WaterDataReposito...
The control sequence at the end of the top line
of your error message was never \def'ed. If you have
misspelled it (e.g., `\hobx'), type `I' and the correct
spelling (e.g., `I\hbox'). Otherwise just continue,
and I'll forget about whatever was undefined.

! Undefined control sequence.
l.981 ...ne!WaterDataRepository!}接口继承了\passthrough
                                                  {\lstinline!JpaRepository!...
The control sequence at the end of the top line
of your error message was never \def'ed. If you have
misspelled it (e.g., `\hobx'), type `I' and the correct
spelling (e.g., `I\hbox'). Otherwise just continue,
and I'll forget about whatever was undefined.

! Undefined control sequence.
l.983   \textbf{依赖注入机制}：各层之间通过\passthrough
                                          {\lstinline!@Autowired!}注解进行依赖注入，S...
The control sequence at the end of the top line
of your error message was never \def'ed. If you have
misspelled it (e.g., `\hobx'), type `I' and the correct
spelling (e.g., `I\hbox'). Otherwise just continue,
and I'll forget about whatever was undefined.



[573]

[574]

[575]
Underfull \vbox (badness 10000) has occurred while \output is active []



[576]

[577]
Missing character: There is no ┌ (U+250C) in font TeX Gyre Cursor/OT:script=lat
n;language=dflt;!
Missing character: There is no ─ (U+2500) in font TeX Gyre Cursor/OT:script=lat
n;language=dflt;!
Missing character: There is no ─ (U+2500) in font TeX Gyre Cursor/OT:script=lat
n;language=dflt;!
Missing character: There is no ─ (U+2500) in font TeX Gyre Cursor/OT:script=lat
n;language=dflt;!
Missing character: There is no ─ (U+2500) in font TeX Gyre Cursor/OT:script=lat
n;language=dflt;!
Missing character: There is no ─ (U+2500) in font TeX Gyre Cursor/OT:script=lat
n;language=dflt;!
Missing character: There is no ─ (U+2500) in font TeX Gyre Cursor/OT:script=lat
n;language=dflt;!
Missing character: There is no ─ (U+2500) in font TeX Gyre Cursor/OT:script=lat
n;language=dflt;!
Missing character: There is no ─ (U+2500) in font TeX Gyre Cursor/OT:script=lat
n;language=dflt;!
Missing character: There is no ─ (U+2500) in font TeX Gyre Cursor/OT:script=lat
n;language=dflt;!
Missing character: There is no ─ (U+2500) in font TeX Gyre Cursor/OT:script=lat
n;language=dflt;!
Missing character: There is no ─ (U+2500) in font TeX Gyre Cursor/OT:script=lat
n;language=dflt;!
Missing character: There is no ─ (U+2500) in font TeX Gyre Cursor/OT:script=lat
n;language=dflt;!
Missing character: There is no ─ (U+2500) in font TeX Gyre Cursor/OT:script=lat
n;language=dflt;!
Missing character: There is no ─ (U+2500) in font TeX Gyre Cursor/OT:script=lat
n;language=dflt;!
Missing character: There is no ─ (U+2500) in font TeX Gyre Cursor/OT:script=lat
n;language=dflt;!
Missing character: There is no ─ (U+2500) in font TeX Gyre Cursor/OT:script=lat
n;language=dflt;!
Missing character: There is no ─ (U+2500) in font TeX Gyre Cursor/OT:script=lat
n;language=dflt;!
Missing character: There is no ─ (U+2500) in font TeX Gyre Cursor/OT:script=lat
n;language=dflt;!
Missing character: There is no ─ (U+2500) in font TeX Gyre Cursor/OT:script=lat
n;language=dflt;!
Missing character: There is no ─ (U+2500) in font TeX Gyre Cursor/OT:script=lat
n;language=dflt;!
Missing character: There is no ─ (U+2500) in font TeX Gyre Cursor/OT:script=lat
n;language=dflt;!
Missing character: There is no ─ (U+2500) in font TeX Gyre Cursor/OT:script=lat
n;language=dflt;!
Missing character: There is no ─ (U+2500) in font TeX Gyre Cursor/OT:script=lat
n;language=dflt;!
Missing character: There is no ─ (U+2500) in font TeX Gyre Cursor/OT:script=lat
n;language=dflt;!
Missing character: There is no ─ (U+2500) in font TeX Gyre Cursor/OT:script=lat
n;language=dflt;!
Missing character: There is no ─ (U+2500) in font TeX Gyre Cursor/OT:script=lat
n;language=dflt;!
Missing character: There is no ─ (U+2500) in font TeX Gyre Cursor/OT:script=lat
n;language=dflt;!
Missing character: There is no ─ (U+2500) in font TeX Gyre Cursor/OT:script=lat
n;language=dflt;!
Missing character: There is no ─ (U+2500) in font TeX Gyre Cursor/OT:script=lat
n;language=dflt;!
Missing character: There is no ─ (U+2500) in font TeX Gyre Cursor/OT:script=lat
n;language=dflt;!
Missing character: There is no ─ (U+2500) in font TeX Gyre Cursor/OT:script=lat
n;language=dflt;!
Missing character: There is no ─ (U+2500) in font TeX Gyre Cursor/OT:script=lat
n;language=dflt;!
Missing character: There is no ─ (U+2500) in font TeX Gyre Cursor/OT:script=lat
n;language=dflt;!
Missing character: There is no ─ (U+2500) in font TeX Gyre Cursor/OT:script=lat
n;language=dflt;!
Missing character: There is no ─ (U+2500) in font TeX Gyre Cursor/OT:script=lat
n;language=dflt;!
Missing character: There is no ─ (U+2500) in font TeX Gyre Cursor/OT:script=lat
n;language=dflt;!
Missing character: There is no ─ (U+2500) in font TeX Gyre Cursor/OT:script=lat
n;language=dflt;!
Missing character: There is no ─ (U+2500) in font TeX Gyre Cursor/OT:script=lat
n;language=dflt;!
Missing character: There is no ─ (U+2500) in font TeX Gyre Cursor/OT:script=lat
n;language=dflt;!
Missing character: There is no ─ (U+2500) in font TeX Gyre Cursor/OT:script=lat
n;language=dflt;!
Missing character: There is no ─ (U+2500) in font TeX Gyre Cursor/OT:script=lat
n;language=dflt;!
Missing character: There is no ┐ (U+2510) in font TeX Gyre Cursor/OT:script=lat
n;language=dflt;!
Missing character: There is no │ (U+2502) in font TeX Gyre Cursor/OT:script=lat
n;language=dflt;!
Missing character: There is no │ (U+2502) in font TeX Gyre Cursor/OT:script=lat
n;language=dflt;!
Missing character: There is no │ (U+2502) in font TeX Gyre Cursor/OT:script=lat
n;language=dflt;!
Missing character: There is no │ (U+2502) in font TeX Gyre Cursor/OT:script=lat
n;language=dflt;!
Missing character: There is no └ (U+2514) in font TeX Gyre Cursor/OT:script=lat
n;language=dflt;!
Missing character: There is no ─ (U+2500) in font TeX Gyre Cursor/OT:script=lat
n;language=dflt;!
Missing character: There is no ─ (U+2500) in font TeX Gyre Cursor/OT:script=lat
n;language=dflt;!
Missing character: There is no ─ (U+2500) in font TeX Gyre Cursor/OT:script=lat
n;language=dflt;!
Missing character: There is no ─ (U+2500) in font TeX Gyre Cursor/OT:script=lat
n;language=dflt;!
Missing character: There is no ─ (U+2500) in font TeX Gyre Cursor/OT:script=lat
n;language=dflt;!
Missing character: There is no ─ (U+2500) in font TeX Gyre Cursor/OT:script=lat
n;language=dflt;!
Missing character: There is no ─ (U+2500) in font TeX Gyre Cursor/OT:script=lat
n;language=dflt;!
Missing character: There is no ─ (U+2500) in font TeX Gyre Cursor/OT:script=lat
n;language=dflt;!
Missing character: There is no ─ (U+2500) in font TeX Gyre Cursor/OT:script=lat
n;language=dflt;!
Missing character: There is no ─ (U+2500) in font TeX Gyre Cursor/OT:script=lat
n;language=dflt;!
Missing character: There is no ─ (U+2500) in font TeX Gyre Cursor/OT:script=lat
n;language=dflt;!
Missing character: There is no ─ (U+2500) in font TeX Gyre Cursor/OT:script=lat
n;language=dflt;!
Missing character: There is no ─ (U+2500) in font TeX Gyre Cursor/OT:script=lat
n;language=dflt;!
Missing character: There is no ─ (U+2500) in font TeX Gyre Cursor/OT:script=lat
n;language=dflt;!
Missing character: There is no ─ (U+2500) in font TeX Gyre Cursor/OT:script=lat
n;language=dflt;!
Missing character: There is no ─ (U+2500) in font TeX Gyre Cursor/OT:script=lat
n;language=dflt;!
Missing character: There is no ─ (U+2500) in font TeX Gyre Cursor/OT:script=lat
n;language=dflt;!
Missing character: There is no ─ (U+2500) in font TeX Gyre Cursor/OT:script=lat
n;language=dflt;!
Missing character: There is no ─ (U+2500) in font TeX Gyre Cursor/OT:script=lat
n;language=dflt;!
Missing character: There is no ─ (U+2500) in font TeX Gyre Cursor/OT:script=lat
n;language=dflt;!
Missing character: There is no ─ (U+2500) in font TeX Gyre Cursor/OT:script=lat
n;language=dflt;!
Missing character: There is no ─ (U+2500) in font TeX Gyre Cursor/OT:script=lat
n;language=dflt;!
Missing character: There is no ─ (U+2500) in font TeX Gyre Cursor/OT:script=lat
n;language=dflt;!
Missing character: There is no ─ (U+2500) in font TeX Gyre Cursor/OT:script=lat
n;language=dflt;!
Missing character: There is no ─ (U+2500) in font TeX Gyre Cursor/OT:script=lat
n;language=dflt;!
Missing character: There is no ─ (U+2500) in font TeX Gyre Cursor/OT:script=lat
n;language=dflt;!
Missing character: There is no ─ (U+2500) in font TeX Gyre Cursor/OT:script=lat
n;language=dflt;!
Missing character: There is no ─ (U+2500) in font TeX Gyre Cursor/OT:script=lat
n;language=dflt;!
Missing character: There is no ─ (U+2500) in font TeX Gyre Cursor/OT:script=lat
n;language=dflt;!
Missing character: There is no ─ (U+2500) in font TeX Gyre Cursor/OT:script=lat
n;language=dflt;!
Missing character: There is no ─ (U+2500) in font TeX Gyre Cursor/OT:script=lat
n;language=dflt;!
Missing character: There is no ─ (U+2500) in font TeX Gyre Cursor/OT:script=lat
n;language=dflt;!
Missing character: There is no ─ (U+2500) in font TeX Gyre Cursor/OT:script=lat
n;language=dflt;!
Missing character: There is no ─ (U+2500) in font TeX Gyre Cursor/OT:script=lat
n;language=dflt;!
Missing character: There is no ─ (U+2500) in font TeX Gyre Cursor/OT:script=lat
n;language=dflt;!
Missing character: There is no ─ (U+2500) in font TeX Gyre Cursor/OT:script=lat
n;language=dflt;!
Missing character: There is no ─ (U+2500) in font TeX Gyre Cursor/OT:script=lat
n;language=dflt;!
Missing character: There is no ─ (U+2500) in font TeX Gyre Cursor/OT:script=lat
n;language=dflt;!
Missing character: There is no ─ (U+2500) in font TeX Gyre Cursor/OT:script=lat
n;language=dflt;!
Missing character: There is no ─ (U+2500) in font TeX Gyre Cursor/OT:script=lat
n;language=dflt;!
Missing character: There is no ─ (U+2500) in font TeX Gyre Cursor/OT:script=lat
n;language=dflt;!
Missing character: There is no ┘ (U+2518) in font TeX Gyre Cursor/OT:script=lat
n;language=dflt;!
Missing character: There is no │ (U+2502) in font TeX Gyre Cursor/OT:script=lat
n;language=dflt;!
Missing character: There is no ┌ (U+250C) in font TeX Gyre Cursor/OT:script=lat
n;language=dflt;!
Missing character: There is no ─ (U+2500) in font TeX Gyre Cursor/OT:script=lat
n;language=dflt;!
Missing character: There is no ─ (U+2500) in font TeX Gyre Cursor/OT:script=lat
n;language=dflt;!
Missing character: There is no ─ (U+2500) in font TeX Gyre Cursor/OT:script=lat
n;language=dflt;!
Missing character: There is no ─ (U+2500) in font TeX Gyre Cursor/OT:script=lat
n;language=dflt;!
Missing character: There is no ─ (U+2500) in font TeX Gyre Cursor/OT:script=lat
n;language=dflt;!
Missing character: There is no ─ (U+2500) in font TeX Gyre Cursor/OT:script=lat
n;language=dflt;!
Missing character: There is no ─ (U+2500) in font TeX Gyre Cursor/OT:script=lat
n;language=dflt;!
Missing character: There is no ─ (U+2500) in font TeX Gyre Cursor/OT:script=lat
n;language=dflt;!
Missing character: There is no ─ (U+2500) in font TeX Gyre Cursor/OT:script=lat
n;language=dflt;!
Missing character: There is no ─ (U+2500) in font TeX Gyre Cursor/OT:script=lat
n;language=dflt;!
Missing character: There is no ─ (U+2500) in font TeX Gyre Cursor/OT:script=lat
n;language=dflt;!
Missing character: There is no ─ (U+2500) in font TeX Gyre Cursor/OT:script=lat
n;language=dflt;!
Missing character: There is no ─ (U+2500) in font TeX Gyre Cursor/OT:script=lat
n;language=dflt;!
Missing character: There is no ─ (U+2500) in font TeX Gyre Cursor/OT:script=lat
n;language=dflt;!
Missing character: There is no ─ (U+2500) in font TeX Gyre Cursor/OT:script=lat
n;language=dflt;!
Missing character: There is no ─ (U+2500) in font TeX Gyre Cursor/OT:script=lat
n;language=dflt;!
Missing character: There is no ─ (U+2500) in font TeX Gyre Cursor/OT:script=lat
n;language=dflt;!
Missing character: There is no ─ (U+2500) in font TeX Gyre Cursor/OT:script=lat
n;language=dflt;!
Missing character: There is no ─ (U+2500) in font TeX Gyre Cursor/OT:script=lat
n;language=dflt;!
Missing character: There is no ─ (U+2500) in font TeX Gyre Cursor/OT:script=lat
n;language=dflt;!
Missing character: There is no ─ (U+2500) in font TeX Gyre Cursor/OT:script=lat
n;language=dflt;!
Missing character: There is no ─ (U+2500) in font TeX Gyre Cursor/OT:script=lat
n;language=dflt;!
Missing character: There is no ─ (U+2500) in font TeX Gyre Cursor/OT:script=lat
n;language=dflt;!
Missing character: There is no ─ (U+2500) in font TeX Gyre Cursor/OT:script=lat
n;language=dflt;!
Missing character: There is no ─ (U+2500) in font TeX Gyre Cursor/OT:script=lat
n;language=dflt;!
Missing character: There is no ─ (U+2500) in font TeX Gyre Cursor/OT:script=lat
n;language=dflt;!
Missing character: There is no ─ (U+2500) in font TeX Gyre Cursor/OT:script=lat
n;language=dflt;!
Missing character: There is no ─ (U+2500) in font TeX Gyre Cursor/OT:script=lat
n;language=dflt;!
Missing character: There is no ─ (U+2500) in font TeX Gyre Cursor/OT:script=lat
n;language=dflt;!
Missing character: There is no ─ (U+2500) in font TeX Gyre Cursor/OT:script=lat
n;language=dflt;!
Missing character: There is no ─ (U+2500) in font TeX Gyre Cursor/OT:script=lat
n;language=dflt;!
Missing character: There is no ─ (U+2500) in font TeX Gyre Cursor/OT:script=lat
n;language=dflt;!
Missing character: There is no ─ (U+2500) in font TeX Gyre Cursor/OT:script=lat
n;language=dflt;!
Missing character: There is no ─ (U+2500) in font TeX Gyre Cursor/OT:script=lat
n;language=dflt;!
Missing character: There is no ─ (U+2500) in font TeX Gyre Cursor/OT:script=lat
n;language=dflt;!
Missing character: There is no ─ (U+2500) in font TeX Gyre Cursor/OT:script=lat
n;language=dflt;!
Missing character: There is no ─ (U+2500) in font TeX Gyre Cursor/OT:script=lat
n;language=dflt;!
Missing character: There is no ─ (U+2500) in font TeX Gyre Cursor/OT:script=lat
n;language=dflt;!
Missing character: There is no ─ (U+2500) in font TeX Gyre Cursor/OT:script=lat
n;language=dflt;!
Missing character: There is no ─ (U+2500) in font TeX Gyre Cursor/OT:script=lat
n;language=dflt;!
Missing character: There is no ─ (U+2500) in font TeX Gyre Cursor/OT:script=lat
n;language=dflt;!
Missing character: There is no ┐ (U+2510) in font TeX Gyre Cursor/OT:script=lat
n;language=dflt;!
Missing character: There is no │ (U+2502) in font TeX Gyre Cursor/OT:script=lat
n;language=dflt;!
Missing character: There is no │ (U+2502) in font TeX Gyre Cursor/OT:script=lat
n;language=dflt;!
Missing character: There is no │ (U+2502) in font TeX Gyre Cursor/OT:script=lat
n;language=dflt;!
Missing character: There is no │ (U+2502) in font TeX Gyre Cursor/OT:script=lat
n;language=dflt;!
Missing character: There is no │ (U+2502) in font TeX Gyre Cursor/OT:script=lat
n;language=dflt;!
Missing character: There is no │ (U+2502) in font TeX Gyre Cursor/OT:script=lat
n;language=dflt;!
Missing character: There is no │ (U+2502) in font TeX Gyre Cursor/OT:script=lat
n;language=dflt;!
Missing character: There is no │ (U+2502) in font TeX Gyre Cursor/OT:script=lat
n;language=dflt;!
Missing character: There is no │ (U+2502) in font TeX Gyre Cursor/OT:script=lat
n;language=dflt;!
Missing character: There is no │ (U+2502) in font TeX Gyre Cursor/OT:script=lat
n;language=dflt;!
Missing character: There is no └ (U+2514) in font TeX Gyre Cursor/OT:script=lat
n;language=dflt;!
Missing character: There is no ─ (U+2500) in font TeX Gyre Cursor/OT:script=lat
n;language=dflt;!
Missing character: There is no ─ (U+2500) in font TeX Gyre Cursor/OT:script=lat
n;language=dflt;!
Missing character: There is no ─ (U+2500) in font TeX Gyre Cursor/OT:script=lat
n;language=dflt;!
Missing character: There is no ─ (U+2500) in font TeX Gyre Cursor/OT:script=lat
n;language=dflt;!
Missing character: There is no ─ (U+2500) in font TeX Gyre Cursor/OT:script=lat
n;language=dflt;!
Missing character: There is no ─ (U+2500) in font TeX Gyre Cursor/OT:script=lat
n;language=dflt;!
Missing character: There is no ─ (U+2500) in font TeX Gyre Cursor/OT:script=lat
n;language=dflt;!
Missing character: There is no ─ (U+2500) in font TeX Gyre Cursor/OT:script=lat
n;language=dflt;!
Missing character: There is no ─ (U+2500) in font TeX Gyre Cursor/OT:script=lat
n;language=dflt;!
Missing character: There is no ─ (U+2500) in font TeX Gyre Cursor/OT:script=lat
n;language=dflt;!
Missing character: There is no ─ (U+2500) in font TeX Gyre Cursor/OT:script=lat
n;language=dflt;!
Missing character: There is no ─ (U+2500) in font TeX Gyre Cursor/OT:script=lat
n;language=dflt;!
Missing character: There is no ─ (U+2500) in font TeX Gyre Cursor/OT:script=lat
n;language=dflt;!
Missing character: There is no ─ (U+2500) in font TeX Gyre Cursor/OT:script=lat
n;language=dflt;!
Missing character: There is no ─ (U+2500) in font TeX Gyre Cursor/OT:script=lat
n;language=dflt;!
Missing character: There is no ─ (U+2500) in font TeX Gyre Cursor/OT:script=lat
n;language=dflt;!
Missing character: There is no ─ (U+2500) in font TeX Gyre Cursor/OT:script=lat
n;language=dflt;!
Missing character: There is no ─ (U+2500) in font TeX Gyre Cursor/OT:script=lat
n;language=dflt;!
Missing character: There is no ─ (U+2500) in font TeX Gyre Cursor/OT:script=lat
n;language=dflt;!
Missing character: There is no ─ (U+2500) in font TeX Gyre Cursor/OT:script=lat
n;language=dflt;!
Missing character: There is no ─ (U+2500) in font TeX Gyre Cursor/OT:script=lat
n;language=dflt;!
Missing character: There is no ─ (U+2500) in font TeX Gyre Cursor/OT:script=lat
n;language=dflt;!
Missing character: There is no ─ (U+2500) in font TeX Gyre Cursor/OT:script=lat
n;language=dflt;!
Missing character: There is no ─ (U+2500) in font TeX Gyre Cursor/OT:script=lat
n;language=dflt;!
Missing character: There is no ─ (U+2500) in font TeX Gyre Cursor/OT:script=lat
n;language=dflt;!
Missing character: There is no ─ (U+2500) in font TeX Gyre Cursor/OT:script=lat
n;language=dflt;!
Missing character: There is no ─ (U+2500) in font TeX Gyre Cursor/OT:script=lat
n;language=dflt;!
Missing character: There is no ─ (U+2500) in font TeX Gyre Cursor/OT:script=lat
n;language=dflt;!
Missing character: There is no ─ (U+2500) in font TeX Gyre Cursor/OT:script=lat
n;language=dflt;!
Missing character: There is no ─ (U+2500) in font TeX Gyre Cursor/OT:script=lat
n;language=dflt;!
Missing character: There is no ─ (U+2500) in font TeX Gyre Cursor/OT:script=lat
n;language=dflt;!
Missing character: There is no ─ (U+2500) in font TeX Gyre Cursor/OT:script=lat
n;language=dflt;!
Missing character: There is no ─ (U+2500) in font TeX Gyre Cursor/OT:script=lat
n;language=dflt;!
Missing character: There is no ─ (U+2500) in font TeX Gyre Cursor/OT:script=lat
n;language=dflt;!
Missing character: There is no ─ (U+2500) in font TeX Gyre Cursor/OT:script=lat
n;language=dflt;!
Missing character: There is no ─ (U+2500) in font TeX Gyre Cursor/OT:script=lat
n;language=dflt;!
Missing character: There is no ─ (U+2500) in font TeX Gyre Cursor/OT:script=lat
n;language=dflt;!
Missing character: There is no ─ (U+2500) in font TeX Gyre Cursor/OT:script=lat
n;language=dflt;!
Missing character: There is no ─ (U+2500) in font TeX Gyre Cursor/OT:script=lat
n;language=dflt;!
Missing character: There is no ─ (U+2500) in font TeX Gyre Cursor/OT:script=lat
n;language=dflt;!
Missing character: There is no ─ (U+2500) in font TeX Gyre Cursor/OT:script=lat
n;language=dflt;!
Missing character: There is no ┘ (U+2518) in font TeX Gyre Cursor/OT:script=lat
n;language=dflt;!
Missing character: There is no │ (U+2502) in font TeX Gyre Cursor/OT:script=lat
n;language=dflt;!
Missing character: There is no │ (U+2502) in font TeX Gyre Cursor/OT:script=lat
n;language=dflt;!
Missing character: There is no ┌ (U+250C) in font TeX Gyre Cursor/OT:script=lat
n;language=dflt;!
Missing character: There is no ─ (U+2500) in font TeX Gyre Cursor/OT:script=lat
n;language=dflt;!
Missing character: There is no ─ (U+2500) in font TeX Gyre Cursor/OT:script=lat
n;language=dflt;!
Missing character: There is no ─ (U+2500) in font TeX Gyre Cursor/OT:script=lat
n;language=dflt;!
Missing character: There is no ─ (U+2500) in font TeX Gyre Cursor/OT:script=lat
n;language=dflt;!
Missing character: There is no ─ (U+2500) in font TeX Gyre Cursor/OT:script=lat
n;language=dflt;!
Missing character: There is no ─ (U+2500) in font TeX Gyre Cursor/OT:script=lat
n;language=dflt;!
Missing character: There is no ─ (U+2500) in font TeX Gyre Cursor/OT:script=lat
n;language=dflt;!
Missing character: There is no ─ (U+2500) in font TeX Gyre Cursor/OT:script=lat
n;language=dflt;!
Missing character: There is no ─ (U+2500) in font TeX Gyre Cursor/OT:script=lat
n;language=dflt;!
Missing character: There is no ─ (U+2500) in font TeX Gyre Cursor/OT:script=lat
n;language=dflt;!
Missing character: There is no ─ (U+2500) in font TeX Gyre Cursor/OT:script=lat
n;language=dflt;!
Missing character: There is no ─ (U+2500) in font TeX Gyre Cursor/OT:script=lat
n;language=dflt;!
Missing character: There is no ─ (U+2500) in font TeX Gyre Cursor/OT:script=lat
n;language=dflt;!
Missing character: There is no ─ (U+2500) in font TeX Gyre Cursor/OT:script=lat
n;language=dflt;!
Missing character: There is no ─ (U+2500) in font TeX Gyre Cursor/OT:script=lat
n;language=dflt;!
Missing character: There is no ─ (U+2500) in font TeX Gyre Cursor/OT:script=lat
n;language=dflt;!
Missing character: There is no ─ (U+2500) in font TeX Gyre Cursor/OT:script=lat
n;language=dflt;!
Missing character: There is no ┐ (U+2510) in font TeX Gyre Cursor/OT:script=lat
n;language=dflt;!
Missing character: There is no ┌ (U+250C) in font TeX Gyre Cursor/OT:script=lat
n;language=dflt;!
Missing character: There is no ─ (U+2500) in font TeX Gyre Cursor/OT:script=lat
n;language=dflt;!
Missing character: There is no ─ (U+2500) in font TeX Gyre Cursor/OT:script=lat
n;language=dflt;!
Missing character: There is no ─ (U+2500) in font TeX Gyre Cursor/OT:script=lat
n;language=dflt;!
Missing character: There is no ─ (U+2500) in font TeX Gyre Cursor/OT:script=lat
n;language=dflt;!
Missing character: There is no ─ (U+2500) in font TeX Gyre Cursor/OT:script=lat
n;language=dflt;!
Missing character: There is no ─ (U+2500) in font TeX Gyre Cursor/OT:script=lat
n;language=dflt;!
Missing character: There is no ─ (U+2500) in font TeX Gyre Cursor/OT:script=lat
n;language=dflt;!
Missing character: There is no ─ (U+2500) in font TeX Gyre Cursor/OT:script=lat
n;language=dflt;!
Missing character: There is no ─ (U+2500) in font TeX Gyre Cursor/OT:script=lat
n;language=dflt;!
Missing character: There is no ─ (U+2500) in font TeX Gyre Cursor/OT:script=lat
n;language=dflt;!
Missing character: There is no ─ (U+2500) in font TeX Gyre Cursor/OT:script=lat
n;language=dflt;!
Missing character: There is no ─ (U+2500) in font TeX Gyre Cursor/OT:script=lat
n;language=dflt;!
Missing character: There is no ─ (U+2500) in font TeX Gyre Cursor/OT:script=lat
n;language=dflt;!
Missing character: There is no ─ (U+2500) in font TeX Gyre Cursor/OT:script=lat
n;language=dflt;!
Missing character: There is no ─ (U+2500) in font TeX Gyre Cursor/OT:script=lat
n;language=dflt;!
Missing character: There is no ─ (U+2500) in font TeX Gyre Cursor/OT:script=lat
n;language=dflt;!
Missing character: There is no ─ (U+2500) in font TeX Gyre Cursor/OT:script=lat
n;language=dflt;!
Missing character: There is no ┐ (U+2510) in font TeX Gyre Cursor/OT:script=lat
n;language=dflt;!
Missing character: There is no │ (U+2502) in font TeX Gyre Cursor/OT:script=lat
n;language=dflt;!
Missing character: There is no │ (U+2502) in font TeX Gyre Cursor/OT:script=lat
n;language=dflt;!
Missing character: There is no │ (U+2502) in font TeX Gyre Cursor/OT:script=lat
n;language=dflt;!
Missing character: There is no │ (U+2502) in font TeX Gyre Cursor/OT:script=lat
n;language=dflt;!
Missing character: There is no │ (U+2502) in font TeX Gyre Cursor/OT:script=lat
n;language=dflt;!
Missing character: There is no │ (U+2502) in font TeX Gyre Cursor/OT:script=lat
n;language=dflt;!
Missing character: There is no │ (U+2502) in font TeX Gyre Cursor/OT:script=lat
n;language=dflt;!
Missing character: There is no │ (U+2502) in font TeX Gyre Cursor/OT:script=lat
n;language=dflt;!
Missing character: There is no │ (U+2502) in font TeX Gyre Cursor/OT:script=lat
n;language=dflt;!
Missing character: There is no │ (U+2502) in font TeX Gyre Cursor/OT:script=lat
n;language=dflt;!
Missing character: There is no │ (U+2502) in font TeX Gyre Cursor/OT:script=lat
n;language=dflt;!
Missing character: There is no │ (U+2502) in font TeX Gyre Cursor/OT:script=lat
n;language=dflt;!
Missing character: There is no │ (U+2502) in font TeX Gyre Cursor/OT:script=lat
n;language=dflt;!
Missing character: There is no │ (U+2502) in font TeX Gyre Cursor/OT:script=lat
n;language=dflt;!
Missing character: There is no │ (U+2502) in font TeX Gyre Cursor/OT:script=lat
n;language=dflt;!
Missing character: There is no │ (U+2502) in font TeX Gyre Cursor/OT:script=lat
n;language=dflt;!
Missing character: There is no │ (U+2502) in font TeX Gyre Cursor/OT:script=lat
n;language=dflt;!
Missing character: There is no │ (U+2502) in font TeX Gyre Cursor/OT:script=lat
n;language=dflt;!
Missing character: There is no │ (U+2502) in font TeX Gyre Cursor/OT:script=lat
n;language=dflt;!
Missing character: There is no │ (U+2502) in font TeX Gyre Cursor/OT:script=lat
n;language=dflt;!
Missing character: There is no │ (U+2502) in font TeX Gyre Cursor/OT:script=lat
n;language=dflt;!
Missing character: There is no │ (U+2502) in font TeX Gyre Cursor/OT:script=lat
n;language=dflt;!
Missing character: There is no │ (U+2502) in font TeX Gyre Cursor/OT:script=lat
n;language=dflt;!
Missing character: There is no │ (U+2502) in font TeX Gyre Cursor/OT:script=lat
n;language=dflt;!


[578]
Missing character: There is no └ (U+2514) in font TeX Gyre Cursor/OT:script=lat
n;language=dflt;!
Missing character: There is no ─ (U+2500) in font TeX Gyre Cursor/OT:script=lat
n;language=dflt;!
Missing character: There is no ─ (U+2500) in font TeX Gyre Cursor/OT:script=lat
n;language=dflt;!
Missing character: There is no ─ (U+2500) in font TeX Gyre Cursor/OT:script=lat
n;language=dflt;!
Missing character: There is no ─ (U+2500) in font TeX Gyre Cursor/OT:script=lat
n;language=dflt;!
Missing character: There is no ─ (U+2500) in font TeX Gyre Cursor/OT:script=lat
n;language=dflt;!
Missing character: There is no ─ (U+2500) in font TeX Gyre Cursor/OT:script=lat
n;language=dflt;!
Missing character: There is no ─ (U+2500) in font TeX Gyre Cursor/OT:script=lat
n;language=dflt;!
Missing character: There is no ─ (U+2500) in font TeX Gyre Cursor/OT:script=lat
n;language=dflt;!
Missing character: There is no ─ (U+2500) in font TeX Gyre Cursor/OT:script=lat
n;language=dflt;!
Missing character: There is no ─ (U+2500) in font TeX Gyre Cursor/OT:script=lat
n;language=dflt;!
Missing character: There is no ─ (U+2500) in font TeX Gyre Cursor/OT:script=lat
n;language=dflt;!
Missing character: There is no ─ (U+2500) in font TeX Gyre Cursor/OT:script=lat
n;language=dflt;!
Missing character: There is no ─ (U+2500) in font TeX Gyre Cursor/OT:script=lat
n;language=dflt;!
Missing character: There is no ─ (U+2500) in font TeX Gyre Cursor/OT:script=lat
n;language=dflt;!
Missing character: There is no ─ (U+2500) in font TeX Gyre Cursor/OT:script=lat
n;language=dflt;!
Missing character: There is no ─ (U+2500) in font TeX Gyre Cursor/OT:script=lat
n;language=dflt;!
Missing character: There is no ─ (U+2500) in font TeX Gyre Cursor/OT:script=lat
n;language=dflt;!
Missing character: There is no ┘ (U+2518) in font TeX Gyre Cursor/OT:script=lat
n;language=dflt;!
Missing character: There is no └ (U+2514) in font TeX Gyre Cursor/OT:script=lat
n;language=dflt;!
Missing character: There is no ─ (U+2500) in font TeX Gyre Cursor/OT:script=lat
n;language=dflt;!
Missing character: There is no ─ (U+2500) in font TeX Gyre Cursor/OT:script=lat
n;language=dflt;!
Missing character: There is no ─ (U+2500) in font TeX Gyre Cursor/OT:script=lat
n;language=dflt;!
Missing character: There is no ─ (U+2500) in font TeX Gyre Cursor/OT:script=lat
n;language=dflt;!
Missing character: There is no ─ (U+2500) in font TeX Gyre Cursor/OT:script=lat
n;language=dflt;!
Missing character: There is no ─ (U+2500) in font TeX Gyre Cursor/OT:script=lat
n;language=dflt;!
Missing character: There is no ─ (U+2500) in font TeX Gyre Cursor/OT:script=lat
n;language=dflt;!
Missing character: There is no ─ (U+2500) in font TeX Gyre Cursor/OT:script=lat
n;language=dflt;!
Missing character: There is no ─ (U+2500) in font TeX Gyre Cursor/OT:script=lat
n;language=dflt;!
Missing character: There is no ─ (U+2500) in font TeX Gyre Cursor/OT:script=lat
n;language=dflt;!
Missing character: There is no ─ (U+2500) in font TeX Gyre Cursor/OT:script=lat
n;language=dflt;!
Missing character: There is no ─ (U+2500) in font TeX Gyre Cursor/OT:script=lat
n;language=dflt;!
Missing character: There is no ─ (U+2500) in font TeX Gyre Cursor/OT:script=lat
n;language=dflt;!
Missing character: There is no ─ (U+2500) in font TeX Gyre Cursor/OT:script=lat
n;language=dflt;!
Missing character: There is no ─ (U+2500) in font TeX Gyre Cursor/OT:script=lat
n;language=dflt;!
Missing character: There is no ─ (U+2500) in font TeX Gyre Cursor/OT:script=lat
n;language=dflt;!
Missing character: There is no ─ (U+2500) in font TeX Gyre Cursor/OT:script=lat
n;language=dflt;!
Missing character: There is no ┘ (U+2518) in font TeX Gyre Cursor/OT:script=lat
n;language=dflt;!


[579] (c:/texlive/2025/texmf-dist/tex/latex/listings/lstlang1.sty
File: lstlang1.sty 2024/09/23 1.10c listings language file
)
(c:/texlive/2025/texmf-dist/tex/latex/listings/lstlang2.sty
File: lstlang2.sty 2024/09/23 1.10c listings language file
)
(c:/texlive/2025/texmf-dist/tex/latex/listings/lstlang3.sty
File: lstlang3.sty 2024/09/23 1.10c listings language file
)

! Package Listings Error: Couldn't load requested language.

See the Listings package documentation for explanation.
Type  H <return>  for immediate help.
 ...                                              
                                                  
l.1189 \begin{lstlisting}[language=Http]
                                        
The following languages weren't loadable:
    ,http$
This may cause errors in the sequel.


! Package Listings Error: language http undefined.

See the Listings package documentation for explanation.
Type  H <return>  for immediate help.
 ...                                              
                                                  
l.1189 \begin{lstlisting}[language=Http]
                                        
The language is not loadable. Try typing  <return>  to proceed.
If that doesn't work, type  X <return>  to quit.



[580] (c:/texlive/2025/texmf-dist/tex/latex/listings/lstlang1.sty
File: lstlang1.sty 2024/09/23 1.10c listings language file
)
(c:/texlive/2025/texmf-dist/tex/latex/listings/lstlang2.sty
File: lstlang2.sty 2024/09/23 1.10c listings language file
)
(c:/texlive/2025/texmf-dist/tex/latex/listings/lstlang3.sty
File: lstlang3.sty 2024/09/23 1.10c listings language file
)

! Package Listings Error: Couldn't load requested language.

See the Listings package documentation for explanation.
Type  H <return>  for immediate help.
 ...                                              
                                                  
l.1249 \begin{lstlisting}[language=Http]
                                        
The following languages weren't loadable:
    ,http$
This may cause errors in the sequel.


! Package Listings Error: language http undefined.

See the Listings package documentation for explanation.
Type  H <return>  for immediate help.
 ...                                              
                                                  
l.1249 \begin{lstlisting}[language=Http]
                                        
The language is not loadable. Try typing  <return>  to proceed.
If that doesn't work, type  X <return>  to quit.



[581]

[582]

[583] (c:/texlive/2025/texmf-dist/tex/latex/listings/lstlang1.sty
File: lstlang1.sty 2024/09/23 1.10c listings language file
)
(c:/texlive/2025/texmf-dist/tex/latex/listings/lstlang2.sty
File: lstlang2.sty 2024/09/23 1.10c listings language file
)
(c:/texlive/2025/texmf-dist/tex/latex/listings/lstlang3.sty
File: lstlang3.sty 2024/09/23 1.10c listings language file
)

! Package Listings Error: Couldn't load requested language.

See the Listings package documentation for explanation.
Type  H <return>  for immediate help.
 ...                                              
                                                  
l.1357 \begin{lstlisting}[language=Http]
                                        
The following languages weren't loadable:
    ,http$
This may cause errors in the sequel.


! Package Listings Error: language http undefined.

See the Listings package documentation for explanation.
Type  H <return>  for immediate help.
 ...                                              
                                                  
l.1357 \begin{lstlisting}[language=Http]
                                        
The language is not loadable. Try typing  <return>  to proceed.
If that doesn't work, type  X <return>  to quit.



[584] (c:/texlive/2025/texmf-dist/tex/latex/listings/lstlang1.sty
File: lstlang1.sty 2024/09/23 1.10c listings language file
)
(c:/texlive/2025/texmf-dist/tex/latex/listings/lstlang2.sty
File: lstlang2.sty 2024/09/23 1.10c listings language file
)
(c:/texlive/2025/texmf-dist/tex/latex/listings/lstlang3.sty
File: lstlang3.sty 2024/09/23 1.10c listings language file
)

! Package Listings Error: Couldn't load requested language.

See the Listings package documentation for explanation.
Type  H <return>  for immediate help.
 ...                                              
                                                  
l.1413 \begin{lstlisting}[language=Http]
                                        
The following languages weren't loadable:
    ,http$
This may cause errors in the sequel.


! Package Listings Error: language http undefined.

See the Listings package documentation for explanation.
Type  H <return>  for immediate help.
 ...                                              
                                                  
l.1413 \begin{lstlisting}[language=Http]
                                        
The language is not loadable. Try typing  <return>  to proceed.
If that doesn't work, type  X <return>  to quit.


Underfull \vbox (badness 10000) has occurred while \output is active []



[585]

[586]
Underfull \vbox (badness 10000) has occurred while \output is active []



[587]
Underfull \vbox (badness 10000) has occurred while \output is active []



[588]
Underfull \vbox (badness 10000) has occurred while \output is active []



[589]
Underfull \vbox (badness 10000) has occurred while \output is active []



[590]
! Undefined control sequence.
l.1647 ...包括业务验证、冲突检测、异常处理和资源URI构建。使用了\passthrough
                                                  {\lstinline!@Valid!}注解进行数据验证。
The control sequence at the end of the top line
of your error message was never \def'ed. If you have
misspelled it (e.g., `\hobx'), type `I' and the correct
spelling (e.g., `I\hbox'). Otherwise just continue,
and I'll forget about whatever was undefined.


Underfull \vbox (badness 1028) has occurred while \output is active []



[591]

[592]
Underfull \vbox (badness 10000) has occurred while \output is active []



[593]

[594]
Underfull \vbox (badness 10000) has occurred while \output is active []



[595]
Underfull \vbox (badness 10000) has occurred while \output is active []



[596]
Underfull \vbox (badness 10000) has occurred while \output is active []



[597]
Underfull \vbox (badness 10000) has occurred while \output is active []



[598]
Underfull \vbox (badness 10000) has occurred while \output is active []



[599]
! Undefined control sequence.
l.1977   \textbf{控制器结构}：\passthrough
                                    {\lstinline!@Controller!}注解标识这是一个MVC控制器，...
The control sequence at the end of the top line
of your error message was never \def'ed. If you have
misspelled it (e.g., `\hobx'), type `I' and the correct
spelling (e.g., `I\hbox'). Otherwise just continue,
and I'll forget about whatever was undefined.

! Undefined control sequence.
l.1977 ...一个MVC控制器，负责处理HTTP请求并返回视图名称。与\passthrough
                                                  {\lstinline!@RestControlle...
The control sequence at the end of the top line
of your error message was never \def'ed. If you have
misspelled it (e.g., `\hobx'), type `I' and the correct
spelling (e.g., `I\hbox'). Otherwise just continue,
and I'll forget about whatever was undefined.

! Undefined control sequence.
l.1981   \textbf{模型数据组装}：通过\passthrough
                                       {\lstinline!Model!}对象将动态数据传递给视图模板，模板引...
The control sequence at the end of the top line
of your error message was never \def'ed. If you have
misspelled it (e.g., `\hobx'), type `I' and the correct
spelling (e.g., `I\hbox'). Otherwise just continue,
and I'll forget about whatever was undefined.



[600]

[601]

[602]
Underfull \vbox (badness 10000) has occurred while \output is active []



[603]
Underfull \vbox (badness 10000) has occurred while \output is active []



[604]
Underfull \vbox (badness 10000) has occurred while \output is active []



[605]
Underfull \vbox (badness 10000) has occurred while \output is active []



[606]
Underfull \vbox (badness 10000) has occurred while \output is active []



[607]
Underfull \vbox (badness 10000) has occurred while \output is active []



[608]
! Undefined control sequence.
<recently read> \passthrough 
                             
l.2284     \passthrough
                       {\lstinline!@SpringBootApplication!}是组合注解，自动配置Spring上下文
The control sequence at the end of the top line
of your error message was never \def'ed. If you have
misspelled it (e.g., `\hobx'), type `I' and the correct
spelling (e.g., `I\hbox'). Otherwise just continue,
and I'll forget about whatever was undefined.

! Undefined control sequence.
<recently read> \passthrough 
                             
l.2286     \passthrough
                       {\lstinline!main!}方法使用\passthrough{\lstinline!SpringA...
The control sequence at the end of the top line
of your error message was never \def'ed. If you have
misspelled it (e.g., `\hobx'), type `I' and the correct
spelling (e.g., `I\hbox'). Otherwise just continue,
and I'll forget about whatever was undefined.

! Undefined control sequence.
l.2286 ...hrough{\lstinline!main!}方法使用\passthrough
                                                  {\lstinline!SpringApplicat...
The control sequence at the end of the top line
of your error message was never \def'ed. If you have
misspelled it (e.g., `\hobx'), type `I' and the correct
spelling (e.g., `I\hbox'). Otherwise just continue,
and I'll forget about whatever was undefined.

! Undefined control sequence.
<recently read> \passthrough 
                             
l.2288     \passthrough
                       {\lstinline!@EventListener!}监听应用启动完成事件，执行初始化检查
The control sequence at the end of the top line
of your error message was never \def'ed. If you have
misspelled it (e.g., `\hobx'), type `I' and the correct
spelling (e.g., `I\hbox'). Otherwise just continue,
and I'll forget about whatever was undefined.

! Undefined control sequence.
<recently read> \passthrough 
                             
l.2296     \passthrough
                       {\lstinline!@ConfigurationProperties!}将YAML/Propertie...
The control sequence at the end of the top line
of your error message was never \def'ed. If you have
misspelled it (e.g., `\hobx'), type `I' and the correct
spelling (e.g., `I\hbox'). Otherwise just continue,
and I'll forget about whatever was undefined.

! Undefined control sequence.
<recently read> \passthrough 
                             
l.2300     \passthrough
                       {\lstinline!@EnableConfigurationProperties!}启用配置属性类
The control sequence at the end of the top line
of your error message was never \def'ed. If you have
misspelled it (e.g., `\hobx'), type `I' and the correct
spelling (e.g., `I\hbox'). Otherwise just continue,
and I'll forget about whatever was undefined.

! Undefined control sequence.
<recently read> \passthrough 
                             
l.2308     \passthrough
                       {\lstinline!@ConditionalOnProperty!}根据配置属性决定是否创建Bean
The control sequence at the end of the top line
of your error message was never \def'ed. If you have
misspelled it (e.g., `\hobx'), type `I' and the correct
spelling (e.g., `I\hbox'). Otherwise just continue,
and I'll forget about whatever was undefined.

! Undefined control sequence.
<recently read> \passthrough 
                             
l.2318     \passthrough
                       {\lstinline!@RestController!}组合了\passthrough{\lstinli...
The control sequence at the end of the top line
of your error message was never \def'ed. If you have
misspelled it (e.g., `\hobx'), type `I' and the correct
spelling (e.g., `I\hbox'). Otherwise just continue,
and I'll forget about whatever was undefined.

! Undefined control sequence.
l.2318 ...tinline!@RestController!}组合了\passthrough
                                                  {\lstinline!@Controller!}和...
The control sequence at the end of the top line
of your error message was never \def'ed. If you have
misspelled it (e.g., `\hobx'), type `I' and the correct
spelling (e.g., `I\hbox'). Otherwise just continue,
and I'll forget about whatever was undefined.

! Undefined control sequence.
l.2318 ...gh{\lstinline!@Controller!}和\passthrough
                                                  {\lstinline!@ResponseBody!}
The control sequence at the end of the top line
of your error message was never \def'ed. If you have
misspelled it (e.g., `\hobx'), type `I' and the correct
spelling (e.g., `I\hbox'). Otherwise just continue,
and I'll forget about whatever was undefined.

! Undefined control sequence.
<recently read> \passthrough 
                             
l.2320     \passthrough
                       {\lstinline!@Valid!}启用JSR-303数据验证
The control sequence at the end of the top line
of your error message was never \def'ed. If you have
misspelled it (e.g., `\hobx'), type `I' and the correct
spelling (e.g., `I\hbox'). Otherwise just continue,
and I'll forget about whatever was undefined.

! Undefined control sequence.
<recently read> \passthrough 
                             
l.2330     \passthrough
                       {\lstinline!@Autowired!}自动注入依赖的服务和配置
The control sequence at the end of the top line
of your error message was never \def'ed. If you have
misspelled it (e.g., `\hobx'), type `I' and the correct
spelling (e.g., `I\hbox'). Otherwise just continue,
and I'll forget about whatever was undefined.



[609]
Underfull \vbox (badness 10000) has occurred while \output is active []



[610]
Underfull \vbox (badness 10000) has occurred while \output is active []



[611]
Underfull \vbox (badness 10000) has occurred while \output is active []



[612]
Underfull \vbox (badness 10000) has occurred while \output is active []



[613]
Underfull \vbox (badness 10000) has occurred while \output is active []



[614]
Underfull \vbox (badness 10000) has occurred while \output is active []



[615]
Underfull \vbox (badness 10000) has occurred while \output is active []



[616]
Underfull \vbox (badness 10000) has occurred while \output is active []



[617]
Underfull \vbox (badness 10000) has occurred while \output is active []



[618]
Underfull \vbox (badness 10000) has occurred while \output is active []



[619]
Underfull \vbox (badness 10000) has occurred while \output is active []



[620]
! Undefined control sequence.
<recently read> \passthrough 
                             
l.2763     \passthrough
                       {\lstinline!@WebServlet!}替代了web.xml配置，包含URL模式、启动顺序等设置
The control sequence at the end of the top line
of your error message was never \def'ed. If you have
misspelled it (e.g., `\hobx'), type `I' and the correct
spelling (e.g., `I\hbox'). Otherwise just continue,
and I'll forget about whatever was undefined.

! Undefined control sequence.
<recently read> \passthrough 
                             
l.2765     \passthrough
                       {\lstinline!@MultipartConfig!}启用文件上传功能，设置大小限制
The control sequence at the end of the top line
of your error message was never \def'ed. If you have
misspelled it (e.g., `\hobx'), type `I' and the correct
spelling (e.g., `I\hbox'). Otherwise just continue,
and I'll forget about whatever was undefined.

! Undefined control sequence.
<recently read> \passthrough 
                             
l.2767     \passthrough
                       {\lstinline!asyncSupported = true!}启用异步处理支持
The control sequence at the end of the top line
of your error message was never \def'ed. If you have
misspelled it (e.g., `\hobx'), type `I' and the correct
spelling (e.g., `I\hbox'). Otherwise just continue,
and I'll forget about whatever was undefined.

! Undefined control sequence.
<recently read> \passthrough 
                             
l.2775     \passthrough
                       {\lstinline!init()!}方法在Servlet创建时执行一次，用于初始化资源
The control sequence at the end of the top line
of your error message was never \def'ed. If you have
misspelled it (e.g., `\hobx'), type `I' and the correct
spelling (e.g., `I\hbox'). Otherwise just continue,
and I'll forget about whatever was undefined.

! Undefined control sequence.
<recently read> \passthrough 
                             
l.2777     \passthrough
                       {\lstinline!destroy()!}方法在Servlet销毁时执行，用于清理资源
The control sequence at the end of the top line
of your error message was never \def'ed. If you have
misspelled it (e.g., `\hobx'), type `I' and the correct
spelling (e.g., `I\hbox'). Otherwise just continue,
and I'll forget about whatever was undefined.

! Undefined control sequence.
<recently read> \passthrough 
                             
l.2787     \passthrough
                       {\lstinline!request.startAsync()!}启动异步上下文
The control sequence at the end of the top line
of your error message was never \def'ed. If you have
misspelled it (e.g., `\hobx'), type `I' and the correct
spelling (e.g., `I\hbox'). Otherwise just continue,
and I'll forget about whatever was undefined.

! Undefined control sequence.
<recently read> \passthrough 
                             
l.2791     \passthrough
                       {\lstinline!AsyncListener!}监听异步处理的各种事件
The control sequence at the end of the top line
of your error message was never \def'ed. If you have
misspelled it (e.g., `\hobx'), type `I' and the correct
spelling (e.g., `I\hbox'). Otherwise just continue,
and I'll forget about whatever was undefined.

! Undefined control sequence.
<recently read> \passthrough 
                             
l.2799     \passthrough
                       {\lstinline!request.getParts()!}获取多部分请求的各个部分
The control sequence at the end of the top line
of your error message was never \def'ed. If you have
misspelled it (e.g., `\hobx'), type `I' and the correct
spelling (e.g., `I\hbox'). Otherwise just continue,
and I'll forget about whatever was undefined.


Underfull \vbox (badness 10000) has occurred while \output is active []



[621]

[622]

[623]
! Undefined control sequence.
l.2924 ...目录布局，这是Java生态系统中广泛接受的项目组织方式：\passthrough
                                                  {\lstinline!src/main/java!...
The control sequence at the end of the top line
of your error message was never \def'ed. If you have
misspelled it (e.g., `\hobx'), type `I' and the correct
spelling (e.g., `I\hbox'). Otherwise just continue,
and I'll forget about whatever was undefined.

! Undefined control sequence.
l.2924 ...inline!src/main/java!}存放源代码，\passthrough
                                                  {\lstinline!src/main/resou...
The control sequence at the end of the top line
of your error message was never \def'ed. If you have
misspelled it (e.g., `\hobx'), type `I' and the correct
spelling (e.g., `I\hbox'). Otherwise just continue,
and I'll forget about whatever was undefined.

! Undefined control sequence.
l.2924 ...main/resources!}存放配置文件和静态资源，\passthrough
                                                  {\lstinline!src/test/java!...
The control sequence at the end of the top line
of your error message was never \def'ed. If you have
misspelled it (e.g., `\hobx'), type `I' and the correct
spelling (e.g., `I\hbox'). Otherwise just continue,
and I'll forget about whatever was undefined.



[624]
! Undefined control sequence.
l.2926 ...g Boot能够通过类名和注解自动识别组件类型。例如，以\passthrough
                                                  {\lstinline!Controller!}结尾...
The control sequence at the end of the top line
of your error message was never \def'ed. If you have
misspelled it (e.g., `\hobx'), type `I' and the correct
spelling (e.g., `I\hbox'). Otherwise just continue,
and I'll forget about whatever was undefined.

! Undefined control sequence.
l.2926 ...e!Controller!}结尾的类通常是Web控制器，\passthrough
                                                  {\lstinline!Service!}结尾的类是...
The control sequence at the end of the top line
of your error message was never \def'ed. If you have
misspelled it (e.g., `\hobx'), type `I' and the correct
spelling (e.g., `I\hbox'). Otherwise just continue,
and I'll forget about whatever was undefined.

! Undefined control sequence.
l.2926 ...stinline!Service!}结尾的类是业务服务，\passthrough
                                                  {\lstinline!Repository!}结尾...
The control sequence at the end of the top line
of your error message was never \def'ed. If you have
misspelled it (e.g., `\hobx'), type `I' and the correct
spelling (e.g., `I\hbox'). Otherwise just continue,
and I'll forget about whatever was undefined.



[625]

[626] (c:/texlive/2025/texmf-dist/tex/latex/listings/lstlang1.sty
File: lstlang1.sty 2024/09/23 1.10c listings language file
)
(c:/texlive/2025/texmf-dist/tex/latex/listings/lstlang2.sty
File: lstlang2.sty 2024/09/23 1.10c listings language file
)
(c:/texlive/2025/texmf-dist/tex/latex/listings/lstlang3.sty
File: lstlang3.sty 2024/09/23 1.10c listings language file
)

! Package Listings Error: Couldn't load requested language.

See the Listings package documentation for explanation.
Type  H <return>  for immediate help.
 ...                                              
                                                  
l.3010 \begin{lstlisting}[language=yaml]
                                        
The following languages weren't loadable:
    ,yaml$
This may cause errors in the sequel.


! Package Listings Error: language yaml undefined.

See the Listings package documentation for explanation.
Type  H <return>  for immediate help.
 ...                                              
                                                  
l.3010 \begin{lstlisting}[language=yaml]
                                        
The language is not loadable. Try typing  <return>  to proceed.
If that doesn't work, type  X <return>  to quit.



[627]
Underfull \vbox (badness 10000) has occurred while \output is active []



[628]
Underfull \vbox (badness 10000) has occurred while \output is active []



[629]
Underfull \vbox (badness 10000) has occurred while \output is active []



[630]
Underfull \vbox (badness 10000) has occurred while \output is active []



[631]

[632]
! Undefined control sequence.
l.3281 \passthrough
                   {\lstinline!@ConditionalOnClass!} & 类路径存在指定类时激活 & 检测技术依赖 \\
The control sequence at the end of the top line
of your error message was never \def'ed. If you have
misspelled it (e.g., `\hobx'), type `I' and the correct
spelling (e.g., `I\hbox'). Otherwise just continue,
and I'll forget about whatever was undefined.


Overfull \hbox (7.22752pt too wide) in paragraph at lines 3281--3281
[]|[] 
 []

! Undefined control sequence.
<recently read> \passthrough 
                             
l.3282 \passthrough
                   {\lstinline!@ConditionalOnMissingBean!} & 容器中不存在指定Bean时激活...
The control sequence at the end of the top line
of your error message was never \def'ed. If you have
misspelled it (e.g., `\hobx'), type `I' and the correct
spelling (e.g., `I\hbox'). Otherwise just continue,
and I'll forget about whatever was undefined.


Overfull \hbox (46.6475pt too wide) in paragraph at lines 3282--3282
[]|[] 
 []

! Undefined control sequence.
<recently read> \passthrough 
                             
l.3283 \passthrough
                   {\lstinline!@ConditionalOnProperty!} & 配置属性满足条件时激活 & 根据配置...
The control sequence at the end of the top line
of your error message was never \def'ed. If you have
misspelled it (e.g., `\hobx'), type `I' and the correct
spelling (e.g., `I\hbox'). Otherwise just continue,
and I'll forget about whatever was undefined.


Overfull \hbox (26.9375pt too wide) in paragraph at lines 3283--3283
[]|[] 
 []

! Undefined control sequence.
<recently read> \passthrough 
                             
l.3284 \passthrough
                   {\lstinline!@ConditionalOnBean!} & 容器中存在指定Bean时激活 & 依赖其他组...
The control sequence at the end of the top line
of your error message was never \def'ed. If you have
misspelled it (e.g., `\hobx'), type `I' and the correct
spelling (e.g., `I\hbox'). Otherwise just continue,
and I'll forget about whatever was undefined.


Overfull \hbox (0.65753pt too wide) in paragraph at lines 3284--3284
[]|[] 
 []



[633] (c:/texlive/2025/texmf-dist/tex/latex/listings/lstlang1.sty
File: lstlang1.sty 2024/09/23 1.10c listings language file
)
(c:/texlive/2025/texmf-dist/tex/latex/listings/lstlang2.sty
File: lstlang2.sty 2024/09/23 1.10c listings language file
)
(c:/texlive/2025/texmf-dist/tex/latex/listings/lstlang3.sty
File: lstlang3.sty 2024/09/23 1.10c listings language file
)

! Package Listings Error: Couldn't load requested language.

See the Listings package documentation for explanation.
Type  H <return>  for immediate help.
 ...                                              
                                                  
l.3340 \begin{lstlisting}[language=yaml]
                                        
The following languages weren't loadable:
    ,yaml$
This may cause errors in the sequel.


! Package Listings Error: language yaml undefined.

See the Listings package documentation for explanation.
Type  H <return>  for immediate help.
 ...                                              
                                                  
l.3340 \begin{lstlisting}[language=yaml]
                                        
The language is not loadable. Try typing  <return>  to proceed.
If that doesn't work, type  X <return>  to quit.



[634]
Missing character: There is no ├ (U+251C) in font TeX Gyre Cursor/OT:script=lat
n;language=dflt;!
Missing character: There is no ─ (U+2500) in font TeX Gyre Cursor/OT:script=lat
n;language=dflt;!
Missing character: There is no ─ (U+2500) in font TeX Gyre Cursor/OT:script=lat
n;language=dflt;!


[635]
Missing character: There is no │ (U+2502) in font TeX Gyre Cursor/OT:script=lat
n;language=dflt;!
Missing character: There is no ├ (U+251C) in font TeX Gyre Cursor/OT:script=lat
n;language=dflt;!
Missing character: There is no ─ (U+2500) in font TeX Gyre Cursor/OT:script=lat
n;language=dflt;!
Missing character: There is no ─ (U+2500) in font TeX Gyre Cursor/OT:script=lat
n;language=dflt;!
Missing character: There is no │ (U+2502) in font TeX Gyre Cursor/OT:script=lat
n;language=dflt;!
Missing character: There is no │ (U+2502) in font TeX Gyre Cursor/OT:script=lat
n;language=dflt;!
Missing character: There is no ├ (U+251C) in font TeX Gyre Cursor/OT:script=lat
n;language=dflt;!
Missing character: There is no ─ (U+2500) in font TeX Gyre Cursor/OT:script=lat
n;language=dflt;!
Missing character: There is no ─ (U+2500) in font TeX Gyre Cursor/OT:script=lat
n;language=dflt;!
Missing character: There is no │ (U+2502) in font TeX Gyre Cursor/OT:script=lat
n;language=dflt;!
Missing character: There is no │ (U+2502) in font TeX Gyre Cursor/OT:script=lat
n;language=dflt;!
Missing character: There is no │ (U+2502) in font TeX Gyre Cursor/OT:script=lat
n;language=dflt;!
Missing character: There is no └ (U+2514) in font TeX Gyre Cursor/OT:script=lat
n;language=dflt;!
Missing character: There is no ─ (U+2500) in font TeX Gyre Cursor/OT:script=lat
n;language=dflt;!
Missing character: There is no ─ (U+2500) in font TeX Gyre Cursor/OT:script=lat
n;language=dflt;!
Missing character: There is no │ (U+2502) in font TeX Gyre Cursor/OT:script=lat
n;language=dflt;!
Missing character: There is no │ (U+2502) in font TeX Gyre Cursor/OT:script=lat
n;language=dflt;!
Missing character: There is no │ (U+2502) in font TeX Gyre Cursor/OT:script=lat
n;language=dflt;!
Missing character: There is no ├ (U+251C) in font TeX Gyre Cursor/OT:script=lat
n;language=dflt;!
Missing character: There is no ─ (U+2500) in font TeX Gyre Cursor/OT:script=lat
n;language=dflt;!
Missing character: There is no ─ (U+2500) in font TeX Gyre Cursor/OT:script=lat
n;language=dflt;!
Missing character: There is no │ (U+2502) in font TeX Gyre Cursor/OT:script=lat
n;language=dflt;!
Missing character: There is no │ (U+2502) in font TeX Gyre Cursor/OT:script=lat
n;language=dflt;!
Missing character: There is no │ (U+2502) in font TeX Gyre Cursor/OT:script=lat
n;language=dflt;!
Missing character: There is no ├ (U+251C) in font TeX Gyre Cursor/OT:script=lat
n;language=dflt;!
Missing character: There is no ─ (U+2500) in font TeX Gyre Cursor/OT:script=lat
n;language=dflt;!
Missing character: There is no ─ (U+2500) in font TeX Gyre Cursor/OT:script=lat
n;language=dflt;!
Missing character: There is no │ (U+2502) in font TeX Gyre Cursor/OT:script=lat
n;language=dflt;!
Missing character: There is no │ (U+2502) in font TeX Gyre Cursor/OT:script=lat
n;language=dflt;!
Missing character: There is no │ (U+2502) in font TeX Gyre Cursor/OT:script=lat
n;language=dflt;!
Missing character: There is no ├ (U+251C) in font TeX Gyre Cursor/OT:script=lat
n;language=dflt;!
Missing character: There is no ─ (U+2500) in font TeX Gyre Cursor/OT:script=lat
n;language=dflt;!
Missing character: There is no ─ (U+2500) in font TeX Gyre Cursor/OT:script=lat
n;language=dflt;!
Missing character: There is no │ (U+2502) in font TeX Gyre Cursor/OT:script=lat
n;language=dflt;!
Missing character: There is no │ (U+2502) in font TeX Gyre Cursor/OT:script=lat
n;language=dflt;!
Missing character: There is no │ (U+2502) in font TeX Gyre Cursor/OT:script=lat
n;language=dflt;!
Missing character: There is no ├ (U+251C) in font TeX Gyre Cursor/OT:script=lat
n;language=dflt;!
Missing character: There is no ─ (U+2500) in font TeX Gyre Cursor/OT:script=lat
n;language=dflt;!
Missing character: There is no ─ (U+2500) in font TeX Gyre Cursor/OT:script=lat
n;language=dflt;!
Missing character: There is no │ (U+2502) in font TeX Gyre Cursor/OT:script=lat
n;language=dflt;!
Missing character: There is no │ (U+2502) in font TeX Gyre Cursor/OT:script=lat
n;language=dflt;!
Missing character: There is no │ (U+2502) in font TeX Gyre Cursor/OT:script=lat
n;language=dflt;!
Missing character: There is no ├ (U+251C) in font TeX Gyre Cursor/OT:script=lat
n;language=dflt;!
Missing character: There is no ─ (U+2500) in font TeX Gyre Cursor/OT:script=lat
n;language=dflt;!
Missing character: There is no ─ (U+2500) in font TeX Gyre Cursor/OT:script=lat
n;language=dflt;!
Missing character: There is no │ (U+2502) in font TeX Gyre Cursor/OT:script=lat
n;language=dflt;!
Missing character: There is no │ (U+2502) in font TeX Gyre Cursor/OT:script=lat
n;language=dflt;!
Missing character: There is no │ (U+2502) in font TeX Gyre Cursor/OT:script=lat
n;language=dflt;!
Missing character: There is no ├ (U+251C) in font TeX Gyre Cursor/OT:script=lat
n;language=dflt;!
Missing character: There is no ─ (U+2500) in font TeX Gyre Cursor/OT:script=lat
n;language=dflt;!
Missing character: There is no ─ (U+2500) in font TeX Gyre Cursor/OT:script=lat
n;language=dflt;!
Missing character: There is no │ (U+2502) in font TeX Gyre Cursor/OT:script=lat
n;language=dflt;!
Missing character: There is no │ (U+2502) in font TeX Gyre Cursor/OT:script=lat
n;language=dflt;!
Missing character: There is no │ (U+2502) in font TeX Gyre Cursor/OT:script=lat
n;language=dflt;!
Missing character: There is no └ (U+2514) in font TeX Gyre Cursor/OT:script=lat
n;language=dflt;!
Missing character: There is no ─ (U+2500) in font TeX Gyre Cursor/OT:script=lat
n;language=dflt;!
Missing character: There is no ─ (U+2500) in font TeX Gyre Cursor/OT:script=lat
n;language=dflt;!
Missing character: There is no │ (U+2502) in font TeX Gyre Cursor/OT:script=lat
n;language=dflt;!
Missing character: There is no │ (U+2502) in font TeX Gyre Cursor/OT:script=lat
n;language=dflt;!
Missing character: There is no └ (U+2514) in font TeX Gyre Cursor/OT:script=lat
n;language=dflt;!
Missing character: There is no ─ (U+2500) in font TeX Gyre Cursor/OT:script=lat
n;language=dflt;!
Missing character: There is no ─ (U+2500) in font TeX Gyre Cursor/OT:script=lat
n;language=dflt;!
Missing character: There is no │ (U+2502) in font TeX Gyre Cursor/OT:script=lat
n;language=dflt;!
Missing character: There is no │ (U+2502) in font TeX Gyre Cursor/OT:script=lat
n;language=dflt;!
Missing character: There is no ├ (U+251C) in font TeX Gyre Cursor/OT:script=lat
n;language=dflt;!
Missing character: There is no ─ (U+2500) in font TeX Gyre Cursor/OT:script=lat
n;language=dflt;!
Missing character: There is no ─ (U+2500) in font TeX Gyre Cursor/OT:script=lat
n;language=dflt;!
Missing character: There is no │ (U+2502) in font TeX Gyre Cursor/OT:script=lat
n;language=dflt;!
Missing character: There is no │ (U+2502) in font TeX Gyre Cursor/OT:script=lat
n;language=dflt;!
Missing character: There is no ├ (U+251C) in font TeX Gyre Cursor/OT:script=lat
n;language=dflt;!
Missing character: There is no ─ (U+2500) in font TeX Gyre Cursor/OT:script=lat
n;language=dflt;!
Missing character: There is no ─ (U+2500) in font TeX Gyre Cursor/OT:script=lat
n;language=dflt;!
Missing character: There is no │ (U+2502) in font TeX Gyre Cursor/OT:script=lat
n;language=dflt;!
Missing character: There is no │ (U+2502) in font TeX Gyre Cursor/OT:script=lat
n;language=dflt;!
Missing character: There is no ├ (U+251C) in font TeX Gyre Cursor/OT:script=lat
n;language=dflt;!
Missing character: There is no ─ (U+2500) in font TeX Gyre Cursor/OT:script=lat
n;language=dflt;!
Missing character: There is no ─ (U+2500) in font TeX Gyre Cursor/OT:script=lat
n;language=dflt;!
Missing character: There is no │ (U+2502) in font TeX Gyre Cursor/OT:script=lat
n;language=dflt;!
Missing character: There is no │ (U+2502) in font TeX Gyre Cursor/OT:script=lat
n;language=dflt;!
Missing character: There is no ├ (U+251C) in font TeX Gyre Cursor/OT:script=lat
n;language=dflt;!
Missing character: There is no ─ (U+2500) in font TeX Gyre Cursor/OT:script=lat
n;language=dflt;!
Missing character: There is no ─ (U+2500) in font TeX Gyre Cursor/OT:script=lat
n;language=dflt;!
Missing character: There is no │ (U+2502) in font TeX Gyre Cursor/OT:script=lat
n;language=dflt;!
Missing character: There is no │ (U+2502) in font TeX Gyre Cursor/OT:script=lat
n;language=dflt;!
Missing character: There is no └ (U+2514) in font TeX Gyre Cursor/OT:script=lat
n;language=dflt;!
Missing character: There is no ─ (U+2500) in font TeX Gyre Cursor/OT:script=lat
n;language=dflt;!
Missing character: There is no ─ (U+2500) in font TeX Gyre Cursor/OT:script=lat
n;language=dflt;!
Missing character: There is no │ (U+2502) in font TeX Gyre Cursor/OT:script=lat
n;language=dflt;!
Missing character: There is no └ (U+2514) in font TeX Gyre Cursor/OT:script=lat
n;language=dflt;!
Missing character: There is no ─ (U+2500) in font TeX Gyre Cursor/OT:script=lat
n;language=dflt;!
Missing character: There is no ─ (U+2500) in font TeX Gyre Cursor/OT:script=lat
n;language=dflt;!
Missing character: There is no │ (U+2502) in font TeX Gyre Cursor/OT:script=lat
n;language=dflt;!
Missing character: There is no └ (U+2514) in font TeX Gyre Cursor/OT:script=lat
n;language=dflt;!
Missing character: There is no ─ (U+2500) in font TeX Gyre Cursor/OT:script=lat
n;language=dflt;!
Missing character: There is no ─ (U+2500) in font TeX Gyre Cursor/OT:script=lat
n;language=dflt;!
Missing character: There is no ├ (U+251C) in font TeX Gyre Cursor/OT:script=lat
n;language=dflt;!
Missing character: There is no ─ (U+2500) in font TeX Gyre Cursor/OT:script=lat
n;language=dflt;!
Missing character: There is no ─ (U+2500) in font TeX Gyre Cursor/OT:script=lat
n;language=dflt;!
Missing character: There is no ├ (U+251C) in font TeX Gyre Cursor/OT:script=lat
n;language=dflt;!
Missing character: There is no ─ (U+2500) in font TeX Gyre Cursor/OT:script=lat
n;language=dflt;!
Missing character: There is no ─ (U+2500) in font TeX Gyre Cursor/OT:script=lat
n;language=dflt;!
Missing character: There is no └ (U+2514) in font TeX Gyre Cursor/OT:script=lat
n;language=dflt;!
Missing character: There is no ─ (U+2500) in font TeX Gyre Cursor/OT:script=lat
n;language=dflt;!
Missing character: There is no ─ (U+2500) in font TeX Gyre Cursor/OT:script=lat
n;language=dflt;!
(c:/texlive/2025/texmf-dist/tex/latex/listings/lstlang1.sty
File: lstlang1.sty 2024/09/23 1.10c listings language file
)

[636]
Underfull \vbox (badness 10000) has occurred while \output is active []



[637] (c:/texlive/2025/texmf-dist/tex/latex/listings/lstlang1.sty
File: lstlang1.sty 2024/09/23 1.10c listings language file
)
(c:/texlive/2025/texmf-dist/tex/latex/listings/lstlang2.sty
File: lstlang2.sty 2024/09/23 1.10c listings language file
)
(c:/texlive/2025/texmf-dist/tex/latex/listings/lstlang3.sty
File: lstlang3.sty 2024/09/23 1.10c listings language file
)

! Package Listings Error: Couldn't load requested language.

See the Listings package documentation for explanation.
Type  H <return>  for immediate help.
 ...                                              
                                                  
l.3525 \begin{lstlisting}[language=yaml]
                                        
The following languages weren't loadable:
    ,yaml$
This may cause errors in the sequel.


! Package Listings Error: language yaml undefined.

See the Listings package documentation for explanation.
Type  H <return>  for immediate help.
 ...                                              
                                                  
l.3525 \begin{lstlisting}[language=yaml]
                                        
The language is not loadable. Try typing  <return>  to proceed.
If that doesn't work, type  X <return>  to quit.



[638] (c:/texlive/2025/texmf-dist/tex/latex/listings/lstlang1.sty
File: lstlang1.sty 2024/09/23 1.10c listings language file
)
(c:/texlive/2025/texmf-dist/tex/latex/listings/lstlang2.sty
File: lstlang2.sty 2024/09/23 1.10c listings language file
)
(c:/texlive/2025/texmf-dist/tex/latex/listings/lstlang3.sty
File: lstlang3.sty 2024/09/23 1.10c listings language file
)

! Package Listings Error: Couldn't load requested language.

See the Listings package documentation for explanation.
Type  H <return>  for immediate help.
 ...                                              
                                                  
l.3552 \begin{lstlisting}[language=yaml]
                                        
The following languages weren't loadable:
    ,yaml$
This may cause errors in the sequel.


! Package Listings Error: language yaml undefined.

See the Listings package documentation for explanation.
Type  H <return>  for immediate help.
 ...                                              
                                                  
l.3552 \begin{lstlisting}[language=yaml]
                                        
The language is not loadable. Try typing  <return>  to proceed.
If that doesn't work, type  X <return>  to quit.



[639]

[640]

[641]
Underfull \vbox (badness 10000) has occurred while \output is active []



[642]
Missing character: There is no ├ (U+251C) in font TeX Gyre Cursor/OT:script=lat
n;language=dflt;!
Missing character: There is no ─ (U+2500) in font TeX Gyre Cursor/OT:script=lat
n;language=dflt;!
Missing character: There is no ─ (U+2500) in font TeX Gyre Cursor/OT:script=lat
n;language=dflt;!


[643]
Missing character: There is no ├ (U+251C) in font TeX Gyre Cursor/OT:script=lat
n;language=dflt;!
Missing character: There is no ─ (U+2500) in font TeX Gyre Cursor/OT:script=lat
n;language=dflt;!
Missing character: There is no ─ (U+2500) in font TeX Gyre Cursor/OT:script=lat
n;language=dflt;!
Missing character: There is no │ (U+2502) in font TeX Gyre Cursor/OT:script=lat
n;language=dflt;!
Missing character: There is no ├ (U+251C) in font TeX Gyre Cursor/OT:script=lat
n;language=dflt;!
Missing character: There is no ─ (U+2500) in font TeX Gyre Cursor/OT:script=lat
n;language=dflt;!
Missing character: There is no ─ (U+2500) in font TeX Gyre Cursor/OT:script=lat
n;language=dflt;!
Missing character: There is no │ (U+2502) in font TeX Gyre Cursor/OT:script=lat
n;language=dflt;!
Missing character: There is no ├ (U+251C) in font TeX Gyre Cursor/OT:script=lat
n;language=dflt;!
Missing character: There is no ─ (U+2500) in font TeX Gyre Cursor/OT:script=lat
n;language=dflt;!
Missing character: There is no ─ (U+2500) in font TeX Gyre Cursor/OT:script=lat
n;language=dflt;!
Missing character: There is no │ (U+2502) in font TeX Gyre Cursor/OT:script=lat
n;language=dflt;!
Missing character: There is no └ (U+2514) in font TeX Gyre Cursor/OT:script=lat
n;language=dflt;!
Missing character: There is no ─ (U+2500) in font TeX Gyre Cursor/OT:script=lat
n;language=dflt;!
Missing character: There is no ─ (U+2500) in font TeX Gyre Cursor/OT:script=lat
n;language=dflt;!
Missing character: There is no ├ (U+251C) in font TeX Gyre Cursor/OT:script=lat
n;language=dflt;!
Missing character: There is no ─ (U+2500) in font TeX Gyre Cursor/OT:script=lat
n;language=dflt;!
Missing character: There is no ─ (U+2500) in font TeX Gyre Cursor/OT:script=lat
n;language=dflt;!
Missing character: There is no │ (U+2502) in font TeX Gyre Cursor/OT:script=lat
n;language=dflt;!
Missing character: There is no ├ (U+251C) in font TeX Gyre Cursor/OT:script=lat
n;language=dflt;!
Missing character: There is no ─ (U+2500) in font TeX Gyre Cursor/OT:script=lat
n;language=dflt;!
Missing character: There is no ─ (U+2500) in font TeX Gyre Cursor/OT:script=lat
n;language=dflt;!
Missing character: There is no │ (U+2502) in font TeX Gyre Cursor/OT:script=lat
n;language=dflt;!
Missing character: There is no ├ (U+251C) in font TeX Gyre Cursor/OT:script=lat
n;language=dflt;!
Missing character: There is no ─ (U+2500) in font TeX Gyre Cursor/OT:script=lat
n;language=dflt;!
Missing character: There is no ─ (U+2500) in font TeX Gyre Cursor/OT:script=lat
n;language=dflt;!
Missing character: There is no │ (U+2502) in font TeX Gyre Cursor/OT:script=lat
n;language=dflt;!
Missing character: There is no └ (U+2514) in font TeX Gyre Cursor/OT:script=lat
n;language=dflt;!
Missing character: There is no ─ (U+2500) in font TeX Gyre Cursor/OT:script=lat
n;language=dflt;!
Missing character: There is no ─ (U+2500) in font TeX Gyre Cursor/OT:script=lat
n;language=dflt;!
Missing character: There is no ├ (U+251C) in font TeX Gyre Cursor/OT:script=lat
n;language=dflt;!
Missing character: There is no ─ (U+2500) in font TeX Gyre Cursor/OT:script=lat
n;language=dflt;!
Missing character: There is no ─ (U+2500) in font TeX Gyre Cursor/OT:script=lat
n;language=dflt;!
Missing character: There is no │ (U+2502) in font TeX Gyre Cursor/OT:script=lat
n;language=dflt;!
Missing character: There is no ├ (U+251C) in font TeX Gyre Cursor/OT:script=lat
n;language=dflt;!
Missing character: There is no ─ (U+2500) in font TeX Gyre Cursor/OT:script=lat
n;language=dflt;!
Missing character: There is no ─ (U+2500) in font TeX Gyre Cursor/OT:script=lat
n;language=dflt;!
Missing character: There is no │ (U+2502) in font TeX Gyre Cursor/OT:script=lat
n;language=dflt;!
Missing character: There is no └ (U+2514) in font TeX Gyre Cursor/OT:script=lat
n;language=dflt;!
Missing character: There is no ─ (U+2500) in font TeX Gyre Cursor/OT:script=lat
n;language=dflt;!
Missing character: There is no ─ (U+2500) in font TeX Gyre Cursor/OT:script=lat
n;language=dflt;!
Missing character: There is no ├ (U+251C) in font TeX Gyre Cursor/OT:script=lat
n;language=dflt;!
Missing character: There is no ─ (U+2500) in font TeX Gyre Cursor/OT:script=lat
n;language=dflt;!
Missing character: There is no ─ (U+2500) in font TeX Gyre Cursor/OT:script=lat
n;language=dflt;!
Missing character: There is no │ (U+2502) in font TeX Gyre Cursor/OT:script=lat
n;language=dflt;!
Missing character: There is no ├ (U+251C) in font TeX Gyre Cursor/OT:script=lat
n;language=dflt;!
Missing character: There is no ─ (U+2500) in font TeX Gyre Cursor/OT:script=lat
n;language=dflt;!
Missing character: There is no ─ (U+2500) in font TeX Gyre Cursor/OT:script=lat
n;language=dflt;!
Missing character: There is no │ (U+2502) in font TeX Gyre Cursor/OT:script=lat
n;language=dflt;!
Missing character: There is no └ (U+2514) in font TeX Gyre Cursor/OT:script=lat
n;language=dflt;!
Missing character: There is no ─ (U+2500) in font TeX Gyre Cursor/OT:script=lat
n;language=dflt;!
Missing character: There is no ─ (U+2500) in font TeX Gyre Cursor/OT:script=lat
n;language=dflt;!
Missing character: There is no ├ (U+251C) in font TeX Gyre Cursor/OT:script=lat
n;language=dflt;!
Missing character: There is no ─ (U+2500) in font TeX Gyre Cursor/OT:script=lat
n;language=dflt;!
Missing character: There is no ─ (U+2500) in font TeX Gyre Cursor/OT:script=lat
n;language=dflt;!
Missing character: There is no │ (U+2502) in font TeX Gyre Cursor/OT:script=lat
n;language=dflt;!
Missing character: There is no ├ (U+251C) in font TeX Gyre Cursor/OT:script=lat
n;language=dflt;!
Missing character: There is no ─ (U+2500) in font TeX Gyre Cursor/OT:script=lat
n;language=dflt;!
Missing character: There is no ─ (U+2500) in font TeX Gyre Cursor/OT:script=lat
n;language=dflt;!
Missing character: There is no │ (U+2502) in font TeX Gyre Cursor/OT:script=lat
n;language=dflt;!
Missing character: There is no └ (U+2514) in font TeX Gyre Cursor/OT:script=lat
n;language=dflt;!
Missing character: There is no ─ (U+2500) in font TeX Gyre Cursor/OT:script=lat
n;language=dflt;!
Missing character: There is no ─ (U+2500) in font TeX Gyre Cursor/OT:script=lat
n;language=dflt;!
Missing character: There is no ├ (U+251C) in font TeX Gyre Cursor/OT:script=lat
n;language=dflt;!
Missing character: There is no ─ (U+2500) in font TeX Gyre Cursor/OT:script=lat
n;language=dflt;!
Missing character: There is no ─ (U+2500) in font TeX Gyre Cursor/OT:script=lat
n;language=dflt;!
Missing character: There is no │ (U+2502) in font TeX Gyre Cursor/OT:script=lat
n;language=dflt;!
Missing character: There is no ├ (U+251C) in font TeX Gyre Cursor/OT:script=lat
n;language=dflt;!
Missing character: There is no ─ (U+2500) in font TeX Gyre Cursor/OT:script=lat
n;language=dflt;!
Missing character: There is no ─ (U+2500) in font TeX Gyre Cursor/OT:script=lat
n;language=dflt;!
Missing character: There is no │ (U+2502) in font TeX Gyre Cursor/OT:script=lat
n;language=dflt;!
Missing character: There is no └ (U+2514) in font TeX Gyre Cursor/OT:script=lat
n;language=dflt;!
Missing character: There is no ─ (U+2500) in font TeX Gyre Cursor/OT:script=lat
n;language=dflt;!
Missing character: There is no ─ (U+2500) in font TeX Gyre Cursor/OT:script=lat
n;language=dflt;!
Missing character: There is no └ (U+2514) in font TeX Gyre Cursor/OT:script=lat
n;language=dflt;!
Missing character: There is no ─ (U+2500) in font TeX Gyre Cursor/OT:script=lat
n;language=dflt;!
Missing character: There is no ─ (U+2500) in font TeX Gyre Cursor/OT:script=lat
n;language=dflt;!
Missing character: There is no ├ (U+251C) in font TeX Gyre Cursor/OT:script=lat
n;language=dflt;!
Missing character: There is no ─ (U+2500) in font TeX Gyre Cursor/OT:script=lat
n;language=dflt;!
Missing character: There is no ─ (U+2500) in font TeX Gyre Cursor/OT:script=lat
n;language=dflt;!
Missing character: There is no ├ (U+251C) in font TeX Gyre Cursor/OT:script=lat
n;language=dflt;!
Missing character: There is no ─ (U+2500) in font TeX Gyre Cursor/OT:script=lat
n;language=dflt;!
Missing character: There is no ─ (U+2500) in font TeX Gyre Cursor/OT:script=lat
n;language=dflt;!
Missing character: There is no └ (U+2514) in font TeX Gyre Cursor/OT:script=lat
n;language=dflt;!
Missing character: There is no ─ (U+2500) in font TeX Gyre Cursor/OT:script=lat
n;language=dflt;!
Missing character: There is no ─ (U+2500) in font TeX Gyre Cursor/OT:script=lat
n;language=dflt;!


[644] (c:/texlive/2025/texmf-dist/tex/latex/listings/lstlang1.sty
File: lstlang1.sty 2024/09/23 1.10c listings language file
)
(c:/texlive/2025/texmf-dist/tex/latex/listings/lstlang2.sty
File: lstlang2.sty 2024/09/23 1.10c listings language file
)
(c:/texlive/2025/texmf-dist/tex/latex/listings/lstlang3.sty
File: lstlang3.sty 2024/09/23 1.10c listings language file
)

! Package Listings Error: Couldn't load requested language.

See the Listings package documentation for explanation.
Type  H <return>  for immediate help.
 ...                                              
                                                  
l.3756 \begin{lstlisting}[language=yaml]
                                        
The following languages weren't loadable:
    ,yaml$
This may cause errors in the sequel.


! Package Listings Error: language yaml undefined.

See the Listings package documentation for explanation.
Type  H <return>  for immediate help.
 ...                                              
                                                  
l.3756 \begin{lstlisting}[language=yaml]
                                        
The language is not loadable. Try typing  <return>  to proceed.
If that doesn't work, type  X <return>  to quit.


Underfull \vbox (badness 7064) has occurred while \output is active []



[645] (c:/texlive/2025/texmf-dist/tex/latex/listings/lstlang1.sty
File: lstlang1.sty 2024/09/23 1.10c listings language file
)
(c:/texlive/2025/texmf-dist/tex/latex/listings/lstlang2.sty
File: lstlang2.sty 2024/09/23 1.10c listings language file
)
(c:/texlive/2025/texmf-dist/tex/latex/listings/lstlang3.sty
File: lstlang3.sty 2024/09/23 1.10c listings language file
)

! Package Listings Error: Couldn't load requested language.

See the Listings package documentation for explanation.
Type  H <return>  for immediate help.
 ...                                              
                                                  
l.3817 \begin{lstlisting}[language=yaml]
                                        
The following languages weren't loadable:
    ,yaml$
This may cause errors in the sequel.


! Package Listings Error: language yaml undefined.

See the Listings package documentation for explanation.
Type  H <return>  for immediate help.
 ...                                              
                                                  
l.3817 \begin{lstlisting}[language=yaml]
                                        
The language is not loadable. Try typing  <return>  to proceed.
If that doesn't work, type  X <return>  to quit.


Underfull \vbox (badness 10000) has occurred while \output is active []



[646]

[647]
Underfull \vbox (badness 10000) has occurred while \output is active []



[648]
Overfull \hbox (19.72333pt too wide) in paragraph at lines 3907--3908
\TU/TeXGyreCursor(0)/m/n/12 havingValue = "redis")\TU/MicrosoftYaHei(0)/m/n/12 
：|  只 有 当 配 置 文 件 中 设 置 了 \TU/TeXGyrePagella(0)/m/n/12 spring.cache.type=redis
 []



[649]
Underfull \vbox (badness 10000) has occurred while \output is active []



[650]
Underfull \vbox (badness 10000) has occurred while \output is active []



[651]
! Undefined control sequence.
<recently read> \passthrough 
                             
l.4036     \passthrough
                       {\lstinline!WaterDataProcessor!}先被创建，因为\passthrough{\...
The control sequence at the end of the top line
of your error message was never \def'ed. If you have
misspelled it (e.g., `\hobx'), type `I' and the correct
spelling (e.g., `I\hbox'). Otherwise just continue,
and I'll forget about whatever was undefined.

! Undefined control sequence.
l.4036 ...!WaterDataProcessor!}先被创建，因为\passthrough
                                                  {\lstinline!AlertChecker!}...
The control sequence at the end of the top line
of your error message was never \def'ed. If you have
misspelled it (e.g., `\hobx'), type `I' and the correct
spelling (e.g., `I\hbox'). Otherwise just continue,
and I'll forget about whatever was undefined.

! Undefined control sequence.
<recently read> \passthrough 
                             
l.4046     \passthrough
                       {\lstinline!WaterMonitoringProperties!}对象会被自动注入，它包含了从...
The control sequence at the end of the top line
of your error message was never \def'ed. If you have
misspelled it (e.g., `\hobx'), type `I' and the correct
spelling (e.g., `I\hbox'). Otherwise just continue,
and I'll forget about whatever was undefined.


Underfull \vbox (badness 10000) has occurred while \output is active []



[652]
Underfull \vbox (badness 10000) has occurred while \output is active []



[653]
Underfull \vbox (badness 10000) has occurred while \output is active []



[654]
Underfull \vbox (badness 10000) has occurred while \output is active []



[655]
! Undefined control sequence.
<recently read> \passthrough 
                             
l.4247     \passthrough
                       {\lstinline!@Validated!}注解启用Bean验证
The control sequence at the end of the top line
of your error message was never \def'ed. If you have
misspelled it (e.g., `\hobx'), type `I' and the correct
spelling (e.g., `I\hbox'). Otherwise just continue,
and I'll forget about whatever was undefined.

! Undefined control sequence.
<recently read> \passthrough 
                             
l.4249     \passthrough
                       {\lstinline!@Min!}、\passthrough{\lstinline!@Max!}：数值范围验证
The control sequence at the end of the top line
of your error message was never \def'ed. If you have
misspelled it (e.g., `\hobx'), type `I' and the correct
spelling (e.g., `I\hbox'). Otherwise just continue,
and I'll forget about whatever was undefined.

! Undefined control sequence.
l.4249 ...ssthrough{\lstinline!@Min!}、\passthrough
                                                  {\lstinline!@Max!}：数值范围验证
The control sequence at the end of the top line
of your error message was never \def'ed. If you have
misspelled it (e.g., `\hobx'), type `I' and the correct
spelling (e.g., `I\hbox'). Otherwise just continue,
and I'll forget about whatever was undefined.


Underfull \vbox (badness 10000) has occurred while \output is active []



[656]
Overfull \hbox (11.99132pt too wide) in paragraph at lines 4266--4268
[]\TU/MicrosoftYaHei(0)/m/n/12 嵌 套 对 象 用 点 号 分 隔：| \TU/TeXGyrePagella(0)/m/n/12
 station.refreshInterval → water.monitoring.station.refresh-
 []



[657]
Underfull \vbox (badness 10000) has occurred while \output is active []



[658]

[659]
Underfull \vbox (badness 10000) has occurred while \output is active []



[660]
Underfull \vbox (badness 10000) has occurred while \output is active []



[661]
Underfull \vbox (badness 10000) has occurred while \output is active []



[662]
Underfull \vbox (badness 10000) has occurred while \output is active []



[663]
! Undefined control sequence.
<recently read> \passthrough 
                             
l.4558     \passthrough
                       {\lstinline!@AutoConfigureAfter!}确保在数据源配置完成后再创建业务Bean
The control sequence at the end of the top line
of your error message was never \def'ed. If you have
misspelled it (e.g., `\hobx'), type `I' and the correct
spelling (e.g., `I\hbox'). Otherwise just continue,
and I'll forget about whatever was undefined.


Underfull \vbox (badness 10000) has occurred while \output is active []



[664] (c:/texlive/2025/texmf-dist/tex/latex/listings/lstlang1.sty
File: lstlang1.sty 2024/09/23 1.10c listings language file
)
(c:/texlive/2025/texmf-dist/tex/latex/listings/lstlang2.sty
File: lstlang2.sty 2024/09/23 1.10c listings language file
)
(c:/texlive/2025/texmf-dist/tex/latex/listings/lstlang3.sty
File: lstlang3.sty 2024/09/23 1.10c listings language file
)

! Package Listings Error: Couldn't load requested language.

See the Listings package documentation for explanation.
Type  H <return>  for immediate help.
 ...                                              
                                                  
l.4636 \begin{lstlisting}[language=yaml]
                                        
The following languages weren't loadable:
    ,yaml$
This may cause errors in the sequel.


! Package Listings Error: language yaml undefined.

See the Listings package documentation for explanation.
Type  H <return>  for immediate help.
 ...                                              
                                                  
l.4636 \begin{lstlisting}[language=yaml]
                                        
The language is not loadable. Try typing  <return>  to proceed.
If that doesn't work, type  X <return>  to quit.



[665]
Underfull \vbox (badness 10000) has occurred while \output is active []



[666]

[667]
Underfull \vbox (badness 4699) has occurred while \output is active []



[668]

[669]
Underfull \vbox (badness 10000) has occurred while \output is active []



[670]
Underfull \vbox (badness 10000) has occurred while \output is active []



[671]
Underfull \vbox (badness 10000) has occurred while \output is active []



[672]
Underfull \vbox (badness 10000) has occurred while \output is active []



[673]
Underfull \vbox (badness 10000) has occurred while \output is active []



[674]
Underfull \vbox (badness 10000) has occurred while \output is active []



[675]
Underfull \vbox (badness 10000) has occurred while \output is active []



[676]

[677]

[678]

[679]

[680]
! Undefined control sequence.
l.5260 ...？} A: 可以采用以下优化方式： - 使用延迟初始化：\passthrough
                                                  {\lstinline!spring.main.la...
The control sequence at the end of the top line
of your error message was never \def'ed. If you have
misspelled it (e.g., `\hobx'), type `I' and the correct
spelling (e.g., `I\hbox'). Otherwise just continue,
and I'll forget about whatever was undefined.

! Undefined control sequence.
l.5262 ...的敏感信息？} A: 建议使用以下方法： - 环境变量：\passthrough
                                                  {\lstinline!$\{DATABASE\_P...
The control sequence at the end of the top line
of your error message was never \def'ed. If you have
misspelled it (e.g., `\hobx'), type `I' and the correct
spelling (e.g., `I\hbox'). Otherwise just continue,
and I'll forget about whatever was undefined.



[681]
Missing character: There is no ├ (U+251C) in font TeX Gyre Cursor/OT:script=lat
n;language=dflt;!
Missing character: There is no ─ (U+2500) in font TeX Gyre Cursor/OT:script=lat
n;language=dflt;!
Missing character: There is no ─ (U+2500) in font TeX Gyre Cursor/OT:script=lat
n;language=dflt;!
Missing character: There is no ├ (U+251C) in font TeX Gyre Cursor/OT:script=lat
n;language=dflt;!
Missing character: There is no ─ (U+2500) in font TeX Gyre Cursor/OT:script=lat
n;language=dflt;!
Missing character: There is no ─ (U+2500) in font TeX Gyre Cursor/OT:script=lat
n;language=dflt;!
Missing character: There is no ├ (U+251C) in font TeX Gyre Cursor/OT:script=lat
n;language=dflt;!
Missing character: There is no ─ (U+2500) in font TeX Gyre Cursor/OT:script=lat
n;language=dflt;!
Missing character: There is no ─ (U+2500) in font TeX Gyre Cursor/OT:script=lat
n;language=dflt;!
Missing character: There is no ├ (U+251C) in font TeX Gyre Cursor/OT:script=lat
n;language=dflt;!
Missing character: There is no ─ (U+2500) in font TeX Gyre Cursor/OT:script=lat
n;language=dflt;!
Missing character: There is no ─ (U+2500) in font TeX Gyre Cursor/OT:script=lat
n;language=dflt;!
Missing character: There is no └ (U+2514) in font TeX Gyre Cursor/OT:script=lat
n;language=dflt;!
Missing character: There is no ─ (U+2500) in font TeX Gyre Cursor/OT:script=lat
n;language=dflt;!
Missing character: There is no ─ (U+2500) in font TeX Gyre Cursor/OT:script=lat
n;language=dflt;!


[682]

[683]

[684]

[685]

[686]

[687]
Underfull \vbox (badness 10000) has occurred while \output is active []



[688]
Underfull \vbox (badness 10000) has occurred while \output is active []



[689]

[690]

[691]
Underfull \vbox (badness 1838) has occurred while \output is active []



[692]

[693]
Underfull \vbox (badness 10000) has occurred while \output is active []



[694]

[695]
Underfull \vbox (badness 10000) has occurred while \output is active []



[696]

[697]
Underfull \vbox (badness 5064) has occurred while \output is active []



[698]
Underfull \vbox (badness 10000) has occurred while \output is active []



[699]

[700]
Underfull \vbox (badness 10000) has occurred while \output is active []



[701]
Underfull \vbox (badness 10000) has occurred while \output is active []



[702]

[703]
Underfull \vbox (badness 10000) has occurred while \output is active []



[704]
Underfull \vbox (badness 10000) has occurred while \output is active []



[705]
Underfull \vbox (badness 10000) has occurred while \output is active []



[706]
Underfull \vbox (badness 10000) has occurred while \output is active []



[707]

[708]
Underfull \vbox (badness 10000) has occurred while \output is active []



[709]
Underfull \vbox (badness 10000) has occurred while \output is active []



[710]
Underfull \vbox (badness 10000) has occurred while \output is active []



[711]

[712]
Underfull \vbox (badness 10000) has occurred while \output is active []



[713]

[714]

[715]
Underfull \vbox (badness 10000) has occurred while \output is active []



[716]

[717]
Underfull \vbox (badness 7116) has occurred while \output is active []



[718]

[719]

[720]
Underfull \vbox (badness 10000) has occurred while \output is active []



[721]

[722]
Underfull \vbox (badness 2088) has occurred while \output is active []



[723]

[724]
Underfull \vbox (badness 1874) has occurred while \output is active []



[725]

[726]

[727]
Underfull \vbox (badness 10000) has occurred while \output is active []



[728]
Underfull \vbox (badness 10000) has occurred while \output is active []



[729]
Underfull \vbox (badness 10000) has occurred while \output is active []



[730]
Underfull \vbox (badness 10000) has occurred while \output is active []



[731]

[732]

[733]
Underfull \vbox (badness 10000) has occurred while \output is active []



[734]
Underfull \vbox (badness 10000) has occurred while \output is active []



[735]
Underfull \vbox (badness 10000) has occurred while \output is active []



[736]
Underfull \vbox (badness 10000) has occurred while \output is active []



[737]
Underfull \vbox (badness 10000) has occurred while \output is active []



[738]
Underfull \vbox (badness 10000) has occurred while \output is active []



[739]
Underfull \vbox (badness 10000) has occurred while \output is active []



[740]

[741]
Underfull \vbox (badness 10000) has occurred while \output is active []



[742]
Underfull \vbox (badness 10000) has occurred while \output is active []



[743]
Underfull \vbox (badness 10000) has occurred while \output is active []



[744]
Underfull \vbox (badness 10000) has occurred while \output is active []



[745]
Underfull \vbox (badness 10000) has occurred while \output is active []



[746]
Underfull \vbox (badness 10000) has occurred while \output is active []



[747]
Underfull \vbox (badness 10000) has occurred while \output is active []



[748]
Underfull \vbox (badness 10000) has occurred while \output is active []



[749]

[750]
Underfull \vbox (badness 10000) has occurred while \output is active []



[751]

[752]
Underfull \vbox (badness 10000) has occurred while \output is active []



[753]
Underfull \vbox (badness 10000) has occurred while \output is active []



[754]
Underfull \vbox (badness 1472) has occurred while \output is active []



[755]
Underfull \vbox (badness 10000) has occurred while \output is active []



[756]
Underfull \vbox (badness 10000) has occurred while \output is active []



[757]

[758]
Underfull \vbox (badness 10000) has occurred while \output is active []



[759]

[760]
Underfull \vbox (badness 10000) has occurred while \output is active []



[761]
Underfull \vbox (badness 10000) has occurred while \output is active []



[762]

[763]
Underfull \vbox (badness 10000) has occurred while \output is active []



[764]
Underfull \vbox (badness 10000) has occurred while \output is active []



[765]

[766]

[767]
Underfull \vbox (badness 10000) has occurred while \output is active []



[768]
Underfull \vbox (badness 10000) has occurred while \output is active []



[769]
Underfull \vbox (badness 10000) has occurred while \output is active []



[770]
Underfull \vbox (badness 10000) has occurred while \output is active []



[771]
Underfull \vbox (badness 10000) has occurred while \output is active []



[772]
Underfull \vbox (badness 10000) has occurred while \output is active []



[773]
Underfull \vbox (badness 10000) has occurred while \output is active []



[774]

[775]

[776]
Underfull \vbox (badness 10000) has occurred while \output is active []



[777]
Underfull \vbox (badness 10000) has occurred while \output is active []



[778]
Underfull \vbox (badness 10000) has occurred while \output is active []



[779]
Underfull \vbox (badness 10000) has occurred while \output is active []



[780]
Underfull \vbox (badness 10000) has occurred while \output is active []



[781]
Underfull \vbox (badness 10000) has occurred while \output is active []



[782]
Underfull \vbox (badness 10000) has occurred while \output is active []



[783]
Underfull \vbox (badness 10000) has occurred while \output is active []



[784]
Underfull \vbox (badness 10000) has occurred while \output is active []



[785]
Underfull \vbox (badness 10000) has occurred while \output is active []



[786]

[787]

[788]
Underfull \vbox (badness 10000) has occurred while \output is active []



[789]
Underfull \vbox (badness 10000) has occurred while \output is active []



[790]
Underfull \vbox (badness 10000) has occurred while \output is active []



[791]

[792]
Underfull \vbox (badness 10000) has occurred while \output is active []



[793]
Underfull \vbox (badness 10000) has occurred while \output is active []



[794]

[795]
Underfull \vbox (badness 10000) has occurred while \output is active []



[796]
Underfull \vbox (badness 10000) has occurred while \output is active []



[797]

[798]
Underfull \vbox (badness 10000) has occurred while \output is active []



[799]
Underfull \vbox (badness 10000) has occurred while \output is active []



[800]
Underfull \vbox (badness 10000) has occurred while \output is active []



[801]
Underfull \vbox (badness 10000) has occurred while \output is active []



[802]

[803]
Underfull \vbox (badness 10000) has occurred while \output is active []



[804]
Underfull \vbox (badness 10000) has occurred while \output is active []



[805]
Underfull \vbox (badness 10000) has occurred while \output is active []



[806]
Underfull \vbox (badness 10000) has occurred while \output is active []



[807]

[808]
Underfull \vbox (badness 10000) has occurred while \output is active []



[809]
Underfull \vbox (badness 10000) has occurred while \output is active []



[810]
Underfull \vbox (badness 10000) has occurred while \output is active []



[811]
Underfull \vbox (badness 10000) has occurred while \output is active []



[812]
Underfull \vbox (badness 10000) has occurred while \output is active []



[813]
Underfull \vbox (badness 10000) has occurred while \output is active []



[814]
Underfull \vbox (badness 10000) has occurred while \output is active []



[815]
Underfull \vbox (badness 10000) has occurred while \output is active []



[816]
Underfull \vbox (badness 3471) has occurred while \output is active []



[817]

[818]

[819]
Underfull \vbox (badness 10000) has occurred while \output is active []



[820]
Underfull \vbox (badness 10000) has occurred while \output is active []



[821]

[822]

[823]
Underfull \vbox (badness 10000) has occurred while \output is active []



[824]
Underfull \vbox (badness 10000) has occurred while \output is active []



[825]
Underfull \vbox (badness 10000) has occurred while \output is active []



[826]

[827]
Underfull \vbox (badness 10000) has occurred while \output is active []



[828]
Underfull \vbox (badness 10000) has occurred while \output is active []



[829]
Underfull \vbox (badness 10000) has occurred while \output is active []



[830]
Underfull \vbox (badness 10000) has occurred while \output is active []



[831]
Underfull \vbox (badness 10000) has occurred while \output is active []



[832]

[833]
Underfull \vbox (badness 10000) has occurred while \output is active []



[834]
Underfull \vbox (badness 10000) has occurred while \output is active []



[835]
Underfull \vbox (badness 10000) has occurred while \output is active []



[836]
Underfull \vbox (badness 10000) has occurred while \output is active []



[837]
Underfull \vbox (badness 10000) has occurred while \output is active []



[838]
Underfull \vbox (badness 10000) has occurred while \output is active []



[839]
Underfull \vbox (badness 10000) has occurred while \output is active []



[840]
Underfull \vbox (badness 10000) has occurred while \output is active []



[841]
Underfull \vbox (badness 10000) has occurred while \output is active []



[842]
Underfull \vbox (badness 10000) has occurred while \output is active []



[843]

[844]

[845]
Underfull \vbox (badness 10000) has occurred while \output is active []



[846]
Underfull \vbox (badness 10000) has occurred while \output is active []



[847]

[848]

[849]

[850]

[851]

[852]

[853]
Underfull \vbox (badness 10000) has occurred while \output is active []



[854]

[855]

[856]

[857]
Underfull \vbox (badness 10000) has occurred while \output is active []



[858]

[859]) (./chapters/chapter06.tex

[860]
Chapter 6.

Underfull \vbox (badness 10000) has occurred while \output is active []



[861

] [862]

! LaTeX Error: Something's wrong--perhaps a missing \item.

See the LaTeX manual or LaTeX Companion for explanation.
Type  H <return>  for immediate help.
 ...                                              
                                                  
l.100 \begin
            {itemize}
Try typing  <return>  to proceed.
If that doesn't work, type  X <return>  to quit.


! LaTeX Error: Something's wrong--perhaps a missing \item.

See the LaTeX manual or LaTeX Companion for explanation.
Type  H <return>  for immediate help.
 ...                                              
                                                  
l.101 \item
            \textbf{Three.js}：最流行的JavaScript 3D库
Try typing  <return>  to proceed.
If that doesn't work, type  X <return>  to quit.


! LaTeX Error: Something's wrong--perhaps a missing \item.

See the LaTeX manual or LaTeX Companion for explanation.
Type  H <return>  for immediate help.
 ...                                              
                                                  
l.112 \begin
            {itemize}
Try typing  <return>  to proceed.
If that doesn't work, type  X <return>  to quit.


! LaTeX Error: Something's wrong--perhaps a missing \item.

See the LaTeX manual or LaTeX Companion for explanation.
Type  H <return>  for immediate help.
 ...                                              
                                                  
l.113 \item
            \textbf{Blender}：开源三维建模软件
Try typing  <return>  to proceed.
If that doesn't work, type  X <return>  to quit.


! LaTeX Error: Something's wrong--perhaps a missing \item.

See the LaTeX manual or LaTeX Companion for explanation.
Type  H <return>  for immediate help.
 ...                                              
                                                  
l.124 \begin
            {itemize}
Try typing  <return>  to proceed.
If that doesn't work, type  X <return>  to quit.


! LaTeX Error: Something's wrong--perhaps a missing \item.

See the LaTeX manual or LaTeX Companion for explanation.
Type  H <return>  for immediate help.
 ...                                              
                                                  
l.125 \item
            \textbf{Visual Studio Code}：轻量级代码编辑器
Try typing  <return>  to proceed.
If that doesn't work, type  X <return>  to quit.



[863]

[864]

[865]

[866]

[867]

[868]
Package microtype Info: Character `‥' is missing
(microtype)             in font `\TU/TeXGyrePagella(0)/m/it/12'.
(microtype)             Ignoring protrusion settings for this character.
Package microtype Info: Character `⁰' is missing
(microtype)             in font `\TU/TeXGyrePagella(0)/m/it/12'.
(microtype)             Ignoring protrusion settings for this character.
Package microtype Info: Character `⁴' is missing
(microtype)             in font `\TU/TeXGyrePagella(0)/m/it/12'.
(microtype)             Ignoring protrusion settings for this character.
Package microtype Info: Character `⁵' is missing
(microtype)             in font `\TU/TeXGyrePagella(0)/m/it/12'.
(microtype)             Ignoring protrusion settings for this character.
Package microtype Info: Character `⁶' is missing
(microtype)             in font `\TU/TeXGyrePagella(0)/m/it/12'.
(microtype)             Ignoring protrusion settings for this character.
Package microtype Info: Character `⁷' is missing
(microtype)             in font `\TU/TeXGyrePagella(0)/m/it/12'.
(microtype)             Ignoring protrusion settings for this character.
Package microtype Info: Character `⁸' is missing
(microtype)             in font `\TU/TeXGyrePagella(0)/m/it/12'.
(microtype)             Ignoring protrusion settings for this character.
Package microtype Info: Character `⁹' is missing
(microtype)             in font `\TU/TeXGyrePagella(0)/m/it/12'.
(microtype)             Ignoring protrusion settings for this character.
Package microtype Info: Character `₀' is missing
(microtype)             in font `\TU/TeXGyrePagella(0)/m/it/12'.
(microtype)             Ignoring protrusion settings for this character.
Package microtype Info: Character `₁' is missing
(microtype)             in font `\TU/TeXGyrePagella(0)/m/it/12'.
(microtype)             Ignoring protrusion settings for this character.
Package microtype Info: Character `₂' is missing
(microtype)             in font `\TU/TeXGyrePagella(0)/m/it/12'.
(microtype)             Ignoring protrusion settings for this character.
Package microtype Info: Character `₃' is missing
(microtype)             in font `\TU/TeXGyrePagella(0)/m/it/12'.
(microtype)             Ignoring protrusion settings for this character.
Package microtype Info: Character `₄' is missing
(microtype)             in font `\TU/TeXGyrePagella(0)/m/it/12'.
(microtype)             Ignoring protrusion settings for this character.
Package microtype Info: Character `₅' is missing
(microtype)             in font `\TU/TeXGyrePagella(0)/m/it/12'.
(microtype)             Ignoring protrusion settings for this character.
Package microtype Info: Character `₆' is missing
(microtype)             in font `\TU/TeXGyrePagella(0)/m/it/12'.
(microtype)             Ignoring protrusion settings for this character.
Package microtype Info: Character `₇' is missing
(microtype)             in font `\TU/TeXGyrePagella(0)/m/it/12'.
(microtype)             Ignoring protrusion settings for this character.
Package microtype Info: Character `₈' is missing
(microtype)             in font `\TU/TeXGyrePagella(0)/m/it/12'.
(microtype)             Ignoring protrusion settings for this character.
Package microtype Info: Character `₉' is missing
(microtype)             in font `\TU/TeXGyrePagella(0)/m/it/12'.
(microtype)             Ignoring protrusion settings for this character.
Package microtype Info: Character `₊' is missing
(microtype)             in font `\TU/TeXGyrePagella(0)/m/it/12'.
(microtype)             Ignoring protrusion settings for this character.
Package microtype Info: Character `₋' is missing
(microtype)             in font `\TU/TeXGyrePagella(0)/m/it/12'.
(microtype)             Ignoring protrusion settings for this character.
Package microtype Info: Character `⁺' is missing
(microtype)             in font `\TU/TeXGyrePagella(0)/m/it/12'.
(microtype)             Ignoring protrusion settings for this character.
Package microtype Info: Character `⁻' is missing
(microtype)             in font `\TU/TeXGyrePagella(0)/m/it/12'.
(microtype)             Ignoring protrusion settings for this character.


LaTeX Font Warning: Font shape `TU/MicrosoftYaHei(0)/m/it' undefined
(Font)              using `TU/MicrosoftYaHei(0)/m/n' instead on input line 313.



Underfull \vbox (badness 10000) has occurred while \output is active []



[869]
Underfull \vbox (badness 10000) has occurred while \output is active []



[870]
Underfull \vbox (badness 10000) has occurred while \output is active []



[871]
Underfull \vbox (badness 10000) has occurred while \output is active []



[872]
Underfull \vbox (badness 10000) has occurred while \output is active []



[873]
Missing character: There is no ① (U+2460) in font TeXGyrePagella-Regular/OT:scr
ipt=latn;language=dflt;mapping=tex-text;!
Missing character: There is no ② (U+2461) in font TeXGyrePagella-Regular/OT:scr
ipt=latn;language=dflt;mapping=tex-text;!
Missing character: There is no ③ (U+2462) in font TeXGyrePagella-Regular/OT:scr
ipt=latn;language=dflt;mapping=tex-text;!
Missing character: There is no ④ (U+2463) in font TeXGyrePagella-Regular/OT:scr
ipt=latn;language=dflt;mapping=tex-text;!
Missing character: There is no ⑤ (U+2464) in font TeXGyrePagella-Regular/OT:scr
ipt=latn;language=dflt;mapping=tex-text;!
Missing character: There is no ⑥ (U+2465) in font TeXGyrePagella-Regular/OT:scr
ipt=latn;language=dflt;mapping=tex-text;!
Missing character: There is no ⑦ (U+2466) in font TeXGyrePagella-Regular/OT:scr
ipt=latn;language=dflt;mapping=tex-text;!
Missing character: There is no ⑧ (U+2467) in font TeXGyrePagella-Regular/OT:scr
ipt=latn;language=dflt;mapping=tex-text;!
Missing character: There is no ⑨ (U+2468) in font TeXGyrePagella-Regular/OT:scr
ipt=latn;language=dflt;mapping=tex-text;!

Underfull \vbox (badness 1142) has occurred while \output is active []



[874]
Underfull \vbox (badness 1137) has occurred while \output is active []



[875]
Underfull \vbox (badness 10000) has occurred while \output is active []



[876]
Underfull \vbox (badness 1142) has occurred while \output is active []



[877]
File: images/chapter06/ch6_image19.png Graphic file (type bmp)
<images/chapter06/ch6_image19.png>
File: images/chapter06/ch6_image20.png Graphic file (type bmp)
<images/chapter06/ch6_image20.png>
File: images/chapter06/ch6_image21.png Graphic file (type bmp)
<images/chapter06/ch6_image21.png>


[878]

[879]

[880]
File: images/chapter06/ch6_image25.png Graphic file (type bmp)
<images/chapter06/ch6_image25.png>


[881]
File: images/chapter06/ch6_image26.png Graphic file (type bmp)
<images/chapter06/ch6_image26.png>
File: images/chapter06/ch6_image27.png Graphic file (type bmp)
<images/chapter06/ch6_image27.png>
File: images/chapter06/ch6_image28.png Graphic file (type bmp)
<images/chapter06/ch6_image28.png>
File: images/chapter06/ch6_image29.png Graphic file (type bmp)
<images/chapter06/ch6_image29.png>
File: images/chapter06/ch6_image33.png Graphic file (type bmp)
<images/chapter06/ch6_image33.png>


[882]

[883]

[884]

[885]
File: images/chapter06/ch6_image34.png Graphic file (type bmp)
<images/chapter06/ch6_image34.png>
File: images/chapter06/ch6_image32.png Graphic file (type bmp)
<images/chapter06/ch6_image32.png>


[886]
File: images/chapter06/ch6_image33.png Graphic file (type bmp)
<images/chapter06/ch6_image33.png>
File: images/chapter06/ch6_image34.png Graphic file (type bmp)
<images/chapter06/ch6_image34.png>


[887]
File: images/chapter06/ch6_image35.png Graphic file (type bmp)
<images/chapter06/ch6_image35.png>
File: images/chapter06/ch6_image36.png Graphic file (type bmp)
<images/chapter06/ch6_image36.png>

Missing character: There is no ① (U+2460) in font TeXGyrePagella-Regular/OT:scr
ipt=latn;language=dflt;mapping=tex-text;!
Missing character: There is no ② (U+2461) in font TeXGyrePagella-Regular/OT:scr
ipt=latn;language=dflt;mapping=tex-text;!
Missing character: There is no ③ (U+2462) in font TeXGyrePagella-Regular/OT:scr
ipt=latn;language=dflt;mapping=tex-text;!
Missing character: There is no ① (U+2460) in font TeXGyrePagella-Regular/OT:scr
ipt=latn;language=dflt;mapping=tex-text;!
Missing character: There is no ② (U+2461) in font TeXGyrePagella-Regular/OT:scr
ipt=latn;language=dflt;mapping=tex-text;!
Missing character: There is no ③ (U+2462) in font TeXGyrePagella-Regular/OT:scr
ipt=latn;language=dflt;mapping=tex-text;!

Underfull \vbox (badness 7256) has occurred while \output is active []



[888]

[889]

[890]
File: images/chapter06/ch6_image37.png Graphic file (type bmp)
<images/chapter06/ch6_image37.png>


[891]
Missing character: There is no ① (U+2460) in font TeXGyrePagella-Regular/OT:scr
ipt=latn;language=dflt;mapping=tex-text;!
Missing character: There is no ② (U+2461) in font TeXGyrePagella-Regular/OT:scr
ipt=latn;language=dflt;mapping=tex-text;!
Missing character: There is no ③ (U+2462) in font TeXGyrePagella-Regular/OT:scr
ipt=latn;language=dflt;mapping=tex-text;!
Missing character: There is no ④ (U+2463) in font TeXGyrePagella-Regular/OT:scr
ipt=latn;language=dflt;mapping=tex-text;!
Missing character: There is no ⑤ (U+2464) in font TeXGyrePagella-Regular/OT:scr
ipt=latn;language=dflt;mapping=tex-text;!

Underfull \vbox (badness 1142) has occurred while \output is active []



[892]

[893]
File: images/chapter06/ch6_image41.png Graphic file (type bmp)
<images/chapter06/ch6_image41.png>

Underfull \vbox (badness 1142) has occurred while \output is active []



[894]
Underfull \vbox (badness 10000) has occurred while \output is active []



[895]
File: images/chapter06/ch6_image42.png Graphic file (type bmp)
<images/chapter06/ch6_image42.png>
File: images/chapter06/ch6_image44.png Graphic file (type bmp)
<images/chapter06/ch6_image44.png>
File: images/chapter06/ch6_image44.png Graphic file (type bmp)
<images/chapter06/ch6_image44.png>

Underfull \vbox (badness 10000) has occurred while \output is active []



[896]

[897]

[898] (c:/texlive/2025/texmf-dist/tex/latex/listings/lstlang1.sty
File: lstlang1.sty 2024/09/23 1.10c listings language file
)
(c:/texlive/2025/texmf-dist/tex/latex/listings/lstlang2.sty
File: lstlang2.sty 2024/09/23 1.10c listings language file
)
(c:/texlive/2025/texmf-dist/tex/latex/listings/lstlang3.sty
File: lstlang3.sty 2024/09/23 1.10c listings language file
)

! Package Listings Error: Couldn't load requested language.

See the Listings package documentation for explanation.
Type  H <return>  for immediate help.
 ...                                              
                                                  
l.830 \begin{lstlisting}[language=JavaScript]
                                             
The following languages weren't loadable:
    ,javascript$
This may cause errors in the sequel.


! Package Listings Error: language javascript undefined.

See the Listings package documentation for explanation.
Type  H <return>  for immediate help.
 ...                                              
                                                  
l.830 \begin{lstlisting}[language=JavaScript]
                                             
The language is not loadable. Try typing  <return>  to proceed.
If that doesn't work, type  X <return>  to quit.



[899]
Underfull \vbox (badness 10000) has occurred while \output is active []



[900] (c:/texlive/2025/texmf-dist/tex/latex/listings/lstlang1.sty
File: lstlang1.sty 2024/09/23 1.10c listings language file
)
(c:/texlive/2025/texmf-dist/tex/latex/listings/lstlang2.sty
File: lstlang2.sty 2024/09/23 1.10c listings language file
)
(c:/texlive/2025/texmf-dist/tex/latex/listings/lstlang3.sty
File: lstlang3.sty 2024/09/23 1.10c listings language file
)

! Package Listings Error: Couldn't load requested language.

See the Listings package documentation for explanation.
Type  H <return>  for immediate help.
 ...                                              
                                                  
l.888 \begin{lstlisting}[language=JavaScript]
                                             
The following languages weren't loadable:
    ,javascript$
This may cause errors in the sequel.


! Package Listings Error: language javascript undefined.

See the Listings package documentation for explanation.
Type  H <return>  for immediate help.
 ...                                              
                                                  
l.888 \begin{lstlisting}[language=JavaScript]
                                             
The language is not loadable. Try typing  <return>  to proceed.
If that doesn't work, type  X <return>  to quit.


Underfull \vbox (badness 10000) has occurred while \output is active []



[901]
Underfull \vbox (badness 10000) has occurred while \output is active []



[902]
File: images/chapter06/ch6_image45.png Graphic file (type bmp)
<images/chapter06/ch6_image45.png>
File: images/chapter06/ch6_image46.png Graphic file (type bmp)
<images/chapter06/ch6_image46.png>


[903]

[904]
Underfull \vbox (badness 10000) has occurred while \output is active []



[905] (c:/texlive/2025/texmf-dist/tex/latex/listings/lstlang1.sty
File: lstlang1.sty 2024/09/23 1.10c listings language file
)
(c:/texlive/2025/texmf-dist/tex/latex/listings/lstlang2.sty
File: lstlang2.sty 2024/09/23 1.10c listings language file
)
(c:/texlive/2025/texmf-dist/tex/latex/listings/lstlang3.sty
File: lstlang3.sty 2024/09/23 1.10c listings language file
)

! Package Listings Error: Couldn't load requested language.

See the Listings package documentation for explanation.
Type  H <return>  for immediate help.
 ...                                              
                                                  
l.1018 \begin{lstlisting}[language=JavaScript]
                                              
The following languages weren't loadable:
    ,javascript$
This may cause errors in the sequel.


! Package Listings Error: language javascript undefined.

See the Listings package documentation for explanation.
Type  H <return>  for immediate help.
 ...                                              
                                                  
l.1018 \begin{lstlisting}[language=JavaScript]
                                              
The language is not loadable. Try typing  <return>  to proceed.
If that doesn't work, type  X <return>  to quit.


Underfull \vbox (badness 10000) has occurred while \output is active []



[906] (c:/texlive/2025/texmf-dist/tex/latex/listings/lstlang1.sty
File: lstlang1.sty 2024/09/23 1.10c listings language file
)
(c:/texlive/2025/texmf-dist/tex/latex/listings/lstlang2.sty
File: lstlang2.sty 2024/09/23 1.10c listings language file
)
(c:/texlive/2025/texmf-dist/tex/latex/listings/lstlang3.sty
File: lstlang3.sty 2024/09/23 1.10c listings language file
)

! Package Listings Error: Couldn't load requested language.

See the Listings package documentation for explanation.
Type  H <return>  for immediate help.
 ...                                              
                                                  
l.1062 \begin{lstlisting}[language=JavaScript]
                                              
The following languages weren't loadable:
    ,javascript$
This may cause errors in the sequel.


! Package Listings Error: language javascript undefined.

See the Listings package documentation for explanation.
Type  H <return>  for immediate help.
 ...                                              
                                                  
l.1062 \begin{lstlisting}[language=JavaScript]
                                              
The language is not loadable. Try typing  <return>  to proceed.
If that doesn't work, type  X <return>  to quit.


Underfull \vbox (badness 10000) has occurred while \output is active []



[907]
Underfull \vbox (badness 10000) has occurred while \output is active []



[908] (c:/texlive/2025/texmf-dist/tex/latex/listings/lstlang1.sty
File: lstlang1.sty 2024/09/23 1.10c listings language file
)
(c:/texlive/2025/texmf-dist/tex/latex/listings/lstlang2.sty
File: lstlang2.sty 2024/09/23 1.10c listings language file
)
(c:/texlive/2025/texmf-dist/tex/latex/listings/lstlang3.sty
File: lstlang3.sty 2024/09/23 1.10c listings language file
)

! Package Listings Error: Couldn't load requested language.

See the Listings package documentation for explanation.
Type  H <return>  for immediate help.
 ...                                              
                                                  
l.1140 \begin{lstlisting}[language=JavaScript]
                                              
The following languages weren't loadable:
    ,javascript$
This may cause errors in the sequel.


! Package Listings Error: language javascript undefined.

See the Listings package documentation for explanation.
Type  H <return>  for immediate help.
 ...                                              
                                                  
l.1140 \begin{lstlisting}[language=JavaScript]
                                              
The language is not loadable. Try typing  <return>  to proceed.
If that doesn't work, type  X <return>  to quit.


Underfull \vbox (badness 10000) has occurred while \output is active []



[909]
Underfull \vbox (badness 10000) has occurred while \output is active []



[910] (c:/texlive/2025/texmf-dist/tex/latex/listings/lstlang1.sty
File: lstlang1.sty 2024/09/23 1.10c listings language file
)
(c:/texlive/2025/texmf-dist/tex/latex/listings/lstlang2.sty
File: lstlang2.sty 2024/09/23 1.10c listings language file
)
(c:/texlive/2025/texmf-dist/tex/latex/listings/lstlang3.sty
File: lstlang3.sty 2024/09/23 1.10c listings language file
)

! Package Listings Error: Couldn't load requested language.

See the Listings package documentation for explanation.
Type  H <return>  for immediate help.
 ...                                              
                                                  
l.1208 \begin{lstlisting}[language=JavaScript]
                                              
The following languages weren't loadable:
    ,javascript$
This may cause errors in the sequel.


! Package Listings Error: language javascript undefined.

See the Listings package documentation for explanation.
Type  H <return>  for immediate help.
 ...                                              
                                                  
l.1208 \begin{lstlisting}[language=JavaScript]
                                              
The language is not loadable. Try typing  <return>  to proceed.
If that doesn't work, type  X <return>  to quit.



[911] (c:/texlive/2025/texmf-dist/tex/latex/listings/lstlang1.sty
File: lstlang1.sty 2024/09/23 1.10c listings language file
)
(c:/texlive/2025/texmf-dist/tex/latex/listings/lstlang2.sty
File: lstlang2.sty 2024/09/23 1.10c listings language file
)
(c:/texlive/2025/texmf-dist/tex/latex/listings/lstlang3.sty
File: lstlang3.sty 2024/09/23 1.10c listings language file
)

! Package Listings Error: Couldn't load requested language.

See the Listings package documentation for explanation.
Type  H <return>  for immediate help.
 ...                                              
                                                  
l.1228 \begin{lstlisting}[language=JavaScript]
                                              
The following languages weren't loadable:
    ,javascript$
This may cause errors in the sequel.


! Package Listings Error: language javascript undefined.

See the Listings package documentation for explanation.
Type  H <return>  for immediate help.
 ...                                              
                                                  
l.1228 \begin{lstlisting}[language=JavaScript]
                                              
The language is not loadable. Try typing  <return>  to proceed.
If that doesn't work, type  X <return>  to quit.


Underfull \vbox (badness 10000) has occurred while \output is active []



[912] (c:/texlive/2025/texmf-dist/tex/latex/listings/lstlang1.sty
File: lstlang1.sty 2024/09/23 1.10c listings language file
)
(c:/texlive/2025/texmf-dist/tex/latex/listings/lstlang2.sty
File: lstlang2.sty 2024/09/23 1.10c listings language file
)
(c:/texlive/2025/texmf-dist/tex/latex/listings/lstlang3.sty
File: lstlang3.sty 2024/09/23 1.10c listings language file
)

! Package Listings Error: Couldn't load requested language.

See the Listings package documentation for explanation.
Type  H <return>  for immediate help.
 ...                                              
                                                  
l.1262 \begin{lstlisting}[language=JavaScript]
                                              
The following languages weren't loadable:
    ,javascript$
This may cause errors in the sequel.


! Package Listings Error: language javascript undefined.

See the Listings package documentation for explanation.
Type  H <return>  for immediate help.
 ...                                              
                                                  
l.1262 \begin{lstlisting}[language=JavaScript]
                                              
The language is not loadable. Try typing  <return>  to proceed.
If that doesn't work, type  X <return>  to quit.

(c:/texlive/2025/texmf-dist/tex/latex/listings/lstlang1.sty
File: lstlang1.sty 2024/09/23 1.10c listings language file
)
(c:/texlive/2025/texmf-dist/tex/latex/listings/lstlang2.sty
File: lstlang2.sty 2024/09/23 1.10c listings language file
)
(c:/texlive/2025/texmf-dist/tex/latex/listings/lstlang3.sty
File: lstlang3.sty 2024/09/23 1.10c listings language file
)

! Package Listings Error: Couldn't load requested language.

See the Listings package documentation for explanation.
Type  H <return>  for immediate help.
 ...                                              
                                                  
l.1292 \begin{lstlisting}[language=JavaScript]
                                              
The following languages weren't loadable:
    ,javascript$
This may cause errors in the sequel.


! Package Listings Error: language javascript undefined.

See the Listings package documentation for explanation.
Type  H <return>  for immediate help.
 ...                                              
                                                  
l.1292 \begin{lstlisting}[language=JavaScript]
                                              
The language is not loadable. Try typing  <return>  to proceed.
If that doesn't work, type  X <return>  to quit.


Underfull \vbox (badness 2393) has occurred while \output is active []



[913] (c:/texlive/2025/texmf-dist/tex/latex/listings/lstlang1.sty
File: lstlang1.sty 2024/09/23 1.10c listings language file
)
(c:/texlive/2025/texmf-dist/tex/latex/listings/lstlang2.sty
File: lstlang2.sty 2024/09/23 1.10c listings language file
)
(c:/texlive/2025/texmf-dist/tex/latex/listings/lstlang3.sty
File: lstlang3.sty 2024/09/23 1.10c listings language file
)

! Package Listings Error: Couldn't load requested language.

See the Listings package documentation for explanation.
Type  H <return>  for immediate help.
 ...                                              
                                                  
l.1310 \begin{lstlisting}[language=JavaScript]
                                              
The following languages weren't loadable:
    ,javascript$
This may cause errors in the sequel.


! Package Listings Error: language javascript undefined.

See the Listings package documentation for explanation.
Type  H <return>  for immediate help.
 ...                                              
                                                  
l.1310 \begin{lstlisting}[language=JavaScript]
                                              
The language is not loadable. Try typing  <return>  to proceed.
If that doesn't work, type  X <return>  to quit.


Underfull \vbox (badness 6204) has occurred while \output is active []



[914]
Missing character: There is no 摩 (U+6469) in font TeXGyrePagella-Regular/OT:scr
ipt=latn;language=dflt;mapping=tex-text;!
Missing character: There is no 擦 (U+64E6) in font TeXGyrePagella-Regular/OT:scr
ipt=latn;language=dflt;mapping=tex-text;!
Missing character: There is no 项 (U+9879) in font TeXGyrePagella-Regular/OT:scr
ipt=latn;language=dflt;mapping=tex-text;!


[915]
Underfull \vbox (badness 10000) has occurred while \output is active []



[916]

[917]

[918]

[919]
Underfull \vbox (badness 3646) has occurred while \output is active []



[920]
Underfull \vbox (badness 1142) has occurred while \output is active []



[921]
Underfull \vbox (badness 10000) has occurred while \output is active []



[922]

[923]
Underfull \vbox (badness 1137) has occurred while \output is active []



[924]

[925]

[926]

[927]

[928]
Underfull \vbox (badness 10000) has occurred while \output is active []



[929]

[930]
Underfull \vbox (badness 10000) has occurred while \output is active []



[931]
Underfull \vbox (badness 3646) has occurred while \output is active []



[932]
Underfull \vbox (badness 10000) has occurred while \output is active []



[933]
Underfull \vbox (badness 1852) has occurred while \output is active []



[934]

[935]
Underfull \vbox (badness 10000) has occurred while \output is active []



[936]

[937]
Underfull \vbox (badness 10000) has occurred while \output is active []



[938]

[939]
Underfull \vbox (badness 10000) has occurred while \output is active []



[940]

[941]
Underfull \vbox (badness 10000) has occurred while \output is active []



[942]
Underfull \vbox (badness 10000) has occurred while \output is active []



[943]
Underfull \vbox (badness 1137) has occurred while \output is active []



[944]
Underfull \vbox (badness 10000) has occurred while \output is active []



[945]
Underfull \vbox (badness 10000) has occurred while \output is active []



[946]
Underfull \vbox (badness 10000) has occurred while \output is active []



[947]
Underfull \vbox (badness 10000) has occurred while \output is active []



[948]
Underfull \vbox (badness 10000) has occurred while \output is active []



[949]
Underfull \vbox (badness 10000) has occurred while \output is active []



[950]
Underfull \vbox (badness 2753) has occurred while \output is active []



[951]
Underfull \vbox (badness 10000) has occurred while \output is active []



[952]
Underfull \vbox (badness 10000) has occurred while \output is active []



[953]

[954]
Underfull \vbox (badness 10000) has occurred while \output is active []



[955]

[956]
Underfull \vbox (badness 10000) has occurred while \output is active []



[957]

[958]

[959]
Missing character: There is no ① (U+2460) in font TeXGyrePagella-Regular/OT:scr
ipt=latn;language=dflt;mapping=tex-text;!
Missing character: There is no ② (U+2461) in font TeXGyrePagella-Regular/OT:scr
ipt=latn;language=dflt;mapping=tex-text;!
Missing character: There is no ③ (U+2462) in font TeXGyrePagella-Regular/OT:scr
ipt=latn;language=dflt;mapping=tex-text;!
File: images/chapter06/ch6_image55.png Graphic file (type bmp)
<images/chapter06/ch6_image55.png>


[960]
File: images/chapter06/ch6_image54.png Graphic file (type bmp)
<images/chapter06/ch6_image54.png>


[961]

[962]

[963]
File: images/chapter06/ch6_image53.png Graphic file (type bmp)
<images/chapter06/ch6_image53.png>

Missing character: There is no ① (U+2460) in font TeXGyrePagella-Regular/OT:scr
ipt=latn;language=dflt;mapping=tex-text;!
Missing character: There is no ② (U+2461) in font TeXGyrePagella-Regular/OT:scr
ipt=latn;language=dflt;mapping=tex-text;!
Missing character: There is no ③ (U+2462) in font TeXGyrePagella-Regular/OT:scr
ipt=latn;language=dflt;mapping=tex-text;!
Missing character: There is no ④ (U+2463) in font TeXGyrePagella-Regular/OT:scr
ipt=latn;language=dflt;mapping=tex-text;!
Missing character: There is no ⑤ (U+2464) in font TeXGyrePagella-Regular/OT:scr
ipt=latn;language=dflt;mapping=tex-text;!
Missing character: There is no ⑥ (U+2465) in font TeXGyrePagella-Regular/OT:scr
ipt=latn;language=dflt;mapping=tex-text;!
Missing character: There is no ⑦ (U+2466) in font TeXGyrePagella-Regular/OT:scr
ipt=latn;language=dflt;mapping=tex-text;!
Missing character: There is no ⑤ (U+2464) in font TeXGyrePagella-Regular/OT:scr
ipt=latn;language=dflt;mapping=tex-text;!
Missing character: There is no ⑥ (U+2465) in font TeXGyrePagella-Regular/OT:scr
ipt=latn;language=dflt;mapping=tex-text;!


[964]
File: images/chapter06/ch6_image54.png Graphic file (type bmp)
<images/chapter06/ch6_image54.png>

Missing character: There is no ① (U+2460) in font TeXGyrePagella-Regular/OT:scr
ipt=latn;language=dflt;mapping=tex-text;!
Missing character: There is no ② (U+2461) in font TeXGyrePagella-Regular/OT:scr
ipt=latn;language=dflt;mapping=tex-text;!


[965]
Missing character: There is no ① (U+2460) in font TeXGyrePagella-Regular/OT:scr
ipt=latn;language=dflt;mapping=tex-text;!
Missing character: There is no ② (U+2461) in font TeXGyrePagella-Regular/OT:scr
ipt=latn;language=dflt;mapping=tex-text;!
Missing character: There is no ③ (U+2462) in font TeXGyrePagella-Regular/OT:scr
ipt=latn;language=dflt;mapping=tex-text;!
File: images/chapter06/ch6_image55.png Graphic file (type bmp)
<images/chapter06/ch6_image55.png>


[966]
File: images/chapter06/ch6_image56.jpg Graphic file (type bmp)
<images/chapter06/ch6_image56.jpg>
File: images/chapter06/ch6_image57.jpg Graphic file (type bmp)
<images/chapter06/ch6_image57.jpg>
File: images/chapter06/ch6_image58.jpg Graphic file (type bmp)
<images/chapter06/ch6_image58.jpg>


[967]
File: images/chapter06/ch6_image59.png Graphic file (type bmp)
<images/chapter06/ch6_image59.png>


[968]
File: images/chapter06/ch6_image60.png Graphic file (type bmp)
<images/chapter06/ch6_image60.png>


[969]
Underfull \vbox (badness 10000) has occurred while \output is active []



[970]

[971]

[972]

[973]

[974]

[975]

[976]
Underfull \vbox (badness 10000) has occurred while \output is active []



[977]
Underfull \vbox (badness 10000) has occurred while \output is active []



[978]
File: images/chapter06/ch6_image61.png Graphic file (type bmp)
<images/chapter06/ch6_image61.png>


[979]
Underfull \vbox (badness 1917) has occurred while \output is active []



[980]

[981]
File: images/chapter06/ch6_image62.png Graphic file (type bmp)
<images/chapter06/ch6_image62.png>


[982]

[983]
Underfull \vbox (badness 10000) has occurred while \output is active []



[984]

[985]

[986]

[987]

[988]

[989]
Underfull \vbox (badness 10000) has occurred while \output is active []



[990]
Underfull \vbox (badness 10000) has occurred while \output is active []



[991]

[992]

[993]

[994]

[995]

[996]

[997]

[998]

[999]

[1000]

[1001]
Underfull \vbox (badness 10000) has occurred while \output is active []



[1002]

[1003]
Underfull \vbox (badness 10000) has occurred while \output is active []



[1004]

[1005]

[1006]

[1007]) (./chapters/chapter07.tex

[1008]
Chapter 7.

Underfull \vbox (badness 10000) has occurred while \output is active []



[1009

]
Underfull \vbox (badness 1400) has occurred while \output is active []



[1010] (c:/texlive/2025/texmf-dist/tex/latex/listings/lstlang1.sty
File: lstlang1.sty 2024/09/23 1.10c listings language file
)
(c:/texlive/2025/texmf-dist/tex/latex/listings/lstlang2.sty
File: lstlang2.sty 2024/09/23 1.10c listings language file
)
(c:/texlive/2025/texmf-dist/tex/latex/listings/lstlang3.sty
File: lstlang3.sty 2024/09/23 1.10c listings language file
)

! Package Listings Error: Couldn't load requested language.

See the Listings package documentation for explanation.
Type  H <return>  for immediate help.
 ...                                              
                                                  
l.90 \begin{lstlisting}[language=JavaScript]
                                            
The following languages weren't loadable:
    ,javascript$
This may cause errors in the sequel.


! Package Listings Error: language javascript undefined.

See the Listings package documentation for explanation.
Type  H <return>  for immediate help.
 ...                                              
                                                  
l.90 \begin{lstlisting}[language=JavaScript]
                                            
The language is not loadable. Try typing  <return>  to proceed.
If that doesn't work, type  X <return>  to quit.



[1011] (c:/texlive/2025/texmf-dist/tex/latex/listings/lstlang1.sty
File: lstlang1.sty 2024/09/23 1.10c listings language file
)
(c:/texlive/2025/texmf-dist/tex/latex/listings/lstlang2.sty
File: lstlang2.sty 2024/09/23 1.10c listings language file
)
(c:/texlive/2025/texmf-dist/tex/latex/listings/lstlang3.sty
File: lstlang3.sty 2024/09/23 1.10c listings language file
)

! Package Listings Error: Couldn't load requested language.

See the Listings package documentation for explanation.
Type  H <return>  for immediate help.
 ...                                              
                                                  
l.126 \begin{lstlisting}[language=JavaScript]
                                             
The following languages weren't loadable:
    ,javascript$
This may cause errors in the sequel.


! Package Listings Error: language javascript undefined.

See the Listings package documentation for explanation.
Type  H <return>  for immediate help.
 ...                                              
                                                  
l.126 \begin{lstlisting}[language=JavaScript]
                                             
The language is not loadable. Try typing  <return>  to proceed.
If that doesn't work, type  X <return>  to quit.

(c:/texlive/2025/texmf-dist/tex/latex/listings/lstlang1.sty
File: lstlang1.sty 2024/09/23 1.10c listings language file
)
(c:/texlive/2025/texmf-dist/tex/latex/listings/lstlang2.sty
File: lstlang2.sty 2024/09/23 1.10c listings language file
)
(c:/texlive/2025/texmf-dist/tex/latex/listings/lstlang3.sty
File: lstlang3.sty 2024/09/23 1.10c listings language file
)

! Package Listings Error: Couldn't load requested language.

See the Listings package documentation for explanation.
Type  H <return>  for immediate help.
 ...                                              
                                                  
l.142 \begin{lstlisting}[language=JavaScript]
                                             
The following languages weren't loadable:
    ,javascript$
This may cause errors in the sequel.


! Package Listings Error: language javascript undefined.

See the Listings package documentation for explanation.
Type  H <return>  for immediate help.
 ...                                              
                                                  
l.142 \begin{lstlisting}[language=JavaScript]
                                             
The language is not loadable. Try typing  <return>  to proceed.
If that doesn't work, type  X <return>  to quit.



[1012] (c:/texlive/2025/texmf-dist/tex/latex/listings/lstlang1.sty
File: lstlang1.sty 2024/09/23 1.10c listings language file
)
(c:/texlive/2025/texmf-dist/tex/latex/listings/lstlang2.sty
File: lstlang2.sty 2024/09/23 1.10c listings language file
)
(c:/texlive/2025/texmf-dist/tex/latex/listings/lstlang3.sty
File: lstlang3.sty 2024/09/23 1.10c listings language file
)

! Package Listings Error: Couldn't load requested language.

See the Listings package documentation for explanation.
Type  H <return>  for immediate help.
 ...                                              
                                                  
l.163 \begin{lstlisting}[language=JavaScript]
                                             
The following languages weren't loadable:
    ,javascript$
This may cause errors in the sequel.


! Package Listings Error: language javascript undefined.

See the Listings package documentation for explanation.
Type  H <return>  for immediate help.
 ...                                              
                                                  
l.163 \begin{lstlisting}[language=JavaScript]
                                             
The language is not loadable. Try typing  <return>  to proceed.
If that doesn't work, type  X <return>  to quit.


Underfull \vbox (badness 10000) has occurred while \output is active []



[1013] (c:/texlive/2025/texmf-dist/tex/latex/listings/lstlang1.sty
File: lstlang1.sty 2024/09/23 1.10c listings language file
)
(c:/texlive/2025/texmf-dist/tex/latex/listings/lstlang2.sty
File: lstlang2.sty 2024/09/23 1.10c listings language file
)
(c:/texlive/2025/texmf-dist/tex/latex/listings/lstlang3.sty
File: lstlang3.sty 2024/09/23 1.10c listings language file
)

! Package Listings Error: Couldn't load requested language.

See the Listings package documentation for explanation.
Type  H <return>  for immediate help.
 ...                                              
                                                  
l.208 \begin{lstlisting}[language=JavaScript]
                                             
The following languages weren't loadable:
    ,javascript$
This may cause errors in the sequel.


! Package Listings Error: language javascript undefined.

See the Listings package documentation for explanation.
Type  H <return>  for immediate help.
 ...                                              
                                                  
l.208 \begin{lstlisting}[language=JavaScript]
                                             
The language is not loadable. Try typing  <return>  to proceed.
If that doesn't work, type  X <return>  to quit.

(c:/texlive/2025/texmf-dist/tex/latex/listings/lstlang1.sty
File: lstlang1.sty 2024/09/23 1.10c listings language file
)
(c:/texlive/2025/texmf-dist/tex/latex/listings/lstlang2.sty
File: lstlang2.sty 2024/09/23 1.10c listings language file
)
(c:/texlive/2025/texmf-dist/tex/latex/listings/lstlang3.sty
File: lstlang3.sty 2024/09/23 1.10c listings language file
)

! Package Listings Error: Couldn't load requested language.

See the Listings package documentation for explanation.
Type  H <return>  for immediate help.
 ...                                              
                                                  
l.240 \begin{lstlisting}[language=JavaScript]
                                             
The following languages weren't loadable:
    ,javascript$
This may cause errors in the sequel.


! Package Listings Error: language javascript undefined.

See the Listings package documentation for explanation.
Type  H <return>  for immediate help.
 ...                                              
                                                  
l.240 \begin{lstlisting}[language=JavaScript]
                                             
The language is not loadable. Try typing  <return>  to proceed.
If that doesn't work, type  X <return>  to quit.



[1014]

[1015]
Underfull \vbox (badness 10000) has occurred while \output is active []



[1016]

[1017]

[1018]

[1019] (c:/texlive/2025/texmf-dist/tex/latex/listings/lstlang1.sty
File: lstlang1.sty 2024/09/23 1.10c listings language file
)
(c:/texlive/2025/texmf-dist/tex/latex/listings/lstlang2.sty
File: lstlang2.sty 2024/09/23 1.10c listings language file
)
(c:/texlive/2025/texmf-dist/tex/latex/listings/lstlang3.sty
File: lstlang3.sty 2024/09/23 1.10c listings language file
)

! Package Listings Error: Couldn't load requested language.

See the Listings package documentation for explanation.
Type  H <return>  for immediate help.
 ...                                              
                                                  
l.480 \begin{lstlisting}[language=JavaScript]
                                             
The following languages weren't loadable:
    ,javascript$
This may cause errors in the sequel.


! Package Listings Error: language javascript undefined.

See the Listings package documentation for explanation.
Type  H <return>  for immediate help.
 ...                                              
                                                  
l.480 \begin{lstlisting}[language=JavaScript]
                                             
The language is not loadable. Try typing  <return>  to proceed.
If that doesn't work, type  X <return>  to quit.


Underfull \vbox (badness 10000) has occurred while \output is active []



[1020] (c:/texlive/2025/texmf-dist/tex/latex/listings/lstlang1.sty
File: lstlang1.sty 2024/09/23 1.10c listings language file
)
(c:/texlive/2025/texmf-dist/tex/latex/listings/lstlang2.sty
File: lstlang2.sty 2024/09/23 1.10c listings language file
)
(c:/texlive/2025/texmf-dist/tex/latex/listings/lstlang3.sty
File: lstlang3.sty 2024/09/23 1.10c listings language file
)

! Package Listings Error: Couldn't load requested language.

See the Listings package documentation for explanation.
Type  H <return>  for immediate help.
 ...                                              
                                                  
l.546 \begin{lstlisting}[language=JavaScript]
                                             
The following languages weren't loadable:
    ,javascript$
This may cause errors in the sequel.


! Package Listings Error: language javascript undefined.

See the Listings package documentation for explanation.
Type  H <return>  for immediate help.
 ...                                              
                                                  
l.546 \begin{lstlisting}[language=JavaScript]
                                             
The language is not loadable. Try typing  <return>  to proceed.
If that doesn't work, type  X <return>  to quit.


Underfull \vbox (badness 1783) has occurred while \output is active []



[1021]

[1022] (c:/texlive/2025/texmf-dist/tex/latex/listings/lstlang1.sty
File: lstlang1.sty 2024/09/23 1.10c listings language file
)
(c:/texlive/2025/texmf-dist/tex/latex/listings/lstlang2.sty
File: lstlang2.sty 2024/09/23 1.10c listings language file
)
(c:/texlive/2025/texmf-dist/tex/latex/listings/lstlang3.sty
File: lstlang3.sty 2024/09/23 1.10c listings language file
)

! Package Listings Error: Couldn't load requested language.

See the Listings package documentation for explanation.
Type  H <return>  for immediate help.
 ...                                              
                                                  
l.652 \begin{lstlisting}[language=JavaScript]
                                             
The following languages weren't loadable:
    ,javascript$
This may cause errors in the sequel.


! Package Listings Error: language javascript undefined.

See the Listings package documentation for explanation.
Type  H <return>  for immediate help.
 ...                                              
                                                  
l.652 \begin{lstlisting}[language=JavaScript]
                                             
The language is not loadable. Try typing  <return>  to proceed.
If that doesn't work, type  X <return>  to quit.



[1023] (c:/texlive/2025/texmf-dist/tex/latex/listings/lstlang1.sty
File: lstlang1.sty 2024/09/23 1.10c listings language file
)
(c:/texlive/2025/texmf-dist/tex/latex/listings/lstlang2.sty
File: lstlang2.sty 2024/09/23 1.10c listings language file
)
(c:/texlive/2025/texmf-dist/tex/latex/listings/lstlang3.sty
File: lstlang3.sty 2024/09/23 1.10c listings language file
)

! Package Listings Error: Couldn't load requested language.

See the Listings package documentation for explanation.
Type  H <return>  for immediate help.
 ...                                              
                                                  
l.709 \begin{lstlisting}[language=JavaScript]
                                             
The following languages weren't loadable:
    ,javascript$
This may cause errors in the sequel.


! Package Listings Error: language javascript undefined.

See the Listings package documentation for explanation.
Type  H <return>  for immediate help.
 ...                                              
                                                  
l.709 \begin{lstlisting}[language=JavaScript]
                                             
The language is not loadable. Try typing  <return>  to proceed.
If that doesn't work, type  X <return>  to quit.



[1024]
Underfull \vbox (badness 10000) has occurred while \output is active []



[1025]

[1026] (c:/texlive/2025/texmf-dist/tex/latex/listings/lstlang1.sty
File: lstlang1.sty 2024/09/23 1.10c listings language file
)
(c:/texlive/2025/texmf-dist/tex/latex/listings/lstlang2.sty
File: lstlang2.sty 2024/09/23 1.10c listings language file
)
(c:/texlive/2025/texmf-dist/tex/latex/listings/lstlang3.sty
File: lstlang3.sty 2024/09/23 1.10c listings language file
)

! Package Listings Error: Couldn't load requested language.

See the Listings package documentation for explanation.
Type  H <return>  for immediate help.
 ...                                              
                                                  
l.848 \begin{lstlisting}[language=JavaScript]
                                             
The following languages weren't loadable:
    ,javascript$
This may cause errors in the sequel.


! Package Listings Error: language javascript undefined.

See the Listings package documentation for explanation.
Type  H <return>  for immediate help.
 ...                                              
                                                  
l.848 \begin{lstlisting}[language=JavaScript]
                                             
The language is not loadable. Try typing  <return>  to proceed.
If that doesn't work, type  X <return>  to quit.



[1027]

[1028] (c:/texlive/2025/texmf-dist/tex/latex/listings/lstlang1.sty
File: lstlang1.sty 2024/09/23 1.10c listings language file
)
(c:/texlive/2025/texmf-dist/tex/latex/listings/lstlang2.sty
File: lstlang2.sty 2024/09/23 1.10c listings language file
)
(c:/texlive/2025/texmf-dist/tex/latex/listings/lstlang3.sty
File: lstlang3.sty 2024/09/23 1.10c listings language file
)

! Package Listings Error: Couldn't load requested language.

See the Listings package documentation for explanation.
Type  H <return>  for immediate help.
 ...                                              
                                                  
l.924 \begin{lstlisting}[language=JavaScript]
                                             
The following languages weren't loadable:
    ,javascript$
This may cause errors in the sequel.


! Package Listings Error: language javascript undefined.

See the Listings package documentation for explanation.
Type  H <return>  for immediate help.
 ...                                              
                                                  
l.924 \begin{lstlisting}[language=JavaScript]
                                             
The language is not loadable. Try typing  <return>  to proceed.
If that doesn't work, type  X <return>  to quit.


Underfull \vbox (badness 10000) has occurred while \output is active []



[1029]
Underfull \vbox (badness 10000) has occurred while \output is active []



[1030]

[1031] (c:/texlive/2025/texmf-dist/tex/latex/listings/lstlang1.sty
File: lstlang1.sty 2024/09/23 1.10c listings language file
)
(c:/texlive/2025/texmf-dist/tex/latex/listings/lstlang2.sty
File: lstlang2.sty 2024/09/23 1.10c listings language file
)
(c:/texlive/2025/texmf-dist/tex/latex/listings/lstlang3.sty
File: lstlang3.sty 2024/09/23 1.10c listings language file
)

! Package Listings Error: Couldn't load requested language.

See the Listings package documentation for explanation.
Type  H <return>  for immediate help.
 ...                                              
                                                  
l.1033 \begin{lstlisting}[language=JavaScript]
                                              
The following languages weren't loadable:
    ,javascript$
This may cause errors in the sequel.


! Package Listings Error: language javascript undefined.

See the Listings package documentation for explanation.
Type  H <return>  for immediate help.
 ...                                              
                                                  
l.1033 \begin{lstlisting}[language=JavaScript]
                                              
The language is not loadable. Try typing  <return>  to proceed.
If that doesn't work, type  X <return>  to quit.


Underfull \vbox (badness 10000) has occurred while \output is active []



[1032]
Underfull \vbox (badness 10000) has occurred while \output is active []



[1033]

[1034] (c:/texlive/2025/texmf-dist/tex/latex/listings/lstlang1.sty
File: lstlang1.sty 2024/09/23 1.10c listings language file
)
(c:/texlive/2025/texmf-dist/tex/latex/listings/lstlang2.sty
File: lstlang2.sty 2024/09/23 1.10c listings language file
)
(c:/texlive/2025/texmf-dist/tex/latex/listings/lstlang3.sty
File: lstlang3.sty 2024/09/23 1.10c listings language file
)

! Package Listings Error: Couldn't load requested language.

See the Listings package documentation for explanation.
Type  H <return>  for immediate help.
 ...                                              
                                                  
l.1170 \begin{lstlisting}[language=JavaScript]
                                              
The following languages weren't loadable:
    ,javascript$
This may cause errors in the sequel.


! Package Listings Error: language javascript undefined.

See the Listings package documentation for explanation.
Type  H <return>  for immediate help.
 ...                                              
                                                  
l.1170 \begin{lstlisting}[language=JavaScript]
                                              
The language is not loadable. Try typing  <return>  to proceed.
If that doesn't work, type  X <return>  to quit.



[1035]
Underfull \vbox (badness 10000) has occurred while \output is active []



[1036]
Underfull \vbox (badness 10000) has occurred while \output is active []



[1037]
Underfull \vbox (badness 10000) has occurred while \output is active []



[1038]

[1039] (c:/texlive/2025/texmf-dist/tex/latex/listings/lstlang1.sty
File: lstlang1.sty 2024/09/23 1.10c listings language file
)
(c:/texlive/2025/texmf-dist/tex/latex/listings/lstlang2.sty
File: lstlang2.sty 2024/09/23 1.10c listings language file
)
(c:/texlive/2025/texmf-dist/tex/latex/listings/lstlang3.sty
File: lstlang3.sty 2024/09/23 1.10c listings language file
)

! Package Listings Error: Couldn't load requested language.

See the Listings package documentation for explanation.
Type  H <return>  for immediate help.
 ...                                              
                                                  
l.1402 \begin{lstlisting}[language=JavaScript]
                                              
The following languages weren't loadable:
    ,javascript$
This may cause errors in the sequel.


! Package Listings Error: language javascript undefined.

See the Listings package documentation for explanation.
Type  H <return>  for immediate help.
 ...                                              
                                                  
l.1402 \begin{lstlisting}[language=JavaScript]
                                              
The language is not loadable. Try typing  <return>  to proceed.
If that doesn't work, type  X <return>  to quit.



[1040] (c:/texlive/2025/texmf-dist/tex/latex/listings/lstlang1.sty
File: lstlang1.sty 2024/09/23 1.10c listings language file
)
(c:/texlive/2025/texmf-dist/tex/latex/listings/lstlang2.sty
File: lstlang2.sty 2024/09/23 1.10c listings language file
)
(c:/texlive/2025/texmf-dist/tex/latex/listings/lstlang3.sty
File: lstlang3.sty 2024/09/23 1.10c listings language file
)

! Package Listings Error: Couldn't load requested language.

See the Listings package documentation for explanation.
Type  H <return>  for immediate help.
 ...                                              
                                                  
l.1445 \begin{lstlisting}[language=JavaScript]
                                              
The following languages weren't loadable:
    ,javascript$
This may cause errors in the sequel.


! Package Listings Error: language javascript undefined.

See the Listings package documentation for explanation.
Type  H <return>  for immediate help.
 ...                                              
                                                  
l.1445 \begin{lstlisting}[language=JavaScript]
                                              
The language is not loadable. Try typing  <return>  to proceed.
If that doesn't work, type  X <return>  to quit.



[1041]
Underfull \vbox (badness 10000) has occurred while \output is active []



[1042]
Underfull \vbox (badness 10000) has occurred while \output is active []



[1043] (c:/texlive/2025/texmf-dist/tex/latex/listings/lstlang1.sty
File: lstlang1.sty 2024/09/23 1.10c listings language file
)
(c:/texlive/2025/texmf-dist/tex/latex/listings/lstlang2.sty
File: lstlang2.sty 2024/09/23 1.10c listings language file
)
(c:/texlive/2025/texmf-dist/tex/latex/listings/lstlang3.sty
File: lstlang3.sty 2024/09/23 1.10c listings language file
)

! Package Listings Error: Couldn't load requested language.

See the Listings package documentation for explanation.
Type  H <return>  for immediate help.
 ...                                              
                                                  
l.1529 \begin{lstlisting}[language=JavaScript]
                                              
The following languages weren't loadable:
    ,javascript$
This may cause errors in the sequel.


! Package Listings Error: language javascript undefined.

See the Listings package documentation for explanation.
Type  H <return>  for immediate help.
 ...                                              
                                                  
l.1529 \begin{lstlisting}[language=JavaScript]
                                              
The language is not loadable. Try typing  <return>  to proceed.
If that doesn't work, type  X <return>  to quit.


Underfull \vbox (badness 1127) has occurred while \output is active []



[1044]
Underfull \vbox (badness 10000) has occurred while \output is active []



[1045]

[1046] (c:/texlive/2025/texmf-dist/tex/latex/listings/lstlang1.sty
File: lstlang1.sty 2024/09/23 1.10c listings language file
)
(c:/texlive/2025/texmf-dist/tex/latex/listings/lstlang2.sty
File: lstlang2.sty 2024/09/23 1.10c listings language file
)
(c:/texlive/2025/texmf-dist/tex/latex/listings/lstlang3.sty
File: lstlang3.sty 2024/09/23 1.10c listings language file
)

! Package Listings Error: Couldn't load requested language.

See the Listings package documentation for explanation.
Type  H <return>  for immediate help.
 ...                                              
                                                  
l.1653 \begin{lstlisting}[language=JavaScript]
                                              
The following languages weren't loadable:
    ,javascript$
This may cause errors in the sequel.


! Package Listings Error: language javascript undefined.

See the Listings package documentation for explanation.
Type  H <return>  for immediate help.
 ...                                              
                                                  
l.1653 \begin{lstlisting}[language=JavaScript]
                                              
The language is not loadable. Try typing  <return>  to proceed.
If that doesn't work, type  X <return>  to quit.



[1047]
Underfull \vbox (badness 10000) has occurred while \output is active []



[1048]
Underfull \vbox (badness 10000) has occurred while \output is active []



[1049]

[1050] (c:/texlive/2025/texmf-dist/tex/latex/listings/lstlang1.sty
File: lstlang1.sty 2024/09/23 1.10c listings language file
)
(c:/texlive/2025/texmf-dist/tex/latex/listings/lstlang2.sty
File: lstlang2.sty 2024/09/23 1.10c listings language file
)
(c:/texlive/2025/texmf-dist/tex/latex/listings/lstlang3.sty
File: lstlang3.sty 2024/09/23 1.10c listings language file
)

! Package Listings Error: Couldn't load requested language.

See the Listings package documentation for explanation.
Type  H <return>  for immediate help.
 ...                                              
                                                  
l.1814 \begin{lstlisting}[language=JavaScript]
                                              
The following languages weren't loadable:
    ,javascript$
This may cause errors in the sequel.


! Package Listings Error: language javascript undefined.

See the Listings package documentation for explanation.
Type  H <return>  for immediate help.
 ...                                              
                                                  
l.1814 \begin{lstlisting}[language=JavaScript]
                                              
The language is not loadable. Try typing  <return>  to proceed.
If that doesn't work, type  X <return>  to quit.



[1051]
Underfull \vbox (badness 10000) has occurred while \output is active []



[1052]
! Undefined control sequence.
l.1897 转换公式：\passthrough
                        {\lstinline!NDC\_x = (screen\_x / width) * 2 - 1!}，\...
The control sequence at the end of the top line
of your error message was never \def'ed. If you have
misspelled it (e.g., `\hobx'), type `I' and the correct
spelling (e.g., `I\hbox'). Otherwise just continue,
and I'll forget about whatever was undefined.

! Undefined control sequence.
l.1897 ...creen\_x / width) * 2 - 1!}，\passthrough
                                                  {\lstinline!NDC\_y = -(scr...
The control sequence at the end of the top line
of your error message was never \def'ed. If you have
misspelled it (e.g., `\hobx'), type `I' and the correct
spelling (e.g., `I\hbox'). Otherwise just continue,
and I'll forget about whatever was undefined.


Underfull \vbox (badness 10000) has occurred while \output is active []



[1053] (c:/texlive/2025/texmf-dist/tex/latex/listings/lstlang1.sty
File: lstlang1.sty 2024/09/23 1.10c listings language file
)
(c:/texlive/2025/texmf-dist/tex/latex/listings/lstlang2.sty
File: lstlang2.sty 2024/09/23 1.10c listings language file
)
(c:/texlive/2025/texmf-dist/tex/latex/listings/lstlang3.sty
File: lstlang3.sty 2024/09/23 1.10c listings language file
)

! Package Listings Error: Couldn't load requested language.

See the Listings package documentation for explanation.
Type  H <return>  for immediate help.
 ...                                              
                                                  
l.1929 \begin{lstlisting}[language=JavaScript]
                                              
The following languages weren't loadable:
    ,javascript$
This may cause errors in the sequel.


! Package Listings Error: language javascript undefined.

See the Listings package documentation for explanation.
Type  H <return>  for immediate help.
 ...                                              
                                                  
l.1929 \begin{lstlisting}[language=JavaScript]
                                              
The language is not loadable. Try typing  <return>  to proceed.
If that doesn't work, type  X <return>  to quit.



[1054]
Missing character: There is no 🌊 (U+1F30A) in font TeX Gyre Cursor/OT:script=la
tn;language=dflt;!
Missing character: There is no 💧 (U+1F4A7) in font TeX Gyre Cursor/OT:script=la
tn;language=dflt;!
Missing character: There is no ⚡ (U+26A1) in font TeX Gyre Cursor/OT:script=lat
n;language=dflt;!

Underfull \vbox (badness 10000) has occurred while \output is active []



[1055]
! Undefined control sequence.
l.2015   \textbf{边界约束方程}：\passthrough
                                     {\lstinline!left + panelWidth ≤ screenW...
The control sequence at the end of the top line
of your error message was never \def'ed. If you have
misspelled it (e.g., `\hobx'), type `I' and the correct
spelling (e.g., `I\hbox'). Otherwise just continue,
and I'll forget about whatever was undefined.


Underfull \vbox (badness 10000) has occurred while \output is active []



[1056]
! Undefined control sequence.
l.2024 ...先编译为DOM模板 - \textbf{克隆优化}：使用\passthrough
                                                  {\lstinline!cloneNode(true...
The control sequence at the end of the top line
of your error message was never \def'ed. If you have
misspelled it (e.g., `\hobx'), type `I' and the correct
spelling (e.g., `I\hbox'). Otherwise just continue,
and I'll forget about whatever was undefined.

! Undefined control sequence.
l.2050 面板显示动画使用\passthrough
                           {\lstinline!cubic-bezier(0.25, 0.8, 0.25, 1)!}缓动函...
The control sequence at the end of the top line
of your error message was never \def'ed. If you have
misspelled it (e.g., `\hobx'), type `I' and the correct
spelling (e.g., `I\hbox'). Otherwise just continue,
and I'll forget about whatever was undefined.


Underfull \vbox (badness 10000) has occurred while \output is active []



[1057] (c:/texlive/2025/texmf-dist/tex/latex/listings/lstlang1.sty
File: lstlang1.sty 2024/09/23 1.10c listings language file
)
(c:/texlive/2025/texmf-dist/tex/latex/listings/lstlang2.sty
File: lstlang2.sty 2024/09/23 1.10c listings language file
)
(c:/texlive/2025/texmf-dist/tex/latex/listings/lstlang3.sty
File: lstlang3.sty 2024/09/23 1.10c listings language file
)

! Package Listings Error: Couldn't load requested language.

See the Listings package documentation for explanation.
Type  H <return>  for immediate help.
 ...                                              
                                                  
l.2066 \begin{lstlisting}[language=JavaScript]
                                              
The following languages weren't loadable:
    ,javascript$
This may cause errors in the sequel.


! Package Listings Error: language javascript undefined.

See the Listings package documentation for explanation.
Type  H <return>  for immediate help.
 ...                                              
                                                  
l.2066 \begin{lstlisting}[language=JavaScript]
                                              
The language is not loadable. Try typing  <return>  to proceed.
If that doesn't work, type  X <return>  to quit.



[1058]
Underfull \vbox (badness 10000) has occurred while \output is active []



[1059]
Underfull \vbox (badness 10000) has occurred while \output is active []



[1060]
Underfull \vbox (badness 10000) has occurred while \output is active []



[1061] (c:/texlive/2025/texmf-dist/tex/latex/listings/lstlang1.sty
File: lstlang1.sty 2024/09/23 1.10c listings language file
)
(c:/texlive/2025/texmf-dist/tex/latex/listings/lstlang2.sty
File: lstlang2.sty 2024/09/23 1.10c listings language file
)
(c:/texlive/2025/texmf-dist/tex/latex/listings/lstlang3.sty
File: lstlang3.sty 2024/09/23 1.10c listings language file
)

! Package Listings Error: Couldn't load requested language.

See the Listings package documentation for explanation.
Type  H <return>  for immediate help.
 ...                                              
                                                  
l.2221 \begin{lstlisting}[language=JavaScript]
                                              
The following languages weren't loadable:
    ,javascript$
This may cause errors in the sequel.


! Package Listings Error: language javascript undefined.

See the Listings package documentation for explanation.
Type  H <return>  for immediate help.
 ...                                              
                                                  
l.2221 \begin{lstlisting}[language=JavaScript]
                                              
The language is not loadable. Try typing  <return>  to proceed.
If that doesn't work, type  X <return>  to quit.

(c:/texlive/2025/texmf-dist/tex/latex/listings/lstlang1.sty
File: lstlang1.sty 2024/09/23 1.10c listings language file
)
(c:/texlive/2025/texmf-dist/tex/latex/listings/lstlang2.sty
File: lstlang2.sty 2024/09/23 1.10c listings language file
)
(c:/texlive/2025/texmf-dist/tex/latex/listings/lstlang3.sty
File: lstlang3.sty 2024/09/23 1.10c listings language file
)

! Package Listings Error: Couldn't load requested language.

See the Listings package documentation for explanation.
Type  H <return>  for immediate help.
 ...                                              
                                                  
l.2247 \begin{lstlisting}[language=JavaScript]
                                              
The following languages weren't loadable:
    ,javascript$
This may cause errors in the sequel.


! Package Listings Error: language javascript undefined.

See the Listings package documentation for explanation.
Type  H <return>  for immediate help.
 ...                                              
                                                  
l.2247 \begin{lstlisting}[language=JavaScript]
                                              
The language is not loadable. Try typing  <return>  to proceed.
If that doesn't work, type  X <return>  to quit.



[1062]
Underfull \vbox (badness 10000) has occurred while \output is active []



[1063]
Underfull \vbox (badness 10000) has occurred while \output is active []



[1064]
Underfull \vbox (badness 10000) has occurred while \output is active []



[1065]

[1066] (c:/texlive/2025/texmf-dist/tex/latex/listings/lstlang1.sty
File: lstlang1.sty 2024/09/23 1.10c listings language file
)
(c:/texlive/2025/texmf-dist/tex/latex/listings/lstlang2.sty
File: lstlang2.sty 2024/09/23 1.10c listings language file
)
(c:/texlive/2025/texmf-dist/tex/latex/listings/lstlang3.sty
File: lstlang3.sty 2024/09/23 1.10c listings language file
)

! Package Listings Error: Couldn't load requested language.

See the Listings package documentation for explanation.
Type  H <return>  for immediate help.
 ...                                              
                                                  
l.2422 \begin{lstlisting}[language=JavaScript]
                                              
The following languages weren't loadable:
    ,javascript$
This may cause errors in the sequel.


! Package Listings Error: language javascript undefined.

See the Listings package documentation for explanation.
Type  H <return>  for immediate help.
 ...                                              
                                                  
l.2422 \begin{lstlisting}[language=JavaScript]
                                              
The language is not loadable. Try typing  <return>  to proceed.
If that doesn't work, type  X <return>  to quit.

! Undefined control sequence.
l.2432 双指手势识别基于向量几何： - \textbf{捏合检测}：\passthrough
                                                 {\lstinline!scale\_ratio = ...
The control sequence at the end of the top line
of your error message was never \def'ed. If you have
misspelled it (e.g., `\hobx'), type `I' and the correct
spelling (e.g., `I\hbox'). Otherwise just continue,
and I'll forget about whatever was undefined.

! Undefined control sequence.
l.2432 ..._distance!} - \textbf{旋转检测}：\passthrough
                                                  {\lstinline!angle\_change ...
The control sequence at the end of the top line
of your error message was never \def'ed. If you have
misspelled it (e.g., `\hobx'), type `I' and the correct
spelling (e.g., `I\hbox'). Otherwise just continue,
and I'll forget about whatever was undefined.

! Undefined control sequence.
l.2432 ....y, v1.x)!} - \textbf{平移检测}：\passthrough
                                                  {\lstinline!translation = ...
The control sequence at the end of the top line
of your error message was never \def'ed. If you have
misspelled it (e.g., `\hobx'), type `I' and the correct
spelling (e.g., `I\hbox'). Otherwise just continue,
and I'll forget about whatever was undefined.

(c:/texlive/2025/texmf-dist/tex/latex/listings/lstlang1.sty
File: lstlang1.sty 2024/09/23 1.10c listings language file
)
(c:/texlive/2025/texmf-dist/tex/latex/listings/lstlang2.sty
File: lstlang2.sty 2024/09/23 1.10c listings language file
)
(c:/texlive/2025/texmf-dist/tex/latex/listings/lstlang3.sty
File: lstlang3.sty 2024/09/23 1.10c listings language file
)

! Package Listings Error: Couldn't load requested language.

See the Listings package documentation for explanation.
Type  H <return>  for immediate help.
 ...                                              
                                                  
l.2450 \begin{lstlisting}[language=JavaScript]
                                              
The following languages weren't loadable:
    ,javascript$
This may cause errors in the sequel.


! Package Listings Error: language javascript undefined.

See the Listings package documentation for explanation.
Type  H <return>  for immediate help.
 ...                                              
                                                  
l.2450 \begin{lstlisting}[language=JavaScript]
                                              
The language is not loadable. Try typing  <return>  to proceed.
If that doesn't work, type  X <return>  to quit.



[1067]

[1068]) (./chapters/chapter08.tex

[1069]

[1070

]
Chapter 8.

Underfull \vbox (badness 10000) has occurred while \output is active []



[1071]

[1072] (c:/texlive/2025/texmf-dist/tex/latex/listings/lstlang1.sty
File: lstlang1.sty 2024/09/23 1.10c listings language file
)
(c:/texlive/2025/texmf-dist/tex/latex/listings/lstlang2.sty
File: lstlang2.sty 2024/09/23 1.10c listings language file
)
(c:/texlive/2025/texmf-dist/tex/latex/listings/lstlang3.sty
File: lstlang3.sty 2024/09/23 1.10c listings language file
)

! Package Listings Error: Couldn't load requested language.

See the Listings package documentation for explanation.
Type  H <return>  for immediate help.
 ...                                              
                                                  
l.90 \begin{lstlisting}[language=JavaScript]
                                            
The following languages weren't loadable:
    ,javascript$
This may cause errors in the sequel.


! Package Listings Error: language javascript undefined.

See the Listings package documentation for explanation.
Type  H <return>  for immediate help.
 ...                                              
                                                  
l.90 \begin{lstlisting}[language=JavaScript]
                                            
The language is not loadable. Try typing  <return>  to proceed.
If that doesn't work, type  X <return>  to quit.



[1073]

[1074]
Underfull \vbox (badness 10000) has occurred while \output is active []



[1075]

[1076]

[1077]
Overfull \hbox (33.6106pt too wide) in paragraph at lines 407--408
[]\TU/TeXGyrePagella(0)/m/n/12 [5] Docker Inc. Docker Documentation[EB/OL]. [20
24-08-27]. https://docs.docker.com/. 
 []



[1078] (c:/texlive/2025/texmf-dist/tex/latex/listings/lstlang1.sty
File: lstlang1.sty 2024/09/23 1.10c listings language file
)
(c:/texlive/2025/texmf-dist/tex/latex/listings/lstlang2.sty
File: lstlang2.sty 2024/09/23 1.10c listings language file
)
(c:/texlive/2025/texmf-dist/tex/latex/listings/lstlang3.sty
File: lstlang3.sty 2024/09/23 1.10c listings language file
)

! Package Listings Error: Couldn't load requested language.

See the Listings package documentation for explanation.
Type  H <return>  for immediate help.
 ...                                              
                                                  
l.467 \begin{lstlisting}[language=JavaScript]
                                             
The following languages weren't loadable:
    ,javascript$
This may cause errors in the sequel.


! Package Listings Error: language javascript undefined.

See the Listings package documentation for explanation.
Type  H <return>  for immediate help.
 ...                                              
                                                  
l.467 \begin{lstlisting}[language=JavaScript]
                                             
The language is not loadable. Try typing  <return>  to proceed.
If that doesn't work, type  X <return>  to quit.



[1079]
Underfull \vbox (badness 10000) has occurred while \output is active []



[1080]
Missing character: There is no ₁ (U+2081) in font TeX Gyre Cursor/OT:script=lat
n;language=dflt;!
Missing character: There is no ₂ (U+2082) in font TeX Gyre Cursor/OT:script=lat
n;language=dflt;!
Missing character: There is no ₃ (U+2083) in font TeX Gyre Cursor/OT:script=lat
n;language=dflt;!
Missing character: There is no ₄ (U+2084) in font TeX Gyre Cursor/OT:script=lat
n;language=dflt;!
Missing character: There is no ₁ (U+2081) in font TeX Gyre Cursor/OT:script=lat
n;language=dflt;!
Missing character: There is no ₂ (U+2082) in font TeX Gyre Cursor/OT:script=lat
n;language=dflt;!
Missing character: There is no ₃ (U+2083) in font TeX Gyre Cursor/OT:script=lat
n;language=dflt;!
Missing character: There is no ₁ (U+2081) in font TeXGyrePagella-Regular/OT:scr
ipt=latn;language=dflt;mapping=tex-text;!
Missing character: There is no ₂ (U+2082) in font TeXGyrePagella-Regular/OT:scr
ipt=latn;language=dflt;mapping=tex-text;!
Missing character: There is no ₃ (U+2083) in font TeXGyrePagella-Regular/OT:scr
ipt=latn;language=dflt;mapping=tex-text;!
Missing character: There is no ₄ (U+2084) in font TeXGyrePagella-Regular/OT:scr
ipt=latn;language=dflt;mapping=tex-text;!
(c:/texlive/2025/texmf-dist/tex/latex/listings/lstlang1.sty
File: lstlang1.sty 2024/09/23 1.10c listings language file
)
(c:/texlive/2025/texmf-dist/tex/latex/listings/lstlang2.sty
File: lstlang2.sty 2024/09/23 1.10c listings language file
)
(c:/texlive/2025/texmf-dist/tex/latex/listings/lstlang3.sty
File: lstlang3.sty 2024/09/23 1.10c listings language file
)

! Package Listings Error: Couldn't load requested language.

See the Listings package documentation for explanation.
Type  H <return>  for immediate help.
 ...                                              
                                                  
l.539 \begin{lstlisting}[language=JavaScript]
                                             
The following languages weren't loadable:
    ,javascript$
This may cause errors in the sequel.


! Package Listings Error: language javascript undefined.

See the Listings package documentation for explanation.
Type  H <return>  for immediate help.
 ...                                              
                                                  
l.539 \begin{lstlisting}[language=JavaScript]
                                             
The language is not loadable. Try typing  <return>  to proceed.
If that doesn't work, type  X <return>  to quit.


Underfull \vbox (badness 1694) has occurred while \output is active []



[1081] (c:/texlive/2025/texmf-dist/tex/latex/listings/lstlang1.sty
File: lstlang1.sty 2024/09/23 1.10c listings language file
)
(c:/texlive/2025/texmf-dist/tex/latex/listings/lstlang2.sty
File: lstlang2.sty 2024/09/23 1.10c listings language file
)
(c:/texlive/2025/texmf-dist/tex/latex/listings/lstlang3.sty
File: lstlang3.sty 2024/09/23 1.10c listings language file
)

! Package Listings Error: Couldn't load requested language.

See the Listings package documentation for explanation.
Type  H <return>  for immediate help.
 ...                                              
                                                  
l.571 \begin{lstlisting}[language=JavaScript]
                                             
The following languages weren't loadable:
    ,javascript$
This may cause errors in the sequel.


! Package Listings Error: language javascript undefined.

See the Listings package documentation for explanation.
Type  H <return>  for immediate help.
 ...                                              
                                                  
l.571 \begin{lstlisting}[language=JavaScript]
                                             
The language is not loadable. Try typing  <return>  to proceed.
If that doesn't work, type  X <return>  to quit.

(c:/texlive/2025/texmf-dist/tex/latex/listings/lstlang1.sty
File: lstlang1.sty 2024/09/23 1.10c listings language file
)
(c:/texlive/2025/texmf-dist/tex/latex/listings/lstlang2.sty
File: lstlang2.sty 2024/09/23 1.10c listings language file
)
(c:/texlive/2025/texmf-dist/tex/latex/listings/lstlang3.sty
File: lstlang3.sty 2024/09/23 1.10c listings language file
)

! Package Listings Error: Couldn't load requested language.

See the Listings package documentation for explanation.
Type  H <return>  for immediate help.
 ...                                              
                                                  
l.587 \begin{lstlisting}[language=JavaScript]
                                             
The following languages weren't loadable:
    ,javascript$
This may cause errors in the sequel.


! Package Listings Error: language javascript undefined.

See the Listings package documentation for explanation.
Type  H <return>  for immediate help.
 ...                                              
                                                  
l.587 \begin{lstlisting}[language=JavaScript]
                                             
The language is not loadable. Try typing  <return>  to proceed.
If that doesn't work, type  X <return>  to quit.



[1082]
Missing character: There is no ₂ (U+2082) in font TeX Gyre Cursor/OT:script=lat
n;language=dflt;!

Underfull \vbox (badness 10000) has occurred while \output is active []



[1083]
Missing character: There is no ∈ (U+2208) in font TeX Gyre Cursor/OT:script=lat
n;language=dflt;!


[1084] (c:/texlive/2025/texmf-dist/tex/latex/listings/lstlang1.sty
File: lstlang1.sty 2024/09/23 1.10c listings language file
)
(c:/texlive/2025/texmf-dist/tex/latex/listings/lstlang2.sty
File: lstlang2.sty 2024/09/23 1.10c listings language file
)
(c:/texlive/2025/texmf-dist/tex/latex/listings/lstlang3.sty
File: lstlang3.sty 2024/09/23 1.10c listings language file
)

! Package Listings Error: Couldn't load requested language.

See the Listings package documentation for explanation.
Type  H <return>  for immediate help.
 ...                                              
                                                  
l.714 \begin{lstlisting}[language=JavaScript]
                                             
The following languages weren't loadable:
    ,javascript$
This may cause errors in the sequel.


! Package Listings Error: language javascript undefined.

See the Listings package documentation for explanation.
Type  H <return>  for immediate help.
 ...                                              
                                                  
l.714 \begin{lstlisting}[language=JavaScript]
                                             
The language is not loadable. Try typing  <return>  to proceed.
If that doesn't work, type  X <return>  to quit.


Underfull \vbox (badness 10000) has occurred while \output is active []



[1085]
Underfull \vbox (badness 10000) has occurred while \output is active []



[1086]
Missing character: There is no ₁ (U+2081) in font TeXGyrePagella-Regular/OT:scr
ipt=latn;language=dflt;mapping=tex-text;!
Missing character: There is no ₂ (U+2082) in font TeXGyrePagella-Regular/OT:scr
ipt=latn;language=dflt;mapping=tex-text;!
Missing character: There is no ₁ (U+2081) in font TeXGyrePagella-Regular/OT:scr
ipt=latn;language=dflt;mapping=tex-text;!
Missing character: There is no ₂ (U+2082) in font TeXGyrePagella-Regular/OT:scr
ipt=latn;language=dflt;mapping=tex-text;!


[1087]
Missing character: There is no ᵗ (U+1D57) in font TeXGyrePagella-Regular/OT:scr
ipt=latn;language=dflt;mapping=tex-text;!


[1088]
Underfull \vbox (badness 10000) has occurred while \output is active []



[1089]

[1090]
Missing character: There is no ₂ (U+2082) in font TeX Gyre Cursor/OT:script=lat
n;language=dflt;!
Missing character: There is no ∫ (U+222B) in font TeX Gyre Cursor/OT:script=lat
n;language=dflt;!


[1091] (c:/texlive/2025/texmf-dist/tex/latex/listings/lstlang1.sty
File: lstlang1.sty 2024/09/23 1.10c listings language file
)
(c:/texlive/2025/texmf-dist/tex/latex/listings/lstlang2.sty
File: lstlang2.sty 2024/09/23 1.10c listings language file
)
(c:/texlive/2025/texmf-dist/tex/latex/listings/lstlang3.sty
File: lstlang3.sty 2024/09/23 1.10c listings language file
)

! Package Listings Error: Couldn't load requested language.

See the Listings package documentation for explanation.
Type  H <return>  for immediate help.
 ...                                              
                                                  
l.1073 \begin{lstlisting}[language=JavaScript]
                                              
The following languages weren't loadable:
    ,javascript$
This may cause errors in the sequel.


! Package Listings Error: language javascript undefined.

See the Listings package documentation for explanation.
Type  H <return>  for immediate help.
 ...                                              
                                                  
l.1073 \begin{lstlisting}[language=JavaScript]
                                              
The language is not loadable. Try typing  <return>  to proceed.
If that doesn't work, type  X <return>  to quit.



[1092]
Underfull \vbox (badness 10000) has occurred while \output is active []



[1093] (c:/texlive/2025/texmf-dist/tex/latex/listings/lstlang1.sty
File: lstlang1.sty 2024/09/23 1.10c listings language file
)
(c:/texlive/2025/texmf-dist/tex/latex/listings/lstlang2.sty
File: lstlang2.sty 2024/09/23 1.10c listings language file
)
(c:/texlive/2025/texmf-dist/tex/latex/listings/lstlang3.sty
File: lstlang3.sty 2024/09/23 1.10c listings language file
)

! Package Listings Error: Couldn't load requested language.

See the Listings package documentation for explanation.
Type  H <return>  for immediate help.
 ...                                              
                                                  
l.1137 \begin{lstlisting}[language=JavaScript]
                                              
The following languages weren't loadable:
    ,javascript$
This may cause errors in the sequel.


! Package Listings Error: language javascript undefined.

See the Listings package documentation for explanation.
Type  H <return>  for immediate help.
 ...                                              
                                                  
l.1137 \begin{lstlisting}[language=JavaScript]
                                              
The language is not loadable. Try typing  <return>  to proceed.
If that doesn't work, type  X <return>  to quit.



[1094]
Underfull \vbox (badness 10000) has occurred while \output is active []



[1095] (c:/texlive/2025/texmf-dist/tex/latex/listings/lstlang1.sty
File: lstlang1.sty 2024/09/23 1.10c listings language file
)
(c:/texlive/2025/texmf-dist/tex/latex/listings/lstlang2.sty
File: lstlang2.sty 2024/09/23 1.10c listings language file
)
(c:/texlive/2025/texmf-dist/tex/latex/listings/lstlang3.sty
File: lstlang3.sty 2024/09/23 1.10c listings language file
)

! Package Listings Error: Couldn't load requested language.

See the Listings package documentation for explanation.
Type  H <return>  for immediate help.
 ...                                              
                                                  
l.1210 \begin{lstlisting}[language=JavaScript]
                                              
The following languages weren't loadable:
    ,javascript$
This may cause errors in the sequel.


! Package Listings Error: language javascript undefined.

See the Listings package documentation for explanation.
Type  H <return>  for immediate help.
 ...                                              
                                                  
l.1210 \begin{lstlisting}[language=JavaScript]
                                              
The language is not loadable. Try typing  <return>  to proceed.
If that doesn't work, type  X <return>  to quit.



[1096]
Underfull \vbox (badness 10000) has occurred while \output is active []



[1097]

[1098] (c:/texlive/2025/texmf-dist/tex/latex/listings/lstlang1.sty
File: lstlang1.sty 2024/09/23 1.10c listings language file
)
(c:/texlive/2025/texmf-dist/tex/latex/listings/lstlang2.sty
File: lstlang2.sty 2024/09/23 1.10c listings language file
)
(c:/texlive/2025/texmf-dist/tex/latex/listings/lstlang3.sty
File: lstlang3.sty 2024/09/23 1.10c listings language file
)

! Package Listings Error: Couldn't load requested language.

See the Listings package documentation for explanation.
Type  H <return>  for immediate help.
 ...                                              
                                                  
l.1314 \begin{lstlisting}[language=JavaScript]
                                              
The following languages weren't loadable:
    ,javascript$
This may cause errors in the sequel.


! Package Listings Error: language javascript undefined.

See the Listings package documentation for explanation.
Type  H <return>  for immediate help.
 ...                                              
                                                  
l.1314 \begin{lstlisting}[language=JavaScript]
                                              
The language is not loadable. Try typing  <return>  to proceed.
If that doesn't work, type  X <return>  to quit.



[1099] (c:/texlive/2025/texmf-dist/tex/latex/listings/lstlang1.sty
File: lstlang1.sty 2024/09/23 1.10c listings language file
)
(c:/texlive/2025/texmf-dist/tex/latex/listings/lstlang2.sty
File: lstlang2.sty 2024/09/23 1.10c listings language file
)
(c:/texlive/2025/texmf-dist/tex/latex/listings/lstlang3.sty
File: lstlang3.sty 2024/09/23 1.10c listings language file
)

! Package Listings Error: Couldn't load requested language.

See the Listings package documentation for explanation.
Type  H <return>  for immediate help.
 ...                                              
                                                  
l.1339 \begin{lstlisting}[language=JavaScript]
                                              
The following languages weren't loadable:
    ,javascript$
This may cause errors in the sequel.


! Package Listings Error: language javascript undefined.

See the Listings package documentation for explanation.
Type  H <return>  for immediate help.
 ...                                              
                                                  
l.1339 \begin{lstlisting}[language=JavaScript]
                                              
The language is not loadable. Try typing  <return>  to proceed.
If that doesn't work, type  X <return>  to quit.



[1100]

[1101] (c:/texlive/2025/texmf-dist/tex/latex/listings/lstlang1.sty
File: lstlang1.sty 2024/09/23 1.10c listings language file
)
(c:/texlive/2025/texmf-dist/tex/latex/listings/lstlang2.sty
File: lstlang2.sty 2024/09/23 1.10c listings language file
)
(c:/texlive/2025/texmf-dist/tex/latex/listings/lstlang3.sty
File: lstlang3.sty 2024/09/23 1.10c listings language file
)

! Package Listings Error: Couldn't load requested language.

See the Listings package documentation for explanation.
Type  H <return>  for immediate help.
 ...                                              
                                                  
l.1423 \begin{lstlisting}[language=JavaScript]
                                              
The following languages weren't loadable:
    ,javascript$
This may cause errors in the sequel.


! Package Listings Error: language javascript undefined.

See the Listings package documentation for explanation.
Type  H <return>  for immediate help.
 ...                                              
                                                  
l.1423 \begin{lstlisting}[language=JavaScript]
                                              
The language is not loadable. Try typing  <return>  to proceed.
If that doesn't work, type  X <return>  to quit.



[1102]

[1103]

[1104] (c:/texlive/2025/texmf-dist/tex/latex/listings/lstlang1.sty
File: lstlang1.sty 2024/09/23 1.10c listings language file
)
(c:/texlive/2025/texmf-dist/tex/latex/listings/lstlang2.sty
File: lstlang2.sty 2024/09/23 1.10c listings language file
)
(c:/texlive/2025/texmf-dist/tex/latex/listings/lstlang3.sty
File: lstlang3.sty 2024/09/23 1.10c listings language file
)

! Package Listings Error: Couldn't load requested language.

See the Listings package documentation for explanation.
Type  H <return>  for immediate help.
 ...                                              
                                                  
l.1558 \begin{lstlisting}[language=JavaScript]
                                              
The following languages weren't loadable:
    ,javascript$
This may cause errors in the sequel.


! Package Listings Error: language javascript undefined.

See the Listings package documentation for explanation.
Type  H <return>  for immediate help.
 ...                                              
                                                  
l.1558 \begin{lstlisting}[language=JavaScript]
                                              
The language is not loadable. Try typing  <return>  to proceed.
If that doesn't work, type  X <return>  to quit.



[1105]
Underfull \vbox (badness 10000) has occurred while \output is active []



[1106] (c:/texlive/2025/texmf-dist/tex/latex/listings/lstlang1.sty
File: lstlang1.sty 2024/09/23 1.10c listings language file
)
(c:/texlive/2025/texmf-dist/tex/latex/listings/lstlang2.sty
File: lstlang2.sty 2024/09/23 1.10c listings language file
)
(c:/texlive/2025/texmf-dist/tex/latex/listings/lstlang3.sty
File: lstlang3.sty 2024/09/23 1.10c listings language file
)

! Package Listings Error: Couldn't load requested language.

See the Listings package documentation for explanation.
Type  H <return>  for immediate help.
 ...                                              
                                                  
l.1625 \begin{lstlisting}[language=JavaScript]
                                              
The following languages weren't loadable:
    ,javascript$
This may cause errors in the sequel.


! Package Listings Error: language javascript undefined.

See the Listings package documentation for explanation.
Type  H <return>  for immediate help.
 ...                                              
                                                  
l.1625 \begin{lstlisting}[language=JavaScript]
                                              
The language is not loadable. Try typing  <return>  to proceed.
If that doesn't work, type  X <return>  to quit.



[1107]
Underfull \vbox (badness 10000) has occurred while \output is active []



[1108]

[1109] (c:/texlive/2025/texmf-dist/tex/latex/listings/lstlang1.sty
File: lstlang1.sty 2024/09/23 1.10c listings language file
)
(c:/texlive/2025/texmf-dist/tex/latex/listings/lstlang2.sty
File: lstlang2.sty 2024/09/23 1.10c listings language file
)
(c:/texlive/2025/texmf-dist/tex/latex/listings/lstlang3.sty
File: lstlang3.sty 2024/09/23 1.10c listings language file
)

! Package Listings Error: Couldn't load requested language.

See the Listings package documentation for explanation.
Type  H <return>  for immediate help.
 ...                                              
                                                  
l.1765 \begin{lstlisting}[language=JavaScript]
                                              
The following languages weren't loadable:
    ,javascript$
This may cause errors in the sequel.


! Package Listings Error: language javascript undefined.

See the Listings package documentation for explanation.
Type  H <return>  for immediate help.
 ...                                              
                                                  
l.1765 \begin{lstlisting}[language=JavaScript]
                                              
The language is not loadable. Try typing  <return>  to proceed.
If that doesn't work, type  X <return>  to quit.



[1110]
Underfull \vbox (badness 10000) has occurred while \output is active []



[1111]
Underfull \vbox (badness 10000) has occurred while \output is active []



[1112]
Missing character: There is no ∈ (U+2208) in font TeX Gyre Cursor/OT:script=lat
n;language=dflt;!
Missing character: There is no ∈ (U+2208) in font TeX Gyre Cursor/OT:script=lat
n;language=dflt;!


[1113] (c:/texlive/2025/texmf-dist/tex/latex/listings/lstlang1.sty
File: lstlang1.sty 2024/09/23 1.10c listings language file
)
(c:/texlive/2025/texmf-dist/tex/latex/listings/lstlang2.sty
File: lstlang2.sty 2024/09/23 1.10c listings language file
)
(c:/texlive/2025/texmf-dist/tex/latex/listings/lstlang3.sty
File: lstlang3.sty 2024/09/23 1.10c listings language file
)

! Package Listings Error: Couldn't load requested language.

See the Listings package documentation for explanation.
Type  H <return>  for immediate help.
 ...                                              
                                                  
l.1925 \begin{lstlisting}[language=JavaScript]
                                              
The following languages weren't loadable:
    ,javascript$
This may cause errors in the sequel.


! Package Listings Error: language javascript undefined.

See the Listings package documentation for explanation.
Type  H <return>  for immediate help.
 ...                                              
                                                  
l.1925 \begin{lstlisting}[language=JavaScript]
                                              
The language is not loadable. Try typing  <return>  to proceed.
If that doesn't work, type  X <return>  to quit.



[1114]
Underfull \vbox (badness 10000) has occurred while \output is active []



[1115]
Underfull \vbox (badness 10000) has occurred while \output is active []



[1116]

[1117]
Missing character: There is no ∏ (U+220F) in font TeX Gyre Cursor/OT:script=lat
n;language=dflt;!


[1118]

[1119]

[1120] (c:/texlive/2025/texmf-dist/tex/latex/listings/lstlang1.sty
File: lstlang1.sty 2024/09/23 1.10c listings language file
)
(c:/texlive/2025/texmf-dist/tex/latex/listings/lstlang2.sty
File: lstlang2.sty 2024/09/23 1.10c listings language file
)
(c:/texlive/2025/texmf-dist/tex/latex/listings/lstlang3.sty
File: lstlang3.sty 2024/09/23 1.10c listings language file
)

! Package Listings Error: Couldn't load requested language.

See the Listings package documentation for explanation.
Type  H <return>  for immediate help.
 ...                                              
                                                  
l.2316 \begin{lstlisting}[language=JavaScript]
                                              
The following languages weren't loadable:
    ,javascript$
This may cause errors in the sequel.


! Package Listings Error: language javascript undefined.

See the Listings package documentation for explanation.
Type  H <return>  for immediate help.
 ...                                              
                                                  
l.2316 \begin{lstlisting}[language=JavaScript]
                                              
The language is not loadable. Try typing  <return>  to proceed.
If that doesn't work, type  X <return>  to quit.



[1121]
Underfull \vbox (badness 10000) has occurred while \output is active []



[1122]

[1123]
Missing character: There is no ȳ (U+0233) in font TeX Gyre Cursor/OT:script=lat
n;language=dflt;!
Missing character: There is no ȳ (U+0233) in font TeX Gyre Cursor/OT:script=lat
n;language=dflt;!
(c:/texlive/2025/texmf-dist/tex/latex/listings/lstlang1.sty
File: lstlang1.sty 2024/09/23 1.10c listings language file
)
(c:/texlive/2025/texmf-dist/tex/latex/listings/lstlang2.sty
File: lstlang2.sty 2024/09/23 1.10c listings language file
)
(c:/texlive/2025/texmf-dist/tex/latex/listings/lstlang3.sty
File: lstlang3.sty 2024/09/23 1.10c listings language file
)

! Package Listings Error: Couldn't load requested language.

See the Listings package documentation for explanation.
Type  H <return>  for immediate help.
 ...                                              
                                                  
l.2484 \begin{lstlisting}[language=JavaScript]
                                              
The following languages weren't loadable:
    ,javascript$
This may cause errors in the sequel.


! Package Listings Error: language javascript undefined.

See the Listings package documentation for explanation.
Type  H <return>  for immediate help.
 ...                                              
                                                  
l.2484 \begin{lstlisting}[language=JavaScript]
                                              
The language is not loadable. Try typing  <return>  to proceed.
If that doesn't work, type  X <return>  to quit.



[1124]
Underfull \vbox (badness 10000) has occurred while \output is active []



[1125]

[1126]

[1127]
Missing character: There is no ₀ (U+2080) in font TeX Gyre Cursor/OT:script=lat
n;language=dflt;!
Missing character: There is no ₀ (U+2080) in font TeXGyrePagella-Regular/OT:scr
ipt=latn;language=dflt;mapping=tex-text;!
(c:/texlive/2025/texmf-dist/tex/latex/listings/lstlang1.sty
File: lstlang1.sty 2024/09/23 1.10c listings language file
)
(c:/texlive/2025/texmf-dist/tex/latex/listings/lstlang2.sty
File: lstlang2.sty 2024/09/23 1.10c listings language file
)
(c:/texlive/2025/texmf-dist/tex/latex/listings/lstlang3.sty
File: lstlang3.sty 2024/09/23 1.10c listings language file
)

! Package Listings Error: Couldn't load requested language.

See the Listings package documentation for explanation.
Type  H <return>  for immediate help.
 ...                                              
                                                  
l.2699 \begin{lstlisting}[language=JavaScript]
                                              
The following languages weren't loadable:
    ,javascript$
This may cause errors in the sequel.


! Package Listings Error: language javascript undefined.

See the Listings package documentation for explanation.
Type  H <return>  for immediate help.
 ...                                              
                                                  
l.2699 \begin{lstlisting}[language=JavaScript]
                                              
The language is not loadable. Try typing  <return>  to proceed.
If that doesn't work, type  X <return>  to quit.



[1128]
Underfull \vbox (badness 10000) has occurred while \output is active []



[1129]

[1130]

[1131]

[1132] (c:/texlive/2025/texmf-dist/tex/latex/listings/lstlang1.sty
File: lstlang1.sty 2024/09/23 1.10c listings language file
)
(c:/texlive/2025/texmf-dist/tex/latex/listings/lstlang2.sty
File: lstlang2.sty 2024/09/23 1.10c listings language file
)
(c:/texlive/2025/texmf-dist/tex/latex/listings/lstlang3.sty
File: lstlang3.sty 2024/09/23 1.10c listings language file
)

! Package Listings Error: Couldn't load requested language.

See the Listings package documentation for explanation.
Type  H <return>  for immediate help.
 ...                                              
                                                  
l.2963 \begin{lstlisting}[language=JavaScript]
                                              
The following languages weren't loadable:
    ,javascript$
This may cause errors in the sequel.


! Package Listings Error: language javascript undefined.

See the Listings package documentation for explanation.
Type  H <return>  for immediate help.
 ...                                              
                                                  
l.2963 \begin{lstlisting}[language=JavaScript]
                                              
The language is not loadable. Try typing  <return>  to proceed.
If that doesn't work, type  X <return>  to quit.



[1133]
Underfull \vbox (badness 10000) has occurred while \output is active []



[1134]
Missing character: There is no ᵀ (U+1D40) in font TeX Gyre Cursor/OT:script=lat
n;language=dflt;!


[1135]

[1136]
Underfull \vbox (badness 10000) has occurred while \output is active []



[1137]
Missing character: There is no ᵖ (U+1D56) in font TeX Gyre Cursor/OT:script=lat
n;language=dflt;!
Missing character: There is no ᵈ (U+1D48) in font TeX Gyre Cursor/OT:script=lat
n;language=dflt;!
Missing character: There is no ᵠ (U+1D60) in font TeX Gyre Cursor/OT:script=lat
n;language=dflt;!


[1138] (c:/texlive/2025/texmf-dist/tex/latex/listings/lstlang1.sty
File: lstlang1.sty 2024/09/23 1.10c listings language file
)
(c:/texlive/2025/texmf-dist/tex/latex/listings/lstlang2.sty
File: lstlang2.sty 2024/09/23 1.10c listings language file
)
(c:/texlive/2025/texmf-dist/tex/latex/listings/lstlang3.sty
File: lstlang3.sty 2024/09/23 1.10c listings language file
)

! Package Listings Error: Couldn't load requested language.

See the Listings package documentation for explanation.
Type  H <return>  for immediate help.
 ...                                              
                                                  
l.3233 \begin{lstlisting}[language=JavaScript]
                                              
The following languages weren't loadable:
    ,javascript$
This may cause errors in the sequel.


! Package Listings Error: language javascript undefined.

See the Listings package documentation for explanation.
Type  H <return>  for immediate help.
 ...                                              
                                                  
l.3233 \begin{lstlisting}[language=JavaScript]
                                              
The language is not loadable. Try typing  <return>  to proceed.
If that doesn't work, type  X <return>  to quit.



[1139]
Underfull \vbox (badness 10000) has occurred while \output is active []



[1140]

[1141]
! Undefined control sequence.
l.3384 时间窗口模型：\passthrough
                          {\lstinline!T\_total = T\_detection + T\_decision ...
The control sequence at the end of the top line
of your error message was never \def'ed. If you have
misspelled it (e.g., `\hobx'), type `I' and the correct
spelling (e.g., `I\hbox'). Otherwise just continue,
and I'll forget about whatever was undefined.



[1142]
Underfull \vbox (badness 10000) has occurred while \output is active []



[1143]
Missing character: There is no ₁ (U+2081) in font TeX Gyre Cursor/OT:script=lat
n;language=dflt;!
Missing character: There is no ₂ (U+2082) in font TeX Gyre Cursor/OT:script=lat
n;language=dflt;!
Missing character: There is no ∀ (U+2200) in font TeX Gyre Cursor/OT:script=lat
n;language=dflt;!
Missing character: There is no ₁ (U+2081) in font TeX Gyre Cursor/OT:script=lat
n;language=dflt;!
Missing character: There is no ₂ (U+2082) in font TeX Gyre Cursor/OT:script=lat
n;language=dflt;!
Missing character: There is no ∃ (U+2203) in font TeX Gyre Cursor/OT:script=lat
n;language=dflt;!
Missing character: There is no ₁ (U+2081) in font TeX Gyre Cursor/OT:script=lat
n;language=dflt;!
Missing character: There is no ₂ (U+2082) in font TeX Gyre Cursor/OT:script=lat
n;language=dflt;!

Underfull \vbox (badness 10000) has occurred while \output is active []



[1144]
Missing character: There is no ∀ (U+2200) in font TeX Gyre Cursor/OT:script=lat
n;language=dflt;!
Missing character: There is no ∈ (U+2208) in font TeX Gyre Cursor/OT:script=lat
n;language=dflt;!


[1145]

[1146] (c:/texlive/2025/texmf-dist/tex/latex/listings/lstlang1.sty
File: lstlang1.sty 2024/09/23 1.10c listings language file
)
(c:/texlive/2025/texmf-dist/tex/latex/listings/lstlang2.sty
File: lstlang2.sty 2024/09/23 1.10c listings language file
)
(c:/texlive/2025/texmf-dist/tex/latex/listings/lstlang3.sty
File: lstlang3.sty 2024/09/23 1.10c listings language file
)

! Package Listings Error: Couldn't load requested language.

See the Listings package documentation for explanation.
Type  H <return>  for immediate help.
 ...                                              
                                                  
l.3636 \begin{lstlisting}[language=JavaScript]
                                              
The following languages weren't loadable:
    ,javascript$
This may cause errors in the sequel.


! Package Listings Error: language javascript undefined.

See the Listings package documentation for explanation.
Type  H <return>  for immediate help.
 ...                                              
                                                  
l.3636 \begin{lstlisting}[language=JavaScript]
                                              
The language is not loadable. Try typing  <return>  to proceed.
If that doesn't work, type  X <return>  to quit.



[1147]
Underfull \vbox (badness 10000) has occurred while \output is active []



[1148]
Underfull \vbox (badness 10000) has occurred while \output is active []



[1149]
Missing character: There is no ∈ (U+2208) in font TeX Gyre Cursor/OT:script=lat
n;language=dflt;!


[1150]

[1151]
Underfull \vbox (badness 10000) has occurred while \output is active []



[1152]
Missing character: There is no ₂ (U+2082) in font TeX Gyre Cursor/OT:script=lat
n;language=dflt;!
(c:/texlive/2025/texmf-dist/tex/latex/listings/lstlang1.sty
File: lstlang1.sty 2024/09/23 1.10c listings language file
)
(c:/texlive/2025/texmf-dist/tex/latex/listings/lstlang2.sty
File: lstlang2.sty 2024/09/23 1.10c listings language file
)
(c:/texlive/2025/texmf-dist/tex/latex/listings/lstlang3.sty
File: lstlang3.sty 2024/09/23 1.10c listings language file
)

! Package Listings Error: Couldn't load requested language.

See the Listings package documentation for explanation.
Type  H <return>  for immediate help.
 ...                                              
                                                  
l.3949 \begin{lstlisting}[language=JavaScript]
                                              
The following languages weren't loadable:
    ,javascript$
This may cause errors in the sequel.


! Package Listings Error: language javascript undefined.

See the Listings package documentation for explanation.
Type  H <return>  for immediate help.
 ...                                              
                                                  
l.3949 \begin{lstlisting}[language=JavaScript]
                                              
The language is not loadable. Try typing  <return>  to proceed.
If that doesn't work, type  X <return>  to quit.



[1153]
Underfull \vbox (badness 10000) has occurred while \output is active []



[1154] (c:/texlive/2025/texmf-dist/tex/latex/listings/lstlang1.sty
File: lstlang1.sty 2024/09/23 1.10c listings language file
)
(c:/texlive/2025/texmf-dist/tex/latex/listings/lstlang2.sty
File: lstlang2.sty 2024/09/23 1.10c listings language file
)
(c:/texlive/2025/texmf-dist/tex/latex/listings/lstlang3.sty
File: lstlang3.sty 2024/09/23 1.10c listings language file
)

! Package Listings Error: Couldn't load requested language.

See the Listings package documentation for explanation.
Type  H <return>  for immediate help.
 ...                                              
                                                  
l.4025 \begin{lstlisting}[language=yaml]
                                        
The following languages weren't loadable:
    ,yaml$
This may cause errors in the sequel.


! Package Listings Error: language yaml undefined.

See the Listings package documentation for explanation.
Type  H <return>  for immediate help.
 ...                                              
                                                  
l.4025 \begin{lstlisting}[language=yaml]
                                        
The language is not loadable. Try typing  <return>  to proceed.
If that doesn't work, type  X <return>  to quit.



[1155]

[1156] (c:/texlive/2025/texmf-dist/tex/latex/listings/lstlang1.sty
File: lstlang1.sty 2024/09/23 1.10c listings language file
)
(c:/texlive/2025/texmf-dist/tex/latex/listings/lstlang2.sty
File: lstlang2.sty 2024/09/23 1.10c listings language file
)
(c:/texlive/2025/texmf-dist/tex/latex/listings/lstlang3.sty
File: lstlang3.sty 2024/09/23 1.10c listings language file
)

! Package Listings Error: Couldn't load requested language.

See the Listings package documentation for explanation.
Type  H <return>  for immediate help.
 ...                                              
                                                  
l.4094 \begin{lstlisting}[language=yaml]
                                        
The following languages weren't loadable:
    ,yaml$
This may cause errors in the sequel.


! Package Listings Error: language yaml undefined.

See the Listings package documentation for explanation.
Type  H <return>  for immediate help.
 ...                                              
                                                  
l.4094 \begin{lstlisting}[language=yaml]
                                        
The language is not loadable. Try typing  <return>  to proceed.
If that doesn't work, type  X <return>  to quit.


Underfull \vbox (badness 1762) has occurred while \output is active []



[1157]
Underfull \vbox (badness 10000) has occurred while \output is active []



[1158]
Missing character: There is no ∫ (U+222B) in font TeX Gyre Cursor/OT:script=lat
n;language=dflt;!


[1159]
Missing character: There is no ∏ (U+220F) in font TeX Gyre Cursor/OT:script=lat
n;language=dflt;!


[1160]
Underfull \vbox (badness 1960) has occurred while \output is active []



[1161]) (./chapters/chapter09.tex

[1162])

[1163] (./main.aux)
 ***********
LaTeX2e <2024-11-01> patch level 2
L3 programming layer <2022/08/05>
 ***********


LaTeX Font Warning: Some font shapes were not available, defaults substituted.


LaTeX Warning: There were multiply-defined labels.

Package rerunfilecheck Info: File `main.out' has not changed.
(rerunfilecheck)             Checksum: D581A09F3DFE842D9EAAB2D73920DCB7;80627.
 ) 
Here is how much of TeX's memory you used:
 46618 strings out of 473832
 1041910 string characters out of 5733158
 2039569 words of memory out of 5000000
 67447 multiletter control sequences out of 15000+600000
 566214 words of font info for 136 fonts, out of 8000000 for 9000
 1348 hyphenation exceptions out of 8191
 102i,13n,111p,1126b,2094s stack positions out of 10000i,1000n,20000p,200000b,200000s

Output written on main.pdf (1189 pages).
