asset_id,occurred_at,version,event_id,value,unit,quality,source
DAM-A-PZ-01,2026-07-01T00:00:00+08:00,1,evt-pz-0000-0,180.0,kPa,valid,simulator
DAM-A-PZ-02,2026-07-01T00:00:00+08:00,1,evt-pz-0000-1,180.2,kPa,valid,simulator
DAM-A-PZ-03,2026-07-01T00:00:00+08:00,1,evt-pz-0000-2,180.4,kPa,valid,simulator
DAM-A-PZ-04,2026-07-01T00:00:00+08:00,1,evt-pz-0000-3,180.6,kPa,valid,simulator
DAM-A-PZ-05,2026-07-01T00:00:00+08:00,1,evt-pz-0000-4,180.8,kPa,valid,simulator
DAM-A-PZ-06,2026-07-01T00:00:00+08:00,1,evt-pz-0000-5,181.0,kPa,valid,simulator
DAM-A-PZ-07,2026-07-01T00:00:00+08:00,1,evt-pz-0000-6,181.2,kPa,valid,simulator
DAM-A-PZ-08,2026-07-01T00:00:00+08:00,1,evt-pz-0000-7,181.4,kPa,valid,simulator
DAM-A-PZ-09,2026-07-01T00:00:00+08:00,1,evt-pz-0000-8,181.6,kPa,valid,simulator
DAM-A-PZ-10,2026-07-01T00:00:00+08:00,1,evt-pz-0000-9,181.8,kPa,valid,simulator
DAM-A-PZ-11,2026-07-01T00:00:00+08:00,1,evt-pz-0000-10,182.0,kPa,valid,simulator
DAM-A-PZ-12,2026-07-01T00:00:00+08:00,1,evt-pz-0000-11,182.2,kPa,valid,simulator
DAM-A-PZ-01,2026-07-01T00:05:00+08:00,1,evt-pz-0001-0,180.125,kPa,valid,simulator
DAM-A-PZ-02,2026-07-01T00:05:00+08:00,1,evt-pz-0001-1,180.325,kPa,valid,simulator
DAM-A-PZ-03,2026-07-01T00:05:00+08:00,1,evt-pz-0001-2,180.525,kPa,valid,simulator
DAM-A-PZ-04,2026-07-01T00:05:00+08:00,1,evt-pz-0001-3,180.725,kPa,valid,simulator
DAM-A-PZ-05,2026-07-01T00:05:00+08:00,1,evt-pz-0001-4,180.925,kPa,valid,simulator
DAM-A-PZ-06,2026-07-01T00:05:00+08:00,1,evt-pz-0001-5,181.125,kPa,valid,simulator
DAM-A-PZ-07,2026-07-01T00:05:00+08:00,1,evt-pz-0001-6,181.325,kPa,valid,simulator
DAM-A-PZ-08,2026-07-01T00:05:00+08:00,1,evt-pz-0001-7,181.525,kPa,valid,simulator
DAM-A-PZ-09,2026-07-01T00:05:00+08:00,1,evt-pz-0001-8,181.725,kPa,valid,simulator
DAM-A-PZ-10,2026-07-01T00:05:00+08:00,1,evt-pz-0001-9,181.925,kPa,valid,simulator
DAM-A-PZ-11,2026-07-01T00:05:00+08:00,1,evt-pz-0001-10,182.125,kPa,valid,simulator
DAM-A-PZ-12,2026-07-01T00:05:00+08:00,1,evt-pz-0001-11,182.325,kPa,valid,simulator
DAM-A-PZ-01,2026-07-01T00:10:00+08:00,1,evt-pz-0002-0,180.25,kPa,valid,simulator
DAM-A-PZ-02,2026-07-01T00:10:00+08:00,1,evt-pz-0002-1,180.45,kPa,valid,simulator
DAM-A-PZ-03,2026-07-01T00:10:00+08:00,1,evt-pz-0002-2,180.65,kPa,valid,simulator
DAM-A-PZ-04,2026-07-01T00:10:00+08:00,1,evt-pz-0002-3,180.85,kPa,valid,simulator
DAM-A-PZ-05,2026-07-01T00:10:00+08:00,1,evt-pz-0002-4,181.05,kPa,valid,simulator
DAM-A-PZ-06,2026-07-01T00:10:00+08:00,1,evt-pz-0002-5,181.25,kPa,valid,simulator
DAM-A-PZ-07,2026-07-01T00:10:00+08:00,1,evt-pz-0002-6,181.45,kPa,valid,simulator
DAM-A-PZ-08,2026-07-01T00:10:00+08:00,1,evt-pz-0002-7,181.65,kPa,valid,simulator
DAM-A-PZ-09,2026-07-01T00:10:00+08:00,1,evt-pz-0002-8,181.85,kPa,valid,simulator
DAM-A-PZ-10,2026-07-01T00:10:00+08:00,1,evt-pz-0002-9,182.05,kPa,valid,simulator
DAM-A-PZ-11,2026-07-01T00:10:00+08:00,1,evt-pz-0002-10,182.25,kPa,valid,simulator
DAM-A-PZ-12,2026-07-01T00:10:00+08:00,1,evt-pz-0002-11,182.45,kPa,valid,simulator
DAM-A-PZ-01,2026-07-01T00:15:00+08:00,1,evt-pz-0003-0,180.375,kPa,valid,simulator
DAM-A-PZ-02,2026-07-01T00:15:00+08:00,1,evt-pz-0003-1,180.575,kPa,valid,simulator
DAM-A-PZ-03,2026-07-01T00:15:00+08:00,1,evt-pz-0003-2,180.775,kPa,valid,simulator
DAM-A-PZ-04,2026-07-01T00:15:00+08:00,1,evt-pz-0003-3,180.975,kPa,valid,simulator
DAM-A-PZ-05,2026-07-01T00:15:00+08:00,1,evt-pz-0003-4,181.175,kPa,valid,simulator
DAM-A-PZ-06,2026-07-01T00:15:00+08:00,1,evt-pz-0003-5,181.375,kPa,valid,simulator
DAM-A-PZ-07,2026-07-01T00:15:00+08:00,1,evt-pz-0003-6,181.575,kPa,valid,simulator
DAM-A-PZ-08,2026-07-01T00:15:00+08:00,1,evt-pz-0003-7,181.775,kPa,valid,simulator
DAM-A-PZ-09,2026-07-01T00:15:00+08:00,1,evt-pz-0003-8,181.975,kPa,valid,simulator
DAM-A-PZ-10,2026-07-01T00:15:00+08:00,1,evt-pz-0003-9,182.175,kPa,valid,simulator
DAM-A-PZ-11,2026-07-01T00:15:00+08:00,1,evt-pz-0003-10,182.375,kPa,valid,simulator
DAM-A-PZ-12,2026-07-01T00:15:00+08:00,1,evt-pz-0003-11,182.575,kPa,valid,simulator
DAM-A-PZ-01,2026-07-01T00:20:00+08:00,1,evt-pz-0004-0,180.499,kPa,valid,simulator
DAM-A-PZ-02,2026-07-01T00:20:00+08:00,1,evt-pz-0004-1,180.699,kPa,valid,simulator
DAM-A-PZ-03,2026-07-01T00:20:00+08:00,1,evt-pz-0004-2,180.899,kPa,valid,simulator
DAM-A-PZ-04,2026-07-01T00:20:00+08:00,1,evt-pz-0004-3,181.099,kPa,valid,simulator
DAM-A-PZ-05,2026-07-01T00:20:00+08:00,1,evt-pz-0004-4,181.299,kPa,valid,simulator
DAM-A-PZ-06,2026-07-01T00:20:00+08:00,1,evt-pz-0004-5,181.499,kPa,valid,simulator
DAM-A-PZ-07,2026-07-01T00:20:00+08:00,1,evt-pz-0004-6,181.699,kPa,valid,simulator
DAM-A-PZ-08,2026-07-01T00:20:00+08:00,1,evt-pz-0004-7,181.899,kPa,valid,simulator
DAM-A-PZ-09,2026-07-01T00:20:00+08:00,1,evt-pz-0004-8,182.099,kPa,valid,simulator
DAM-A-PZ-10,2026-07-01T00:20:00+08:00,1,evt-pz-0004-9,182.299,kPa,valid,simulator
DAM-A-PZ-11,2026-07-01T00:20:00+08:00,1,evt-pz-0004-10,182.499,kPa,valid,simulator
DAM-A-PZ-12,2026-07-01T00:20:00+08:00,1,evt-pz-0004-11,182.699,kPa,valid,simulator
DAM-A-PZ-01,2026-07-01T00:25:00+08:00,1,evt-pz-0005-0,180.623,kPa,valid,simulator
DAM-A-PZ-02,2026-07-01T00:25:00+08:00,1,evt-pz-0005-1,180.823,kPa,valid,simulator
DAM-A-PZ-03,2026-07-01T00:25:00+08:00,1,evt-pz-0005-2,181.023,kPa,valid,simulator
DAM-A-PZ-04,2026-07-01T00:25:00+08:00,1,evt-pz-0005-3,181.223,kPa,valid,simulator
DAM-A-PZ-05,2026-07-01T00:25:00+08:00,1,evt-pz-0005-4,181.423,kPa,valid,simulator
DAM-A-PZ-06,2026-07-01T00:25:00+08:00,1,evt-pz-0005-5,181.623,kPa,valid,simulator
DAM-A-PZ-07,2026-07-01T00:25:00+08:00,1,evt-pz-0005-6,181.823,kPa,valid,simulator
DAM-A-PZ-08,2026-07-01T00:25:00+08:00,1,evt-pz-0005-7,182.023,kPa,valid,simulator
DAM-A-PZ-09,2026-07-01T00:25:00+08:00,1,evt-pz-0005-8,182.223,kPa,valid,simulator
DAM-A-PZ-10,2026-07-01T00:25:00+08:00,1,evt-pz-0005-9,182.423,kPa,valid,simulator
DAM-A-PZ-11,2026-07-01T00:25:00+08:00,1,evt-pz-0005-10,182.623,kPa,valid,simulator
DAM-A-PZ-12,2026-07-01T00:25:00+08:00,1,evt-pz-0005-11,182.823,kPa,valid,simulator
DAM-A-PZ-01,2026-07-01T00:30:00+08:00,1,evt-pz-0006-0,180.747,kPa,valid,simulator
DAM-A-PZ-02,2026-07-01T00:30:00+08:00,1,evt-pz-0006-1,180.947,kPa,valid,simulator
DAM-A-PZ-03,2026-07-01T00:30:00+08:00,1,evt-pz-0006-2,181.147,kPa,valid,simulator
DAM-A-PZ-04,2026-07-01T00:30:00+08:00,1,evt-pz-0006-3,181.347,kPa,valid,simulator
DAM-A-PZ-05,2026-07-01T00:30:00+08:00,1,evt-pz-0006-4,181.547,kPa,valid,simulator
DAM-A-PZ-06,2026-07-01T00:30:00+08:00,1,evt-pz-0006-5,181.747,kPa,valid,simulator
DAM-A-PZ-07,2026-07-01T00:30:00+08:00,1,evt-pz-0006-6,181.947,kPa,valid,simulator
DAM-A-PZ-08,2026-07-01T00:30:00+08:00,1,evt-pz-0006-7,182.147,kPa,valid,simulator
DAM-A-PZ-09,2026-07-01T00:30:00+08:00,1,evt-pz-0006-8,182.347,kPa,valid,simulator
DAM-A-PZ-10,2026-07-01T00:30:00+08:00,1,evt-pz-0006-9,182.547,kPa,valid,simulator
DAM-A-PZ-11,2026-07-01T00:30:00+08:00,1,evt-pz-0006-10,182.747,kPa,valid,simulator
DAM-A-PZ-12,2026-07-01T00:30:00+08:00,1,evt-pz-0006-11,182.947,kPa,valid,simulator
DAM-A-PZ-01,2026-07-01T00:35:00+08:00,1,evt-pz-0007-0,180.871,kPa,valid,simulator
DAM-A-PZ-02,2026-07-01T00:35:00+08:00,1,evt-pz-0007-1,181.071,kPa,valid,simulator
DAM-A-PZ-03,2026-07-01T00:35:00+08:00,1,evt-pz-0007-2,181.271,kPa,valid,simulator
DAM-A-PZ-04,2026-07-01T00:35:00+08:00,1,evt-pz-0007-3,181.471,kPa,valid,simulator
DAM-A-PZ-05,2026-07-01T00:35:00+08:00,1,evt-pz-0007-4,181.671,kPa,valid,simulator
DAM-A-PZ-06,2026-07-01T00:35:00+08:00,1,evt-pz-0007-5,181.871,kPa,valid,simulator
DAM-A-PZ-07,2026-07-01T00:35:00+08:00,1,evt-pz-0007-6,182.071,kPa,valid,simulator
DAM-A-PZ-08,2026-07-01T00:35:00+08:00,1,evt-pz-0007-7,182.271,kPa,valid,simulator
DAM-A-PZ-09,2026-07-01T00:35:00+08:00,1,evt-pz-0007-8,182.471,kPa,valid,simulator
DAM-A-PZ-10,2026-07-01T00:35:00+08:00,1,evt-pz-0007-9,182.671,kPa,valid,simulator
DAM-A-PZ-11,2026-07-01T00:35:00+08:00,1,evt-pz-0007-10,182.871,kPa,valid,simulator
DAM-A-PZ-12,2026-07-01T00:35:00+08:00,1,evt-pz-0007-11,183.071,kPa,valid,simulator
DAM-A-PZ-01,2026-07-01T00:40:00+08:00,1,evt-pz-0008-0,180.993,kPa,valid,simulator
DAM-A-PZ-02,2026-07-01T00:40:00+08:00,1,evt-pz-0008-1,181.193,kPa,valid,simulator
DAM-A-PZ-03,2026-07-01T00:40:00+08:00,1,evt-pz-0008-2,181.393,kPa,valid,simulator
DAM-A-PZ-04,2026-07-01T00:40:00+08:00,1,evt-pz-0008-3,181.593,kPa,valid,simulator
DAM-A-PZ-05,2026-07-01T00:40:00+08:00,1,evt-pz-0008-4,181.793,kPa,valid,simulator
DAM-A-PZ-06,2026-07-01T00:40:00+08:00,1,evt-pz-0008-5,181.993,kPa,valid,simulator
DAM-A-PZ-07,2026-07-01T00:40:00+08:00,1,evt-pz-0008-6,182.193,kPa,valid,simulator
DAM-A-PZ-08,2026-07-01T00:40:00+08:00,1,evt-pz-0008-7,182.393,kPa,valid,simulator
DAM-A-PZ-09,2026-07-01T00:40:00+08:00,1,evt-pz-0008-8,182.593,kPa,valid,simulator
DAM-A-PZ-10,2026-07-01T00:40:00+08:00,1,evt-pz-0008-9,182.793,kPa,valid,simulator
DAM-A-PZ-11,2026-07-01T00:40:00+08:00,1,evt-pz-0008-10,182.993,kPa,valid,simulator
DAM-A-PZ-12,2026-07-01T00:40:00+08:00,1,evt-pz-0008-11,183.193,kPa,valid,simulator
DAM-A-PZ-01,2026-07-01T00:45:00+08:00,1,evt-pz-0009-0,181.116,kPa,valid,simulator
DAM-A-PZ-02,2026-07-01T00:45:00+08:00,1,evt-pz-0009-1,181.316,kPa,valid,simulator
DAM-A-PZ-03,2026-07-01T00:45:00+08:00,1,evt-pz-0009-2,181.516,kPa,valid,simulator
DAM-A-PZ-04,2026-07-01T00:45:00+08:00,1,evt-pz-0009-3,181.716,kPa,valid,simulator
DAM-A-PZ-05,2026-07-01T00:45:00+08:00,1,evt-pz-0009-4,181.916,kPa,valid,simulator
DAM-A-PZ-06,2026-07-01T00:45:00+08:00,1,evt-pz-0009-5,182.116,kPa,valid,simulator
DAM-A-PZ-07,2026-07-01T00:45:00+08:00,1,evt-pz-0009-6,182.316,kPa,valid,simulator
DAM-A-PZ-08,2026-07-01T00:45:00+08:00,1,evt-pz-0009-7,182.516,kPa,valid,simulator
DAM-A-PZ-09,2026-07-01T00:45:00+08:00,1,evt-pz-0009-8,182.716,kPa,valid,simulator
DAM-A-PZ-10,2026-07-01T00:45:00+08:00,1,evt-pz-0009-9,182.916,kPa,valid,simulator
DAM-A-PZ-11,2026-07-01T00:45:00+08:00,1,evt-pz-0009-10,183.116,kPa,valid,simulator
DAM-A-PZ-12,2026-07-01T00:45:00+08:00,1,evt-pz-0009-11,183.316,kPa,valid,simulator
DAM-A-PZ-01,2026-07-01T00:50:00+08:00,1,evt-pz-0010-0,181.237,kPa,valid,simulator
DAM-A-PZ-02,2026-07-01T00:50:00+08:00,1,evt-pz-0010-1,181.437,kPa,valid,simulator
DAM-A-PZ-03,2026-07-01T00:50:00+08:00,1,evt-pz-0010-2,181.637,kPa,valid,simulator
DAM-A-PZ-04,2026-07-01T00:50:00+08:00,1,evt-pz-0010-3,181.837,kPa,valid,simulator
DAM-A-PZ-05,2026-07-01T00:50:00+08:00,1,evt-pz-0010-4,182.037,kPa,valid,simulator
DAM-A-PZ-06,2026-07-01T00:50:00+08:00,1,evt-pz-0010-5,182.237,kPa,valid,simulator
DAM-A-PZ-07,2026-07-01T00:50:00+08:00,1,evt-pz-0010-6,182.437,kPa,valid,simulator
DAM-A-PZ-08,2026-07-01T00:50:00+08:00,1,evt-pz-0010-7,182.637,kPa,valid,simulator
DAM-A-PZ-09,2026-07-01T00:50:00+08:00,1,evt-pz-0010-8,182.837,kPa,valid,simulator
DAM-A-PZ-10,2026-07-01T00:50:00+08:00,1,evt-pz-0010-9,183.037,kPa,valid,simulator
DAM-A-PZ-11,2026-07-01T00:50:00+08:00,1,evt-pz-0010-10,183.237,kPa,valid,simulator
DAM-A-PZ-12,2026-07-01T00:50:00+08:00,1,evt-pz-0010-11,183.437,kPa,valid,simulator
DAM-A-PZ-01,2026-07-01T00:55:00+08:00,1,evt-pz-0011-0,181.358,kPa,valid,simulator
DAM-A-PZ-02,2026-07-01T00:55:00+08:00,1,evt-pz-0011-1,181.558,kPa,valid,simulator
DAM-A-PZ-03,2026-07-01T00:55:00+08:00,1,evt-pz-0011-2,181.758,kPa,valid,simulator
DAM-A-PZ-04,2026-07-01T00:55:00+08:00,1,evt-pz-0011-3,181.958,kPa,valid,simulator
DAM-A-PZ-05,2026-07-01T00:55:00+08:00,1,evt-pz-0011-4,182.158,kPa,valid,simulator
DAM-A-PZ-06,2026-07-01T00:55:00+08:00,1,evt-pz-0011-5,182.358,kPa,valid,simulator
DAM-A-PZ-07,2026-07-01T00:55:00+08:00,1,evt-pz-0011-6,182.558,kPa,valid,simulator
DAM-A-PZ-08,2026-07-01T00:55:00+08:00,1,evt-pz-0011-7,182.758,kPa,valid,simulator
DAM-A-PZ-09,2026-07-01T00:55:00+08:00,1,evt-pz-0011-8,182.958,kPa,valid,simulator
DAM-A-PZ-10,2026-07-01T00:55:00+08:00,1,evt-pz-0011-9,183.158,kPa,valid,simulator
DAM-A-PZ-11,2026-07-01T00:55:00+08:00,1,evt-pz-0011-10,183.358,kPa,valid,simulator
DAM-A-PZ-12,2026-07-01T00:55:00+08:00,1,evt-pz-0011-11,183.558,kPa,valid,simulator
DAM-A-PZ-01,2026-07-01T01:00:00+08:00,1,evt-pz-0012-0,181.478,kPa,valid,simulator
DAM-A-PZ-02,2026-07-01T01:00:00+08:00,1,evt-pz-0012-1,181.678,kPa,valid,simulator
DAM-A-PZ-03,2026-07-01T01:00:00+08:00,1,evt-pz-0012-2,181.878,kPa,valid,simulator
DAM-A-PZ-04,2026-07-01T01:00:00+08:00,1,evt-pz-0012-3,182.078,kPa,valid,simulator
DAM-A-PZ-05,2026-07-01T01:00:00+08:00,1,evt-pz-0012-4,182.278,kPa,valid,simulator
DAM-A-PZ-06,2026-07-01T01:00:00+08:00,1,evt-pz-0012-5,182.478,kPa,valid,simulator
DAM-A-PZ-07,2026-07-01T01:00:00+08:00,1,evt-pz-0012-6,182.678,kPa,valid,simulator
DAM-A-PZ-08,2026-07-01T01:00:00+08:00,1,evt-pz-0012-7,182.878,kPa,valid,simulator
DAM-A-PZ-09,2026-07-01T01:00:00+08:00,1,evt-pz-0012-8,183.078,kPa,valid,simulator
DAM-A-PZ-10,2026-07-01T01:00:00+08:00,1,evt-pz-0012-9,183.278,kPa,valid,simulator
DAM-A-PZ-11,2026-07-01T01:00:00+08:00,1,evt-pz-0012-10,183.478,kPa,valid,simulator
DAM-A-PZ-12,2026-07-01T01:00:00+08:00,1,evt-pz-0012-11,183.678,kPa,valid,simulator
DAM-A-PZ-01,2026-07-01T01:05:00+08:00,1,evt-pz-0013-0,181.597,kPa,valid,simulator
DAM-A-PZ-02,2026-07-01T01:05:00+08:00,1,evt-pz-0013-1,181.797,kPa,valid,simulator
DAM-A-PZ-03,2026-07-01T01:05:00+08:00,1,evt-pz-0013-2,181.997,kPa,valid,simulator
DAM-A-PZ-04,2026-07-01T01:05:00+08:00,1,evt-pz-0013-3,182.197,kPa,valid,simulator
DAM-A-PZ-05,2026-07-01T01:05:00+08:00,1,evt-pz-0013-4,182.397,kPa,valid,simulator
DAM-A-PZ-06,2026-07-01T01:05:00+08:00,1,evt-pz-0013-5,182.597,kPa,valid,simulator
DAM-A-PZ-07,2026-07-01T01:05:00+08:00,1,evt-pz-0013-6,182.797,kPa,valid,simulator
DAM-A-PZ-08,2026-07-01T01:05:00+08:00,1,evt-pz-0013-7,182.997,kPa,valid,simulator
DAM-A-PZ-09,2026-07-01T01:05:00+08:00,1,evt-pz-0013-8,183.197,kPa,valid,simulator
DAM-A-PZ-10,2026-07-01T01:05:00+08:00,1,evt-pz-0013-9,183.397,kPa,valid,simulator
DAM-A-PZ-11,2026-07-01T01:05:00+08:00,1,evt-pz-0013-10,183.597,kPa,valid,simulator
DAM-A-PZ-12,2026-07-01T01:05:00+08:00,1,evt-pz-0013-11,183.797,kPa,valid,simulator
DAM-A-PZ-01,2026-07-01T01:10:00+08:00,1,evt-pz-0014-0,181.714,kPa,valid,simulator
DAM-A-PZ-02,2026-07-01T01:10:00+08:00,1,evt-pz-0014-1,181.914,kPa,valid,simulator
DAM-A-PZ-03,2026-07-01T01:10:00+08:00,1,evt-pz-0014-2,182.114,kPa,valid,simulator
DAM-A-PZ-04,2026-07-01T01:10:00+08:00,1,evt-pz-0014-3,182.314,kPa,valid,simulator
DAM-A-PZ-05,2026-07-01T01:10:00+08:00,1,evt-pz-0014-4,182.514,kPa,valid,simulator
DAM-A-PZ-06,2026-07-01T01:10:00+08:00,1,evt-pz-0014-5,182.714,kPa,valid,simulator
DAM-A-PZ-07,2026-07-01T01:10:00+08:00,1,evt-pz-0014-6,182.914,kPa,valid,simulator
DAM-A-PZ-08,2026-07-01T01:10:00+08:00,1,evt-pz-0014-7,183.114,kPa,valid,simulator
DAM-A-PZ-09,2026-07-01T01:10:00+08:00,1,evt-pz-0014-8,183.314,kPa,valid,simulator
DAM-A-PZ-10,2026-07-01T01:10:00+08:00,1,evt-pz-0014-9,183.514,kPa,valid,simulator
DAM-A-PZ-11,2026-07-01T01:10:00+08:00,1,evt-pz-0014-10,183.714,kPa,valid,simulator
DAM-A-PZ-12,2026-07-01T01:10:00+08:00,1,evt-pz-0014-11,183.914,kPa,valid,simulator
DAM-A-PZ-01,2026-07-01T01:15:00+08:00,1,evt-pz-0015-0,181.831,kPa,valid,simulator
DAM-A-PZ-02,2026-07-01T01:15:00+08:00,1,evt-pz-0015-1,182.031,kPa,valid,simulator
DAM-A-PZ-03,2026-07-01T01:15:00+08:00,1,evt-pz-0015-2,182.231,kPa,valid,simulator
DAM-A-PZ-04,2026-07-01T01:15:00+08:00,1,evt-pz-0015-3,182.431,kPa,valid,simulator
DAM-A-PZ-05,2026-07-01T01:15:00+08:00,1,evt-pz-0015-4,182.631,kPa,valid,simulator
DAM-A-PZ-06,2026-07-01T01:15:00+08:00,1,evt-pz-0015-5,182.831,kPa,valid,simulator
DAM-A-PZ-07,2026-07-01T01:15:00+08:00,1,evt-pz-0015-6,183.031,kPa,valid,simulator
DAM-A-PZ-08,2026-07-01T01:15:00+08:00,1,evt-pz-0015-7,183.231,kPa,valid,simulator
DAM-A-PZ-09,2026-07-01T01:15:00+08:00,1,evt-pz-0015-8,183.431,kPa,valid,simulator
DAM-A-PZ-10,2026-07-01T01:15:00+08:00,1,evt-pz-0015-9,183.631,kPa,valid,simulator
DAM-A-PZ-11,2026-07-01T01:15:00+08:00,1,evt-pz-0015-10,183.831,kPa,valid,simulator
DAM-A-PZ-12,2026-07-01T01:15:00+08:00,1,evt-pz-0015-11,184.031,kPa,valid,simulator
DAM-A-PZ-01,2026-07-01T01:20:00+08:00,1,evt-pz-0016-0,181.947,kPa,valid,simulator
DAM-A-PZ-02,2026-07-01T01:20:00+08:00,1,evt-pz-0016-1,182.147,kPa,valid,simulator
DAM-A-PZ-03,2026-07-01T01:20:00+08:00,1,evt-pz-0016-2,182.347,kPa,valid,simulator
DAM-A-PZ-04,2026-07-01T01:20:00+08:00,1,evt-pz-0016-3,182.547,kPa,valid,simulator
DAM-A-PZ-05,2026-07-01T01:20:00+08:00,1,evt-pz-0016-4,182.747,kPa,valid,simulator
DAM-A-PZ-06,2026-07-01T01:20:00+08:00,1,evt-pz-0016-5,182.947,kPa,valid,simulator
DAM-A-PZ-07,2026-07-01T01:20:00+08:00,1,evt-pz-0016-6,183.147,kPa,valid,simulator
DAM-A-PZ-08,2026-07-01T01:20:00+08:00,1,evt-pz-0016-7,183.347,kPa,valid,simulator
DAM-A-PZ-09,2026-07-01T01:20:00+08:00,1,evt-pz-0016-8,183.547,kPa,valid,simulator
DAM-A-PZ-10,2026-07-01T01:20:00+08:00,1,evt-pz-0016-9,183.747,kPa,valid,simulator
DAM-A-PZ-11,2026-07-01T01:20:00+08:00,1,evt-pz-0016-10,183.947,kPa,valid,simulator
DAM-A-PZ-12,2026-07-01T01:20:00+08:00,1,evt-pz-0016-11,184.147,kPa,valid,simulator
DAM-A-PZ-01,2026-07-01T01:25:00+08:00,1,evt-pz-0017-0,182.062,kPa,valid,simulator
DAM-A-PZ-02,2026-07-01T01:25:00+08:00,1,evt-pz-0017-1,182.262,kPa,valid,simulator
DAM-A-PZ-03,2026-07-01T01:25:00+08:00,1,evt-pz-0017-2,182.462,kPa,valid,simulator
DAM-A-PZ-04,2026-07-01T01:25:00+08:00,1,evt-pz-0017-3,182.662,kPa,valid,simulator
DAM-A-PZ-05,2026-07-01T01:25:00+08:00,1,evt-pz-0017-4,182.862,kPa,valid,simulator
DAM-A-PZ-06,2026-07-01T01:25:00+08:00,1,evt-pz-0017-5,183.062,kPa,valid,simulator
DAM-A-PZ-07,2026-07-01T01:25:00+08:00,1,evt-pz-0017-6,183.262,kPa,valid,simulator
DAM-A-PZ-08,2026-07-01T01:25:00+08:00,1,evt-pz-0017-7,183.462,kPa,valid,simulator
DAM-A-PZ-09,2026-07-01T01:25:00+08:00,1,evt-pz-0017-8,183.662,kPa,valid,simulator
DAM-A-PZ-10,2026-07-01T01:25:00+08:00,1,evt-pz-0017-9,183.862,kPa,valid,simulator
DAM-A-PZ-11,2026-07-01T01:25:00+08:00,1,evt-pz-0017-10,184.062,kPa,valid,simulator
DAM-A-PZ-12,2026-07-01T01:25:00+08:00,1,evt-pz-0017-11,184.262,kPa,valid,simulator
DAM-A-PZ-01,2026-07-01T01:30:00+08:00,1,evt-pz-0018-0,182.175,kPa,valid,simulator
DAM-A-PZ-02,2026-07-01T01:30:00+08:00,1,evt-pz-0018-1,182.375,kPa,valid,simulator
DAM-A-PZ-03,2026-07-01T01:30:00+08:00,1,evt-pz-0018-2,182.575,kPa,valid,simulator
DAM-A-PZ-04,2026-07-01T01:30:00+08:00,1,evt-pz-0018-3,182.775,kPa,valid,simulator
DAM-A-PZ-05,2026-07-01T01:30:00+08:00,1,evt-pz-0018-4,182.975,kPa,valid,simulator
DAM-A-PZ-06,2026-07-01T01:30:00+08:00,1,evt-pz-0018-5,183.175,kPa,valid,simulator
DAM-A-PZ-07,2026-07-01T01:30:00+08:00,1,evt-pz-0018-6,183.375,kPa,valid,simulator
DAM-A-PZ-08,2026-07-01T01:30:00+08:00,1,evt-pz-0018-7,183.575,kPa,valid,simulator
DAM-A-PZ-09,2026-07-01T01:30:00+08:00,1,evt-pz-0018-8,183.775,kPa,valid,simulator
DAM-A-PZ-10,2026-07-01T01:30:00+08:00,1,evt-pz-0018-9,183.975,kPa,valid,simulator
DAM-A-PZ-11,2026-07-01T01:30:00+08:00,1,evt-pz-0018-10,184.175,kPa,valid,simulator
DAM-A-PZ-12,2026-07-01T01:30:00+08:00,1,evt-pz-0018-11,184.375,kPa,valid,simulator
DAM-A-PZ-01,2026-07-01T01:35:00+08:00,1,evt-pz-0019-0,182.287,kPa,valid,simulator
DAM-A-PZ-02,2026-07-01T01:35:00+08:00,1,evt-pz-0019-1,182.487,kPa,valid,simulator
DAM-A-PZ-03,2026-07-01T01:35:00+08:00,1,evt-pz-0019-2,182.687,kPa,valid,simulator
DAM-A-PZ-04,2026-07-01T01:35:00+08:00,1,evt-pz-0019-3,182.887,kPa,valid,simulator
DAM-A-PZ-05,2026-07-01T01:35:00+08:00,1,evt-pz-0019-4,183.087,kPa,valid,simulator
DAM-A-PZ-06,2026-07-01T01:35:00+08:00,1,evt-pz-0019-5,183.287,kPa,valid,simulator
DAM-A-PZ-07,2026-07-01T01:35:00+08:00,1,evt-pz-0019-6,183.487,kPa,valid,simulator
DAM-A-PZ-08,2026-07-01T01:35:00+08:00,1,evt-pz-0019-7,183.687,kPa,valid,simulator
DAM-A-PZ-09,2026-07-01T01:35:00+08:00,1,evt-pz-0019-8,183.887,kPa,valid,simulator
DAM-A-PZ-10,2026-07-01T01:35:00+08:00,1,evt-pz-0019-9,184.087,kPa,valid,simulator
DAM-A-PZ-11,2026-07-01T01:35:00+08:00,1,evt-pz-0019-10,184.287,kPa,valid,simulator
DAM-A-PZ-12,2026-07-01T01:35:00+08:00,1,evt-pz-0019-11,184.487,kPa,valid,simulator
DAM-A-PZ-01,2026-07-01T01:40:00+08:00,1,evt-pz-0020-0,182.397,kPa,valid,simulator
DAM-A-PZ-02,2026-07-01T01:40:00+08:00,1,evt-pz-0020-1,182.597,kPa,valid,simulator
DAM-A-PZ-03,2026-07-01T01:40:00+08:00,1,evt-pz-0020-2,182.797,kPa,valid,simulator
DAM-A-PZ-04,2026-07-01T01:40:00+08:00,1,evt-pz-0020-3,182.997,kPa,valid,simulator
DAM-A-PZ-05,2026-07-01T01:40:00+08:00,1,evt-pz-0020-4,183.197,kPa,valid,simulator
DAM-A-PZ-06,2026-07-01T01:40:00+08:00,1,evt-pz-0020-5,183.397,kPa,valid,simulator
DAM-A-PZ-07,2026-07-01T01:40:00+08:00,1,evt-pz-0020-6,183.597,kPa,valid,simulator
DAM-A-PZ-08,2026-07-01T01:40:00+08:00,1,evt-pz-0020-7,183.797,kPa,valid,simulator
DAM-A-PZ-09,2026-07-01T01:40:00+08:00,1,evt-pz-0020-8,183.997,kPa,valid,simulator
DAM-A-PZ-10,2026-07-01T01:40:00+08:00,1,evt-pz-0020-9,184.197,kPa,valid,simulator
DAM-A-PZ-11,2026-07-01T01:40:00+08:00,1,evt-pz-0020-10,184.397,kPa,valid,simulator
DAM-A-PZ-12,2026-07-01T01:40:00+08:00,1,evt-pz-0020-11,184.597,kPa,valid,simulator
DAM-A-PZ-01,2026-07-01T01:45:00+08:00,1,evt-pz-0021-0,182.506,kPa,valid,simulator
DAM-A-PZ-02,2026-07-01T01:45:00+08:00,1,evt-pz-0021-1,182.706,kPa,valid,simulator
DAM-A-PZ-03,2026-07-01T01:45:00+08:00,1,evt-pz-0021-2,182.906,kPa,valid,simulator
DAM-A-PZ-04,2026-07-01T01:45:00+08:00,1,evt-pz-0021-3,183.106,kPa,valid,simulator
DAM-A-PZ-05,2026-07-01T01:45:00+08:00,1,evt-pz-0021-4,183.306,kPa,valid,simulator
DAM-A-PZ-06,2026-07-01T01:45:00+08:00,1,evt-pz-0021-5,183.506,kPa,valid,simulator
DAM-A-PZ-07,2026-07-01T01:45:00+08:00,1,evt-pz-0021-6,183.706,kPa,valid,simulator
DAM-A-PZ-08,2026-07-01T01:45:00+08:00,1,evt-pz-0021-7,183.906,kPa,valid,simulator
DAM-A-PZ-09,2026-07-01T01:45:00+08:00,1,evt-pz-0021-8,184.106,kPa,valid,simulator
DAM-A-PZ-10,2026-07-01T01:45:00+08:00,1,evt-pz-0021-9,184.306,kPa,valid,simulator
DAM-A-PZ-11,2026-07-01T01:45:00+08:00,1,evt-pz-0021-10,184.506,kPa,valid,simulator
DAM-A-PZ-12,2026-07-01T01:45:00+08:00,1,evt-pz-0021-11,184.706,kPa,valid,simulator
DAM-A-PZ-01,2026-07-01T01:50:00+08:00,1,evt-pz-0022-0,182.613,kPa,valid,simulator
DAM-A-PZ-02,2026-07-01T01:50:00+08:00,1,evt-pz-0022-1,182.813,kPa,valid,simulator
DAM-A-PZ-03,2026-07-01T01:50:00+08:00,1,evt-pz-0022-2,183.013,kPa,valid,simulator
DAM-A-PZ-04,2026-07-01T01:50:00+08:00,1,evt-pz-0022-3,183.213,kPa,valid,simulator
DAM-A-PZ-05,2026-07-01T01:50:00+08:00,1,evt-pz-0022-4,183.413,kPa,valid,simulator
DAM-A-PZ-06,2026-07-01T01:50:00+08:00,1,evt-pz-0022-5,183.613,kPa,valid,simulator
DAM-A-PZ-07,2026-07-01T01:50:00+08:00,1,evt-pz-0022-6,183.813,kPa,valid,simulator
DAM-A-PZ-08,2026-07-01T01:50:00+08:00,1,evt-pz-0022-7,184.013,kPa,valid,simulator
DAM-A-PZ-09,2026-07-01T01:50:00+08:00,1,evt-pz-0022-8,184.213,kPa,valid,simulator
DAM-A-PZ-10,2026-07-01T01:50:00+08:00,1,evt-pz-0022-9,184.413,kPa,valid,simulator
DAM-A-PZ-11,2026-07-01T01:50:00+08:00,1,evt-pz-0022-10,184.613,kPa,valid,simulator
DAM-A-PZ-12,2026-07-01T01:50:00+08:00,1,evt-pz-0022-11,184.813,kPa,valid,simulator
DAM-A-PZ-01,2026-07-01T01:55:00+08:00,1,evt-pz-0023-0,182.719,kPa,valid,simulator
DAM-A-PZ-02,2026-07-01T01:55:00+08:00,1,evt-pz-0023-1,182.919,kPa,valid,simulator
DAM-A-PZ-03,2026-07-01T01:55:00+08:00,1,evt-pz-0023-2,183.119,kPa,valid,simulator
DAM-A-PZ-04,2026-07-01T01:55:00+08:00,1,evt-pz-0023-3,183.319,kPa,valid,simulator
DAM-A-PZ-05,2026-07-01T01:55:00+08:00,1,evt-pz-0023-4,183.519,kPa,valid,simulator
DAM-A-PZ-06,2026-07-01T01:55:00+08:00,1,evt-pz-0023-5,183.719,kPa,valid,simulator
DAM-A-PZ-07,2026-07-01T01:55:00+08:00,1,evt-pz-0023-6,183.919,kPa,valid,simulator
DAM-A-PZ-08,2026-07-01T01:55:00+08:00,1,evt-pz-0023-7,184.119,kPa,valid,simulator
DAM-A-PZ-09,2026-07-01T01:55:00+08:00,1,evt-pz-0023-8,184.319,kPa,valid,simulator
DAM-A-PZ-10,2026-07-01T01:55:00+08:00,1,evt-pz-0023-9,184.519,kPa,valid,simulator
DAM-A-PZ-11,2026-07-01T01:55:00+08:00,1,evt-pz-0023-10,184.719,kPa,valid,simulator
DAM-A-PZ-12,2026-07-01T01:55:00+08:00,1,evt-pz-0023-11,184.919,kPa,valid,simulator
DAM-A-PZ-01,2026-07-01T02:00:00+08:00,1,evt-pz-0024-0,182.823,kPa,valid,simulator
DAM-A-PZ-02,2026-07-01T02:00:00+08:00,1,evt-pz-0024-1,183.023,kPa,valid,simulator
DAM-A-PZ-03,2026-07-01T02:00:00+08:00,1,evt-pz-0024-2,183.223,kPa,valid,simulator
DAM-A-PZ-04,2026-07-01T02:00:00+08:00,1,evt-pz-0024-3,183.423,kPa,valid,simulator
DAM-A-PZ-05,2026-07-01T02:00:00+08:00,1,evt-pz-0024-4,183.623,kPa,valid,simulator
DAM-A-PZ-06,2026-07-01T02:00:00+08:00,1,evt-pz-0024-5,183.823,kPa,valid,simulator
DAM-A-PZ-07,2026-07-01T02:00:00+08:00,1,evt-pz-0024-6,184.023,kPa,valid,simulator
DAM-A-PZ-08,2026-07-01T02:00:00+08:00,1,evt-pz-0024-7,184.223,kPa,valid,simulator
DAM-A-PZ-09,2026-07-01T02:00:00+08:00,1,evt-pz-0024-8,184.423,kPa,valid,simulator
DAM-A-PZ-10,2026-07-01T02:00:00+08:00,1,evt-pz-0024-9,184.623,kPa,valid,simulator
DAM-A-PZ-11,2026-07-01T02:00:00+08:00,1,evt-pz-0024-10,184.823,kPa,valid,simulator
DAM-A-PZ-12,2026-07-01T02:00:00+08:00,1,evt-pz-0024-11,185.023,kPa,valid,simulator
DAM-A-PZ-01,2026-07-01T02:05:00+08:00,1,evt-pz-0025-0,182.925,kPa,valid,simulator
DAM-A-PZ-02,2026-07-01T02:05:00+08:00,1,evt-pz-0025-1,183.125,kPa,valid,simulator
DAM-A-PZ-03,2026-07-01T02:05:00+08:00,1,evt-pz-0025-2,183.325,kPa,valid,simulator
DAM-A-PZ-04,2026-07-01T02:05:00+08:00,1,evt-pz-0025-3,183.525,kPa,valid,simulator
DAM-A-PZ-05,2026-07-01T02:05:00+08:00,1,evt-pz-0025-4,183.725,kPa,valid,simulator
DAM-A-PZ-06,2026-07-01T02:05:00+08:00,1,evt-pz-0025-5,183.925,kPa,valid,simulator
DAM-A-PZ-07,2026-07-01T02:05:00+08:00,1,evt-pz-0025-6,184.125,kPa,valid,simulator
DAM-A-PZ-08,2026-07-01T02:05:00+08:00,1,evt-pz-0025-7,184.325,kPa,valid,simulator
DAM-A-PZ-09,2026-07-01T02:05:00+08:00,1,evt-pz-0025-8,184.525,kPa,valid,simulator
DAM-A-PZ-10,2026-07-01T02:05:00+08:00,1,evt-pz-0025-9,184.725,kPa,valid,simulator
DAM-A-PZ-11,2026-07-01T02:05:00+08:00,1,evt-pz-0025-10,184.925,kPa,valid,simulator
DAM-A-PZ-12,2026-07-01T02:05:00+08:00,1,evt-pz-0025-11,185.125,kPa,valid,simulator
DAM-A-PZ-01,2026-07-01T02:10:00+08:00,1,evt-pz-0026-0,183.026,kPa,valid,simulator
DAM-A-PZ-02,2026-07-01T02:10:00+08:00,1,evt-pz-0026-1,183.226,kPa,valid,simulator
DAM-A-PZ-03,2026-07-01T02:10:00+08:00,1,evt-pz-0026-2,183.426,kPa,valid,simulator
DAM-A-PZ-04,2026-07-01T02:10:00+08:00,1,evt-pz-0026-3,183.626,kPa,valid,simulator
DAM-A-PZ-05,2026-07-01T02:10:00+08:00,1,evt-pz-0026-4,183.826,kPa,valid,simulator
DAM-A-PZ-06,2026-07-01T02:10:00+08:00,1,evt-pz-0026-5,184.026,kPa,valid,simulator
DAM-A-PZ-07,2026-07-01T02:10:00+08:00,1,evt-pz-0026-6,184.226,kPa,valid,simulator
DAM-A-PZ-08,2026-07-01T02:10:00+08:00,1,evt-pz-0026-7,184.426,kPa,valid,simulator
DAM-A-PZ-09,2026-07-01T02:10:00+08:00,1,evt-pz-0026-8,184.626,kPa,valid,simulator
DAM-A-PZ-10,2026-07-01T02:10:00+08:00,1,evt-pz-0026-9,184.826,kPa,valid,simulator
DAM-A-PZ-11,2026-07-01T02:10:00+08:00,1,evt-pz-0026-10,185.026,kPa,valid,simulator
DAM-A-PZ-12,2026-07-01T02:10:00+08:00,1,evt-pz-0026-11,185.226,kPa,valid,simulator
DAM-A-PZ-01,2026-07-01T02:15:00+08:00,1,evt-pz-0027-0,183.124,kPa,valid,simulator
DAM-A-PZ-02,2026-07-01T02:15:00+08:00,1,evt-pz-0027-1,183.324,kPa,valid,simulator
DAM-A-PZ-03,2026-07-01T02:15:00+08:00,1,evt-pz-0027-2,183.524,kPa,valid,simulator
DAM-A-PZ-04,2026-07-01T02:15:00+08:00,1,evt-pz-0027-3,183.724,kPa,valid,simulator
DAM-A-PZ-05,2026-07-01T02:15:00+08:00,1,evt-pz-0027-4,183.924,kPa,valid,simulator
DAM-A-PZ-06,2026-07-01T02:15:00+08:00,1,evt-pz-0027-5,184.124,kPa,valid,simulator
DAM-A-PZ-07,2026-07-01T02:15:00+08:00,1,evt-pz-0027-6,184.324,kPa,valid,simulator
DAM-A-PZ-08,2026-07-01T02:15:00+08:00,1,evt-pz-0027-7,184.524,kPa,valid,simulator
DAM-A-PZ-09,2026-07-01T02:15:00+08:00,1,evt-pz-0027-8,184.724,kPa,valid,simulator
DAM-A-PZ-10,2026-07-01T02:15:00+08:00,1,evt-pz-0027-9,184.924,kPa,valid,simulator
DAM-A-PZ-11,2026-07-01T02:15:00+08:00,1,evt-pz-0027-10,185.124,kPa,valid,simulator
DAM-A-PZ-12,2026-07-01T02:15:00+08:00,1,evt-pz-0027-11,185.324,kPa,valid,simulator
DAM-A-PZ-01,2026-07-01T02:20:00+08:00,1,evt-pz-0028-0,183.221,kPa,valid,simulator
DAM-A-PZ-02,2026-07-01T02:20:00+08:00,1,evt-pz-0028-1,183.421,kPa,valid,simulator
DAM-A-PZ-03,2026-07-01T02:20:00+08:00,1,evt-pz-0028-2,183.621,kPa,valid,simulator
DAM-A-PZ-04,2026-07-01T02:20:00+08:00,1,evt-pz-0028-3,183.821,kPa,valid,simulator
DAM-A-PZ-05,2026-07-01T02:20:00+08:00,1,evt-pz-0028-4,184.021,kPa,valid,simulator
DAM-A-PZ-06,2026-07-01T02:20:00+08:00,1,evt-pz-0028-5,184.221,kPa,valid,simulator
DAM-A-PZ-07,2026-07-01T02:20:00+08:00,1,evt-pz-0028-6,184.421,kPa,valid,simulator
DAM-A-PZ-08,2026-07-01T02:20:00+08:00,1,evt-pz-0028-7,184.621,kPa,valid,simulator
DAM-A-PZ-09,2026-07-01T02:20:00+08:00,1,evt-pz-0028-8,184.821,kPa,valid,simulator
DAM-A-PZ-10,2026-07-01T02:20:00+08:00,1,evt-pz-0028-9,185.021,kPa,valid,simulator
DAM-A-PZ-11,2026-07-01T02:20:00+08:00,1,evt-pz-0028-10,185.221,kPa,valid,simulator
DAM-A-PZ-12,2026-07-01T02:20:00+08:00,1,evt-pz-0028-11,185.421,kPa,valid,simulator
DAM-A-PZ-01,2026-07-01T02:25:00+08:00,1,evt-pz-0029-0,183.316,kPa,valid,simulator
DAM-A-PZ-02,2026-07-01T02:25:00+08:00,1,evt-pz-0029-1,183.516,kPa,valid,simulator
DAM-A-PZ-03,2026-07-01T02:25:00+08:00,1,evt-pz-0029-2,183.716,kPa,valid,simulator
DAM-A-PZ-04,2026-07-01T02:25:00+08:00,1,evt-pz-0029-3,183.916,kPa,valid,simulator
DAM-A-PZ-05,2026-07-01T02:25:00+08:00,1,evt-pz-0029-4,184.116,kPa,valid,simulator
DAM-A-PZ-06,2026-07-01T02:25:00+08:00,1,evt-pz-0029-5,184.316,kPa,valid,simulator
DAM-A-PZ-07,2026-07-01T02:25:00+08:00,1,evt-pz-0029-6,184.516,kPa,valid,simulator
DAM-A-PZ-08,2026-07-01T02:25:00+08:00,1,evt-pz-0029-7,184.716,kPa,valid,simulator
DAM-A-PZ-09,2026-07-01T02:25:00+08:00,1,evt-pz-0029-8,184.916,kPa,valid,simulator
DAM-A-PZ-10,2026-07-01T02:25:00+08:00,1,evt-pz-0029-9,185.116,kPa,valid,simulator
DAM-A-PZ-11,2026-07-01T02:25:00+08:00,1,evt-pz-0029-10,185.316,kPa,valid,simulator
DAM-A-PZ-12,2026-07-01T02:25:00+08:00,1,evt-pz-0029-11,185.516,kPa,valid,simulator
DAM-A-PZ-01,2026-07-01T02:30:00+08:00,1,evt-pz-0030-0,183.408,kPa,valid,simulator
DAM-A-PZ-02,2026-07-01T02:30:00+08:00,1,evt-pz-0030-1,183.608,kPa,valid,simulator
DAM-A-PZ-03,2026-07-01T02:30:00+08:00,1,evt-pz-0030-2,183.808,kPa,valid,simulator
DAM-A-PZ-04,2026-07-01T02:30:00+08:00,1,evt-pz-0030-3,184.008,kPa,valid,simulator
DAM-A-PZ-05,2026-07-01T02:30:00+08:00,1,evt-pz-0030-4,184.208,kPa,valid,simulator
DAM-A-PZ-06,2026-07-01T02:30:00+08:00,1,evt-pz-0030-5,184.408,kPa,valid,simulator
DAM-A-PZ-07,2026-07-01T02:30:00+08:00,1,evt-pz-0030-6,184.608,kPa,valid,simulator
DAM-A-PZ-08,2026-07-01T02:30:00+08:00,1,evt-pz-0030-7,184.808,kPa,valid,simulator
DAM-A-PZ-09,2026-07-01T02:30:00+08:00,1,evt-pz-0030-8,185.008,kPa,valid,simulator
DAM-A-PZ-10,2026-07-01T02:30:00+08:00,1,evt-pz-0030-9,185.208,kPa,valid,simulator
DAM-A-PZ-11,2026-07-01T02:30:00+08:00,1,evt-pz-0030-10,185.408,kPa,valid,simulator
DAM-A-PZ-12,2026-07-01T02:30:00+08:00,1,evt-pz-0030-11,185.608,kPa,valid,simulator
DAM-A-PZ-01,2026-07-01T02:35:00+08:00,1,evt-pz-0031-0,183.499,kPa,valid,simulator
DAM-A-PZ-02,2026-07-01T02:35:00+08:00,1,evt-pz-0031-1,183.699,kPa,valid,simulator
DAM-A-PZ-03,2026-07-01T02:35:00+08:00,1,evt-pz-0031-2,183.899,kPa,valid,simulator
DAM-A-PZ-04,2026-07-01T02:35:00+08:00,1,evt-pz-0031-3,184.099,kPa,valid,simulator
DAM-A-PZ-05,2026-07-01T02:35:00+08:00,1,evt-pz-0031-4,184.299,kPa,valid,simulator
DAM-A-PZ-06,2026-07-01T02:35:00+08:00,1,evt-pz-0031-5,184.499,kPa,valid,simulator
DAM-A-PZ-07,2026-07-01T02:35:00+08:00,1,evt-pz-0031-6,184.699,kPa,valid,simulator
DAM-A-PZ-08,2026-07-01T02:35:00+08:00,1,evt-pz-0031-7,184.899,kPa,valid,simulator
DAM-A-PZ-09,2026-07-01T02:35:00+08:00,1,evt-pz-0031-8,185.099,kPa,valid,simulator
DAM-A-PZ-10,2026-07-01T02:35:00+08:00,1,evt-pz-0031-9,185.299,kPa,valid,simulator
DAM-A-PZ-11,2026-07-01T02:35:00+08:00,1,evt-pz-0031-10,185.499,kPa,valid,simulator
DAM-A-PZ-12,2026-07-01T02:35:00+08:00,1,evt-pz-0031-11,185.699,kPa,valid,simulator
DAM-A-PZ-01,2026-07-01T02:40:00+08:00,1,evt-pz-0032-0,183.587,kPa,valid,simulator
DAM-A-PZ-02,2026-07-01T02:40:00+08:00,1,evt-pz-0032-1,183.787,kPa,valid,simulator
DAM-A-PZ-03,2026-07-01T02:40:00+08:00,1,evt-pz-0032-2,183.987,kPa,valid,simulator
DAM-A-PZ-04,2026-07-01T02:40:00+08:00,1,evt-pz-0032-3,184.187,kPa,valid,simulator
DAM-A-PZ-05,2026-07-01T02:40:00+08:00,1,evt-pz-0032-4,184.387,kPa,valid,simulator
DAM-A-PZ-06,2026-07-01T02:40:00+08:00,1,evt-pz-0032-5,184.587,kPa,valid,simulator
DAM-A-PZ-07,2026-07-01T02:40:00+08:00,1,evt-pz-0032-6,184.787,kPa,valid,simulator
DAM-A-PZ-08,2026-07-01T02:40:00+08:00,1,evt-pz-0032-7,184.987,kPa,valid,simulator
DAM-A-PZ-09,2026-07-01T02:40:00+08:00,1,evt-pz-0032-8,185.187,kPa,valid,simulator
DAM-A-PZ-10,2026-07-01T02:40:00+08:00,1,evt-pz-0032-9,185.387,kPa,valid,simulator
DAM-A-PZ-11,2026-07-01T02:40:00+08:00,1,evt-pz-0032-10,185.587,kPa,valid,simulator
DAM-A-PZ-12,2026-07-01T02:40:00+08:00,1,evt-pz-0032-11,185.787,kPa,valid,simulator
DAM-A-PZ-01,2026-07-01T02:45:00+08:00,1,evt-pz-0033-0,183.673,kPa,valid,simulator
DAM-A-PZ-02,2026-07-01T02:45:00+08:00,1,evt-pz-0033-1,183.873,kPa,valid,simulator
DAM-A-PZ-03,2026-07-01T02:45:00+08:00,1,evt-pz-0033-2,184.073,kPa,valid,simulator
DAM-A-PZ-04,2026-07-01T02:45:00+08:00,1,evt-pz-0033-3,184.273,kPa,valid,simulator
DAM-A-PZ-05,2026-07-01T02:45:00+08:00,1,evt-pz-0033-4,184.473,kPa,valid,simulator
DAM-A-PZ-06,2026-07-01T02:45:00+08:00,1,evt-pz-0033-5,184.673,kPa,valid,simulator
DAM-A-PZ-07,2026-07-01T02:45:00+08:00,1,evt-pz-0033-6,184.873,kPa,valid,simulator
DAM-A-PZ-08,2026-07-01T02:45:00+08:00,1,evt-pz-0033-7,185.073,kPa,valid,simulator
DAM-A-PZ-09,2026-07-01T02:45:00+08:00,1,evt-pz-0033-8,185.273,kPa,valid,simulator
DAM-A-PZ-10,2026-07-01T02:45:00+08:00,1,evt-pz-0033-9,185.473,kPa,valid,simulator
DAM-A-PZ-11,2026-07-01T02:45:00+08:00,1,evt-pz-0033-10,185.673,kPa,valid,simulator
DAM-A-PZ-12,2026-07-01T02:45:00+08:00,1,evt-pz-0033-11,185.873,kPa,valid,simulator
DAM-A-PZ-01,2026-07-01T02:50:00+08:00,1,evt-pz-0034-0,183.756,kPa,valid,simulator
DAM-A-PZ-02,2026-07-01T02:50:00+08:00,1,evt-pz-0034-1,183.956,kPa,valid,simulator
DAM-A-PZ-03,2026-07-01T02:50:00+08:00,1,evt-pz-0034-2,184.156,kPa,valid,simulator
DAM-A-PZ-04,2026-07-01T02:50:00+08:00,1,evt-pz-0034-3,184.356,kPa,valid,simulator
DAM-A-PZ-05,2026-07-01T02:50:00+08:00,1,evt-pz-0034-4,184.556,kPa,valid,simulator
DAM-A-PZ-06,2026-07-01T02:50:00+08:00,1,evt-pz-0034-5,184.756,kPa,valid,simulator
DAM-A-PZ-07,2026-07-01T02:50:00+08:00,1,evt-pz-0034-6,184.956,kPa,valid,simulator
DAM-A-PZ-08,2026-07-01T02:50:00+08:00,1,evt-pz-0034-7,185.156,kPa,valid,simulator
DAM-A-PZ-09,2026-07-01T02:50:00+08:00,1,evt-pz-0034-8,185.356,kPa,valid,simulator
DAM-A-PZ-10,2026-07-01T02:50:00+08:00,1,evt-pz-0034-9,185.556,kPa,valid,simulator
DAM-A-PZ-11,2026-07-01T02:50:00+08:00,1,evt-pz-0034-10,185.756,kPa,valid,simulator
DAM-A-PZ-12,2026-07-01T02:50:00+08:00,1,evt-pz-0034-11,185.956,kPa,valid,simulator
DAM-A-PZ-01,2026-07-01T02:55:00+08:00,1,evt-pz-0035-0,183.838,kPa,valid,simulator
DAM-A-PZ-02,2026-07-01T02:55:00+08:00,1,evt-pz-0035-1,184.038,kPa,valid,simulator
DAM-A-PZ-03,2026-07-01T02:55:00+08:00,1,evt-pz-0035-2,184.238,kPa,valid,simulator
DAM-A-PZ-04,2026-07-01T02:55:00+08:00,1,evt-pz-0035-3,184.438,kPa,valid,simulator
DAM-A-PZ-05,2026-07-01T02:55:00+08:00,1,evt-pz-0035-4,184.638,kPa,valid,simulator
DAM-A-PZ-06,2026-07-01T02:55:00+08:00,1,evt-pz-0035-5,184.838,kPa,valid,simulator
DAM-A-PZ-07,2026-07-01T02:55:00+08:00,1,evt-pz-0035-6,185.038,kPa,valid,simulator
DAM-A-PZ-08,2026-07-01T02:55:00+08:00,1,evt-pz-0035-7,185.238,kPa,valid,simulator
DAM-A-PZ-09,2026-07-01T02:55:00+08:00,1,evt-pz-0035-8,185.438,kPa,valid,simulator
DAM-A-PZ-10,2026-07-01T02:55:00+08:00,1,evt-pz-0035-9,185.638,kPa,valid,simulator
DAM-A-PZ-11,2026-07-01T02:55:00+08:00,1,evt-pz-0035-10,185.838,kPa,valid,simulator
DAM-A-PZ-12,2026-07-01T02:55:00+08:00,1,evt-pz-0035-11,186.038,kPa,valid,simulator
DAM-A-PZ-01,2026-07-01T03:00:00+08:00,1,evt-pz-0036-0,183.917,kPa,valid,simulator
DAM-A-PZ-02,2026-07-01T03:00:00+08:00,1,evt-pz-0036-1,184.117,kPa,valid,simulator
DAM-A-PZ-03,2026-07-01T03:00:00+08:00,1,evt-pz-0036-2,184.317,kPa,valid,simulator
DAM-A-PZ-04,2026-07-01T03:00:00+08:00,1,evt-pz-0036-3,184.517,kPa,valid,simulator
DAM-A-PZ-05,2026-07-01T03:00:00+08:00,1,evt-pz-0036-4,184.717,kPa,valid,simulator
DAM-A-PZ-06,2026-07-01T03:00:00+08:00,1,evt-pz-0036-5,184.917,kPa,valid,simulator
DAM-A-PZ-07,2026-07-01T03:00:00+08:00,1,evt-pz-0036-6,185.117,kPa,valid,simulator
DAM-A-PZ-08,2026-07-01T03:00:00+08:00,1,evt-pz-0036-7,185.317,kPa,valid,simulator
DAM-A-PZ-09,2026-07-01T03:00:00+08:00,1,evt-pz-0036-8,185.517,kPa,valid,simulator
DAM-A-PZ-10,2026-07-01T03:00:00+08:00,1,evt-pz-0036-9,185.717,kPa,valid,simulator
DAM-A-PZ-11,2026-07-01T03:00:00+08:00,1,evt-pz-0036-10,185.917,kPa,valid,simulator
DAM-A-PZ-12,2026-07-01T03:00:00+08:00,1,evt-pz-0036-11,186.117,kPa,valid,simulator
DAM-A-PZ-01,2026-07-01T03:05:00+08:00,1,evt-pz-0037-0,183.993,kPa,valid,simulator
DAM-A-PZ-02,2026-07-01T03:05:00+08:00,1,evt-pz-0037-1,184.193,kPa,valid,simulator
DAM-A-PZ-03,2026-07-01T03:05:00+08:00,1,evt-pz-0037-2,184.393,kPa,valid,simulator
DAM-A-PZ-04,2026-07-01T03:05:00+08:00,1,evt-pz-0037-3,184.593,kPa,valid,simulator
DAM-A-PZ-05,2026-07-01T03:05:00+08:00,1,evt-pz-0037-4,184.793,kPa,valid,simulator
DAM-A-PZ-06,2026-07-01T03:05:00+08:00,1,evt-pz-0037-5,184.993,kPa,valid,simulator
DAM-A-PZ-07,2026-07-01T03:05:00+08:00,1,evt-pz-0037-6,185.193,kPa,valid,simulator
DAM-A-PZ-08,2026-07-01T03:05:00+08:00,1,evt-pz-0037-7,185.393,kPa,valid,simulator
DAM-A-PZ-09,2026-07-01T03:05:00+08:00,1,evt-pz-0037-8,185.593,kPa,valid,simulator
DAM-A-PZ-10,2026-07-01T03:05:00+08:00,1,evt-pz-0037-9,185.793,kPa,valid,simulator
DAM-A-PZ-11,2026-07-01T03:05:00+08:00,1,evt-pz-0037-10,185.993,kPa,valid,simulator
DAM-A-PZ-12,2026-07-01T03:05:00+08:00,1,evt-pz-0037-11,186.193,kPa,valid,simulator
DAM-A-PZ-01,2026-07-01T03:10:00+08:00,1,evt-pz-0038-0,184.067,kPa,valid,simulator
DAM-A-PZ-02,2026-07-01T03:10:00+08:00,1,evt-pz-0038-1,184.267,kPa,valid,simulator
DAM-A-PZ-03,2026-07-01T03:10:00+08:00,1,evt-pz-0038-2,184.467,kPa,valid,simulator
DAM-A-PZ-04,2026-07-01T03:10:00+08:00,1,evt-pz-0038-3,184.667,kPa,valid,simulator
DAM-A-PZ-05,2026-07-01T03:10:00+08:00,1,evt-pz-0038-4,184.867,kPa,valid,simulator
DAM-A-PZ-06,2026-07-01T03:10:00+08:00,1,evt-pz-0038-5,185.067,kPa,valid,simulator
DAM-A-PZ-07,2026-07-01T03:10:00+08:00,1,evt-pz-0038-6,185.267,kPa,valid,simulator
DAM-A-PZ-08,2026-07-01T03:10:00+08:00,1,evt-pz-0038-7,185.467,kPa,valid,simulator
DAM-A-PZ-09,2026-07-01T03:10:00+08:00,1,evt-pz-0038-8,185.667,kPa,valid,simulator
DAM-A-PZ-10,2026-07-01T03:10:00+08:00,1,evt-pz-0038-9,185.867,kPa,valid,simulator
DAM-A-PZ-11,2026-07-01T03:10:00+08:00,1,evt-pz-0038-10,186.067,kPa,valid,simulator
DAM-A-PZ-12,2026-07-01T03:10:00+08:00,1,evt-pz-0038-11,186.267,kPa,valid,simulator
DAM-A-PZ-01,2026-07-01T03:15:00+08:00,1,evt-pz-0039-0,184.139,kPa,valid,simulator
DAM-A-PZ-02,2026-07-01T03:15:00+08:00,1,evt-pz-0039-1,184.339,kPa,valid,simulator
DAM-A-PZ-03,2026-07-01T03:15:00+08:00,1,evt-pz-0039-2,184.539,kPa,valid,simulator
DAM-A-PZ-04,2026-07-01T03:15:00+08:00,1,evt-pz-0039-3,184.739,kPa,valid,simulator
DAM-A-PZ-05,2026-07-01T03:15:00+08:00,1,evt-pz-0039-4,184.939,kPa,valid,simulator
DAM-A-PZ-06,2026-07-01T03:15:00+08:00,1,evt-pz-0039-5,185.139,kPa,valid,simulator
DAM-A-PZ-07,2026-07-01T03:15:00+08:00,1,evt-pz-0039-6,185.339,kPa,valid,simulator
DAM-A-PZ-08,2026-07-01T03:15:00+08:00,1,evt-pz-0039-7,185.539,kPa,valid,simulator
DAM-A-PZ-09,2026-07-01T03:15:00+08:00,1,evt-pz-0039-8,185.739,kPa,valid,simulator
DAM-A-PZ-10,2026-07-01T03:15:00+08:00,1,evt-pz-0039-9,185.939,kPa,valid,simulator
DAM-A-PZ-11,2026-07-01T03:15:00+08:00,1,evt-pz-0039-10,186.139,kPa,valid,simulator
DAM-A-PZ-12,2026-07-01T03:15:00+08:00,1,evt-pz-0039-11,186.339,kPa,valid,simulator
DAM-A-PZ-01,2026-07-01T03:20:00+08:00,1,evt-pz-0040-0,184.207,kPa,valid,simulator
DAM-A-PZ-02,2026-07-01T03:20:00+08:00,1,evt-pz-0040-1,184.407,kPa,valid,simulator
DAM-A-PZ-03,2026-07-01T03:20:00+08:00,1,evt-pz-0040-2,184.607,kPa,valid,simulator
DAM-A-PZ-04,2026-07-01T03:20:00+08:00,1,evt-pz-0040-3,184.807,kPa,valid,simulator
DAM-A-PZ-05,2026-07-01T03:20:00+08:00,1,evt-pz-0040-4,185.007,kPa,valid,simulator
DAM-A-PZ-06,2026-07-01T03:20:00+08:00,1,evt-pz-0040-5,185.207,kPa,valid,simulator
DAM-A-PZ-07,2026-07-01T03:20:00+08:00,1,evt-pz-0040-6,185.407,kPa,valid,simulator
DAM-A-PZ-08,2026-07-01T03:20:00+08:00,1,evt-pz-0040-7,185.607,kPa,valid,simulator
DAM-A-PZ-09,2026-07-01T03:20:00+08:00,1,evt-pz-0040-8,185.807,kPa,valid,simulator
DAM-A-PZ-10,2026-07-01T03:20:00+08:00,1,evt-pz-0040-9,186.007,kPa,valid,simulator
DAM-A-PZ-11,2026-07-01T03:20:00+08:00,1,evt-pz-0040-10,186.207,kPa,valid,simulator
DAM-A-PZ-12,2026-07-01T03:20:00+08:00,1,evt-pz-0040-11,186.407,kPa,valid,simulator
DAM-A-PZ-01,2026-07-01T03:25:00+08:00,1,evt-pz-0041-0,184.274,kPa,valid,simulator
DAM-A-PZ-02,2026-07-01T03:25:00+08:00,1,evt-pz-0041-1,184.474,kPa,valid,simulator
DAM-A-PZ-03,2026-07-01T03:25:00+08:00,1,evt-pz-0041-2,184.674,kPa,valid,simulator
DAM-A-PZ-04,2026-07-01T03:25:00+08:00,1,evt-pz-0041-3,184.874,kPa,valid,simulator
DAM-A-PZ-05,2026-07-01T03:25:00+08:00,1,evt-pz-0041-4,185.074,kPa,valid,simulator
DAM-A-PZ-06,2026-07-01T03:25:00+08:00,1,evt-pz-0041-5,185.274,kPa,valid,simulator
DAM-A-PZ-07,2026-07-01T03:25:00+08:00,1,evt-pz-0041-6,185.474,kPa,valid,simulator
DAM-A-PZ-08,2026-07-01T03:25:00+08:00,1,evt-pz-0041-7,185.674,kPa,valid,simulator
DAM-A-PZ-09,2026-07-01T03:25:00+08:00,1,evt-pz-0041-8,185.874,kPa,valid,simulator
DAM-A-PZ-10,2026-07-01T03:25:00+08:00,1,evt-pz-0041-9,186.074,kPa,valid,simulator
DAM-A-PZ-11,2026-07-01T03:25:00+08:00,1,evt-pz-0041-10,186.274,kPa,valid,simulator
DAM-A-PZ-12,2026-07-01T03:25:00+08:00,1,evt-pz-0041-11,186.474,kPa,valid,simulator
DAM-A-PZ-01,2026-07-01T03:30:00+08:00,1,evt-pz-0042-0,184.337,kPa,valid,simulator
DAM-A-PZ-02,2026-07-01T03:30:00+08:00,1,evt-pz-0042-1,184.537,kPa,valid,simulator
DAM-A-PZ-03,2026-07-01T03:30:00+08:00,1,evt-pz-0042-2,184.737,kPa,valid,simulator
DAM-A-PZ-04,2026-07-01T03:30:00+08:00,1,evt-pz-0042-3,184.937,kPa,valid,simulator
DAM-A-PZ-05,2026-07-01T03:30:00+08:00,1,evt-pz-0042-4,185.137,kPa,valid,simulator
DAM-A-PZ-06,2026-07-01T03:30:00+08:00,1,evt-pz-0042-5,185.337,kPa,valid,simulator
DAM-A-PZ-07,2026-07-01T03:30:00+08:00,1,evt-pz-0042-6,185.537,kPa,valid,simulator
DAM-A-PZ-08,2026-07-01T03:30:00+08:00,1,evt-pz-0042-7,185.737,kPa,valid,simulator
DAM-A-PZ-09,2026-07-01T03:30:00+08:00,1,evt-pz-0042-8,185.937,kPa,valid,simulator
DAM-A-PZ-10,2026-07-01T03:30:00+08:00,1,evt-pz-0042-9,186.137,kPa,valid,simulator
DAM-A-PZ-11,2026-07-01T03:30:00+08:00,1,evt-pz-0042-10,186.337,kPa,valid,simulator
DAM-A-PZ-12,2026-07-01T03:30:00+08:00,1,evt-pz-0042-11,186.537,kPa,valid,simulator
DAM-A-PZ-01,2026-07-01T03:35:00+08:00,1,evt-pz-0043-0,184.398,kPa,valid,simulator
DAM-A-PZ-02,2026-07-01T03:35:00+08:00,1,evt-pz-0043-1,184.598,kPa,valid,simulator
DAM-A-PZ-03,2026-07-01T03:35:00+08:00,1,evt-pz-0043-2,184.798,kPa,valid,simulator
DAM-A-PZ-04,2026-07-01T03:35:00+08:00,1,evt-pz-0043-3,184.998,kPa,valid,simulator
DAM-A-PZ-05,2026-07-01T03:35:00+08:00,1,evt-pz-0043-4,185.198,kPa,valid,simulator
DAM-A-PZ-06,2026-07-01T03:35:00+08:00,1,evt-pz-0043-5,185.398,kPa,valid,simulator
DAM-A-PZ-07,2026-07-01T03:35:00+08:00,1,evt-pz-0043-6,185.598,kPa,valid,simulator
DAM-A-PZ-08,2026-07-01T03:35:00+08:00,1,evt-pz-0043-7,185.798,kPa,valid,simulator
DAM-A-PZ-09,2026-07-01T03:35:00+08:00,1,evt-pz-0043-8,185.998,kPa,valid,simulator
DAM-A-PZ-10,2026-07-01T03:35:00+08:00,1,evt-pz-0043-9,186.198,kPa,valid,simulator
DAM-A-PZ-11,2026-07-01T03:35:00+08:00,1,evt-pz-0043-10,186.398,kPa,valid,simulator
DAM-A-PZ-12,2026-07-01T03:35:00+08:00,1,evt-pz-0043-11,186.598,kPa,valid,simulator
DAM-A-PZ-01,2026-07-01T03:40:00+08:00,1,evt-pz-0044-0,184.456,kPa,valid,simulator
DAM-A-PZ-02,2026-07-01T03:40:00+08:00,1,evt-pz-0044-1,184.656,kPa,valid,simulator
DAM-A-PZ-03,2026-07-01T03:40:00+08:00,1,evt-pz-0044-2,184.856,kPa,valid,simulator
DAM-A-PZ-04,2026-07-01T03:40:00+08:00,1,evt-pz-0044-3,185.056,kPa,valid,simulator
DAM-A-PZ-05,2026-07-01T03:40:00+08:00,1,evt-pz-0044-4,185.256,kPa,valid,simulator
DAM-A-PZ-06,2026-07-01T03:40:00+08:00,1,evt-pz-0044-5,185.456,kPa,valid,simulator
DAM-A-PZ-07,2026-07-01T03:40:00+08:00,1,evt-pz-0044-6,185.656,kPa,valid,simulator
DAM-A-PZ-08,2026-07-01T03:40:00+08:00,1,evt-pz-0044-7,185.856,kPa,valid,simulator
DAM-A-PZ-09,2026-07-01T03:40:00+08:00,1,evt-pz-0044-8,186.056,kPa,valid,simulator
DAM-A-PZ-10,2026-07-01T03:40:00+08:00,1,evt-pz-0044-9,186.256,kPa,valid,simulator
DAM-A-PZ-11,2026-07-01T03:40:00+08:00,1,evt-pz-0044-10,186.456,kPa,valid,simulator
DAM-A-PZ-12,2026-07-01T03:40:00+08:00,1,evt-pz-0044-11,186.656,kPa,valid,simulator
DAM-A-PZ-01,2026-07-01T03:45:00+08:00,1,evt-pz-0045-0,184.511,kPa,valid,simulator
DAM-A-PZ-02,2026-07-01T03:45:00+08:00,1,evt-pz-0045-1,184.711,kPa,valid,simulator
DAM-A-PZ-03,2026-07-01T03:45:00+08:00,1,evt-pz-0045-2,184.911,kPa,valid,simulator
DAM-A-PZ-04,2026-07-01T03:45:00+08:00,1,evt-pz-0045-3,185.111,kPa,valid,simulator
DAM-A-PZ-05,2026-07-01T03:45:00+08:00,1,evt-pz-0045-4,185.311,kPa,valid,simulator
DAM-A-PZ-06,2026-07-01T03:45:00+08:00,1,evt-pz-0045-5,185.511,kPa,valid,simulator
DAM-A-PZ-07,2026-07-01T03:45:00+08:00,1,evt-pz-0045-6,185.711,kPa,valid,simulator
DAM-A-PZ-08,2026-07-01T03:45:00+08:00,1,evt-pz-0045-7,185.911,kPa,valid,simulator
DAM-A-PZ-09,2026-07-01T03:45:00+08:00,1,evt-pz-0045-8,186.111,kPa,valid,simulator
DAM-A-PZ-10,2026-07-01T03:45:00+08:00,1,evt-pz-0045-9,186.311,kPa,valid,simulator
DAM-A-PZ-11,2026-07-01T03:45:00+08:00,1,evt-pz-0045-10,186.511,kPa,valid,simulator
DAM-A-PZ-12,2026-07-01T03:45:00+08:00,1,evt-pz-0045-11,186.711,kPa,valid,simulator
DAM-A-PZ-01,2026-07-01T03:50:00+08:00,1,evt-pz-0046-0,184.564,kPa,valid,simulator
DAM-A-PZ-02,2026-07-01T03:50:00+08:00,1,evt-pz-0046-1,184.764,kPa,valid,simulator
DAM-A-PZ-03,2026-07-01T03:50:00+08:00,1,evt-pz-0046-2,184.964,kPa,valid,simulator
DAM-A-PZ-04,2026-07-01T03:50:00+08:00,1,evt-pz-0046-3,185.164,kPa,valid,simulator
DAM-A-PZ-05,2026-07-01T03:50:00+08:00,1,evt-pz-0046-4,185.364,kPa,valid,simulator
DAM-A-PZ-06,2026-07-01T03:50:00+08:00,1,evt-pz-0046-5,185.564,kPa,valid,simulator
DAM-A-PZ-07,2026-07-01T03:50:00+08:00,1,evt-pz-0046-6,185.764,kPa,valid,simulator
DAM-A-PZ-08,2026-07-01T03:50:00+08:00,1,evt-pz-0046-7,185.964,kPa,valid,simulator
DAM-A-PZ-09,2026-07-01T03:50:00+08:00,1,evt-pz-0046-8,186.164,kPa,valid,simulator
DAM-A-PZ-10,2026-07-01T03:50:00+08:00,1,evt-pz-0046-9,186.364,kPa,valid,simulator
DAM-A-PZ-11,2026-07-01T03:50:00+08:00,1,evt-pz-0046-10,186.564,kPa,valid,simulator
DAM-A-PZ-12,2026-07-01T03:50:00+08:00,1,evt-pz-0046-11,186.764,kPa,valid,simulator
DAM-A-PZ-01,2026-07-01T03:55:00+08:00,1,evt-pz-0047-0,184.613,kPa,valid,simulator
DAM-A-PZ-02,2026-07-01T03:55:00+08:00,1,evt-pz-0047-1,184.813,kPa,valid,simulator
DAM-A-PZ-03,2026-07-01T03:55:00+08:00,1,evt-pz-0047-2,185.013,kPa,valid,simulator
DAM-A-PZ-04,2026-07-01T03:55:00+08:00,1,evt-pz-0047-3,185.213,kPa,valid,simulator
DAM-A-PZ-05,2026-07-01T03:55:00+08:00,1,evt-pz-0047-4,185.413,kPa,valid,simulator
DAM-A-PZ-06,2026-07-01T03:55:00+08:00,1,evt-pz-0047-5,185.613,kPa,valid,simulator
DAM-A-PZ-07,2026-07-01T03:55:00+08:00,1,evt-pz-0047-6,185.813,kPa,valid,simulator
DAM-A-PZ-08,2026-07-01T03:55:00+08:00,1,evt-pz-0047-7,186.013,kPa,valid,simulator
DAM-A-PZ-09,2026-07-01T03:55:00+08:00,1,evt-pz-0047-8,186.213,kPa,valid,simulator
DAM-A-PZ-10,2026-07-01T03:55:00+08:00,1,evt-pz-0047-9,186.413,kPa,valid,simulator
DAM-A-PZ-11,2026-07-01T03:55:00+08:00,1,evt-pz-0047-10,186.613,kPa,valid,simulator
DAM-A-PZ-12,2026-07-01T03:55:00+08:00,1,evt-pz-0047-11,186.813,kPa,valid,simulator
DAM-A-PZ-01,2026-07-01T04:00:00+08:00,1,evt-pz-0048-0,184.66,kPa,valid,simulator
DAM-A-PZ-02,2026-07-01T04:00:00+08:00,1,evt-pz-0048-1,184.86,kPa,valid,simulator
DAM-A-PZ-03,2026-07-01T04:00:00+08:00,1,evt-pz-0048-2,185.06,kPa,valid,simulator
DAM-A-PZ-04,2026-07-01T04:00:00+08:00,1,evt-pz-0048-3,185.26,kPa,valid,simulator
DAM-A-PZ-05,2026-07-01T04:00:00+08:00,1,evt-pz-0048-4,185.46,kPa,valid,simulator
DAM-A-PZ-06,2026-07-01T04:00:00+08:00,1,evt-pz-0048-5,185.66,kPa,valid,simulator
DAM-A-PZ-07,2026-07-01T04:00:00+08:00,1,evt-pz-0048-6,185.86,kPa,valid,simulator
DAM-A-PZ-08,2026-07-01T04:00:00+08:00,1,evt-pz-0048-7,186.06,kPa,valid,simulator
DAM-A-PZ-09,2026-07-01T04:00:00+08:00,1,evt-pz-0048-8,186.26,kPa,valid,simulator
DAM-A-PZ-10,2026-07-01T04:00:00+08:00,1,evt-pz-0048-9,186.46,kPa,valid,simulator
DAM-A-PZ-11,2026-07-01T04:00:00+08:00,1,evt-pz-0048-10,186.66,kPa,valid,simulator
DAM-A-PZ-12,2026-07-01T04:00:00+08:00,1,evt-pz-0048-11,186.86,kPa,valid,simulator
DAM-A-PZ-01,2026-07-01T04:05:00+08:00,1,evt-pz-0049-0,184.704,kPa,valid,simulator
DAM-A-PZ-02,2026-07-01T04:05:00+08:00,1,evt-pz-0049-1,184.904,kPa,valid,simulator
DAM-A-PZ-03,2026-07-01T04:05:00+08:00,1,evt-pz-0049-2,185.104,kPa,valid,simulator
DAM-A-PZ-04,2026-07-01T04:05:00+08:00,1,evt-pz-0049-3,185.304,kPa,valid,simulator
DAM-A-PZ-05,2026-07-01T04:05:00+08:00,1,evt-pz-0049-4,185.504,kPa,valid,simulator
DAM-A-PZ-06,2026-07-01T04:05:00+08:00,1,evt-pz-0049-5,185.704,kPa,valid,simulator
DAM-A-PZ-07,2026-07-01T04:05:00+08:00,1,evt-pz-0049-6,185.904,kPa,valid,simulator
DAM-A-PZ-08,2026-07-01T04:05:00+08:00,1,evt-pz-0049-7,186.104,kPa,valid,simulator
DAM-A-PZ-09,2026-07-01T04:05:00+08:00,1,evt-pz-0049-8,186.304,kPa,valid,simulator
DAM-A-PZ-10,2026-07-01T04:05:00+08:00,1,evt-pz-0049-9,186.504,kPa,valid,simulator
DAM-A-PZ-11,2026-07-01T04:05:00+08:00,1,evt-pz-0049-10,186.704,kPa,valid,simulator
DAM-A-PZ-12,2026-07-01T04:05:00+08:00,1,evt-pz-0049-11,186.904,kPa,valid,simulator
DAM-A-PZ-01,2026-07-01T04:10:00+08:00,1,evt-pz-0050-0,184.745,kPa,valid,simulator
DAM-A-PZ-02,2026-07-01T04:10:00+08:00,1,evt-pz-0050-1,184.945,kPa,valid,simulator
DAM-A-PZ-03,2026-07-01T04:10:00+08:00,1,evt-pz-0050-2,185.145,kPa,valid,simulator
DAM-A-PZ-04,2026-07-01T04:10:00+08:00,1,evt-pz-0050-3,185.345,kPa,valid,simulator
DAM-A-PZ-05,2026-07-01T04:10:00+08:00,1,evt-pz-0050-4,185.545,kPa,valid,simulator
DAM-A-PZ-06,2026-07-01T04:10:00+08:00,1,evt-pz-0050-5,185.745,kPa,valid,simulator
DAM-A-PZ-07,2026-07-01T04:10:00+08:00,1,evt-pz-0050-6,185.945,kPa,valid,simulator
DAM-A-PZ-08,2026-07-01T04:10:00+08:00,1,evt-pz-0050-7,186.145,kPa,valid,simulator
DAM-A-PZ-09,2026-07-01T04:10:00+08:00,1,evt-pz-0050-8,186.345,kPa,valid,simulator
DAM-A-PZ-10,2026-07-01T04:10:00+08:00,1,evt-pz-0050-9,186.545,kPa,valid,simulator
DAM-A-PZ-11,2026-07-01T04:10:00+08:00,1,evt-pz-0050-10,186.745,kPa,valid,simulator
DAM-A-PZ-12,2026-07-01T04:10:00+08:00,1,evt-pz-0050-11,186.945,kPa,valid,simulator
DAM-A-PZ-01,2026-07-01T04:15:00+08:00,1,evt-pz-0051-0,184.783,kPa,valid,simulator
DAM-A-PZ-02,2026-07-01T04:15:00+08:00,1,evt-pz-0051-1,184.983,kPa,valid,simulator
DAM-A-PZ-03,2026-07-01T04:15:00+08:00,1,evt-pz-0051-2,185.183,kPa,valid,simulator
DAM-A-PZ-04,2026-07-01T04:15:00+08:00,1,evt-pz-0051-3,185.383,kPa,valid,simulator
DAM-A-PZ-05,2026-07-01T04:15:00+08:00,1,evt-pz-0051-4,185.583,kPa,valid,simulator
DAM-A-PZ-06,2026-07-01T04:15:00+08:00,1,evt-pz-0051-5,185.783,kPa,valid,simulator
DAM-A-PZ-07,2026-07-01T04:15:00+08:00,1,evt-pz-0051-6,185.983,kPa,valid,simulator
DAM-A-PZ-08,2026-07-01T04:15:00+08:00,1,evt-pz-0051-7,186.183,kPa,valid,simulator
DAM-A-PZ-09,2026-07-01T04:15:00+08:00,1,evt-pz-0051-8,186.383,kPa,valid,simulator
DAM-A-PZ-10,2026-07-01T04:15:00+08:00,1,evt-pz-0051-9,186.583,kPa,valid,simulator
DAM-A-PZ-11,2026-07-01T04:15:00+08:00,1,evt-pz-0051-10,186.783,kPa,valid,simulator
DAM-A-PZ-12,2026-07-01T04:15:00+08:00,1,evt-pz-0051-11,186.983,kPa,valid,simulator
DAM-A-PZ-01,2026-07-01T04:20:00+08:00,1,evt-pz-0052-0,184.818,kPa,valid,simulator
DAM-A-PZ-02,2026-07-01T04:20:00+08:00,1,evt-pz-0052-1,185.018,kPa,valid,simulator
DAM-A-PZ-03,2026-07-01T04:20:00+08:00,1,evt-pz-0052-2,185.218,kPa,valid,simulator
DAM-A-PZ-04,2026-07-01T04:20:00+08:00,1,evt-pz-0052-3,185.418,kPa,valid,simulator
DAM-A-PZ-05,2026-07-01T04:20:00+08:00,1,evt-pz-0052-4,185.618,kPa,valid,simulator
DAM-A-PZ-06,2026-07-01T04:20:00+08:00,1,evt-pz-0052-5,185.818,kPa,valid,simulator
DAM-A-PZ-07,2026-07-01T04:20:00+08:00,1,evt-pz-0052-6,186.018,kPa,valid,simulator
DAM-A-PZ-08,2026-07-01T04:20:00+08:00,1,evt-pz-0052-7,186.218,kPa,valid,simulator
DAM-A-PZ-09,2026-07-01T04:20:00+08:00,1,evt-pz-0052-8,186.418,kPa,valid,simulator
DAM-A-PZ-10,2026-07-01T04:20:00+08:00,1,evt-pz-0052-9,186.618,kPa,valid,simulator
DAM-A-PZ-11,2026-07-01T04:20:00+08:00,1,evt-pz-0052-10,186.818,kPa,valid,simulator
DAM-A-PZ-12,2026-07-01T04:20:00+08:00,1,evt-pz-0052-11,187.018,kPa,valid,simulator
DAM-A-PZ-01,2026-07-01T04:25:00+08:00,1,evt-pz-0053-0,184.85,kPa,valid,simulator
DAM-A-PZ-02,2026-07-01T04:25:00+08:00,1,evt-pz-0053-1,185.05,kPa,valid,simulator
DAM-A-PZ-03,2026-07-01T04:25:00+08:00,1,evt-pz-0053-2,185.25,kPa,valid,simulator
DAM-A-PZ-04,2026-07-01T04:25:00+08:00,1,evt-pz-0053-3,185.45,kPa,valid,simulator
DAM-A-PZ-05,2026-07-01T04:25:00+08:00,1,evt-pz-0053-4,185.65,kPa,valid,simulator
DAM-A-PZ-06,2026-07-01T04:25:00+08:00,1,evt-pz-0053-5,185.85,kPa,valid,simulator
DAM-A-PZ-07,2026-07-01T04:25:00+08:00,1,evt-pz-0053-6,186.05,kPa,valid,simulator
DAM-A-PZ-08,2026-07-01T04:25:00+08:00,1,evt-pz-0053-7,186.25,kPa,valid,simulator
DAM-A-PZ-09,2026-07-01T04:25:00+08:00,1,evt-pz-0053-8,186.45,kPa,valid,simulator
DAM-A-PZ-10,2026-07-01T04:25:00+08:00,1,evt-pz-0053-9,186.65,kPa,valid,simulator
DAM-A-PZ-11,2026-07-01T04:25:00+08:00,1,evt-pz-0053-10,186.85,kPa,valid,simulator
DAM-A-PZ-12,2026-07-01T04:25:00+08:00,1,evt-pz-0053-11,187.05,kPa,valid,simulator
DAM-A-PZ-01,2026-07-01T04:30:00+08:00,1,evt-pz-0054-0,184.879,kPa,valid,simulator
DAM-A-PZ-02,2026-07-01T04:30:00+08:00,1,evt-pz-0054-1,185.079,kPa,valid,simulator
DAM-A-PZ-03,2026-07-01T04:30:00+08:00,1,evt-pz-0054-2,185.279,kPa,valid,simulator
DAM-A-PZ-04,2026-07-01T04:30:00+08:00,1,evt-pz-0054-3,185.479,kPa,valid,simulator
DAM-A-PZ-05,2026-07-01T04:30:00+08:00,1,evt-pz-0054-4,185.679,kPa,valid,simulator
DAM-A-PZ-06,2026-07-01T04:30:00+08:00,1,evt-pz-0054-5,185.879,kPa,valid,simulator
DAM-A-PZ-07,2026-07-01T04:30:00+08:00,1,evt-pz-0054-6,186.079,kPa,valid,simulator
DAM-A-PZ-08,2026-07-01T04:30:00+08:00,1,evt-pz-0054-7,186.279,kPa,valid,simulator
DAM-A-PZ-09,2026-07-01T04:30:00+08:00,1,evt-pz-0054-8,186.479,kPa,valid,simulator
DAM-A-PZ-10,2026-07-01T04:30:00+08:00,1,evt-pz-0054-9,186.679,kPa,valid,simulator
DAM-A-PZ-11,2026-07-01T04:30:00+08:00,1,evt-pz-0054-10,186.879,kPa,valid,simulator
DAM-A-PZ-12,2026-07-01T04:30:00+08:00,1,evt-pz-0054-11,187.079,kPa,valid,simulator
DAM-A-PZ-01,2026-07-01T04:35:00+08:00,1,evt-pz-0055-0,184.904,kPa,valid,simulator
DAM-A-PZ-02,2026-07-01T04:35:00+08:00,1,evt-pz-0055-1,185.104,kPa,valid,simulator
DAM-A-PZ-03,2026-07-01T04:35:00+08:00,1,evt-pz-0055-2,185.304,kPa,valid,simulator
DAM-A-PZ-04,2026-07-01T04:35:00+08:00,1,evt-pz-0055-3,185.504,kPa,valid,simulator
DAM-A-PZ-05,2026-07-01T04:35:00+08:00,1,evt-pz-0055-4,185.704,kPa,valid,simulator
DAM-A-PZ-06,2026-07-01T04:35:00+08:00,1,evt-pz-0055-5,185.904,kPa,valid,simulator
DAM-A-PZ-07,2026-07-01T04:35:00+08:00,1,evt-pz-0055-6,186.104,kPa,valid,simulator
DAM-A-PZ-08,2026-07-01T04:35:00+08:00,1,evt-pz-0055-7,186.304,kPa,valid,simulator
DAM-A-PZ-09,2026-07-01T04:35:00+08:00,1,evt-pz-0055-8,186.504,kPa,valid,simulator
DAM-A-PZ-10,2026-07-01T04:35:00+08:00,1,evt-pz-0055-9,186.704,kPa,valid,simulator
DAM-A-PZ-11,2026-07-01T04:35:00+08:00,1,evt-pz-0055-10,186.904,kPa,valid,simulator
DAM-A-PZ-12,2026-07-01T04:35:00+08:00,1,evt-pz-0055-11,187.104,kPa,valid,simulator
DAM-A-PZ-01,2026-07-01T04:40:00+08:00,1,evt-pz-0056-0,184.927,kPa,valid,simulator
DAM-A-PZ-02,2026-07-01T04:40:00+08:00,1,evt-pz-0056-1,185.127,kPa,valid,simulator
DAM-A-PZ-03,2026-07-01T04:40:00+08:00,1,evt-pz-0056-2,185.327,kPa,valid,simulator
DAM-A-PZ-04,2026-07-01T04:40:00+08:00,1,evt-pz-0056-3,185.527,kPa,valid,simulator
DAM-A-PZ-05,2026-07-01T04:40:00+08:00,1,evt-pz-0056-4,185.727,kPa,valid,simulator
DAM-A-PZ-06,2026-07-01T04:40:00+08:00,1,evt-pz-0056-5,185.927,kPa,valid,simulator
DAM-A-PZ-07,2026-07-01T04:40:00+08:00,1,evt-pz-0056-6,186.127,kPa,valid,simulator
DAM-A-PZ-08,2026-07-01T04:40:00+08:00,1,evt-pz-0056-7,186.327,kPa,valid,simulator
DAM-A-PZ-09,2026-07-01T04:40:00+08:00,1,evt-pz-0056-8,186.527,kPa,valid,simulator
DAM-A-PZ-10,2026-07-01T04:40:00+08:00,1,evt-pz-0056-9,186.727,kPa,valid,simulator
DAM-A-PZ-11,2026-07-01T04:40:00+08:00,1,evt-pz-0056-10,186.927,kPa,valid,simulator
DAM-A-PZ-12,2026-07-01T04:40:00+08:00,1,evt-pz-0056-11,187.127,kPa,valid,simulator
DAM-A-PZ-01,2026-07-01T04:45:00+08:00,1,evt-pz-0057-0,184.947,kPa,valid,simulator
DAM-A-PZ-02,2026-07-01T04:45:00+08:00,1,evt-pz-0057-1,185.147,kPa,valid,simulator
DAM-A-PZ-03,2026-07-01T04:45:00+08:00,1,evt-pz-0057-2,185.347,kPa,valid,simulator
DAM-A-PZ-04,2026-07-01T04:45:00+08:00,1,evt-pz-0057-3,185.547,kPa,valid,simulator
DAM-A-PZ-05,2026-07-01T04:45:00+08:00,1,evt-pz-0057-4,185.747,kPa,valid,simulator
DAM-A-PZ-06,2026-07-01T04:45:00+08:00,1,evt-pz-0057-5,185.947,kPa,valid,simulator
DAM-A-PZ-07,2026-07-01T04:45:00+08:00,1,evt-pz-0057-6,186.147,kPa,valid,simulator
DAM-A-PZ-08,2026-07-01T04:45:00+08:00,1,evt-pz-0057-7,186.347,kPa,valid,simulator
DAM-A-PZ-09,2026-07-01T04:45:00+08:00,1,evt-pz-0057-8,186.547,kPa,valid,simulator
DAM-A-PZ-10,2026-07-01T04:45:00+08:00,1,evt-pz-0057-9,186.747,kPa,valid,simulator
DAM-A-PZ-11,2026-07-01T04:45:00+08:00,1,evt-pz-0057-10,186.947,kPa,valid,simulator
DAM-A-PZ-12,2026-07-01T04:45:00+08:00,1,evt-pz-0057-11,187.147,kPa,valid,simulator
DAM-A-PZ-01,2026-07-01T04:50:00+08:00,1,evt-pz-0058-0,184.964,kPa,valid,simulator
DAM-A-PZ-02,2026-07-01T04:50:00+08:00,1,evt-pz-0058-1,185.164,kPa,valid,simulator
DAM-A-PZ-03,2026-07-01T04:50:00+08:00,1,evt-pz-0058-2,185.364,kPa,valid,simulator
DAM-A-PZ-04,2026-07-01T04:50:00+08:00,1,evt-pz-0058-3,185.564,kPa,valid,simulator
DAM-A-PZ-05,2026-07-01T04:50:00+08:00,1,evt-pz-0058-4,185.764,kPa,valid,simulator
DAM-A-PZ-06,2026-07-01T04:50:00+08:00,1,evt-pz-0058-5,185.964,kPa,valid,simulator
DAM-A-PZ-07,2026-07-01T04:50:00+08:00,1,evt-pz-0058-6,186.164,kPa,valid,simulator
DAM-A-PZ-08,2026-07-01T04:50:00+08:00,1,evt-pz-0058-7,186.364,kPa,valid,simulator
DAM-A-PZ-09,2026-07-01T04:50:00+08:00,1,evt-pz-0058-8,186.564,kPa,valid,simulator
DAM-A-PZ-10,2026-07-01T04:50:00+08:00,1,evt-pz-0058-9,186.764,kPa,valid,simulator
DAM-A-PZ-11,2026-07-01T04:50:00+08:00,1,evt-pz-0058-10,186.964,kPa,valid,simulator
DAM-A-PZ-12,2026-07-01T04:50:00+08:00,1,evt-pz-0058-11,187.164,kPa,valid,simulator
DAM-A-PZ-01,2026-07-01T04:55:00+08:00,1,evt-pz-0059-0,184.977,kPa,valid,simulator
DAM-A-PZ-02,2026-07-01T04:55:00+08:00,1,evt-pz-0059-1,185.177,kPa,valid,simulator
DAM-A-PZ-03,2026-07-01T04:55:00+08:00,1,evt-pz-0059-2,185.377,kPa,valid,simulator
DAM-A-PZ-04,2026-07-01T04:55:00+08:00,1,evt-pz-0059-3,185.577,kPa,valid,simulator
DAM-A-PZ-05,2026-07-01T04:55:00+08:00,1,evt-pz-0059-4,185.777,kPa,valid,simulator
DAM-A-PZ-06,2026-07-01T04:55:00+08:00,1,evt-pz-0059-5,185.977,kPa,valid,simulator
DAM-A-PZ-07,2026-07-01T04:55:00+08:00,1,evt-pz-0059-6,186.177,kPa,valid,simulator
DAM-A-PZ-08,2026-07-01T04:55:00+08:00,1,evt-pz-0059-7,186.377,kPa,valid,simulator
DAM-A-PZ-09,2026-07-01T04:55:00+08:00,1,evt-pz-0059-8,186.577,kPa,valid,simulator
DAM-A-PZ-10,2026-07-01T04:55:00+08:00,1,evt-pz-0059-9,186.777,kPa,valid,simulator
DAM-A-PZ-11,2026-07-01T04:55:00+08:00,1,evt-pz-0059-10,186.977,kPa,valid,simulator
DAM-A-PZ-12,2026-07-01T04:55:00+08:00,1,evt-pz-0059-11,187.177,kPa,valid,simulator
DAM-A-PZ-01,2026-07-01T05:00:00+08:00,1,evt-pz-0060-0,184.987,kPa,valid,simulator
DAM-A-PZ-02,2026-07-01T05:00:00+08:00,1,evt-pz-0060-1,185.187,kPa,valid,simulator
DAM-A-PZ-03,2026-07-01T05:00:00+08:00,1,evt-pz-0060-2,185.387,kPa,valid,simulator
DAM-A-PZ-04,2026-07-01T05:00:00+08:00,1,evt-pz-0060-3,185.587,kPa,valid,simulator
DAM-A-PZ-05,2026-07-01T05:00:00+08:00,1,evt-pz-0060-4,185.787,kPa,valid,simulator
DAM-A-PZ-06,2026-07-01T05:00:00+08:00,1,evt-pz-0060-5,185.987,kPa,valid,simulator
DAM-A-PZ-07,2026-07-01T05:00:00+08:00,1,evt-pz-0060-6,186.187,kPa,valid,simulator
DAM-A-PZ-08,2026-07-01T05:00:00+08:00,1,evt-pz-0060-7,186.387,kPa,valid,simulator
DAM-A-PZ-09,2026-07-01T05:00:00+08:00,1,evt-pz-0060-8,186.587,kPa,valid,simulator
DAM-A-PZ-10,2026-07-01T05:00:00+08:00,1,evt-pz-0060-9,186.787,kPa,valid,simulator
DAM-A-PZ-11,2026-07-01T05:00:00+08:00,1,evt-pz-0060-10,186.987,kPa,valid,simulator
DAM-A-PZ-12,2026-07-01T05:00:00+08:00,1,evt-pz-0060-11,187.187,kPa,valid,simulator
DAM-A-PZ-01,2026-07-01T05:05:00+08:00,1,evt-pz-0061-0,184.995,kPa,valid,simulator
DAM-A-PZ-02,2026-07-01T05:05:00+08:00,1,evt-pz-0061-1,185.195,kPa,valid,simulator
DAM-A-PZ-03,2026-07-01T05:05:00+08:00,1,evt-pz-0061-2,185.395,kPa,valid,simulator
DAM-A-PZ-04,2026-07-01T05:05:00+08:00,1,evt-pz-0061-3,185.595,kPa,valid,simulator
DAM-A-PZ-05,2026-07-01T05:05:00+08:00,1,evt-pz-0061-4,185.795,kPa,valid,simulator
DAM-A-PZ-06,2026-07-01T05:05:00+08:00,1,evt-pz-0061-5,185.995,kPa,valid,simulator
DAM-A-PZ-07,2026-07-01T05:05:00+08:00,1,evt-pz-0061-6,186.195,kPa,valid,simulator
DAM-A-PZ-08,2026-07-01T05:05:00+08:00,1,evt-pz-0061-7,186.395,kPa,valid,simulator
DAM-A-PZ-09,2026-07-01T05:05:00+08:00,1,evt-pz-0061-8,186.595,kPa,valid,simulator
DAM-A-PZ-10,2026-07-01T05:05:00+08:00,1,evt-pz-0061-9,186.795,kPa,valid,simulator
DAM-A-PZ-11,2026-07-01T05:05:00+08:00,1,evt-pz-0061-10,186.995,kPa,valid,simulator
DAM-A-PZ-12,2026-07-01T05:05:00+08:00,1,evt-pz-0061-11,187.195,kPa,valid,simulator
DAM-A-PZ-01,2026-07-01T05:10:00+08:00,1,evt-pz-0062-0,184.999,kPa,valid,simulator
DAM-A-PZ-02,2026-07-01T05:10:00+08:00,1,evt-pz-0062-1,185.199,kPa,valid,simulator
DAM-A-PZ-03,2026-07-01T05:10:00+08:00,1,evt-pz-0062-2,185.399,kPa,valid,simulator
DAM-A-PZ-04,2026-07-01T05:10:00+08:00,1,evt-pz-0062-3,185.599,kPa,valid,simulator
DAM-A-PZ-05,2026-07-01T05:10:00+08:00,1,evt-pz-0062-4,185.799,kPa,valid,simulator
DAM-A-PZ-06,2026-07-01T05:10:00+08:00,1,evt-pz-0062-5,185.999,kPa,valid,simulator
DAM-A-PZ-07,2026-07-01T05:10:00+08:00,1,evt-pz-0062-6,186.199,kPa,valid,simulator
DAM-A-PZ-08,2026-07-01T05:10:00+08:00,1,evt-pz-0062-7,186.399,kPa,valid,simulator
DAM-A-PZ-09,2026-07-01T05:10:00+08:00,1,evt-pz-0062-8,186.599,kPa,valid,simulator
DAM-A-PZ-10,2026-07-01T05:10:00+08:00,1,evt-pz-0062-9,186.799,kPa,valid,simulator
DAM-A-PZ-11,2026-07-01T05:10:00+08:00,1,evt-pz-0062-10,186.999,kPa,valid,simulator
DAM-A-PZ-12,2026-07-01T05:10:00+08:00,1,evt-pz-0062-11,187.199,kPa,valid,simulator
DAM-A-PZ-01,2026-07-01T05:15:00+08:00,1,evt-pz-0063-0,185.0,kPa,valid,simulator
DAM-A-PZ-02,2026-07-01T05:15:00+08:00,1,evt-pz-0063-1,185.2,kPa,valid,simulator
DAM-A-PZ-03,2026-07-01T05:15:00+08:00,1,evt-pz-0063-2,185.4,kPa,valid,simulator
DAM-A-PZ-04,2026-07-01T05:15:00+08:00,1,evt-pz-0063-3,185.6,kPa,valid,simulator
DAM-A-PZ-05,2026-07-01T05:15:00+08:00,1,evt-pz-0063-4,185.8,kPa,valid,simulator
DAM-A-PZ-06,2026-07-01T05:15:00+08:00,1,evt-pz-0063-5,186.0,kPa,valid,simulator
DAM-A-PZ-07,2026-07-01T05:15:00+08:00,1,evt-pz-0063-6,186.2,kPa,valid,simulator
DAM-A-PZ-08,2026-07-01T05:15:00+08:00,1,evt-pz-0063-7,186.4,kPa,valid,simulator
DAM-A-PZ-09,2026-07-01T05:15:00+08:00,1,evt-pz-0063-8,186.6,kPa,valid,simulator
DAM-A-PZ-10,2026-07-01T05:15:00+08:00,1,evt-pz-0063-9,186.8,kPa,valid,simulator
DAM-A-PZ-11,2026-07-01T05:15:00+08:00,1,evt-pz-0063-10,187.0,kPa,valid,simulator
DAM-A-PZ-12,2026-07-01T05:15:00+08:00,1,evt-pz-0063-11,187.2,kPa,valid,simulator
DAM-A-PZ-01,2026-07-01T05:20:00+08:00,1,evt-pz-0064-0,184.998,kPa,valid,simulator
DAM-A-PZ-02,2026-07-01T05:20:00+08:00,1,evt-pz-0064-1,185.198,kPa,valid,simulator
DAM-A-PZ-03,2026-07-01T05:20:00+08:00,1,evt-pz-0064-2,185.398,kPa,valid,simulator
DAM-A-PZ-04,2026-07-01T05:20:00+08:00,1,evt-pz-0064-3,185.598,kPa,valid,simulator
DAM-A-PZ-05,2026-07-01T05:20:00+08:00,1,evt-pz-0064-4,185.798,kPa,valid,simulator
DAM-A-PZ-06,2026-07-01T05:20:00+08:00,1,evt-pz-0064-5,185.998,kPa,valid,simulator
DAM-A-PZ-07,2026-07-01T05:20:00+08:00,1,evt-pz-0064-6,186.198,kPa,valid,simulator
DAM-A-PZ-08,2026-07-01T05:20:00+08:00,1,evt-pz-0064-7,186.398,kPa,valid,simulator
DAM-A-PZ-09,2026-07-01T05:20:00+08:00,1,evt-pz-0064-8,186.598,kPa,valid,simulator
DAM-A-PZ-10,2026-07-01T05:20:00+08:00,1,evt-pz-0064-9,186.798,kPa,valid,simulator
DAM-A-PZ-11,2026-07-01T05:20:00+08:00,1,evt-pz-0064-10,186.998,kPa,valid,simulator
DAM-A-PZ-12,2026-07-01T05:20:00+08:00,1,evt-pz-0064-11,187.198,kPa,valid,simulator
DAM-A-PZ-01,2026-07-01T05:25:00+08:00,1,evt-pz-0065-0,184.993,kPa,valid,simulator
DAM-A-PZ-02,2026-07-01T05:25:00+08:00,1,evt-pz-0065-1,185.193,kPa,valid,simulator
DAM-A-PZ-03,2026-07-01T05:25:00+08:00,1,evt-pz-0065-2,185.393,kPa,valid,simulator
DAM-A-PZ-04,2026-07-01T05:25:00+08:00,1,evt-pz-0065-3,185.593,kPa,valid,simulator
DAM-A-PZ-05,2026-07-01T05:25:00+08:00,1,evt-pz-0065-4,185.793,kPa,valid,simulator
DAM-A-PZ-06,2026-07-01T05:25:00+08:00,1,evt-pz-0065-5,185.993,kPa,valid,simulator
DAM-A-PZ-07,2026-07-01T05:25:00+08:00,1,evt-pz-0065-6,186.193,kPa,valid,simulator
DAM-A-PZ-08,2026-07-01T05:25:00+08:00,1,evt-pz-0065-7,186.393,kPa,valid,simulator
DAM-A-PZ-09,2026-07-01T05:25:00+08:00,1,evt-pz-0065-8,186.593,kPa,valid,simulator
DAM-A-PZ-10,2026-07-01T05:25:00+08:00,1,evt-pz-0065-9,186.793,kPa,valid,simulator
DAM-A-PZ-11,2026-07-01T05:25:00+08:00,1,evt-pz-0065-10,186.993,kPa,valid,simulator
DAM-A-PZ-12,2026-07-01T05:25:00+08:00,1,evt-pz-0065-11,187.193,kPa,valid,simulator
DAM-A-PZ-01,2026-07-01T05:30:00+08:00,1,evt-pz-0066-0,184.984,kPa,valid,simulator
DAM-A-PZ-02,2026-07-01T05:30:00+08:00,1,evt-pz-0066-1,185.184,kPa,valid,simulator
DAM-A-PZ-03,2026-07-01T05:30:00+08:00,1,evt-pz-0066-2,185.384,kPa,valid,simulator
DAM-A-PZ-04,2026-07-01T05:30:00+08:00,1,evt-pz-0066-3,185.584,kPa,valid,simulator
DAM-A-PZ-05,2026-07-01T05:30:00+08:00,1,evt-pz-0066-4,185.784,kPa,valid,simulator
DAM-A-PZ-06,2026-07-01T05:30:00+08:00,1,evt-pz-0066-5,185.984,kPa,valid,simulator
DAM-A-PZ-07,2026-07-01T05:30:00+08:00,1,evt-pz-0066-6,186.184,kPa,valid,simulator
DAM-A-PZ-08,2026-07-01T05:30:00+08:00,1,evt-pz-0066-7,186.384,kPa,valid,simulator
DAM-A-PZ-09,2026-07-01T05:30:00+08:00,1,evt-pz-0066-8,186.584,kPa,valid,simulator
DAM-A-PZ-10,2026-07-01T05:30:00+08:00,1,evt-pz-0066-9,186.784,kPa,valid,simulator
DAM-A-PZ-11,2026-07-01T05:30:00+08:00,1,evt-pz-0066-10,186.984,kPa,valid,simulator
DAM-A-PZ-12,2026-07-01T05:30:00+08:00,1,evt-pz-0066-11,187.184,kPa,valid,simulator
DAM-A-PZ-01,2026-07-01T05:35:00+08:00,1,evt-pz-0067-0,184.973,kPa,valid,simulator
DAM-A-PZ-02,2026-07-01T05:35:00+08:00,1,evt-pz-0067-1,185.173,kPa,valid,simulator
DAM-A-PZ-03,2026-07-01T05:35:00+08:00,1,evt-pz-0067-2,185.373,kPa,valid,simulator
DAM-A-PZ-04,2026-07-01T05:35:00+08:00,1,evt-pz-0067-3,185.573,kPa,valid,simulator
DAM-A-PZ-05,2026-07-01T05:35:00+08:00,1,evt-pz-0067-4,185.773,kPa,valid,simulator
DAM-A-PZ-06,2026-07-01T05:35:00+08:00,1,evt-pz-0067-5,185.973,kPa,valid,simulator
DAM-A-PZ-07,2026-07-01T05:35:00+08:00,1,evt-pz-0067-6,186.173,kPa,valid,simulator
DAM-A-PZ-08,2026-07-01T05:35:00+08:00,1,evt-pz-0067-7,186.373,kPa,valid,simulator
DAM-A-PZ-09,2026-07-01T05:35:00+08:00,1,evt-pz-0067-8,186.573,kPa,valid,simulator
DAM-A-PZ-10,2026-07-01T05:35:00+08:00,1,evt-pz-0067-9,186.773,kPa,valid,simulator
DAM-A-PZ-11,2026-07-01T05:35:00+08:00,1,evt-pz-0067-10,186.973,kPa,valid,simulator
DAM-A-PZ-12,2026-07-01T05:35:00+08:00,1,evt-pz-0067-11,187.173,kPa,valid,simulator
DAM-A-PZ-01,2026-07-01T05:40:00+08:00,1,evt-pz-0068-0,184.958,kPa,valid,simulator
DAM-A-PZ-02,2026-07-01T05:40:00+08:00,1,evt-pz-0068-1,185.158,kPa,valid,simulator
DAM-A-PZ-03,2026-07-01T05:40:00+08:00,1,evt-pz-0068-2,185.358,kPa,valid,simulator
DAM-A-PZ-04,2026-07-01T05:40:00+08:00,1,evt-pz-0068-3,185.558,kPa,valid,simulator
DAM-A-PZ-05,2026-07-01T05:40:00+08:00,1,evt-pz-0068-4,185.758,kPa,valid,simulator
DAM-A-PZ-06,2026-07-01T05:40:00+08:00,1,evt-pz-0068-5,185.958,kPa,valid,simulator
DAM-A-PZ-07,2026-07-01T05:40:00+08:00,1,evt-pz-0068-6,186.158,kPa,valid,simulator
DAM-A-PZ-08,2026-07-01T05:40:00+08:00,1,evt-pz-0068-7,186.358,kPa,valid,simulator
DAM-A-PZ-09,2026-07-01T05:40:00+08:00,1,evt-pz-0068-8,186.558,kPa,valid,simulator
DAM-A-PZ-10,2026-07-01T05:40:00+08:00,1,evt-pz-0068-9,186.758,kPa,valid,simulator
DAM-A-PZ-11,2026-07-01T05:40:00+08:00,1,evt-pz-0068-10,186.958,kPa,valid,simulator
DAM-A-PZ-12,2026-07-01T05:40:00+08:00,1,evt-pz-0068-11,187.158,kPa,valid,simulator
DAM-A-PZ-01,2026-07-01T05:45:00+08:00,1,evt-pz-0069-0,184.941,kPa,valid,simulator
DAM-A-PZ-02,2026-07-01T05:45:00+08:00,1,evt-pz-0069-1,185.141,kPa,valid,simulator
DAM-A-PZ-03,2026-07-01T05:45:00+08:00,1,evt-pz-0069-2,185.341,kPa,valid,simulator
DAM-A-PZ-04,2026-07-01T05:45:00+08:00,1,evt-pz-0069-3,185.541,kPa,valid,simulator
DAM-A-PZ-05,2026-07-01T05:45:00+08:00,1,evt-pz-0069-4,185.741,kPa,valid,simulator
DAM-A-PZ-06,2026-07-01T05:45:00+08:00,1,evt-pz-0069-5,185.941,kPa,valid,simulator
DAM-A-PZ-07,2026-07-01T05:45:00+08:00,1,evt-pz-0069-6,186.141,kPa,valid,simulator
DAM-A-PZ-08,2026-07-01T05:45:00+08:00,1,evt-pz-0069-7,186.341,kPa,valid,simulator
DAM-A-PZ-09,2026-07-01T05:45:00+08:00,1,evt-pz-0069-8,186.541,kPa,valid,simulator
DAM-A-PZ-10,2026-07-01T05:45:00+08:00,1,evt-pz-0069-9,186.741,kPa,valid,simulator
DAM-A-PZ-11,2026-07-01T05:45:00+08:00,1,evt-pz-0069-10,186.941,kPa,valid,simulator
DAM-A-PZ-12,2026-07-01T05:45:00+08:00,1,evt-pz-0069-11,187.141,kPa,valid,simulator
DAM-A-PZ-01,2026-07-01T05:50:00+08:00,1,evt-pz-0070-0,184.92,kPa,valid,simulator
DAM-A-PZ-02,2026-07-01T05:50:00+08:00,1,evt-pz-0070-1,185.12,kPa,valid,simulator
DAM-A-PZ-03,2026-07-01T05:50:00+08:00,1,evt-pz-0070-2,185.32,kPa,valid,simulator
DAM-A-PZ-04,2026-07-01T05:50:00+08:00,1,evt-pz-0070-3,185.52,kPa,valid,simulator
DAM-A-PZ-05,2026-07-01T05:50:00+08:00,1,evt-pz-0070-4,185.72,kPa,valid,simulator
DAM-A-PZ-06,2026-07-01T05:50:00+08:00,1,evt-pz-0070-5,185.92,kPa,valid,simulator
DAM-A-PZ-07,2026-07-01T05:50:00+08:00,1,evt-pz-0070-6,186.12,kPa,valid,simulator
DAM-A-PZ-08,2026-07-01T05:50:00+08:00,1,evt-pz-0070-7,186.32,kPa,valid,simulator
DAM-A-PZ-09,2026-07-01T05:50:00+08:00,1,evt-pz-0070-8,186.52,kPa,valid,simulator
DAM-A-PZ-10,2026-07-01T05:50:00+08:00,1,evt-pz-0070-9,186.72,kPa,valid,simulator
DAM-A-PZ-11,2026-07-01T05:50:00+08:00,1,evt-pz-0070-10,186.92,kPa,valid,simulator
DAM-A-PZ-12,2026-07-01T05:50:00+08:00,1,evt-pz-0070-11,187.12,kPa,valid,simulator
DAM-A-PZ-01,2026-07-01T05:55:00+08:00,1,evt-pz-0071-0,184.896,kPa,valid,simulator
DAM-A-PZ-02,2026-07-01T05:55:00+08:00,1,evt-pz-0071-1,185.096,kPa,valid,simulator
DAM-A-PZ-03,2026-07-01T05:55:00+08:00,1,evt-pz-0071-2,185.296,kPa,valid,simulator
DAM-A-PZ-04,2026-07-01T05:55:00+08:00,1,evt-pz-0071-3,185.496,kPa,valid,simulator
DAM-A-PZ-05,2026-07-01T05:55:00+08:00,1,evt-pz-0071-4,185.696,kPa,valid,simulator
DAM-A-PZ-06,2026-07-01T05:55:00+08:00,1,evt-pz-0071-5,185.896,kPa,valid,simulator
DAM-A-PZ-07,2026-07-01T05:55:00+08:00,1,evt-pz-0071-6,186.096,kPa,valid,simulator
DAM-A-PZ-08,2026-07-01T05:55:00+08:00,1,evt-pz-0071-7,186.296,kPa,valid,simulator
DAM-A-PZ-09,2026-07-01T05:55:00+08:00,1,evt-pz-0071-8,186.496,kPa,valid,simulator
DAM-A-PZ-10,2026-07-01T05:55:00+08:00,1,evt-pz-0071-9,186.696,kPa,valid,simulator
DAM-A-PZ-11,2026-07-01T05:55:00+08:00,1,evt-pz-0071-10,186.896,kPa,valid,simulator
DAM-A-PZ-12,2026-07-01T05:55:00+08:00,1,evt-pz-0071-11,187.096,kPa,valid,simulator
DAM-A-PZ-01,2026-07-01T06:00:00+08:00,1,evt-pz-0072-0,184.869,kPa,valid,simulator
DAM-A-PZ-02,2026-07-01T06:00:00+08:00,1,evt-pz-0072-1,185.069,kPa,valid,simulator
DAM-A-PZ-03,2026-07-01T06:00:00+08:00,1,evt-pz-0072-2,185.269,kPa,valid,simulator
DAM-A-PZ-04,2026-07-01T06:00:00+08:00,1,evt-pz-0072-3,185.469,kPa,valid,simulator
DAM-A-PZ-05,2026-07-01T06:00:00+08:00,1,evt-pz-0072-4,185.669,kPa,valid,simulator
DAM-A-PZ-06,2026-07-01T06:00:00+08:00,1,evt-pz-0072-5,185.869,kPa,valid,simulator
DAM-A-PZ-07,2026-07-01T06:00:00+08:00,1,evt-pz-0072-6,186.069,kPa,valid,simulator
DAM-A-PZ-08,2026-07-01T06:00:00+08:00,1,evt-pz-0072-7,186.269,kPa,valid,simulator
DAM-A-PZ-09,2026-07-01T06:00:00+08:00,1,evt-pz-0072-8,186.469,kPa,valid,simulator
DAM-A-PZ-10,2026-07-01T06:00:00+08:00,1,evt-pz-0072-9,186.669,kPa,valid,simulator
DAM-A-PZ-11,2026-07-01T06:00:00+08:00,1,evt-pz-0072-10,186.869,kPa,valid,simulator
DAM-A-PZ-12,2026-07-01T06:00:00+08:00,1,evt-pz-0072-11,187.069,kPa,valid,simulator
DAM-A-PZ-01,2026-07-01T06:05:00+08:00,1,evt-pz-0073-0,184.839,kPa,valid,simulator
DAM-A-PZ-02,2026-07-01T06:05:00+08:00,1,evt-pz-0073-1,185.039,kPa,valid,simulator
DAM-A-PZ-03,2026-07-01T06:05:00+08:00,1,evt-pz-0073-2,185.239,kPa,valid,simulator
DAM-A-PZ-04,2026-07-01T06:05:00+08:00,1,evt-pz-0073-3,185.439,kPa,valid,simulator
DAM-A-PZ-05,2026-07-01T06:05:00+08:00,1,evt-pz-0073-4,185.639,kPa,valid,simulator
DAM-A-PZ-06,2026-07-01T06:05:00+08:00,1,evt-pz-0073-5,185.839,kPa,valid,simulator
DAM-A-PZ-07,2026-07-01T06:05:00+08:00,1,evt-pz-0073-6,186.039,kPa,valid,simulator
DAM-A-PZ-08,2026-07-01T06:05:00+08:00,1,evt-pz-0073-7,186.239,kPa,valid,simulator
DAM-A-PZ-09,2026-07-01T06:05:00+08:00,1,evt-pz-0073-8,186.439,kPa,valid,simulator
DAM-A-PZ-10,2026-07-01T06:05:00+08:00,1,evt-pz-0073-9,186.639,kPa,valid,simulator
DAM-A-PZ-11,2026-07-01T06:05:00+08:00,1,evt-pz-0073-10,186.839,kPa,valid,simulator
DAM-A-PZ-12,2026-07-01T06:05:00+08:00,1,evt-pz-0073-11,187.039,kPa,valid,simulator
DAM-A-PZ-01,2026-07-01T06:10:00+08:00,1,evt-pz-0074-0,184.806,kPa,valid,simulator
DAM-A-PZ-02,2026-07-01T06:10:00+08:00,1,evt-pz-0074-1,185.006,kPa,valid,simulator
DAM-A-PZ-03,2026-07-01T06:10:00+08:00,1,evt-pz-0074-2,185.206,kPa,valid,simulator
DAM-A-PZ-04,2026-07-01T06:10:00+08:00,1,evt-pz-0074-3,185.406,kPa,valid,simulator
DAM-A-PZ-05,2026-07-01T06:10:00+08:00,1,evt-pz-0074-4,185.606,kPa,valid,simulator
DAM-A-PZ-06,2026-07-01T06:10:00+08:00,1,evt-pz-0074-5,185.806,kPa,valid,simulator
DAM-A-PZ-07,2026-07-01T06:10:00+08:00,1,evt-pz-0074-6,186.006,kPa,valid,simulator
DAM-A-PZ-08,2026-07-01T06:10:00+08:00,1,evt-pz-0074-7,186.206,kPa,valid,simulator
DAM-A-PZ-09,2026-07-01T06:10:00+08:00,1,evt-pz-0074-8,186.406,kPa,valid,simulator
DAM-A-PZ-10,2026-07-01T06:10:00+08:00,1,evt-pz-0074-9,186.606,kPa,valid,simulator
DAM-A-PZ-11,2026-07-01T06:10:00+08:00,1,evt-pz-0074-10,186.806,kPa,valid,simulator
DAM-A-PZ-12,2026-07-01T06:10:00+08:00,1,evt-pz-0074-11,187.006,kPa,valid,simulator
DAM-A-PZ-01,2026-07-01T06:15:00+08:00,1,evt-pz-0075-0,184.77,kPa,valid,simulator
DAM-A-PZ-02,2026-07-01T06:15:00+08:00,1,evt-pz-0075-1,184.97,kPa,valid,simulator
DAM-A-PZ-03,2026-07-01T06:15:00+08:00,1,evt-pz-0075-2,185.17,kPa,valid,simulator
DAM-A-PZ-04,2026-07-01T06:15:00+08:00,1,evt-pz-0075-3,185.37,kPa,valid,simulator
DAM-A-PZ-05,2026-07-01T06:15:00+08:00,1,evt-pz-0075-4,185.57,kPa,valid,simulator
DAM-A-PZ-06,2026-07-01T06:15:00+08:00,1,evt-pz-0075-5,185.77,kPa,valid,simulator
DAM-A-PZ-07,2026-07-01T06:15:00+08:00,1,evt-pz-0075-6,185.97,kPa,valid,simulator
DAM-A-PZ-08,2026-07-01T06:15:00+08:00,1,evt-pz-0075-7,186.17,kPa,valid,simulator
DAM-A-PZ-09,2026-07-01T06:15:00+08:00,1,evt-pz-0075-8,186.37,kPa,valid,simulator
DAM-A-PZ-10,2026-07-01T06:15:00+08:00,1,evt-pz-0075-9,186.57,kPa,valid,simulator
DAM-A-PZ-11,2026-07-01T06:15:00+08:00,1,evt-pz-0075-10,186.77,kPa,valid,simulator
DAM-A-PZ-12,2026-07-01T06:15:00+08:00,1,evt-pz-0075-11,186.97,kPa,valid,simulator
DAM-A-PZ-01,2026-07-01T06:20:00+08:00,1,evt-pz-0076-0,184.732,kPa,valid,simulator
DAM-A-PZ-02,2026-07-01T06:20:00+08:00,1,evt-pz-0076-1,184.932,kPa,valid,simulator
DAM-A-PZ-03,2026-07-01T06:20:00+08:00,1,evt-pz-0076-2,185.132,kPa,valid,simulator
DAM-A-PZ-04,2026-07-01T06:20:00+08:00,1,evt-pz-0076-3,185.332,kPa,valid,simulator
DAM-A-PZ-05,2026-07-01T06:20:00+08:00,1,evt-pz-0076-4,185.532,kPa,valid,simulator
DAM-A-PZ-06,2026-07-01T06:20:00+08:00,1,evt-pz-0076-5,185.732,kPa,valid,simulator
DAM-A-PZ-07,2026-07-01T06:20:00+08:00,1,evt-pz-0076-6,185.932,kPa,valid,simulator
DAM-A-PZ-08,2026-07-01T06:20:00+08:00,1,evt-pz-0076-7,186.132,kPa,valid,simulator
DAM-A-PZ-09,2026-07-01T06:20:00+08:00,1,evt-pz-0076-8,186.332,kPa,valid,simulator
DAM-A-PZ-10,2026-07-01T06:20:00+08:00,1,evt-pz-0076-9,186.532,kPa,valid,simulator
DAM-A-PZ-11,2026-07-01T06:20:00+08:00,1,evt-pz-0076-10,186.732,kPa,valid,simulator
DAM-A-PZ-12,2026-07-01T06:20:00+08:00,1,evt-pz-0076-11,186.932,kPa,valid,simulator
DAM-A-PZ-01,2026-07-01T06:25:00+08:00,1,evt-pz-0077-0,184.69,kPa,valid,simulator
DAM-A-PZ-02,2026-07-01T06:25:00+08:00,1,evt-pz-0077-1,184.89,kPa,valid,simulator
DAM-A-PZ-03,2026-07-01T06:25:00+08:00,1,evt-pz-0077-2,185.09,kPa,valid,simulator
DAM-A-PZ-04,2026-07-01T06:25:00+08:00,1,evt-pz-0077-3,185.29,kPa,valid,simulator
DAM-A-PZ-05,2026-07-01T06:25:00+08:00,1,evt-pz-0077-4,185.49,kPa,valid,simulator
DAM-A-PZ-06,2026-07-01T06:25:00+08:00,1,evt-pz-0077-5,185.69,kPa,valid,simulator
DAM-A-PZ-07,2026-07-01T06:25:00+08:00,1,evt-pz-0077-6,185.89,kPa,valid,simulator
DAM-A-PZ-08,2026-07-01T06:25:00+08:00,1,evt-pz-0077-7,186.09,kPa,valid,simulator
DAM-A-PZ-09,2026-07-01T06:25:00+08:00,1,evt-pz-0077-8,186.29,kPa,valid,simulator
DAM-A-PZ-10,2026-07-01T06:25:00+08:00,1,evt-pz-0077-9,186.49,kPa,valid,simulator
DAM-A-PZ-11,2026-07-01T06:25:00+08:00,1,evt-pz-0077-10,186.69,kPa,valid,simulator
DAM-A-PZ-12,2026-07-01T06:25:00+08:00,1,evt-pz-0077-11,186.89,kPa,valid,simulator
DAM-A-PZ-01,2026-07-01T06:30:00+08:00,1,evt-pz-0078-0,184.645,kPa,valid,simulator
DAM-A-PZ-02,2026-07-01T06:30:00+08:00,1,evt-pz-0078-1,184.845,kPa,valid,simulator
DAM-A-PZ-03,2026-07-01T06:30:00+08:00,1,evt-pz-0078-2,185.045,kPa,valid,simulator
DAM-A-PZ-04,2026-07-01T06:30:00+08:00,1,evt-pz-0078-3,185.245,kPa,valid,simulator
DAM-A-PZ-05,2026-07-01T06:30:00+08:00,1,evt-pz-0078-4,185.445,kPa,valid,simulator
DAM-A-PZ-06,2026-07-01T06:30:00+08:00,1,evt-pz-0078-5,185.645,kPa,valid,simulator
DAM-A-PZ-07,2026-07-01T06:30:00+08:00,1,evt-pz-0078-6,185.845,kPa,valid,simulator
DAM-A-PZ-08,2026-07-01T06:30:00+08:00,1,evt-pz-0078-7,186.045,kPa,valid,simulator
DAM-A-PZ-09,2026-07-01T06:30:00+08:00,1,evt-pz-0078-8,186.245,kPa,valid,simulator
DAM-A-PZ-10,2026-07-01T06:30:00+08:00,1,evt-pz-0078-9,186.445,kPa,valid,simulator
DAM-A-PZ-11,2026-07-01T06:30:00+08:00,1,evt-pz-0078-10,186.645,kPa,valid,simulator
DAM-A-PZ-12,2026-07-01T06:30:00+08:00,1,evt-pz-0078-11,186.845,kPa,valid,simulator
DAM-A-PZ-01,2026-07-01T06:35:00+08:00,1,evt-pz-0079-0,184.597,kPa,valid,simulator
DAM-A-PZ-02,2026-07-01T06:35:00+08:00,1,evt-pz-0079-1,184.797,kPa,valid,simulator
DAM-A-PZ-03,2026-07-01T06:35:00+08:00,1,evt-pz-0079-2,184.997,kPa,valid,simulator
DAM-A-PZ-04,2026-07-01T06:35:00+08:00,1,evt-pz-0079-3,185.197,kPa,valid,simulator
DAM-A-PZ-05,2026-07-01T06:35:00+08:00,1,evt-pz-0079-4,185.397,kPa,valid,simulator
DAM-A-PZ-06,2026-07-01T06:35:00+08:00,1,evt-pz-0079-5,185.597,kPa,valid,simulator
DAM-A-PZ-07,2026-07-01T06:35:00+08:00,1,evt-pz-0079-6,185.797,kPa,valid,simulator
DAM-A-PZ-08,2026-07-01T06:35:00+08:00,1,evt-pz-0079-7,185.997,kPa,valid,simulator
DAM-A-PZ-09,2026-07-01T06:35:00+08:00,1,evt-pz-0079-8,186.197,kPa,valid,simulator
DAM-A-PZ-10,2026-07-01T06:35:00+08:00,1,evt-pz-0079-9,186.397,kPa,valid,simulator
DAM-A-PZ-11,2026-07-01T06:35:00+08:00,1,evt-pz-0079-10,186.597,kPa,valid,simulator
DAM-A-PZ-12,2026-07-01T06:35:00+08:00,1,evt-pz-0079-11,186.797,kPa,valid,simulator
DAM-A-PZ-01,2026-07-01T06:40:00+08:00,1,evt-pz-0080-0,184.546,kPa,valid,simulator
DAM-A-PZ-02,2026-07-01T06:40:00+08:00,1,evt-pz-0080-1,184.746,kPa,valid,simulator
DAM-A-PZ-03,2026-07-01T06:40:00+08:00,1,evt-pz-0080-2,184.946,kPa,valid,simulator
DAM-A-PZ-04,2026-07-01T06:40:00+08:00,1,evt-pz-0080-3,185.146,kPa,valid,simulator
DAM-A-PZ-05,2026-07-01T06:40:00+08:00,1,evt-pz-0080-4,185.346,kPa,valid,simulator
DAM-A-PZ-06,2026-07-01T06:40:00+08:00,1,evt-pz-0080-5,185.546,kPa,valid,simulator
DAM-A-PZ-07,2026-07-01T06:40:00+08:00,1,evt-pz-0080-6,185.746,kPa,valid,simulator
DAM-A-PZ-08,2026-07-01T06:40:00+08:00,1,evt-pz-0080-7,185.946,kPa,valid,simulator
DAM-A-PZ-09,2026-07-01T06:40:00+08:00,1,evt-pz-0080-8,186.146,kPa,valid,simulator
DAM-A-PZ-10,2026-07-01T06:40:00+08:00,1,evt-pz-0080-9,186.346,kPa,valid,simulator
DAM-A-PZ-11,2026-07-01T06:40:00+08:00,1,evt-pz-0080-10,186.546,kPa,valid,simulator
DAM-A-PZ-12,2026-07-01T06:40:00+08:00,1,evt-pz-0080-11,186.746,kPa,valid,simulator
DAM-A-PZ-01,2026-07-01T06:45:00+08:00,1,evt-pz-0081-0,184.493,kPa,valid,simulator
DAM-A-PZ-02,2026-07-01T06:45:00+08:00,1,evt-pz-0081-1,184.693,kPa,valid,simulator
DAM-A-PZ-03,2026-07-01T06:45:00+08:00,1,evt-pz-0081-2,184.893,kPa,valid,simulator
DAM-A-PZ-04,2026-07-01T06:45:00+08:00,1,evt-pz-0081-3,185.093,kPa,valid,simulator
DAM-A-PZ-05,2026-07-01T06:45:00+08:00,1,evt-pz-0081-4,185.293,kPa,valid,simulator
DAM-A-PZ-06,2026-07-01T06:45:00+08:00,1,evt-pz-0081-5,185.493,kPa,valid,simulator
DAM-A-PZ-07,2026-07-01T06:45:00+08:00,1,evt-pz-0081-6,185.693,kPa,valid,simulator
DAM-A-PZ-08,2026-07-01T06:45:00+08:00,1,evt-pz-0081-7,185.893,kPa,valid,simulator
DAM-A-PZ-09,2026-07-01T06:45:00+08:00,1,evt-pz-0081-8,186.093,kPa,valid,simulator
DAM-A-PZ-10,2026-07-01T06:45:00+08:00,1,evt-pz-0081-9,186.293,kPa,valid,simulator
DAM-A-PZ-11,2026-07-01T06:45:00+08:00,1,evt-pz-0081-10,186.493,kPa,valid,simulator
DAM-A-PZ-12,2026-07-01T06:45:00+08:00,1,evt-pz-0081-11,186.693,kPa,valid,simulator
DAM-A-PZ-01,2026-07-01T06:50:00+08:00,1,evt-pz-0082-0,184.437,kPa,valid,simulator
DAM-A-PZ-02,2026-07-01T06:50:00+08:00,1,evt-pz-0082-1,184.637,kPa,valid,simulator
DAM-A-PZ-03,2026-07-01T06:50:00+08:00,1,evt-pz-0082-2,184.837,kPa,valid,simulator
DAM-A-PZ-04,2026-07-01T06:50:00+08:00,1,evt-pz-0082-3,185.037,kPa,valid,simulator
DAM-A-PZ-05,2026-07-01T06:50:00+08:00,1,evt-pz-0082-4,185.237,kPa,valid,simulator
DAM-A-PZ-06,2026-07-01T06:50:00+08:00,1,evt-pz-0082-5,185.437,kPa,valid,simulator
DAM-A-PZ-07,2026-07-01T06:50:00+08:00,1,evt-pz-0082-6,185.637,kPa,valid,simulator
DAM-A-PZ-08,2026-07-01T06:50:00+08:00,1,evt-pz-0082-7,185.837,kPa,valid,simulator
DAM-A-PZ-09,2026-07-01T06:50:00+08:00,1,evt-pz-0082-8,186.037,kPa,valid,simulator
DAM-A-PZ-10,2026-07-01T06:50:00+08:00,1,evt-pz-0082-9,186.237,kPa,valid,simulator
DAM-A-PZ-11,2026-07-01T06:50:00+08:00,1,evt-pz-0082-10,186.437,kPa,valid,simulator
DAM-A-PZ-12,2026-07-01T06:50:00+08:00,1,evt-pz-0082-11,186.637,kPa,valid,simulator
DAM-A-PZ-01,2026-07-01T06:55:00+08:00,1,evt-pz-0083-0,184.378,kPa,valid,simulator
DAM-A-PZ-02,2026-07-01T06:55:00+08:00,1,evt-pz-0083-1,184.578,kPa,valid,simulator
DAM-A-PZ-03,2026-07-01T06:55:00+08:00,1,evt-pz-0083-2,184.778,kPa,valid,simulator
DAM-A-PZ-04,2026-07-01T06:55:00+08:00,1,evt-pz-0083-3,184.978,kPa,valid,simulator
DAM-A-PZ-05,2026-07-01T06:55:00+08:00,1,evt-pz-0083-4,185.178,kPa,valid,simulator
DAM-A-PZ-06,2026-07-01T06:55:00+08:00,1,evt-pz-0083-5,185.378,kPa,valid,simulator
DAM-A-PZ-07,2026-07-01T06:55:00+08:00,1,evt-pz-0083-6,185.578,kPa,valid,simulator
DAM-A-PZ-08,2026-07-01T06:55:00+08:00,1,evt-pz-0083-7,185.778,kPa,valid,simulator
DAM-A-PZ-09,2026-07-01T06:55:00+08:00,1,evt-pz-0083-8,185.978,kPa,valid,simulator
DAM-A-PZ-10,2026-07-01T06:55:00+08:00,1,evt-pz-0083-9,186.178,kPa,valid,simulator
DAM-A-PZ-11,2026-07-01T06:55:00+08:00,1,evt-pz-0083-10,186.378,kPa,valid,simulator
DAM-A-PZ-12,2026-07-01T06:55:00+08:00,1,evt-pz-0083-11,186.578,kPa,valid,simulator
DAM-A-PZ-01,2026-07-01T07:00:00+08:00,1,evt-pz-0084-0,184.316,kPa,valid,simulator
DAM-A-PZ-02,2026-07-01T07:00:00+08:00,1,evt-pz-0084-1,184.516,kPa,valid,simulator
DAM-A-PZ-03,2026-07-01T07:00:00+08:00,1,evt-pz-0084-2,184.716,kPa,valid,simulator
DAM-A-PZ-04,2026-07-01T07:00:00+08:00,1,evt-pz-0084-3,184.916,kPa,valid,simulator
DAM-A-PZ-05,2026-07-01T07:00:00+08:00,1,evt-pz-0084-4,185.116,kPa,valid,simulator
DAM-A-PZ-06,2026-07-01T07:00:00+08:00,1,evt-pz-0084-5,185.316,kPa,valid,simulator
DAM-A-PZ-07,2026-07-01T07:00:00+08:00,1,evt-pz-0084-6,185.516,kPa,valid,simulator
DAM-A-PZ-08,2026-07-01T07:00:00+08:00,1,evt-pz-0084-7,185.716,kPa,valid,simulator
DAM-A-PZ-09,2026-07-01T07:00:00+08:00,1,evt-pz-0084-8,185.916,kPa,valid,simulator
DAM-A-PZ-10,2026-07-01T07:00:00+08:00,1,evt-pz-0084-9,186.116,kPa,valid,simulator
DAM-A-PZ-11,2026-07-01T07:00:00+08:00,1,evt-pz-0084-10,186.316,kPa,valid,simulator
DAM-A-PZ-12,2026-07-01T07:00:00+08:00,1,evt-pz-0084-11,186.516,kPa,valid,simulator
DAM-A-PZ-01,2026-07-01T07:05:00+08:00,1,evt-pz-0085-0,184.252,kPa,valid,simulator
DAM-A-PZ-02,2026-07-01T07:05:00+08:00,1,evt-pz-0085-1,184.452,kPa,valid,simulator
DAM-A-PZ-03,2026-07-01T07:05:00+08:00,1,evt-pz-0085-2,184.652,kPa,valid,simulator
DAM-A-PZ-04,2026-07-01T07:05:00+08:00,1,evt-pz-0085-3,184.852,kPa,valid,simulator
DAM-A-PZ-05,2026-07-01T07:05:00+08:00,1,evt-pz-0085-4,185.052,kPa,valid,simulator
DAM-A-PZ-06,2026-07-01T07:05:00+08:00,1,evt-pz-0085-5,185.252,kPa,valid,simulator
DAM-A-PZ-07,2026-07-01T07:05:00+08:00,1,evt-pz-0085-6,185.452,kPa,valid,simulator
DAM-A-PZ-08,2026-07-01T07:05:00+08:00,1,evt-pz-0085-7,185.652,kPa,valid,simulator
DAM-A-PZ-09,2026-07-01T07:05:00+08:00,1,evt-pz-0085-8,185.852,kPa,valid,simulator
DAM-A-PZ-10,2026-07-01T07:05:00+08:00,1,evt-pz-0085-9,186.052,kPa,valid,simulator
DAM-A-PZ-11,2026-07-01T07:05:00+08:00,1,evt-pz-0085-10,186.252,kPa,valid,simulator
DAM-A-PZ-12,2026-07-01T07:05:00+08:00,1,evt-pz-0085-11,186.452,kPa,valid,simulator
DAM-A-PZ-01,2026-07-01T07:10:00+08:00,1,evt-pz-0086-0,184.184,kPa,valid,simulator
DAM-A-PZ-02,2026-07-01T07:10:00+08:00,1,evt-pz-0086-1,184.384,kPa,valid,simulator
DAM-A-PZ-03,2026-07-01T07:10:00+08:00,1,evt-pz-0086-2,184.584,kPa,valid,simulator
DAM-A-PZ-04,2026-07-01T07:10:00+08:00,1,evt-pz-0086-3,184.784,kPa,valid,simulator
DAM-A-PZ-05,2026-07-01T07:10:00+08:00,1,evt-pz-0086-4,184.984,kPa,valid,simulator
DAM-A-PZ-06,2026-07-01T07:10:00+08:00,1,evt-pz-0086-5,185.184,kPa,valid,simulator
DAM-A-PZ-07,2026-07-01T07:10:00+08:00,1,evt-pz-0086-6,185.384,kPa,valid,simulator
DAM-A-PZ-08,2026-07-01T07:10:00+08:00,1,evt-pz-0086-7,185.584,kPa,valid,simulator
DAM-A-PZ-09,2026-07-01T07:10:00+08:00,1,evt-pz-0086-8,185.784,kPa,valid,simulator
DAM-A-PZ-10,2026-07-01T07:10:00+08:00,1,evt-pz-0086-9,185.984,kPa,valid,simulator
DAM-A-PZ-11,2026-07-01T07:10:00+08:00,1,evt-pz-0086-10,186.184,kPa,valid,simulator
DAM-A-PZ-12,2026-07-01T07:10:00+08:00,1,evt-pz-0086-11,186.384,kPa,valid,simulator
DAM-A-PZ-01,2026-07-01T07:15:00+08:00,1,evt-pz-0087-0,184.115,kPa,valid,simulator
DAM-A-PZ-02,2026-07-01T07:15:00+08:00,1,evt-pz-0087-1,184.315,kPa,valid,simulator
DAM-A-PZ-03,2026-07-01T07:15:00+08:00,1,evt-pz-0087-2,184.515,kPa,valid,simulator
DAM-A-PZ-04,2026-07-01T07:15:00+08:00,1,evt-pz-0087-3,184.715,kPa,valid,simulator
DAM-A-PZ-05,2026-07-01T07:15:00+08:00,1,evt-pz-0087-4,184.915,kPa,valid,simulator
DAM-A-PZ-06,2026-07-01T07:15:00+08:00,1,evt-pz-0087-5,185.115,kPa,valid,simulator
DAM-A-PZ-07,2026-07-01T07:15:00+08:00,1,evt-pz-0087-6,185.315,kPa,valid,simulator
DAM-A-PZ-08,2026-07-01T07:15:00+08:00,1,evt-pz-0087-7,185.515,kPa,valid,simulator
DAM-A-PZ-09,2026-07-01T07:15:00+08:00,1,evt-pz-0087-8,185.715,kPa,valid,simulator
DAM-A-PZ-10,2026-07-01T07:15:00+08:00,1,evt-pz-0087-9,185.915,kPa,valid,simulator
DAM-A-PZ-11,2026-07-01T07:15:00+08:00,1,evt-pz-0087-10,186.115,kPa,valid,simulator
DAM-A-PZ-12,2026-07-01T07:15:00+08:00,1,evt-pz-0087-11,186.315,kPa,valid,simulator
DAM-A-PZ-01,2026-07-01T07:20:00+08:00,1,evt-pz-0088-0,184.042,kPa,valid,simulator
DAM-A-PZ-02,2026-07-01T07:20:00+08:00,1,evt-pz-0088-1,184.242,kPa,valid,simulator
DAM-A-PZ-03,2026-07-01T07:20:00+08:00,1,evt-pz-0088-2,184.442,kPa,valid,simulator
DAM-A-PZ-04,2026-07-01T07:20:00+08:00,1,evt-pz-0088-3,184.642,kPa,valid,simulator
DAM-A-PZ-05,2026-07-01T07:20:00+08:00,1,evt-pz-0088-4,184.842,kPa,valid,simulator
DAM-A-PZ-06,2026-07-01T07:20:00+08:00,1,evt-pz-0088-5,185.042,kPa,valid,simulator
DAM-A-PZ-07,2026-07-01T07:20:00+08:00,1,evt-pz-0088-6,185.242,kPa,valid,simulator
DAM-A-PZ-08,2026-07-01T07:20:00+08:00,1,evt-pz-0088-7,185.442,kPa,valid,simulator
DAM-A-PZ-09,2026-07-01T07:20:00+08:00,1,evt-pz-0088-8,185.642,kPa,valid,simulator
DAM-A-PZ-10,2026-07-01T07:20:00+08:00,1,evt-pz-0088-9,185.842,kPa,valid,simulator
DAM-A-PZ-11,2026-07-01T07:20:00+08:00,1,evt-pz-0088-10,186.042,kPa,valid,simulator
DAM-A-PZ-12,2026-07-01T07:20:00+08:00,1,evt-pz-0088-11,186.242,kPa,valid,simulator
DAM-A-PZ-01,2026-07-01T07:25:00+08:00,1,evt-pz-0089-0,183.968,kPa,valid,simulator
DAM-A-PZ-02,2026-07-01T07:25:00+08:00,1,evt-pz-0089-1,184.168,kPa,valid,simulator
DAM-A-PZ-03,2026-07-01T07:25:00+08:00,1,evt-pz-0089-2,184.368,kPa,valid,simulator
DAM-A-PZ-04,2026-07-01T07:25:00+08:00,1,evt-pz-0089-3,184.568,kPa,valid,simulator
DAM-A-PZ-05,2026-07-01T07:25:00+08:00,1,evt-pz-0089-4,184.768,kPa,valid,simulator
DAM-A-PZ-06,2026-07-01T07:25:00+08:00,1,evt-pz-0089-5,184.968,kPa,valid,simulator
DAM-A-PZ-07,2026-07-01T07:25:00+08:00,1,evt-pz-0089-6,185.168,kPa,valid,simulator
DAM-A-PZ-08,2026-07-01T07:25:00+08:00,1,evt-pz-0089-7,185.368,kPa,valid,simulator
DAM-A-PZ-09,2026-07-01T07:25:00+08:00,1,evt-pz-0089-8,185.568,kPa,valid,simulator
DAM-A-PZ-10,2026-07-01T07:25:00+08:00,1,evt-pz-0089-9,185.768,kPa,valid,simulator
DAM-A-PZ-11,2026-07-01T07:25:00+08:00,1,evt-pz-0089-10,185.968,kPa,valid,simulator
DAM-A-PZ-12,2026-07-01T07:25:00+08:00,1,evt-pz-0089-11,186.168,kPa,valid,simulator
DAM-A-PZ-01,2026-07-01T07:30:00+08:00,1,evt-pz-0090-0,183.89,kPa,valid,simulator
DAM-A-PZ-02,2026-07-01T07:30:00+08:00,1,evt-pz-0090-1,184.09,kPa,valid,simulator
DAM-A-PZ-03,2026-07-01T07:30:00+08:00,1,evt-pz-0090-2,184.29,kPa,valid,simulator
DAM-A-PZ-04,2026-07-01T07:30:00+08:00,1,evt-pz-0090-3,184.49,kPa,valid,simulator
DAM-A-PZ-05,2026-07-01T07:30:00+08:00,1,evt-pz-0090-4,184.69,kPa,valid,simulator
DAM-A-PZ-06,2026-07-01T07:30:00+08:00,1,evt-pz-0090-5,184.89,kPa,valid,simulator
DAM-A-PZ-07,2026-07-01T07:30:00+08:00,1,evt-pz-0090-6,185.09,kPa,valid,simulator
DAM-A-PZ-08,2026-07-01T07:30:00+08:00,1,evt-pz-0090-7,185.29,kPa,valid,simulator
DAM-A-PZ-09,2026-07-01T07:30:00+08:00,1,evt-pz-0090-8,185.49,kPa,valid,simulator
DAM-A-PZ-10,2026-07-01T07:30:00+08:00,1,evt-pz-0090-9,185.69,kPa,valid,simulator
DAM-A-PZ-11,2026-07-01T07:30:00+08:00,1,evt-pz-0090-10,185.89,kPa,valid,simulator
DAM-A-PZ-12,2026-07-01T07:30:00+08:00,1,evt-pz-0090-11,186.09,kPa,valid,simulator
DAM-A-PZ-01,2026-07-01T07:35:00+08:00,1,evt-pz-0091-0,183.811,kPa,valid,simulator
DAM-A-PZ-02,2026-07-01T07:35:00+08:00,1,evt-pz-0091-1,184.011,kPa,valid,simulator
DAM-A-PZ-03,2026-07-01T07:35:00+08:00,1,evt-pz-0091-2,184.211,kPa,valid,simulator
DAM-A-PZ-04,2026-07-01T07:35:00+08:00,1,evt-pz-0091-3,184.411,kPa,valid,simulator
DAM-A-PZ-05,2026-07-01T07:35:00+08:00,1,evt-pz-0091-4,184.611,kPa,valid,simulator
DAM-A-PZ-06,2026-07-01T07:35:00+08:00,1,evt-pz-0091-5,184.811,kPa,valid,simulator
DAM-A-PZ-07,2026-07-01T07:35:00+08:00,1,evt-pz-0091-6,185.011,kPa,valid,simulator
DAM-A-PZ-08,2026-07-01T07:35:00+08:00,1,evt-pz-0091-7,185.211,kPa,valid,simulator
DAM-A-PZ-09,2026-07-01T07:35:00+08:00,1,evt-pz-0091-8,185.411,kPa,valid,simulator
DAM-A-PZ-10,2026-07-01T07:35:00+08:00,1,evt-pz-0091-9,185.611,kPa,valid,simulator
DAM-A-PZ-11,2026-07-01T07:35:00+08:00,1,evt-pz-0091-10,185.811,kPa,valid,simulator
DAM-A-PZ-12,2026-07-01T07:35:00+08:00,1,evt-pz-0091-11,186.011,kPa,valid,simulator
DAM-A-PZ-01,2026-07-01T07:40:00+08:00,1,evt-pz-0092-0,183.729,kPa,valid,simulator
DAM-A-PZ-02,2026-07-01T07:40:00+08:00,1,evt-pz-0092-1,183.929,kPa,valid,simulator
DAM-A-PZ-03,2026-07-01T07:40:00+08:00,1,evt-pz-0092-2,184.129,kPa,valid,simulator
DAM-A-PZ-04,2026-07-01T07:40:00+08:00,1,evt-pz-0092-3,184.329,kPa,valid,simulator
DAM-A-PZ-05,2026-07-01T07:40:00+08:00,1,evt-pz-0092-4,184.529,kPa,valid,simulator
DAM-A-PZ-06,2026-07-01T07:40:00+08:00,1,evt-pz-0092-5,184.729,kPa,valid,simulator
DAM-A-PZ-07,2026-07-01T07:40:00+08:00,1,evt-pz-0092-6,184.929,kPa,valid,simulator
DAM-A-PZ-08,2026-07-01T07:40:00+08:00,1,evt-pz-0092-7,185.129,kPa,valid,simulator
DAM-A-PZ-09,2026-07-01T07:40:00+08:00,1,evt-pz-0092-8,185.329,kPa,valid,simulator
DAM-A-PZ-10,2026-07-01T07:40:00+08:00,1,evt-pz-0092-9,185.529,kPa,valid,simulator
DAM-A-PZ-11,2026-07-01T07:40:00+08:00,1,evt-pz-0092-10,185.729,kPa,valid,simulator
DAM-A-PZ-12,2026-07-01T07:40:00+08:00,1,evt-pz-0092-11,185.929,kPa,valid,simulator
DAM-A-PZ-01,2026-07-01T07:45:00+08:00,1,evt-pz-0093-0,183.644,kPa,valid,simulator
DAM-A-PZ-02,2026-07-01T07:45:00+08:00,1,evt-pz-0093-1,183.844,kPa,valid,simulator
DAM-A-PZ-03,2026-07-01T07:45:00+08:00,1,evt-pz-0093-2,184.044,kPa,valid,simulator
DAM-A-PZ-04,2026-07-01T07:45:00+08:00,1,evt-pz-0093-3,184.244,kPa,valid,simulator
DAM-A-PZ-05,2026-07-01T07:45:00+08:00,1,evt-pz-0093-4,184.444,kPa,valid,simulator
DAM-A-PZ-06,2026-07-01T07:45:00+08:00,1,evt-pz-0093-5,184.644,kPa,valid,simulator
DAM-A-PZ-07,2026-07-01T07:45:00+08:00,1,evt-pz-0093-6,184.844,kPa,valid,simulator
DAM-A-PZ-08,2026-07-01T07:45:00+08:00,1,evt-pz-0093-7,185.044,kPa,valid,simulator
DAM-A-PZ-09,2026-07-01T07:45:00+08:00,1,evt-pz-0093-8,185.244,kPa,valid,simulator
DAM-A-PZ-10,2026-07-01T07:45:00+08:00,1,evt-pz-0093-9,185.444,kPa,valid,simulator
DAM-A-PZ-11,2026-07-01T07:45:00+08:00,1,evt-pz-0093-10,185.644,kPa,valid,simulator
DAM-A-PZ-12,2026-07-01T07:45:00+08:00,1,evt-pz-0093-11,185.844,kPa,valid,simulator
DAM-A-PZ-01,2026-07-01T07:50:00+08:00,1,evt-pz-0094-0,183.557,kPa,valid,simulator
DAM-A-PZ-02,2026-07-01T07:50:00+08:00,1,evt-pz-0094-1,183.757,kPa,valid,simulator
DAM-A-PZ-03,2026-07-01T07:50:00+08:00,1,evt-pz-0094-2,183.957,kPa,valid,simulator
DAM-A-PZ-04,2026-07-01T07:50:00+08:00,1,evt-pz-0094-3,184.157,kPa,valid,simulator
DAM-A-PZ-05,2026-07-01T07:50:00+08:00,1,evt-pz-0094-4,184.357,kPa,valid,simulator
DAM-A-PZ-06,2026-07-01T07:50:00+08:00,1,evt-pz-0094-5,184.557,kPa,valid,simulator
DAM-A-PZ-07,2026-07-01T07:50:00+08:00,1,evt-pz-0094-6,184.757,kPa,valid,simulator
DAM-A-PZ-08,2026-07-01T07:50:00+08:00,1,evt-pz-0094-7,184.957,kPa,valid,simulator
DAM-A-PZ-09,2026-07-01T07:50:00+08:00,1,evt-pz-0094-8,185.157,kPa,valid,simulator
DAM-A-PZ-10,2026-07-01T07:50:00+08:00,1,evt-pz-0094-9,185.357,kPa,valid,simulator
DAM-A-PZ-11,2026-07-01T07:50:00+08:00,1,evt-pz-0094-10,185.557,kPa,valid,simulator
DAM-A-PZ-12,2026-07-01T07:50:00+08:00,1,evt-pz-0094-11,185.757,kPa,valid,simulator
DAM-A-PZ-01,2026-07-01T07:55:00+08:00,1,evt-pz-0095-0,183.468,kPa,valid,simulator
DAM-A-PZ-02,2026-07-01T07:55:00+08:00,1,evt-pz-0095-1,183.668,kPa,valid,simulator
DAM-A-PZ-03,2026-07-01T07:55:00+08:00,1,evt-pz-0095-2,183.868,kPa,valid,simulator
DAM-A-PZ-04,2026-07-01T07:55:00+08:00,1,evt-pz-0095-3,184.068,kPa,valid,simulator
DAM-A-PZ-05,2026-07-01T07:55:00+08:00,1,evt-pz-0095-4,184.268,kPa,valid,simulator
DAM-A-PZ-06,2026-07-01T07:55:00+08:00,1,evt-pz-0095-5,184.468,kPa,valid,simulator
DAM-A-PZ-07,2026-07-01T07:55:00+08:00,1,evt-pz-0095-6,184.668,kPa,valid,simulator
DAM-A-PZ-08,2026-07-01T07:55:00+08:00,1,evt-pz-0095-7,184.868,kPa,valid,simulator
DAM-A-PZ-09,2026-07-01T07:55:00+08:00,1,evt-pz-0095-8,185.068,kPa,valid,simulator
DAM-A-PZ-10,2026-07-01T07:55:00+08:00,1,evt-pz-0095-9,185.268,kPa,valid,simulator
DAM-A-PZ-11,2026-07-01T07:55:00+08:00,1,evt-pz-0095-10,185.468,kPa,valid,simulator
DAM-A-PZ-12,2026-07-01T07:55:00+08:00,1,evt-pz-0095-11,185.668,kPa,valid,simulator
DAM-A-PZ-01,2026-07-01T08:00:00+08:00,1,evt-pz-0096-0,183.377,kPa,valid,simulator
DAM-A-PZ-02,2026-07-01T08:00:00+08:00,1,evt-pz-0096-1,183.577,kPa,valid,simulator
DAM-A-PZ-03,2026-07-01T08:00:00+08:00,1,evt-pz-0096-2,183.777,kPa,valid,simulator
DAM-A-PZ-04,2026-07-01T08:00:00+08:00,1,evt-pz-0096-3,183.977,kPa,valid,simulator
DAM-A-PZ-05,2026-07-01T08:00:00+08:00,1,evt-pz-0096-4,184.177,kPa,valid,simulator
DAM-A-PZ-06,2026-07-01T08:00:00+08:00,1,evt-pz-0096-5,184.377,kPa,valid,simulator
DAM-A-PZ-07,2026-07-01T08:00:00+08:00,1,evt-pz-0096-6,184.577,kPa,valid,simulator
DAM-A-PZ-08,2026-07-01T08:00:00+08:00,1,evt-pz-0096-7,184.777,kPa,valid,simulator
DAM-A-PZ-09,2026-07-01T08:00:00+08:00,1,evt-pz-0096-8,184.977,kPa,valid,simulator
DAM-A-PZ-10,2026-07-01T08:00:00+08:00,1,evt-pz-0096-9,185.177,kPa,valid,simulator
DAM-A-PZ-11,2026-07-01T08:00:00+08:00,1,evt-pz-0096-10,185.377,kPa,valid,simulator
DAM-A-PZ-12,2026-07-01T08:00:00+08:00,1,evt-pz-0096-11,185.577,kPa,valid,simulator
DAM-A-PZ-01,2026-07-01T08:05:00+08:00,1,evt-pz-0097-0,183.284,kPa,valid,simulator
DAM-A-PZ-02,2026-07-01T08:05:00+08:00,1,evt-pz-0097-1,183.484,kPa,valid,simulator
DAM-A-PZ-03,2026-07-01T08:05:00+08:00,1,evt-pz-0097-2,183.684,kPa,valid,simulator
DAM-A-PZ-04,2026-07-01T08:05:00+08:00,1,evt-pz-0097-3,183.884,kPa,valid,simulator
DAM-A-PZ-05,2026-07-01T08:05:00+08:00,1,evt-pz-0097-4,184.084,kPa,valid,simulator
DAM-A-PZ-06,2026-07-01T08:05:00+08:00,1,evt-pz-0097-5,184.284,kPa,valid,simulator
DAM-A-PZ-07,2026-07-01T08:05:00+08:00,1,evt-pz-0097-6,184.484,kPa,valid,simulator
DAM-A-PZ-08,2026-07-01T08:05:00+08:00,1,evt-pz-0097-7,184.684,kPa,valid,simulator
DAM-A-PZ-09,2026-07-01T08:05:00+08:00,1,evt-pz-0097-8,184.884,kPa,valid,simulator
DAM-A-PZ-10,2026-07-01T08:05:00+08:00,1,evt-pz-0097-9,185.084,kPa,valid,simulator
DAM-A-PZ-11,2026-07-01T08:05:00+08:00,1,evt-pz-0097-10,185.284,kPa,valid,simulator
DAM-A-PZ-12,2026-07-01T08:05:00+08:00,1,evt-pz-0097-11,185.484,kPa,valid,simulator
DAM-A-PZ-01,2026-07-01T08:10:00+08:00,1,evt-pz-0098-0,183.189,kPa,valid,simulator
DAM-A-PZ-02,2026-07-01T08:10:00+08:00,1,evt-pz-0098-1,183.389,kPa,valid,simulator
DAM-A-PZ-03,2026-07-01T08:10:00+08:00,1,evt-pz-0098-2,183.589,kPa,valid,simulator
DAM-A-PZ-04,2026-07-01T08:10:00+08:00,1,evt-pz-0098-3,183.789,kPa,valid,simulator
DAM-A-PZ-05,2026-07-01T08:10:00+08:00,1,evt-pz-0098-4,183.989,kPa,valid,simulator
DAM-A-PZ-06,2026-07-01T08:10:00+08:00,1,evt-pz-0098-5,184.189,kPa,valid,simulator
DAM-A-PZ-07,2026-07-01T08:10:00+08:00,1,evt-pz-0098-6,184.389,kPa,valid,simulator
DAM-A-PZ-08,2026-07-01T08:10:00+08:00,1,evt-pz-0098-7,184.589,kPa,valid,simulator
DAM-A-PZ-09,2026-07-01T08:10:00+08:00,1,evt-pz-0098-8,184.789,kPa,valid,simulator
DAM-A-PZ-10,2026-07-01T08:10:00+08:00,1,evt-pz-0098-9,184.989,kPa,valid,simulator
DAM-A-PZ-11,2026-07-01T08:10:00+08:00,1,evt-pz-0098-10,185.189,kPa,valid,simulator
DAM-A-PZ-12,2026-07-01T08:10:00+08:00,1,evt-pz-0098-11,185.389,kPa,valid,simulator
DAM-A-PZ-01,2026-07-01T08:15:00+08:00,1,evt-pz-0099-0,183.092,kPa,valid,simulator
DAM-A-PZ-02,2026-07-01T08:15:00+08:00,1,evt-pz-0099-1,183.292,kPa,valid,simulator
DAM-A-PZ-03,2026-07-01T08:15:00+08:00,1,evt-pz-0099-2,183.492,kPa,valid,simulator
DAM-A-PZ-04,2026-07-01T08:15:00+08:00,1,evt-pz-0099-3,183.692,kPa,valid,simulator
DAM-A-PZ-05,2026-07-01T08:15:00+08:00,1,evt-pz-0099-4,183.892,kPa,valid,simulator
DAM-A-PZ-06,2026-07-01T08:15:00+08:00,1,evt-pz-0099-5,184.092,kPa,valid,simulator
DAM-A-PZ-07,2026-07-01T08:15:00+08:00,1,evt-pz-0099-6,184.292,kPa,valid,simulator
DAM-A-PZ-08,2026-07-01T08:15:00+08:00,1,evt-pz-0099-7,184.492,kPa,valid,simulator
DAM-A-PZ-09,2026-07-01T08:15:00+08:00,1,evt-pz-0099-8,184.692,kPa,valid,simulator
DAM-A-PZ-10,2026-07-01T08:15:00+08:00,1,evt-pz-0099-9,184.892,kPa,valid,simulator
DAM-A-PZ-11,2026-07-01T08:15:00+08:00,1,evt-pz-0099-10,185.092,kPa,valid,simulator
DAM-A-PZ-12,2026-07-01T08:15:00+08:00,1,evt-pz-0099-11,185.292,kPa,valid,simulator
DAM-A-PZ-01,2026-07-01T08:20:00+08:00,1,evt-pz-0100-0,182.992,kPa,valid,simulator
DAM-A-PZ-02,2026-07-01T08:20:00+08:00,1,evt-pz-0100-1,183.192,kPa,valid,simulator
DAM-A-PZ-03,2026-07-01T08:20:00+08:00,1,evt-pz-0100-2,183.392,kPa,valid,simulator
DAM-A-PZ-04,2026-07-01T08:20:00+08:00,1,evt-pz-0100-3,183.592,kPa,valid,simulator
DAM-A-PZ-05,2026-07-01T08:20:00+08:00,1,evt-pz-0100-4,183.792,kPa,valid,simulator
DAM-A-PZ-06,2026-07-01T08:20:00+08:00,1,evt-pz-0100-5,183.992,kPa,valid,simulator
DAM-A-PZ-07,2026-07-01T08:20:00+08:00,1,evt-pz-0100-6,184.192,kPa,valid,simulator
DAM-A-PZ-08,2026-07-01T08:20:00+08:00,1,evt-pz-0100-7,184.392,kPa,valid,simulator
DAM-A-PZ-09,2026-07-01T08:20:00+08:00,1,evt-pz-0100-8,184.592,kPa,valid,simulator
DAM-A-PZ-10,2026-07-01T08:20:00+08:00,1,evt-pz-0100-9,184.792,kPa,valid,simulator
DAM-A-PZ-11,2026-07-01T08:20:00+08:00,1,evt-pz-0100-10,184.992,kPa,valid,simulator
DAM-A-PZ-12,2026-07-01T08:20:00+08:00,1,evt-pz-0100-11,185.192,kPa,valid,simulator
DAM-A-PZ-01,2026-07-01T08:25:00+08:00,1,evt-pz-0101-0,182.891,kPa,valid,simulator
DAM-A-PZ-02,2026-07-01T08:25:00+08:00,1,evt-pz-0101-1,183.091,kPa,valid,simulator
DAM-A-PZ-03,2026-07-01T08:25:00+08:00,1,evt-pz-0101-2,183.291,kPa,valid,simulator
DAM-A-PZ-04,2026-07-01T08:25:00+08:00,1,evt-pz-0101-3,183.491,kPa,valid,simulator
DAM-A-PZ-05,2026-07-01T08:25:00+08:00,1,evt-pz-0101-4,183.691,kPa,valid,simulator
DAM-A-PZ-06,2026-07-01T08:25:00+08:00,1,evt-pz-0101-5,183.891,kPa,valid,simulator
DAM-A-PZ-07,2026-07-01T08:25:00+08:00,1,evt-pz-0101-6,184.091,kPa,valid,simulator
DAM-A-PZ-08,2026-07-01T08:25:00+08:00,1,evt-pz-0101-7,184.291,kPa,valid,simulator
DAM-A-PZ-09,2026-07-01T08:25:00+08:00,1,evt-pz-0101-8,184.491,kPa,valid,simulator
DAM-A-PZ-10,2026-07-01T08:25:00+08:00,1,evt-pz-0101-9,184.691,kPa,valid,simulator
DAM-A-PZ-11,2026-07-01T08:25:00+08:00,1,evt-pz-0101-10,184.891,kPa,valid,simulator
DAM-A-PZ-12,2026-07-01T08:25:00+08:00,1,evt-pz-0101-11,185.091,kPa,valid,simulator
DAM-A-PZ-01,2026-07-01T08:30:00+08:00,1,evt-pz-0102-0,182.788,kPa,valid,simulator
DAM-A-PZ-02,2026-07-01T08:30:00+08:00,1,evt-pz-0102-1,182.988,kPa,valid,simulator
DAM-A-PZ-03,2026-07-01T08:30:00+08:00,1,evt-pz-0102-2,183.188,kPa,valid,simulator
DAM-A-PZ-04,2026-07-01T08:30:00+08:00,1,evt-pz-0102-3,183.388,kPa,valid,simulator
DAM-A-PZ-05,2026-07-01T08:30:00+08:00,1,evt-pz-0102-4,183.588,kPa,valid,simulator
DAM-A-PZ-06,2026-07-01T08:30:00+08:00,1,evt-pz-0102-5,183.788,kPa,valid,simulator
DAM-A-PZ-07,2026-07-01T08:30:00+08:00,1,evt-pz-0102-6,183.988,kPa,valid,simulator
DAM-A-PZ-08,2026-07-01T08:30:00+08:00,1,evt-pz-0102-7,184.188,kPa,valid,simulator
DAM-A-PZ-09,2026-07-01T08:30:00+08:00,1,evt-pz-0102-8,184.388,kPa,valid,simulator
DAM-A-PZ-10,2026-07-01T08:30:00+08:00,1,evt-pz-0102-9,184.588,kPa,valid,simulator
DAM-A-PZ-11,2026-07-01T08:30:00+08:00,1,evt-pz-0102-10,184.788,kPa,valid,simulator
DAM-A-PZ-12,2026-07-01T08:30:00+08:00,1,evt-pz-0102-11,184.988,kPa,valid,simulator
DAM-A-PZ-01,2026-07-01T08:35:00+08:00,1,evt-pz-0103-0,182.684,kPa,valid,simulator
DAM-A-PZ-02,2026-07-01T08:35:00+08:00,1,evt-pz-0103-1,182.884,kPa,valid,simulator
DAM-A-PZ-03,2026-07-01T08:35:00+08:00,1,evt-pz-0103-2,183.084,kPa,valid,simulator
DAM-A-PZ-04,2026-07-01T08:35:00+08:00,1,evt-pz-0103-3,183.284,kPa,valid,simulator
DAM-A-PZ-05,2026-07-01T08:35:00+08:00,1,evt-pz-0103-4,183.484,kPa,valid,simulator
DAM-A-PZ-06,2026-07-01T08:35:00+08:00,1,evt-pz-0103-5,183.684,kPa,valid,simulator
DAM-A-PZ-07,2026-07-01T08:35:00+08:00,1,evt-pz-0103-6,183.884,kPa,valid,simulator
DAM-A-PZ-08,2026-07-01T08:35:00+08:00,1,evt-pz-0103-7,184.084,kPa,valid,simulator
DAM-A-PZ-09,2026-07-01T08:35:00+08:00,1,evt-pz-0103-8,184.284,kPa,valid,simulator
DAM-A-PZ-10,2026-07-01T08:35:00+08:00,1,evt-pz-0103-9,184.484,kPa,valid,simulator
DAM-A-PZ-11,2026-07-01T08:35:00+08:00,1,evt-pz-0103-10,184.684,kPa,valid,simulator
DAM-A-PZ-12,2026-07-01T08:35:00+08:00,1,evt-pz-0103-11,184.884,kPa,valid,simulator
DAM-A-PZ-01,2026-07-01T08:40:00+08:00,1,evt-pz-0104-0,182.578,kPa,valid,simulator
DAM-A-PZ-02,2026-07-01T08:40:00+08:00,1,evt-pz-0104-1,182.778,kPa,valid,simulator
DAM-A-PZ-03,2026-07-01T08:40:00+08:00,1,evt-pz-0104-2,182.978,kPa,valid,simulator
DAM-A-PZ-04,2026-07-01T08:40:00+08:00,1,evt-pz-0104-3,183.178,kPa,valid,simulator
DAM-A-PZ-05,2026-07-01T08:40:00+08:00,1,evt-pz-0104-4,183.378,kPa,valid,simulator
DAM-A-PZ-06,2026-07-01T08:40:00+08:00,1,evt-pz-0104-5,183.578,kPa,valid,simulator
DAM-A-PZ-07,2026-07-01T08:40:00+08:00,1,evt-pz-0104-6,183.778,kPa,valid,simulator
DAM-A-PZ-08,2026-07-01T08:40:00+08:00,1,evt-pz-0104-7,183.978,kPa,valid,simulator
DAM-A-PZ-09,2026-07-01T08:40:00+08:00,1,evt-pz-0104-8,184.178,kPa,valid,simulator
DAM-A-PZ-10,2026-07-01T08:40:00+08:00,1,evt-pz-0104-9,184.378,kPa,valid,simulator
DAM-A-PZ-11,2026-07-01T08:40:00+08:00,1,evt-pz-0104-10,184.578,kPa,valid,simulator
DAM-A-PZ-12,2026-07-01T08:40:00+08:00,1,evt-pz-0104-11,184.778,kPa,valid,simulator
DAM-A-PZ-01,2026-07-01T08:45:00+08:00,1,evt-pz-0105-0,182.47,kPa,valid,simulator
DAM-A-PZ-02,2026-07-01T08:45:00+08:00,1,evt-pz-0105-1,182.67,kPa,valid,simulator
DAM-A-PZ-03,2026-07-01T08:45:00+08:00,1,evt-pz-0105-2,182.87,kPa,valid,simulator
DAM-A-PZ-04,2026-07-01T08:45:00+08:00,1,evt-pz-0105-3,183.07,kPa,valid,simulator
DAM-A-PZ-05,2026-07-01T08:45:00+08:00,1,evt-pz-0105-4,183.27,kPa,valid,simulator
DAM-A-PZ-06,2026-07-01T08:45:00+08:00,1,evt-pz-0105-5,183.47,kPa,valid,simulator
DAM-A-PZ-07,2026-07-01T08:45:00+08:00,1,evt-pz-0105-6,183.67,kPa,valid,simulator
DAM-A-PZ-08,2026-07-01T08:45:00+08:00,1,evt-pz-0105-7,183.87,kPa,valid,simulator
DAM-A-PZ-09,2026-07-01T08:45:00+08:00,1,evt-pz-0105-8,184.07,kPa,valid,simulator
DAM-A-PZ-10,2026-07-01T08:45:00+08:00,1,evt-pz-0105-9,184.27,kPa,valid,simulator
DAM-A-PZ-11,2026-07-01T08:45:00+08:00,1,evt-pz-0105-10,184.47,kPa,valid,simulator
DAM-A-PZ-12,2026-07-01T08:45:00+08:00,1,evt-pz-0105-11,184.67,kPa,valid,simulator
DAM-A-PZ-01,2026-07-01T08:50:00+08:00,1,evt-pz-0106-0,182.36,kPa,valid,simulator
DAM-A-PZ-02,2026-07-01T08:50:00+08:00,1,evt-pz-0106-1,182.56,kPa,valid,simulator
DAM-A-PZ-03,2026-07-01T08:50:00+08:00,1,evt-pz-0106-2,182.76,kPa,valid,simulator
DAM-A-PZ-04,2026-07-01T08:50:00+08:00,1,evt-pz-0106-3,182.96,kPa,valid,simulator
DAM-A-PZ-05,2026-07-01T08:50:00+08:00,1,evt-pz-0106-4,183.16,kPa,valid,simulator
DAM-A-PZ-06,2026-07-01T08:50:00+08:00,1,evt-pz-0106-5,183.36,kPa,valid,simulator
DAM-A-PZ-07,2026-07-01T08:50:00+08:00,1,evt-pz-0106-6,183.56,kPa,valid,simulator
DAM-A-PZ-08,2026-07-01T08:50:00+08:00,1,evt-pz-0106-7,183.76,kPa,valid,simulator
DAM-A-PZ-09,2026-07-01T08:50:00+08:00,1,evt-pz-0106-8,183.96,kPa,valid,simulator
DAM-A-PZ-10,2026-07-01T08:50:00+08:00,1,evt-pz-0106-9,184.16,kPa,valid,simulator
DAM-A-PZ-11,2026-07-01T08:50:00+08:00,1,evt-pz-0106-10,184.36,kPa,valid,simulator
DAM-A-PZ-12,2026-07-01T08:50:00+08:00,1,evt-pz-0106-11,184.56,kPa,valid,simulator
DAM-A-PZ-01,2026-07-01T08:55:00+08:00,1,evt-pz-0107-0,182.249,kPa,valid,simulator
DAM-A-PZ-02,2026-07-01T08:55:00+08:00,1,evt-pz-0107-1,182.449,kPa,valid,simulator
DAM-A-PZ-03,2026-07-01T08:55:00+08:00,1,evt-pz-0107-2,182.649,kPa,valid,simulator
DAM-A-PZ-04,2026-07-01T08:55:00+08:00,1,evt-pz-0107-3,182.849,kPa,valid,simulator
DAM-A-PZ-05,2026-07-01T08:55:00+08:00,1,evt-pz-0107-4,183.049,kPa,valid,simulator
DAM-A-PZ-06,2026-07-01T08:55:00+08:00,1,evt-pz-0107-5,183.249,kPa,valid,simulator
DAM-A-PZ-07,2026-07-01T08:55:00+08:00,1,evt-pz-0107-6,183.449,kPa,valid,simulator
DAM-A-PZ-08,2026-07-01T08:55:00+08:00,1,evt-pz-0107-7,183.649,kPa,valid,simulator
DAM-A-PZ-09,2026-07-01T08:55:00+08:00,1,evt-pz-0107-8,183.849,kPa,valid,simulator
DAM-A-PZ-10,2026-07-01T08:55:00+08:00,1,evt-pz-0107-9,184.049,kPa,valid,simulator
DAM-A-PZ-11,2026-07-01T08:55:00+08:00,1,evt-pz-0107-10,184.249,kPa,valid,simulator
DAM-A-PZ-12,2026-07-01T08:55:00+08:00,1,evt-pz-0107-11,184.449,kPa,valid,simulator
DAM-A-PZ-01,2026-07-01T09:00:00+08:00,1,evt-pz-0108-0,182.137,kPa,valid,simulator
DAM-A-PZ-02,2026-07-01T09:00:00+08:00,1,evt-pz-0108-1,182.337,kPa,valid,simulator
DAM-A-PZ-03,2026-07-01T09:00:00+08:00,1,evt-pz-0108-2,182.537,kPa,valid,simulator
DAM-A-PZ-04,2026-07-01T09:00:00+08:00,1,evt-pz-0108-3,182.737,kPa,valid,simulator
DAM-A-PZ-05,2026-07-01T09:00:00+08:00,1,evt-pz-0108-4,182.937,kPa,valid,simulator
DAM-A-PZ-06,2026-07-01T09:00:00+08:00,1,evt-pz-0108-5,183.137,kPa,valid,simulator
DAM-A-PZ-07,2026-07-01T09:00:00+08:00,1,evt-pz-0108-6,183.337,kPa,valid,simulator
DAM-A-PZ-08,2026-07-01T09:00:00+08:00,1,evt-pz-0108-7,183.537,kPa,valid,simulator
DAM-A-PZ-09,2026-07-01T09:00:00+08:00,1,evt-pz-0108-8,183.737,kPa,valid,simulator
DAM-A-PZ-10,2026-07-01T09:00:00+08:00,1,evt-pz-0108-9,183.937,kPa,valid,simulator
DAM-A-PZ-11,2026-07-01T09:00:00+08:00,1,evt-pz-0108-10,184.137,kPa,valid,simulator
DAM-A-PZ-12,2026-07-01T09:00:00+08:00,1,evt-pz-0108-11,184.337,kPa,valid,simulator
DAM-A-PZ-01,2026-07-01T09:05:00+08:00,1,evt-pz-0109-0,182.023,kPa,valid,simulator
DAM-A-PZ-02,2026-07-01T09:05:00+08:00,1,evt-pz-0109-1,182.223,kPa,valid,simulator
DAM-A-PZ-03,2026-07-01T09:05:00+08:00,1,evt-pz-0109-2,182.423,kPa,valid,simulator
DAM-A-PZ-04,2026-07-01T09:05:00+08:00,1,evt-pz-0109-3,182.623,kPa,valid,simulator
DAM-A-PZ-05,2026-07-01T09:05:00+08:00,1,evt-pz-0109-4,182.823,kPa,valid,simulator
DAM-A-PZ-06,2026-07-01T09:05:00+08:00,1,evt-pz-0109-5,183.023,kPa,valid,simulator
DAM-A-PZ-07,2026-07-01T09:05:00+08:00,1,evt-pz-0109-6,183.223,kPa,valid,simulator
DAM-A-PZ-08,2026-07-01T09:05:00+08:00,1,evt-pz-0109-7,183.423,kPa,valid,simulator
DAM-A-PZ-09,2026-07-01T09:05:00+08:00,1,evt-pz-0109-8,183.623,kPa,valid,simulator
DAM-A-PZ-10,2026-07-01T09:05:00+08:00,1,evt-pz-0109-9,183.823,kPa,valid,simulator
DAM-A-PZ-11,2026-07-01T09:05:00+08:00,1,evt-pz-0109-10,184.023,kPa,valid,simulator
DAM-A-PZ-12,2026-07-01T09:05:00+08:00,1,evt-pz-0109-11,184.223,kPa,valid,simulator
DAM-A-PZ-01,2026-07-01T09:10:00+08:00,1,evt-pz-0110-0,181.908,kPa,valid,simulator
DAM-A-PZ-02,2026-07-01T09:10:00+08:00,1,evt-pz-0110-1,182.108,kPa,valid,simulator
DAM-A-PZ-03,2026-07-01T09:10:00+08:00,1,evt-pz-0110-2,182.308,kPa,valid,simulator
DAM-A-PZ-04,2026-07-01T09:10:00+08:00,1,evt-pz-0110-3,182.508,kPa,valid,simulator
DAM-A-PZ-05,2026-07-01T09:10:00+08:00,1,evt-pz-0110-4,182.708,kPa,valid,simulator
DAM-A-PZ-06,2026-07-01T09:10:00+08:00,1,evt-pz-0110-5,182.908,kPa,valid,simulator
DAM-A-PZ-07,2026-07-01T09:10:00+08:00,1,evt-pz-0110-6,183.108,kPa,valid,simulator
DAM-A-PZ-08,2026-07-01T09:10:00+08:00,1,evt-pz-0110-7,183.308,kPa,valid,simulator
DAM-A-PZ-09,2026-07-01T09:10:00+08:00,1,evt-pz-0110-8,183.508,kPa,valid,simulator
DAM-A-PZ-10,2026-07-01T09:10:00+08:00,1,evt-pz-0110-9,183.708,kPa,valid,simulator
DAM-A-PZ-11,2026-07-01T09:10:00+08:00,1,evt-pz-0110-10,183.908,kPa,valid,simulator
DAM-A-PZ-12,2026-07-01T09:10:00+08:00,1,evt-pz-0110-11,184.108,kPa,valid,simulator
DAM-A-PZ-01,2026-07-01T09:15:00+08:00,1,evt-pz-0111-0,181.792,kPa,valid,simulator
DAM-A-PZ-02,2026-07-01T09:15:00+08:00,1,evt-pz-0111-1,181.992,kPa,valid,simulator
DAM-A-PZ-03,2026-07-01T09:15:00+08:00,1,evt-pz-0111-2,182.192,kPa,valid,simulator
DAM-A-PZ-04,2026-07-01T09:15:00+08:00,1,evt-pz-0111-3,182.392,kPa,valid,simulator
DAM-A-PZ-05,2026-07-01T09:15:00+08:00,1,evt-pz-0111-4,182.592,kPa,valid,simulator
DAM-A-PZ-06,2026-07-01T09:15:00+08:00,1,evt-pz-0111-5,182.792,kPa,valid,simulator
DAM-A-PZ-07,2026-07-01T09:15:00+08:00,1,evt-pz-0111-6,182.992,kPa,valid,simulator
DAM-A-PZ-08,2026-07-01T09:15:00+08:00,1,evt-pz-0111-7,183.192,kPa,valid,simulator
DAM-A-PZ-09,2026-07-01T09:15:00+08:00,1,evt-pz-0111-8,183.392,kPa,valid,simulator
DAM-A-PZ-10,2026-07-01T09:15:00+08:00,1,evt-pz-0111-9,183.592,kPa,valid,simulator
DAM-A-PZ-11,2026-07-01T09:15:00+08:00,1,evt-pz-0111-10,183.792,kPa,valid,simulator
DAM-A-PZ-12,2026-07-01T09:15:00+08:00,1,evt-pz-0111-11,183.992,kPa,valid,simulator
DAM-A-PZ-01,2026-07-01T09:20:00+08:00,1,evt-pz-0112-0,181.675,kPa,valid,simulator
DAM-A-PZ-02,2026-07-01T09:20:00+08:00,1,evt-pz-0112-1,181.875,kPa,valid,simulator
DAM-A-PZ-03,2026-07-01T09:20:00+08:00,1,evt-pz-0112-2,182.075,kPa,valid,simulator
DAM-A-PZ-04,2026-07-01T09:20:00+08:00,1,evt-pz-0112-3,182.275,kPa,valid,simulator
DAM-A-PZ-05,2026-07-01T09:20:00+08:00,1,evt-pz-0112-4,182.475,kPa,valid,simulator
DAM-A-PZ-06,2026-07-01T09:20:00+08:00,1,evt-pz-0112-5,182.675,kPa,valid,simulator
DAM-A-PZ-07,2026-07-01T09:20:00+08:00,1,evt-pz-0112-6,182.875,kPa,valid,simulator
DAM-A-PZ-08,2026-07-01T09:20:00+08:00,1,evt-pz-0112-7,183.075,kPa,valid,simulator
DAM-A-PZ-09,2026-07-01T09:20:00+08:00,1,evt-pz-0112-8,183.275,kPa,valid,simulator
DAM-A-PZ-10,2026-07-01T09:20:00+08:00,1,evt-pz-0112-9,183.475,kPa,valid,simulator
DAM-A-PZ-11,2026-07-01T09:20:00+08:00,1,evt-pz-0112-10,183.675,kPa,valid,simulator
DAM-A-PZ-12,2026-07-01T09:20:00+08:00,1,evt-pz-0112-11,183.875,kPa,valid,simulator
DAM-A-PZ-01,2026-07-01T09:25:00+08:00,1,evt-pz-0113-0,181.557,kPa,valid,simulator
DAM-A-PZ-02,2026-07-01T09:25:00+08:00,1,evt-pz-0113-1,181.757,kPa,valid,simulator
DAM-A-PZ-03,2026-07-01T09:25:00+08:00,1,evt-pz-0113-2,181.957,kPa,valid,simulator
DAM-A-PZ-04,2026-07-01T09:25:00+08:00,1,evt-pz-0113-3,182.157,kPa,valid,simulator
DAM-A-PZ-05,2026-07-01T09:25:00+08:00,1,evt-pz-0113-4,182.357,kPa,valid,simulator
DAM-A-PZ-06,2026-07-01T09:25:00+08:00,1,evt-pz-0113-5,182.557,kPa,valid,simulator
DAM-A-PZ-07,2026-07-01T09:25:00+08:00,1,evt-pz-0113-6,182.757,kPa,valid,simulator
DAM-A-PZ-08,2026-07-01T09:25:00+08:00,1,evt-pz-0113-7,182.957,kPa,valid,simulator
DAM-A-PZ-09,2026-07-01T09:25:00+08:00,1,evt-pz-0113-8,183.157,kPa,valid,simulator
DAM-A-PZ-10,2026-07-01T09:25:00+08:00,1,evt-pz-0113-9,183.357,kPa,valid,simulator
DAM-A-PZ-11,2026-07-01T09:25:00+08:00,1,evt-pz-0113-10,183.557,kPa,valid,simulator
DAM-A-PZ-12,2026-07-01T09:25:00+08:00,1,evt-pz-0113-11,183.757,kPa,valid,simulator
DAM-A-PZ-01,2026-07-01T09:30:00+08:00,1,evt-pz-0114-0,181.437,kPa,valid,simulator
DAM-A-PZ-02,2026-07-01T09:30:00+08:00,1,evt-pz-0114-1,181.637,kPa,valid,simulator
DAM-A-PZ-03,2026-07-01T09:30:00+08:00,1,evt-pz-0114-2,181.837,kPa,valid,simulator
DAM-A-PZ-04,2026-07-01T09:30:00+08:00,1,evt-pz-0114-3,182.037,kPa,valid,simulator
DAM-A-PZ-05,2026-07-01T09:30:00+08:00,1,evt-pz-0114-4,182.237,kPa,valid,simulator
DAM-A-PZ-06,2026-07-01T09:30:00+08:00,1,evt-pz-0114-5,182.437,kPa,valid,simulator
DAM-A-PZ-07,2026-07-01T09:30:00+08:00,1,evt-pz-0114-6,182.637,kPa,valid,simulator
DAM-A-PZ-08,2026-07-01T09:30:00+08:00,1,evt-pz-0114-7,182.837,kPa,valid,simulator
DAM-A-PZ-09,2026-07-01T09:30:00+08:00,1,evt-pz-0114-8,183.037,kPa,valid,simulator
DAM-A-PZ-10,2026-07-01T09:30:00+08:00,1,evt-pz-0114-9,183.237,kPa,valid,simulator
DAM-A-PZ-11,2026-07-01T09:30:00+08:00,1,evt-pz-0114-10,183.437,kPa,valid,simulator
DAM-A-PZ-12,2026-07-01T09:30:00+08:00,1,evt-pz-0114-11,183.637,kPa,valid,simulator
DAM-A-PZ-01,2026-07-01T09:35:00+08:00,1,evt-pz-0115-0,181.317,kPa,valid,simulator
DAM-A-PZ-02,2026-07-01T09:35:00+08:00,1,evt-pz-0115-1,181.517,kPa,valid,simulator
DAM-A-PZ-03,2026-07-01T09:35:00+08:00,1,evt-pz-0115-2,181.717,kPa,valid,simulator
DAM-A-PZ-04,2026-07-01T09:35:00+08:00,1,evt-pz-0115-3,181.917,kPa,valid,simulator
DAM-A-PZ-05,2026-07-01T09:35:00+08:00,1,evt-pz-0115-4,182.117,kPa,valid,simulator
DAM-A-PZ-06,2026-07-01T09:35:00+08:00,1,evt-pz-0115-5,182.317,kPa,valid,simulator
DAM-A-PZ-07,2026-07-01T09:35:00+08:00,1,evt-pz-0115-6,182.517,kPa,valid,simulator
DAM-A-PZ-08,2026-07-01T09:35:00+08:00,1,evt-pz-0115-7,182.717,kPa,valid,simulator
DAM-A-PZ-09,2026-07-01T09:35:00+08:00,1,evt-pz-0115-8,182.917,kPa,valid,simulator
DAM-A-PZ-10,2026-07-01T09:35:00+08:00,1,evt-pz-0115-9,183.117,kPa,valid,simulator
DAM-A-PZ-11,2026-07-01T09:35:00+08:00,1,evt-pz-0115-10,183.317,kPa,valid,simulator
DAM-A-PZ-12,2026-07-01T09:35:00+08:00,1,evt-pz-0115-11,183.517,kPa,valid,simulator
DAM-A-PZ-01,2026-07-01T09:40:00+08:00,1,evt-pz-0116-0,181.196,kPa,valid,simulator
DAM-A-PZ-02,2026-07-01T09:40:00+08:00,1,evt-pz-0116-1,181.396,kPa,valid,simulator
DAM-A-PZ-03,2026-07-01T09:40:00+08:00,1,evt-pz-0116-2,181.596,kPa,valid,simulator
DAM-A-PZ-04,2026-07-01T09:40:00+08:00,1,evt-pz-0116-3,181.796,kPa,valid,simulator
DAM-A-PZ-05,2026-07-01T09:40:00+08:00,1,evt-pz-0116-4,181.996,kPa,valid,simulator
DAM-A-PZ-06,2026-07-01T09:40:00+08:00,1,evt-pz-0116-5,182.196,kPa,valid,simulator
DAM-A-PZ-07,2026-07-01T09:40:00+08:00,1,evt-pz-0116-6,182.396,kPa,valid,simulator
DAM-A-PZ-08,2026-07-01T09:40:00+08:00,1,evt-pz-0116-7,182.596,kPa,valid,simulator
DAM-A-PZ-09,2026-07-01T09:40:00+08:00,1,evt-pz-0116-8,182.796,kPa,valid,simulator
DAM-A-PZ-10,2026-07-01T09:40:00+08:00,1,evt-pz-0116-9,182.996,kPa,valid,simulator
DAM-A-PZ-11,2026-07-01T09:40:00+08:00,1,evt-pz-0116-10,183.196,kPa,valid,simulator
DAM-A-PZ-12,2026-07-01T09:40:00+08:00,1,evt-pz-0116-11,183.396,kPa,valid,simulator
DAM-A-PZ-01,2026-07-01T09:45:00+08:00,1,evt-pz-0117-0,181.075,kPa,valid,simulator
DAM-A-PZ-02,2026-07-01T09:45:00+08:00,1,evt-pz-0117-1,181.275,kPa,valid,simulator
DAM-A-PZ-03,2026-07-01T09:45:00+08:00,1,evt-pz-0117-2,181.475,kPa,valid,simulator
DAM-A-PZ-04,2026-07-01T09:45:00+08:00,1,evt-pz-0117-3,181.675,kPa,valid,simulator
DAM-A-PZ-05,2026-07-01T09:45:00+08:00,1,evt-pz-0117-4,181.875,kPa,valid,simulator
DAM-A-PZ-06,2026-07-01T09:45:00+08:00,1,evt-pz-0117-5,182.075,kPa,valid,simulator
DAM-A-PZ-07,2026-07-01T09:45:00+08:00,1,evt-pz-0117-6,182.275,kPa,valid,simulator
DAM-A-PZ-08,2026-07-01T09:45:00+08:00,1,evt-pz-0117-7,182.475,kPa,valid,simulator
DAM-A-PZ-09,2026-07-01T09:45:00+08:00,1,evt-pz-0117-8,182.675,kPa,valid,simulator
DAM-A-PZ-10,2026-07-01T09:45:00+08:00,1,evt-pz-0117-9,182.875,kPa,valid,simulator
DAM-A-PZ-11,2026-07-01T09:45:00+08:00,1,evt-pz-0117-10,183.075,kPa,valid,simulator
DAM-A-PZ-12,2026-07-01T09:45:00+08:00,1,evt-pz-0117-11,183.275,kPa,valid,simulator
DAM-A-PZ-01,2026-07-01T09:50:00+08:00,1,evt-pz-0118-0,180.952,kPa,valid,simulator
DAM-A-PZ-02,2026-07-01T09:50:00+08:00,1,evt-pz-0118-1,181.152,kPa,valid,simulator
DAM-A-PZ-03,2026-07-01T09:50:00+08:00,1,evt-pz-0118-2,181.352,kPa,valid,simulator
DAM-A-PZ-04,2026-07-01T09:50:00+08:00,1,evt-pz-0118-3,181.552,kPa,valid,simulator
DAM-A-PZ-05,2026-07-01T09:50:00+08:00,1,evt-pz-0118-4,181.752,kPa,valid,simulator
DAM-A-PZ-06,2026-07-01T09:50:00+08:00,1,evt-pz-0118-5,181.952,kPa,valid,simulator
DAM-A-PZ-07,2026-07-01T09:50:00+08:00,1,evt-pz-0118-6,182.152,kPa,valid,simulator
DAM-A-PZ-08,2026-07-01T09:50:00+08:00,1,evt-pz-0118-7,182.352,kPa,valid,simulator
DAM-A-PZ-09,2026-07-01T09:50:00+08:00,1,evt-pz-0118-8,182.552,kPa,valid,simulator
DAM-A-PZ-10,2026-07-01T09:50:00+08:00,1,evt-pz-0118-9,182.752,kPa,valid,simulator
DAM-A-PZ-11,2026-07-01T09:50:00+08:00,1,evt-pz-0118-10,182.952,kPa,valid,simulator
DAM-A-PZ-12,2026-07-01T09:50:00+08:00,1,evt-pz-0118-11,183.152,kPa,valid,simulator
DAM-A-PZ-01,2026-07-01T09:55:00+08:00,1,evt-pz-0119-0,180.829,kPa,valid,simulator
DAM-A-PZ-02,2026-07-01T09:55:00+08:00,1,evt-pz-0119-1,181.029,kPa,valid,simulator
DAM-A-PZ-03,2026-07-01T09:55:00+08:00,1,evt-pz-0119-2,181.229,kPa,valid,simulator
DAM-A-PZ-04,2026-07-01T09:55:00+08:00,1,evt-pz-0119-3,181.429,kPa,valid,simulator
DAM-A-PZ-05,2026-07-01T09:55:00+08:00,1,evt-pz-0119-4,181.629,kPa,valid,simulator
DAM-A-PZ-06,2026-07-01T09:55:00+08:00,1,evt-pz-0119-5,181.829,kPa,valid,simulator
DAM-A-PZ-07,2026-07-01T09:55:00+08:00,1,evt-pz-0119-6,182.029,kPa,valid,simulator
DAM-A-PZ-08,2026-07-01T09:55:00+08:00,1,evt-pz-0119-7,182.229,kPa,valid,simulator
DAM-A-PZ-09,2026-07-01T09:55:00+08:00,1,evt-pz-0119-8,182.429,kPa,valid,simulator
DAM-A-PZ-10,2026-07-01T09:55:00+08:00,1,evt-pz-0119-9,182.629,kPa,valid,simulator
DAM-A-PZ-11,2026-07-01T09:55:00+08:00,1,evt-pz-0119-10,182.829,kPa,valid,simulator
DAM-A-PZ-12,2026-07-01T09:55:00+08:00,1,evt-pz-0119-11,183.029,kPa,valid,simulator
DAM-A-PZ-01,2026-07-01T10:00:00+08:00,1,evt-pz-0120-0,180.706,kPa,valid,simulator
DAM-A-PZ-02,2026-07-01T10:00:00+08:00,1,evt-pz-0120-1,180.906,kPa,valid,simulator
DAM-A-PZ-03,2026-07-01T10:00:00+08:00,1,evt-pz-0120-2,181.106,kPa,valid,simulator
DAM-A-PZ-04,2026-07-01T10:00:00+08:00,1,evt-pz-0120-3,181.306,kPa,valid,simulator
DAM-A-PZ-05,2026-07-01T10:00:00+08:00,1,evt-pz-0120-4,181.506,kPa,valid,simulator
DAM-A-PZ-06,2026-07-01T10:00:00+08:00,1,evt-pz-0120-5,181.706,kPa,valid,simulator
DAM-A-PZ-07,2026-07-01T10:00:00+08:00,1,evt-pz-0120-6,181.906,kPa,valid,simulator
DAM-A-PZ-08,2026-07-01T10:00:00+08:00,1,evt-pz-0120-7,182.106,kPa,valid,simulator
DAM-A-PZ-09,2026-07-01T10:00:00+08:00,1,evt-pz-0120-8,182.306,kPa,valid,simulator
DAM-A-PZ-10,2026-07-01T10:00:00+08:00,1,evt-pz-0120-9,182.506,kPa,valid,simulator
DAM-A-PZ-11,2026-07-01T10:00:00+08:00,1,evt-pz-0120-10,182.706,kPa,valid,simulator
DAM-A-PZ-12,2026-07-01T10:00:00+08:00,1,evt-pz-0120-11,182.906,kPa,valid,simulator
DAM-A-PZ-01,2026-07-01T10:05:00+08:00,1,evt-pz-0121-0,180.582,kPa,valid,simulator
DAM-A-PZ-02,2026-07-01T10:05:00+08:00,1,evt-pz-0121-1,180.782,kPa,valid,simulator
DAM-A-PZ-03,2026-07-01T10:05:00+08:00,1,evt-pz-0121-2,180.982,kPa,valid,simulator
DAM-A-PZ-04,2026-07-01T10:05:00+08:00,1,evt-pz-0121-3,181.182,kPa,valid,simulator
DAM-A-PZ-05,2026-07-01T10:05:00+08:00,1,evt-pz-0121-4,181.382,kPa,valid,simulator
DAM-A-PZ-06,2026-07-01T10:05:00+08:00,1,evt-pz-0121-5,181.582,kPa,valid,simulator
DAM-A-PZ-07,2026-07-01T10:05:00+08:00,1,evt-pz-0121-6,181.782,kPa,valid,simulator
DAM-A-PZ-08,2026-07-01T10:05:00+08:00,1,evt-pz-0121-7,181.982,kPa,valid,simulator
DAM-A-PZ-09,2026-07-01T10:05:00+08:00,1,evt-pz-0121-8,182.182,kPa,valid,simulator
DAM-A-PZ-10,2026-07-01T10:05:00+08:00,1,evt-pz-0121-9,182.382,kPa,valid,simulator
DAM-A-PZ-11,2026-07-01T10:05:00+08:00,1,evt-pz-0121-10,182.582,kPa,valid,simulator
DAM-A-PZ-12,2026-07-01T10:05:00+08:00,1,evt-pz-0121-11,182.782,kPa,valid,simulator
DAM-A-PZ-01,2026-07-01T10:10:00+08:00,1,evt-pz-0122-0,180.457,kPa,valid,simulator
DAM-A-PZ-02,2026-07-01T10:10:00+08:00,1,evt-pz-0122-1,180.657,kPa,valid,simulator
DAM-A-PZ-03,2026-07-01T10:10:00+08:00,1,evt-pz-0122-2,180.857,kPa,valid,simulator
DAM-A-PZ-04,2026-07-01T10:10:00+08:00,1,evt-pz-0122-3,181.057,kPa,valid,simulator
DAM-A-PZ-05,2026-07-01T10:10:00+08:00,1,evt-pz-0122-4,181.257,kPa,valid,simulator
DAM-A-PZ-06,2026-07-01T10:10:00+08:00,1,evt-pz-0122-5,181.457,kPa,valid,simulator
DAM-A-PZ-07,2026-07-01T10:10:00+08:00,1,evt-pz-0122-6,181.657,kPa,valid,simulator
DAM-A-PZ-08,2026-07-01T10:10:00+08:00,1,evt-pz-0122-7,181.857,kPa,valid,simulator
DAM-A-PZ-09,2026-07-01T10:10:00+08:00,1,evt-pz-0122-8,182.057,kPa,valid,simulator
DAM-A-PZ-10,2026-07-01T10:10:00+08:00,1,evt-pz-0122-9,182.257,kPa,valid,simulator
DAM-A-PZ-11,2026-07-01T10:10:00+08:00,1,evt-pz-0122-10,182.457,kPa,valid,simulator
DAM-A-PZ-12,2026-07-01T10:10:00+08:00,1,evt-pz-0122-11,182.657,kPa,valid,simulator
DAM-A-PZ-01,2026-07-01T10:15:00+08:00,1,evt-pz-0123-0,180.333,kPa,valid,simulator
DAM-A-PZ-02,2026-07-01T10:15:00+08:00,1,evt-pz-0123-1,180.533,kPa,valid,simulator
DAM-A-PZ-03,2026-07-01T10:15:00+08:00,1,evt-pz-0123-2,180.733,kPa,valid,simulator
DAM-A-PZ-04,2026-07-01T10:15:00+08:00,1,evt-pz-0123-3,180.933,kPa,valid,simulator
DAM-A-PZ-05,2026-07-01T10:15:00+08:00,1,evt-pz-0123-4,181.133,kPa,valid,simulator
DAM-A-PZ-06,2026-07-01T10:15:00+08:00,1,evt-pz-0123-5,181.333,kPa,valid,simulator
DAM-A-PZ-07,2026-07-01T10:15:00+08:00,1,evt-pz-0123-6,181.533,kPa,valid,simulator
DAM-A-PZ-08,2026-07-01T10:15:00+08:00,1,evt-pz-0123-7,181.733,kPa,valid,simulator
DAM-A-PZ-09,2026-07-01T10:15:00+08:00,1,evt-pz-0123-8,181.933,kPa,valid,simulator
DAM-A-PZ-10,2026-07-01T10:15:00+08:00,1,evt-pz-0123-9,182.133,kPa,valid,simulator
DAM-A-PZ-11,2026-07-01T10:15:00+08:00,1,evt-pz-0123-10,182.333,kPa,valid,simulator
DAM-A-PZ-12,2026-07-01T10:15:00+08:00,1,evt-pz-0123-11,182.533,kPa,valid,simulator
DAM-A-PZ-01,2026-07-01T10:20:00+08:00,1,evt-pz-0124-0,180.208,kPa,valid,simulator
DAM-A-PZ-02,2026-07-01T10:20:00+08:00,1,evt-pz-0124-1,180.408,kPa,valid,simulator
DAM-A-PZ-03,2026-07-01T10:20:00+08:00,1,evt-pz-0124-2,180.608,kPa,valid,simulator
DAM-A-PZ-04,2026-07-01T10:20:00+08:00,1,evt-pz-0124-3,180.808,kPa,valid,simulator
DAM-A-PZ-05,2026-07-01T10:20:00+08:00,1,evt-pz-0124-4,181.008,kPa,valid,simulator
DAM-A-PZ-06,2026-07-01T10:20:00+08:00,1,evt-pz-0124-5,181.208,kPa,valid,simulator
DAM-A-PZ-07,2026-07-01T10:20:00+08:00,1,evt-pz-0124-6,181.408,kPa,valid,simulator
DAM-A-PZ-08,2026-07-01T10:20:00+08:00,1,evt-pz-0124-7,181.608,kPa,valid,simulator
DAM-A-PZ-09,2026-07-01T10:20:00+08:00,1,evt-pz-0124-8,181.808,kPa,valid,simulator
DAM-A-PZ-10,2026-07-01T10:20:00+08:00,1,evt-pz-0124-9,182.008,kPa,valid,simulator
DAM-A-PZ-11,2026-07-01T10:20:00+08:00,1,evt-pz-0124-10,182.208,kPa,valid,simulator
DAM-A-PZ-12,2026-07-01T10:20:00+08:00,1,evt-pz-0124-11,182.408,kPa,valid,simulator
DAM-A-PZ-01,2026-07-01T10:25:00+08:00,1,evt-pz-0125-0,180.083,kPa,valid,simulator
DAM-A-PZ-02,2026-07-01T10:25:00+08:00,1,evt-pz-0125-1,180.283,kPa,valid,simulator
DAM-A-PZ-03,2026-07-01T10:25:00+08:00,1,evt-pz-0125-2,180.483,kPa,valid,simulator
DAM-A-PZ-04,2026-07-01T10:25:00+08:00,1,evt-pz-0125-3,180.683,kPa,valid,simulator
DAM-A-PZ-05,2026-07-01T10:25:00+08:00,1,evt-pz-0125-4,180.883,kPa,valid,simulator
DAM-A-PZ-06,2026-07-01T10:25:00+08:00,1,evt-pz-0125-5,181.083,kPa,valid,simulator
DAM-A-PZ-07,2026-07-01T10:25:00+08:00,1,evt-pz-0125-6,181.283,kPa,valid,simulator
DAM-A-PZ-08,2026-07-01T10:25:00+08:00,1,evt-pz-0125-7,181.483,kPa,valid,simulator
DAM-A-PZ-09,2026-07-01T10:25:00+08:00,1,evt-pz-0125-8,181.683,kPa,valid,simulator
DAM-A-PZ-10,2026-07-01T10:25:00+08:00,1,evt-pz-0125-9,181.883,kPa,valid,simulator
DAM-A-PZ-11,2026-07-01T10:25:00+08:00,1,evt-pz-0125-10,182.083,kPa,valid,simulator
DAM-A-PZ-12,2026-07-01T10:25:00+08:00,1,evt-pz-0125-11,182.283,kPa,valid,simulator
DAM-A-PZ-01,2026-07-01T10:30:00+08:00,1,evt-pz-0126-0,179.958,kPa,valid,simulator
DAM-A-PZ-02,2026-07-01T10:30:00+08:00,1,evt-pz-0126-1,180.158,kPa,valid,simulator
DAM-A-PZ-03,2026-07-01T10:30:00+08:00,1,evt-pz-0126-2,180.358,kPa,valid,simulator
DAM-A-PZ-04,2026-07-01T10:30:00+08:00,1,evt-pz-0126-3,180.558,kPa,valid,simulator
DAM-A-PZ-05,2026-07-01T10:30:00+08:00,1,evt-pz-0126-4,180.758,kPa,valid,simulator
DAM-A-PZ-06,2026-07-01T10:30:00+08:00,1,evt-pz-0126-5,180.958,kPa,valid,simulator
DAM-A-PZ-07,2026-07-01T10:30:00+08:00,1,evt-pz-0126-6,181.158,kPa,valid,simulator
DAM-A-PZ-08,2026-07-01T10:30:00+08:00,1,evt-pz-0126-7,181.358,kPa,valid,simulator
DAM-A-PZ-09,2026-07-01T10:30:00+08:00,1,evt-pz-0126-8,181.558,kPa,valid,simulator
DAM-A-PZ-10,2026-07-01T10:30:00+08:00,1,evt-pz-0126-9,181.758,kPa,valid,simulator
DAM-A-PZ-11,2026-07-01T10:30:00+08:00,1,evt-pz-0126-10,181.958,kPa,valid,simulator
DAM-A-PZ-12,2026-07-01T10:30:00+08:00,1,evt-pz-0126-11,182.158,kPa,valid,simulator
DAM-A-PZ-01,2026-07-01T10:35:00+08:00,1,evt-pz-0127-0,179.833,kPa,valid,simulator
DAM-A-PZ-02,2026-07-01T10:35:00+08:00,1,evt-pz-0127-1,180.033,kPa,valid,simulator
DAM-A-PZ-03,2026-07-01T10:35:00+08:00,1,evt-pz-0127-2,180.233,kPa,valid,simulator
DAM-A-PZ-04,2026-07-01T10:35:00+08:00,1,evt-pz-0127-3,180.433,kPa,valid,simulator
DAM-A-PZ-05,2026-07-01T10:35:00+08:00,1,evt-pz-0127-4,180.633,kPa,valid,simulator
DAM-A-PZ-06,2026-07-01T10:35:00+08:00,1,evt-pz-0127-5,180.833,kPa,valid,simulator
DAM-A-PZ-07,2026-07-01T10:35:00+08:00,1,evt-pz-0127-6,181.033,kPa,valid,simulator
DAM-A-PZ-08,2026-07-01T10:35:00+08:00,1,evt-pz-0127-7,181.233,kPa,valid,simulator
DAM-A-PZ-09,2026-07-01T10:35:00+08:00,1,evt-pz-0127-8,181.433,kPa,valid,simulator
DAM-A-PZ-10,2026-07-01T10:35:00+08:00,1,evt-pz-0127-9,181.633,kPa,valid,simulator
DAM-A-PZ-11,2026-07-01T10:35:00+08:00,1,evt-pz-0127-10,181.833,kPa,valid,simulator
DAM-A-PZ-12,2026-07-01T10:35:00+08:00,1,evt-pz-0127-11,182.033,kPa,valid,simulator
DAM-A-PZ-01,2026-07-01T10:40:00+08:00,1,evt-pz-0128-0,179.708,kPa,valid,simulator
DAM-A-PZ-02,2026-07-01T10:40:00+08:00,1,evt-pz-0128-1,179.908,kPa,valid,simulator
DAM-A-PZ-03,2026-07-01T10:40:00+08:00,1,evt-pz-0128-2,180.108,kPa,valid,simulator
DAM-A-PZ-04,2026-07-01T10:40:00+08:00,1,evt-pz-0128-3,180.308,kPa,valid,simulator
DAM-A-PZ-05,2026-07-01T10:40:00+08:00,1,evt-pz-0128-4,180.508,kPa,valid,simulator
DAM-A-PZ-06,2026-07-01T10:40:00+08:00,1,evt-pz-0128-5,180.708,kPa,valid,simulator
DAM-A-PZ-07,2026-07-01T10:40:00+08:00,1,evt-pz-0128-6,180.908,kPa,valid,simulator
DAM-A-PZ-08,2026-07-01T10:40:00+08:00,1,evt-pz-0128-7,181.108,kPa,valid,simulator
DAM-A-PZ-09,2026-07-01T10:40:00+08:00,1,evt-pz-0128-8,181.308,kPa,valid,simulator
DAM-A-PZ-10,2026-07-01T10:40:00+08:00,1,evt-pz-0128-9,181.508,kPa,valid,simulator
DAM-A-PZ-11,2026-07-01T10:40:00+08:00,1,evt-pz-0128-10,181.708,kPa,valid,simulator
DAM-A-PZ-12,2026-07-01T10:40:00+08:00,1,evt-pz-0128-11,181.908,kPa,valid,simulator
DAM-A-PZ-01,2026-07-01T10:45:00+08:00,1,evt-pz-0129-0,179.583,kPa,valid,simulator
DAM-A-PZ-02,2026-07-01T10:45:00+08:00,1,evt-pz-0129-1,179.783,kPa,valid,simulator
DAM-A-PZ-03,2026-07-01T10:45:00+08:00,1,evt-pz-0129-2,179.983,kPa,valid,simulator
DAM-A-PZ-04,2026-07-01T10:45:00+08:00,1,evt-pz-0129-3,180.183,kPa,valid,simulator
DAM-A-PZ-05,2026-07-01T10:45:00+08:00,1,evt-pz-0129-4,180.383,kPa,valid,simulator
DAM-A-PZ-06,2026-07-01T10:45:00+08:00,1,evt-pz-0129-5,180.583,kPa,valid,simulator
DAM-A-PZ-07,2026-07-01T10:45:00+08:00,1,evt-pz-0129-6,180.783,kPa,valid,simulator
DAM-A-PZ-08,2026-07-01T10:45:00+08:00,1,evt-pz-0129-7,180.983,kPa,valid,simulator
DAM-A-PZ-09,2026-07-01T10:45:00+08:00,1,evt-pz-0129-8,181.183,kPa,valid,simulator
DAM-A-PZ-10,2026-07-01T10:45:00+08:00,1,evt-pz-0129-9,181.383,kPa,valid,simulator
DAM-A-PZ-11,2026-07-01T10:45:00+08:00,1,evt-pz-0129-10,181.583,kPa,valid,simulator
DAM-A-PZ-12,2026-07-01T10:45:00+08:00,1,evt-pz-0129-11,181.783,kPa,valid,simulator
DAM-A-PZ-01,2026-07-01T10:50:00+08:00,1,evt-pz-0130-0,179.459,kPa,valid,simulator
DAM-A-PZ-02,2026-07-01T10:50:00+08:00,1,evt-pz-0130-1,179.659,kPa,valid,simulator
DAM-A-PZ-03,2026-07-01T10:50:00+08:00,1,evt-pz-0130-2,179.859,kPa,valid,simulator
DAM-A-PZ-04,2026-07-01T10:50:00+08:00,1,evt-pz-0130-3,180.059,kPa,valid,simulator
DAM-A-PZ-05,2026-07-01T10:50:00+08:00,1,evt-pz-0130-4,180.259,kPa,valid,simulator
DAM-A-PZ-06,2026-07-01T10:50:00+08:00,1,evt-pz-0130-5,180.459,kPa,valid,simulator
DAM-A-PZ-07,2026-07-01T10:50:00+08:00,1,evt-pz-0130-6,180.659,kPa,valid,simulator
DAM-A-PZ-08,2026-07-01T10:50:00+08:00,1,evt-pz-0130-7,180.859,kPa,valid,simulator
DAM-A-PZ-09,2026-07-01T10:50:00+08:00,1,evt-pz-0130-8,181.059,kPa,valid,simulator
DAM-A-PZ-10,2026-07-01T10:50:00+08:00,1,evt-pz-0130-9,181.259,kPa,valid,simulator
DAM-A-PZ-11,2026-07-01T10:50:00+08:00,1,evt-pz-0130-10,181.459,kPa,valid,simulator
DAM-A-PZ-12,2026-07-01T10:50:00+08:00,1,evt-pz-0130-11,181.659,kPa,valid,simulator
DAM-A-PZ-01,2026-07-01T10:55:00+08:00,1,evt-pz-0131-0,179.335,kPa,valid,simulator
DAM-A-PZ-02,2026-07-01T10:55:00+08:00,1,evt-pz-0131-1,179.535,kPa,valid,simulator
DAM-A-PZ-03,2026-07-01T10:55:00+08:00,1,evt-pz-0131-2,179.735,kPa,valid,simulator
DAM-A-PZ-04,2026-07-01T10:55:00+08:00,1,evt-pz-0131-3,179.935,kPa,valid,simulator
DAM-A-PZ-05,2026-07-01T10:55:00+08:00,1,evt-pz-0131-4,180.135,kPa,valid,simulator
DAM-A-PZ-06,2026-07-01T10:55:00+08:00,1,evt-pz-0131-5,180.335,kPa,valid,simulator
DAM-A-PZ-07,2026-07-01T10:55:00+08:00,1,evt-pz-0131-6,180.535,kPa,valid,simulator
DAM-A-PZ-08,2026-07-01T10:55:00+08:00,1,evt-pz-0131-7,180.735,kPa,valid,simulator
DAM-A-PZ-09,2026-07-01T10:55:00+08:00,1,evt-pz-0131-8,180.935,kPa,valid,simulator
DAM-A-PZ-10,2026-07-01T10:55:00+08:00,1,evt-pz-0131-9,181.135,kPa,valid,simulator
DAM-A-PZ-11,2026-07-01T10:55:00+08:00,1,evt-pz-0131-10,181.335,kPa,valid,simulator
DAM-A-PZ-12,2026-07-01T10:55:00+08:00,1,evt-pz-0131-11,181.535,kPa,valid,simulator
DAM-A-PZ-01,2026-07-01T11:00:00+08:00,1,evt-pz-0132-0,179.211,kPa,valid,simulator
DAM-A-PZ-02,2026-07-01T11:00:00+08:00,1,evt-pz-0132-1,179.411,kPa,valid,simulator
DAM-A-PZ-03,2026-07-01T11:00:00+08:00,1,evt-pz-0132-2,179.611,kPa,valid,simulator
DAM-A-PZ-04,2026-07-01T11:00:00+08:00,1,evt-pz-0132-3,179.811,kPa,valid,simulator
DAM-A-PZ-05,2026-07-01T11:00:00+08:00,1,evt-pz-0132-4,180.011,kPa,valid,simulator
DAM-A-PZ-06,2026-07-01T11:00:00+08:00,1,evt-pz-0132-5,180.211,kPa,valid,simulator
DAM-A-PZ-07,2026-07-01T11:00:00+08:00,1,evt-pz-0132-6,180.411,kPa,valid,simulator
DAM-A-PZ-08,2026-07-01T11:00:00+08:00,1,evt-pz-0132-7,180.611,kPa,valid,simulator
DAM-A-PZ-09,2026-07-01T11:00:00+08:00,1,evt-pz-0132-8,180.811,kPa,valid,simulator
DAM-A-PZ-10,2026-07-01T11:00:00+08:00,1,evt-pz-0132-9,181.011,kPa,valid,simulator
DAM-A-PZ-11,2026-07-01T11:00:00+08:00,1,evt-pz-0132-10,181.211,kPa,valid,simulator
DAM-A-PZ-12,2026-07-01T11:00:00+08:00,1,evt-pz-0132-11,181.411,kPa,valid,simulator
DAM-A-PZ-01,2026-07-01T11:05:00+08:00,1,evt-pz-0133-0,179.088,kPa,valid,simulator
DAM-A-PZ-02,2026-07-01T11:05:00+08:00,1,evt-pz-0133-1,179.288,kPa,valid,simulator
DAM-A-PZ-03,2026-07-01T11:05:00+08:00,1,evt-pz-0133-2,179.488,kPa,valid,simulator
DAM-A-PZ-04,2026-07-01T11:05:00+08:00,1,evt-pz-0133-3,179.688,kPa,valid,simulator
DAM-A-PZ-05,2026-07-01T11:05:00+08:00,1,evt-pz-0133-4,179.888,kPa,valid,simulator
DAM-A-PZ-06,2026-07-01T11:05:00+08:00,1,evt-pz-0133-5,180.088,kPa,valid,simulator
DAM-A-PZ-07,2026-07-01T11:05:00+08:00,1,evt-pz-0133-6,180.288,kPa,valid,simulator
DAM-A-PZ-08,2026-07-01T11:05:00+08:00,1,evt-pz-0133-7,180.488,kPa,valid,simulator
DAM-A-PZ-09,2026-07-01T11:05:00+08:00,1,evt-pz-0133-8,180.688,kPa,valid,simulator
DAM-A-PZ-10,2026-07-01T11:05:00+08:00,1,evt-pz-0133-9,180.888,kPa,valid,simulator
DAM-A-PZ-11,2026-07-01T11:05:00+08:00,1,evt-pz-0133-10,181.088,kPa,valid,simulator
DAM-A-PZ-12,2026-07-01T11:05:00+08:00,1,evt-pz-0133-11,181.288,kPa,valid,simulator
DAM-A-PZ-01,2026-07-01T11:10:00+08:00,1,evt-pz-0134-0,178.965,kPa,valid,simulator
DAM-A-PZ-02,2026-07-01T11:10:00+08:00,1,evt-pz-0134-1,179.165,kPa,valid,simulator
DAM-A-PZ-03,2026-07-01T11:10:00+08:00,1,evt-pz-0134-2,179.365,kPa,valid,simulator
DAM-A-PZ-04,2026-07-01T11:10:00+08:00,1,evt-pz-0134-3,179.565,kPa,valid,simulator
DAM-A-PZ-05,2026-07-01T11:10:00+08:00,1,evt-pz-0134-4,179.765,kPa,valid,simulator
DAM-A-PZ-06,2026-07-01T11:10:00+08:00,1,evt-pz-0134-5,179.965,kPa,valid,simulator
DAM-A-PZ-07,2026-07-01T11:10:00+08:00,1,evt-pz-0134-6,180.165,kPa,valid,simulator
DAM-A-PZ-08,2026-07-01T11:10:00+08:00,1,evt-pz-0134-7,180.365,kPa,valid,simulator
DAM-A-PZ-09,2026-07-01T11:10:00+08:00,1,evt-pz-0134-8,180.565,kPa,valid,simulator
DAM-A-PZ-10,2026-07-01T11:10:00+08:00,1,evt-pz-0134-9,180.765,kPa,valid,simulator
DAM-A-PZ-11,2026-07-01T11:10:00+08:00,1,evt-pz-0134-10,180.965,kPa,valid,simulator
DAM-A-PZ-12,2026-07-01T11:10:00+08:00,1,evt-pz-0134-11,181.165,kPa,valid,simulator
DAM-A-PZ-01,2026-07-01T11:15:00+08:00,1,evt-pz-0135-0,178.844,kPa,valid,simulator
DAM-A-PZ-02,2026-07-01T11:15:00+08:00,1,evt-pz-0135-1,179.044,kPa,valid,simulator
DAM-A-PZ-03,2026-07-01T11:15:00+08:00,1,evt-pz-0135-2,179.244,kPa,valid,simulator
DAM-A-PZ-04,2026-07-01T11:15:00+08:00,1,evt-pz-0135-3,179.444,kPa,valid,simulator
DAM-A-PZ-05,2026-07-01T11:15:00+08:00,1,evt-pz-0135-4,179.644,kPa,valid,simulator
DAM-A-PZ-06,2026-07-01T11:15:00+08:00,1,evt-pz-0135-5,179.844,kPa,valid,simulator
DAM-A-PZ-07,2026-07-01T11:15:00+08:00,1,evt-pz-0135-6,180.044,kPa,valid,simulator
DAM-A-PZ-08,2026-07-01T11:15:00+08:00,1,evt-pz-0135-7,180.244,kPa,valid,simulator
DAM-A-PZ-09,2026-07-01T11:15:00+08:00,1,evt-pz-0135-8,180.444,kPa,valid,simulator
DAM-A-PZ-10,2026-07-01T11:15:00+08:00,1,evt-pz-0135-9,180.644,kPa,valid,simulator
DAM-A-PZ-11,2026-07-01T11:15:00+08:00,1,evt-pz-0135-10,180.844,kPa,valid,simulator
DAM-A-PZ-12,2026-07-01T11:15:00+08:00,1,evt-pz-0135-11,181.044,kPa,valid,simulator
DAM-A-PZ-01,2026-07-01T11:20:00+08:00,1,evt-pz-0136-0,178.722,kPa,valid,simulator
DAM-A-PZ-02,2026-07-01T11:20:00+08:00,1,evt-pz-0136-1,178.922,kPa,valid,simulator
DAM-A-PZ-03,2026-07-01T11:20:00+08:00,1,evt-pz-0136-2,179.122,kPa,valid,simulator
DAM-A-PZ-04,2026-07-01T11:20:00+08:00,1,evt-pz-0136-3,179.322,kPa,valid,simulator
DAM-A-PZ-05,2026-07-01T11:20:00+08:00,1,evt-pz-0136-4,179.522,kPa,valid,simulator
DAM-A-PZ-06,2026-07-01T11:20:00+08:00,1,evt-pz-0136-5,179.722,kPa,valid,simulator
DAM-A-PZ-07,2026-07-01T11:20:00+08:00,1,evt-pz-0136-6,179.922,kPa,valid,simulator
DAM-A-PZ-08,2026-07-01T11:20:00+08:00,1,evt-pz-0136-7,180.122,kPa,valid,simulator
DAM-A-PZ-09,2026-07-01T11:20:00+08:00,1,evt-pz-0136-8,180.322,kPa,valid,simulator
DAM-A-PZ-10,2026-07-01T11:20:00+08:00,1,evt-pz-0136-9,180.522,kPa,valid,simulator
DAM-A-PZ-11,2026-07-01T11:20:00+08:00,1,evt-pz-0136-10,180.722,kPa,valid,simulator
DAM-A-PZ-12,2026-07-01T11:20:00+08:00,1,evt-pz-0136-11,180.922,kPa,valid,simulator
DAM-A-PZ-01,2026-07-01T11:25:00+08:00,1,evt-pz-0137-0,178.602,kPa,valid,simulator
DAM-A-PZ-02,2026-07-01T11:25:00+08:00,1,evt-pz-0137-1,178.802,kPa,valid,simulator
DAM-A-PZ-03,2026-07-01T11:25:00+08:00,1,evt-pz-0137-2,179.002,kPa,valid,simulator
DAM-A-PZ-04,2026-07-01T11:25:00+08:00,1,evt-pz-0137-3,179.202,kPa,valid,simulator
DAM-A-PZ-05,2026-07-01T11:25:00+08:00,1,evt-pz-0137-4,179.402,kPa,valid,simulator
DAM-A-PZ-06,2026-07-01T11:25:00+08:00,1,evt-pz-0137-5,179.602,kPa,valid,simulator
DAM-A-PZ-07,2026-07-01T11:25:00+08:00,1,evt-pz-0137-6,179.802,kPa,valid,simulator
DAM-A-PZ-08,2026-07-01T11:25:00+08:00,1,evt-pz-0137-7,180.002,kPa,valid,simulator
DAM-A-PZ-09,2026-07-01T11:25:00+08:00,1,evt-pz-0137-8,180.202,kPa,valid,simulator
DAM-A-PZ-10,2026-07-01T11:25:00+08:00,1,evt-pz-0137-9,180.402,kPa,valid,simulator
DAM-A-PZ-11,2026-07-01T11:25:00+08:00,1,evt-pz-0137-10,180.602,kPa,valid,simulator
DAM-A-PZ-12,2026-07-01T11:25:00+08:00,1,evt-pz-0137-11,180.802,kPa,valid,simulator
DAM-A-PZ-01,2026-07-01T11:30:00+08:00,1,evt-pz-0138-0,178.482,kPa,valid,simulator
DAM-A-PZ-02,2026-07-01T11:30:00+08:00,1,evt-pz-0138-1,178.682,kPa,valid,simulator
DAM-A-PZ-03,2026-07-01T11:30:00+08:00,1,evt-pz-0138-2,178.882,kPa,valid,simulator
DAM-A-PZ-04,2026-07-01T11:30:00+08:00,1,evt-pz-0138-3,179.082,kPa,valid,simulator
DAM-A-PZ-05,2026-07-01T11:30:00+08:00,1,evt-pz-0138-4,179.282,kPa,valid,simulator
DAM-A-PZ-06,2026-07-01T11:30:00+08:00,1,evt-pz-0138-5,179.482,kPa,valid,simulator
DAM-A-PZ-07,2026-07-01T11:30:00+08:00,1,evt-pz-0138-6,179.682,kPa,valid,simulator
DAM-A-PZ-08,2026-07-01T11:30:00+08:00,1,evt-pz-0138-7,179.882,kPa,valid,simulator
DAM-A-PZ-09,2026-07-01T11:30:00+08:00,1,evt-pz-0138-8,180.082,kPa,valid,simulator
DAM-A-PZ-10,2026-07-01T11:30:00+08:00,1,evt-pz-0138-9,180.282,kPa,valid,simulator
DAM-A-PZ-11,2026-07-01T11:30:00+08:00,1,evt-pz-0138-10,180.482,kPa,valid,simulator
DAM-A-PZ-12,2026-07-01T11:30:00+08:00,1,evt-pz-0138-11,180.682,kPa,valid,simulator
DAM-A-PZ-01,2026-07-01T11:35:00+08:00,1,evt-pz-0139-0,178.364,kPa,valid,simulator
DAM-A-PZ-02,2026-07-01T11:35:00+08:00,1,evt-pz-0139-1,178.564,kPa,valid,simulator
DAM-A-PZ-03,2026-07-01T11:35:00+08:00,1,evt-pz-0139-2,178.764,kPa,valid,simulator
DAM-A-PZ-04,2026-07-01T11:35:00+08:00,1,evt-pz-0139-3,178.964,kPa,valid,simulator
DAM-A-PZ-05,2026-07-01T11:35:00+08:00,1,evt-pz-0139-4,179.164,kPa,valid,simulator
DAM-A-PZ-06,2026-07-01T11:35:00+08:00,1,evt-pz-0139-5,179.364,kPa,valid,simulator
DAM-A-PZ-07,2026-07-01T11:35:00+08:00,1,evt-pz-0139-6,179.564,kPa,valid,simulator
DAM-A-PZ-08,2026-07-01T11:35:00+08:00,1,evt-pz-0139-7,179.764,kPa,valid,simulator
DAM-A-PZ-09,2026-07-01T11:35:00+08:00,1,evt-pz-0139-8,179.964,kPa,valid,simulator
DAM-A-PZ-10,2026-07-01T11:35:00+08:00,1,evt-pz-0139-9,180.164,kPa,valid,simulator
DAM-A-PZ-11,2026-07-01T11:35:00+08:00,1,evt-pz-0139-10,180.364,kPa,valid,simulator
DAM-A-PZ-12,2026-07-01T11:35:00+08:00,1,evt-pz-0139-11,180.564,kPa,valid,simulator
DAM-A-PZ-01,2026-07-01T11:40:00+08:00,1,evt-pz-0140-0,178.246,kPa,valid,simulator
DAM-A-PZ-02,2026-07-01T11:40:00+08:00,1,evt-pz-0140-1,178.446,kPa,valid,simulator
DAM-A-PZ-03,2026-07-01T11:40:00+08:00,1,evt-pz-0140-2,178.646,kPa,valid,simulator
DAM-A-PZ-04,2026-07-01T11:40:00+08:00,1,evt-pz-0140-3,178.846,kPa,valid,simulator
DAM-A-PZ-05,2026-07-01T11:40:00+08:00,1,evt-pz-0140-4,179.046,kPa,valid,simulator
DAM-A-PZ-06,2026-07-01T11:40:00+08:00,1,evt-pz-0140-5,179.246,kPa,valid,simulator
DAM-A-PZ-07,2026-07-01T11:40:00+08:00,1,evt-pz-0140-6,179.446,kPa,valid,simulator
DAM-A-PZ-08,2026-07-01T11:40:00+08:00,1,evt-pz-0140-7,179.646,kPa,valid,simulator
DAM-A-PZ-09,2026-07-01T11:40:00+08:00,1,evt-pz-0140-8,179.846,kPa,valid,simulator
DAM-A-PZ-10,2026-07-01T11:40:00+08:00,1,evt-pz-0140-9,180.046,kPa,valid,simulator
DAM-A-PZ-11,2026-07-01T11:40:00+08:00,1,evt-pz-0140-10,180.246,kPa,valid,simulator
DAM-A-PZ-12,2026-07-01T11:40:00+08:00,1,evt-pz-0140-11,180.446,kPa,valid,simulator
DAM-A-PZ-01,2026-07-01T11:45:00+08:00,1,evt-pz-0141-0,178.13,kPa,valid,simulator
DAM-A-PZ-02,2026-07-01T11:45:00+08:00,1,evt-pz-0141-1,178.33,kPa,valid,simulator
DAM-A-PZ-03,2026-07-01T11:45:00+08:00,1,evt-pz-0141-2,178.53,kPa,valid,simulator
DAM-A-PZ-04,2026-07-01T11:45:00+08:00,1,evt-pz-0141-3,178.73,kPa,valid,simulator
DAM-A-PZ-05,2026-07-01T11:45:00+08:00,1,evt-pz-0141-4,178.93,kPa,valid,simulator
DAM-A-PZ-06,2026-07-01T11:45:00+08:00,1,evt-pz-0141-5,179.13,kPa,valid,simulator
DAM-A-PZ-07,2026-07-01T11:45:00+08:00,1,evt-pz-0141-6,179.33,kPa,valid,simulator
DAM-A-PZ-08,2026-07-01T11:45:00+08:00,1,evt-pz-0141-7,179.53,kPa,valid,simulator
DAM-A-PZ-09,2026-07-01T11:45:00+08:00,1,evt-pz-0141-8,179.73,kPa,valid,simulator
DAM-A-PZ-10,2026-07-01T11:45:00+08:00,1,evt-pz-0141-9,179.93,kPa,valid,simulator
DAM-A-PZ-11,2026-07-01T11:45:00+08:00,1,evt-pz-0141-10,180.13,kPa,valid,simulator
DAM-A-PZ-12,2026-07-01T11:45:00+08:00,1,evt-pz-0141-11,180.33,kPa,valid,simulator
DAM-A-PZ-01,2026-07-01T11:50:00+08:00,1,evt-pz-0142-0,178.014,kPa,valid,simulator
DAM-A-PZ-02,2026-07-01T11:50:00+08:00,1,evt-pz-0142-1,178.214,kPa,valid,simulator
DAM-A-PZ-03,2026-07-01T11:50:00+08:00,1,evt-pz-0142-2,178.414,kPa,valid,simulator
DAM-A-PZ-04,2026-07-01T11:50:00+08:00,1,evt-pz-0142-3,178.614,kPa,valid,simulator
DAM-A-PZ-05,2026-07-01T11:50:00+08:00,1,evt-pz-0142-4,178.814,kPa,valid,simulator
DAM-A-PZ-06,2026-07-01T11:50:00+08:00,1,evt-pz-0142-5,179.014,kPa,valid,simulator
DAM-A-PZ-07,2026-07-01T11:50:00+08:00,1,evt-pz-0142-6,179.214,kPa,valid,simulator
DAM-A-PZ-08,2026-07-01T11:50:00+08:00,1,evt-pz-0142-7,179.414,kPa,valid,simulator
DAM-A-PZ-09,2026-07-01T11:50:00+08:00,1,evt-pz-0142-8,179.614,kPa,valid,simulator
DAM-A-PZ-10,2026-07-01T11:50:00+08:00,1,evt-pz-0142-9,179.814,kPa,valid,simulator
DAM-A-PZ-11,2026-07-01T11:50:00+08:00,1,evt-pz-0142-10,180.014,kPa,valid,simulator
DAM-A-PZ-12,2026-07-01T11:50:00+08:00,1,evt-pz-0142-11,180.214,kPa,valid,simulator
DAM-A-PZ-01,2026-07-01T11:55:00+08:00,1,evt-pz-0143-0,177.9,kPa,valid,simulator
DAM-A-PZ-02,2026-07-01T11:55:00+08:00,1,evt-pz-0143-1,178.1,kPa,valid,simulator
DAM-A-PZ-03,2026-07-01T11:55:00+08:00,1,evt-pz-0143-2,178.3,kPa,valid,simulator
DAM-A-PZ-04,2026-07-01T11:55:00+08:00,1,evt-pz-0143-3,178.5,kPa,valid,simulator
DAM-A-PZ-05,2026-07-01T11:55:00+08:00,1,evt-pz-0143-4,178.7,kPa,valid,simulator
DAM-A-PZ-06,2026-07-01T11:55:00+08:00,1,evt-pz-0143-5,178.9,kPa,valid,simulator
DAM-A-PZ-07,2026-07-01T11:55:00+08:00,1,evt-pz-0143-6,179.1,kPa,valid,simulator
DAM-A-PZ-08,2026-07-01T11:55:00+08:00,1,evt-pz-0143-7,179.3,kPa,valid,simulator
DAM-A-PZ-09,2026-07-01T11:55:00+08:00,1,evt-pz-0143-8,179.5,kPa,valid,simulator
DAM-A-PZ-10,2026-07-01T11:55:00+08:00,1,evt-pz-0143-9,179.7,kPa,valid,simulator
DAM-A-PZ-11,2026-07-01T11:55:00+08:00,1,evt-pz-0143-10,179.9,kPa,valid,simulator
DAM-A-PZ-12,2026-07-01T11:55:00+08:00,1,evt-pz-0143-11,180.1,kPa,valid,simulator
DAM-A-PZ-01,2026-07-01T12:00:00+08:00,1,evt-pz-0144-0,177.787,kPa,valid,simulator
DAM-A-PZ-02,2026-07-01T12:00:00+08:00,1,evt-pz-0144-1,177.987,kPa,valid,simulator
DAM-A-PZ-03,2026-07-01T12:00:00+08:00,1,evt-pz-0144-2,178.187,kPa,valid,simulator
DAM-A-PZ-04,2026-07-01T12:00:00+08:00,1,evt-pz-0144-3,178.387,kPa,valid,simulator
DAM-A-PZ-05,2026-07-01T12:00:00+08:00,1,evt-pz-0144-4,178.587,kPa,valid,simulator
DAM-A-PZ-06,2026-07-01T12:00:00+08:00,1,evt-pz-0144-5,178.787,kPa,valid,simulator
DAM-A-PZ-07,2026-07-01T12:00:00+08:00,1,evt-pz-0144-6,178.987,kPa,valid,simulator
DAM-A-PZ-08,2026-07-01T12:00:00+08:00,1,evt-pz-0144-7,179.187,kPa,valid,simulator
DAM-A-PZ-09,2026-07-01T12:00:00+08:00,1,evt-pz-0144-8,179.387,kPa,valid,simulator
DAM-A-PZ-10,2026-07-01T12:00:00+08:00,1,evt-pz-0144-9,179.587,kPa,valid,simulator
DAM-A-PZ-11,2026-07-01T12:00:00+08:00,1,evt-pz-0144-10,179.787,kPa,valid,simulator
DAM-A-PZ-12,2026-07-01T12:00:00+08:00,1,evt-pz-0144-11,179.987,kPa,valid,simulator
DAM-A-PZ-01,2026-07-01T12:05:00+08:00,1,evt-pz-0145-0,177.676,kPa,valid,simulator
DAM-A-PZ-02,2026-07-01T12:05:00+08:00,1,evt-pz-0145-1,177.876,kPa,valid,simulator
DAM-A-PZ-03,2026-07-01T12:05:00+08:00,1,evt-pz-0145-2,178.076,kPa,valid,simulator
DAM-A-PZ-04,2026-07-01T12:05:00+08:00,1,evt-pz-0145-3,178.276,kPa,valid,simulator
DAM-A-PZ-05,2026-07-01T12:05:00+08:00,1,evt-pz-0145-4,178.476,kPa,valid,simulator
DAM-A-PZ-06,2026-07-01T12:05:00+08:00,1,evt-pz-0145-5,178.676,kPa,valid,simulator
DAM-A-PZ-07,2026-07-01T12:05:00+08:00,1,evt-pz-0145-6,178.876,kPa,valid,simulator
DAM-A-PZ-08,2026-07-01T12:05:00+08:00,1,evt-pz-0145-7,179.076,kPa,valid,simulator
DAM-A-PZ-09,2026-07-01T12:05:00+08:00,1,evt-pz-0145-8,179.276,kPa,valid,simulator
DAM-A-PZ-10,2026-07-01T12:05:00+08:00,1,evt-pz-0145-9,179.476,kPa,valid,simulator
DAM-A-PZ-11,2026-07-01T12:05:00+08:00,1,evt-pz-0145-10,179.676,kPa,valid,simulator
DAM-A-PZ-12,2026-07-01T12:05:00+08:00,1,evt-pz-0145-11,179.876,kPa,valid,simulator
DAM-A-PZ-01,2026-07-01T12:10:00+08:00,1,evt-pz-0146-0,177.566,kPa,valid,simulator
DAM-A-PZ-02,2026-07-01T12:10:00+08:00,1,evt-pz-0146-1,177.766,kPa,valid,simulator
DAM-A-PZ-03,2026-07-01T12:10:00+08:00,1,evt-pz-0146-2,177.966,kPa,valid,simulator
DAM-A-PZ-04,2026-07-01T12:10:00+08:00,1,evt-pz-0146-3,178.166,kPa,valid,simulator
DAM-A-PZ-05,2026-07-01T12:10:00+08:00,1,evt-pz-0146-4,178.366,kPa,valid,simulator
DAM-A-PZ-06,2026-07-01T12:10:00+08:00,1,evt-pz-0146-5,178.566,kPa,valid,simulator
DAM-A-PZ-07,2026-07-01T12:10:00+08:00,1,evt-pz-0146-6,178.766,kPa,valid,simulator
DAM-A-PZ-08,2026-07-01T12:10:00+08:00,1,evt-pz-0146-7,178.966,kPa,valid,simulator
DAM-A-PZ-09,2026-07-01T12:10:00+08:00,1,evt-pz-0146-8,179.166,kPa,valid,simulator
DAM-A-PZ-10,2026-07-01T12:10:00+08:00,1,evt-pz-0146-9,179.366,kPa,valid,simulator
DAM-A-PZ-11,2026-07-01T12:10:00+08:00,1,evt-pz-0146-10,179.566,kPa,valid,simulator
DAM-A-PZ-12,2026-07-01T12:10:00+08:00,1,evt-pz-0146-11,179.766,kPa,valid,simulator
DAM-A-PZ-01,2026-07-01T12:15:00+08:00,1,evt-pz-0147-0,177.458,kPa,valid,simulator
DAM-A-PZ-02,2026-07-01T12:15:00+08:00,1,evt-pz-0147-1,177.658,kPa,valid,simulator
DAM-A-PZ-03,2026-07-01T12:15:00+08:00,1,evt-pz-0147-2,177.858,kPa,valid,simulator
DAM-A-PZ-04,2026-07-01T12:15:00+08:00,1,evt-pz-0147-3,178.058,kPa,valid,simulator
DAM-A-PZ-05,2026-07-01T12:15:00+08:00,1,evt-pz-0147-4,178.258,kPa,valid,simulator
DAM-A-PZ-06,2026-07-01T12:15:00+08:00,1,evt-pz-0147-5,178.458,kPa,valid,simulator
DAM-A-PZ-07,2026-07-01T12:15:00+08:00,1,evt-pz-0147-6,178.658,kPa,valid,simulator
DAM-A-PZ-08,2026-07-01T12:15:00+08:00,1,evt-pz-0147-7,178.858,kPa,valid,simulator
DAM-A-PZ-09,2026-07-01T12:15:00+08:00,1,evt-pz-0147-8,179.058,kPa,valid,simulator
DAM-A-PZ-10,2026-07-01T12:15:00+08:00,1,evt-pz-0147-9,179.258,kPa,valid,simulator
DAM-A-PZ-11,2026-07-01T12:15:00+08:00,1,evt-pz-0147-10,179.458,kPa,valid,simulator
DAM-A-PZ-12,2026-07-01T12:15:00+08:00,1,evt-pz-0147-11,179.658,kPa,valid,simulator
DAM-A-PZ-01,2026-07-01T12:20:00+08:00,1,evt-pz-0148-0,177.351,kPa,valid,simulator
DAM-A-PZ-02,2026-07-01T12:20:00+08:00,1,evt-pz-0148-1,177.551,kPa,valid,simulator
DAM-A-PZ-03,2026-07-01T12:20:00+08:00,1,evt-pz-0148-2,177.751,kPa,valid,simulator
DAM-A-PZ-04,2026-07-01T12:20:00+08:00,1,evt-pz-0148-3,177.951,kPa,valid,simulator
DAM-A-PZ-05,2026-07-01T12:20:00+08:00,1,evt-pz-0148-4,178.151,kPa,valid,simulator
DAM-A-PZ-06,2026-07-01T12:20:00+08:00,1,evt-pz-0148-5,178.351,kPa,valid,simulator
DAM-A-PZ-07,2026-07-01T12:20:00+08:00,1,evt-pz-0148-6,178.551,kPa,valid,simulator
DAM-A-PZ-08,2026-07-01T12:20:00+08:00,1,evt-pz-0148-7,178.751,kPa,valid,simulator
DAM-A-PZ-09,2026-07-01T12:20:00+08:00,1,evt-pz-0148-8,178.951,kPa,valid,simulator
DAM-A-PZ-10,2026-07-01T12:20:00+08:00,1,evt-pz-0148-9,179.151,kPa,valid,simulator
DAM-A-PZ-11,2026-07-01T12:20:00+08:00,1,evt-pz-0148-10,179.351,kPa,valid,simulator
DAM-A-PZ-12,2026-07-01T12:20:00+08:00,1,evt-pz-0148-11,179.551,kPa,valid,simulator
DAM-A-PZ-01,2026-07-01T12:25:00+08:00,1,evt-pz-0149-0,177.246,kPa,valid,simulator
DAM-A-PZ-02,2026-07-01T12:25:00+08:00,1,evt-pz-0149-1,177.446,kPa,valid,simulator
DAM-A-PZ-03,2026-07-01T12:25:00+08:00,1,evt-pz-0149-2,177.646,kPa,valid,simulator
DAM-A-PZ-04,2026-07-01T12:25:00+08:00,1,evt-pz-0149-3,177.846,kPa,valid,simulator
DAM-A-PZ-05,2026-07-01T12:25:00+08:00,1,evt-pz-0149-4,178.046,kPa,valid,simulator
DAM-A-PZ-06,2026-07-01T12:25:00+08:00,1,evt-pz-0149-5,178.246,kPa,valid,simulator
DAM-A-PZ-07,2026-07-01T12:25:00+08:00,1,evt-pz-0149-6,178.446,kPa,valid,simulator
DAM-A-PZ-08,2026-07-01T12:25:00+08:00,1,evt-pz-0149-7,178.646,kPa,valid,simulator
DAM-A-PZ-09,2026-07-01T12:25:00+08:00,1,evt-pz-0149-8,178.846,kPa,valid,simulator
DAM-A-PZ-10,2026-07-01T12:25:00+08:00,1,evt-pz-0149-9,179.046,kPa,valid,simulator
DAM-A-PZ-11,2026-07-01T12:25:00+08:00,1,evt-pz-0149-10,179.246,kPa,valid,simulator
DAM-A-PZ-12,2026-07-01T12:25:00+08:00,1,evt-pz-0149-11,179.446,kPa,valid,simulator
DAM-A-PZ-01,2026-07-01T12:30:00+08:00,1,evt-pz-0150-0,177.142,kPa,valid,simulator
DAM-A-PZ-02,2026-07-01T12:30:00+08:00,1,evt-pz-0150-1,177.342,kPa,valid,simulator
DAM-A-PZ-03,2026-07-01T12:30:00+08:00,1,evt-pz-0150-2,177.542,kPa,valid,simulator
DAM-A-PZ-04,2026-07-01T12:30:00+08:00,1,evt-pz-0150-3,177.742,kPa,valid,simulator
DAM-A-PZ-05,2026-07-01T12:30:00+08:00,1,evt-pz-0150-4,177.942,kPa,valid,simulator
DAM-A-PZ-06,2026-07-01T12:30:00+08:00,1,evt-pz-0150-5,178.142,kPa,valid,simulator
DAM-A-PZ-07,2026-07-01T12:30:00+08:00,1,evt-pz-0150-6,178.342,kPa,valid,simulator
DAM-A-PZ-08,2026-07-01T12:30:00+08:00,1,evt-pz-0150-7,178.542,kPa,valid,simulator
DAM-A-PZ-09,2026-07-01T12:30:00+08:00,1,evt-pz-0150-8,178.742,kPa,valid,simulator
DAM-A-PZ-10,2026-07-01T12:30:00+08:00,1,evt-pz-0150-9,178.942,kPa,valid,simulator
DAM-A-PZ-11,2026-07-01T12:30:00+08:00,1,evt-pz-0150-10,179.142,kPa,valid,simulator
DAM-A-PZ-12,2026-07-01T12:30:00+08:00,1,evt-pz-0150-11,179.342,kPa,valid,simulator
DAM-A-PZ-01,2026-07-01T12:35:00+08:00,1,evt-pz-0151-0,177.041,kPa,valid,simulator
DAM-A-PZ-02,2026-07-01T12:35:00+08:00,1,evt-pz-0151-1,177.241,kPa,valid,simulator
DAM-A-PZ-03,2026-07-01T12:35:00+08:00,1,evt-pz-0151-2,177.441,kPa,valid,simulator
DAM-A-PZ-04,2026-07-01T12:35:00+08:00,1,evt-pz-0151-3,177.641,kPa,valid,simulator
DAM-A-PZ-05,2026-07-01T12:35:00+08:00,1,evt-pz-0151-4,177.841,kPa,valid,simulator
DAM-A-PZ-06,2026-07-01T12:35:00+08:00,1,evt-pz-0151-5,178.041,kPa,valid,simulator
DAM-A-PZ-07,2026-07-01T12:35:00+08:00,1,evt-pz-0151-6,178.241,kPa,valid,simulator
DAM-A-PZ-08,2026-07-01T12:35:00+08:00,1,evt-pz-0151-7,178.441,kPa,valid,simulator
DAM-A-PZ-09,2026-07-01T12:35:00+08:00,1,evt-pz-0151-8,178.641,kPa,valid,simulator
DAM-A-PZ-10,2026-07-01T12:35:00+08:00,1,evt-pz-0151-9,178.841,kPa,valid,simulator
DAM-A-PZ-11,2026-07-01T12:35:00+08:00,1,evt-pz-0151-10,179.041,kPa,valid,simulator
DAM-A-PZ-12,2026-07-01T12:35:00+08:00,1,evt-pz-0151-11,179.241,kPa,valid,simulator
DAM-A-PZ-01,2026-07-01T12:40:00+08:00,1,evt-pz-0152-0,176.941,kPa,valid,simulator
DAM-A-PZ-02,2026-07-01T12:40:00+08:00,1,evt-pz-0152-1,177.141,kPa,valid,simulator
DAM-A-PZ-03,2026-07-01T12:40:00+08:00,1,evt-pz-0152-2,177.341,kPa,valid,simulator
DAM-A-PZ-04,2026-07-01T12:40:00+08:00,1,evt-pz-0152-3,177.541,kPa,valid,simulator
DAM-A-PZ-05,2026-07-01T12:40:00+08:00,1,evt-pz-0152-4,177.741,kPa,valid,simulator
DAM-A-PZ-06,2026-07-01T12:40:00+08:00,1,evt-pz-0152-5,177.941,kPa,valid,simulator
DAM-A-PZ-07,2026-07-01T12:40:00+08:00,1,evt-pz-0152-6,178.141,kPa,valid,simulator
DAM-A-PZ-08,2026-07-01T12:40:00+08:00,1,evt-pz-0152-7,178.341,kPa,valid,simulator
DAM-A-PZ-09,2026-07-01T12:40:00+08:00,1,evt-pz-0152-8,178.541,kPa,valid,simulator
DAM-A-PZ-10,2026-07-01T12:40:00+08:00,1,evt-pz-0152-9,178.741,kPa,valid,simulator
DAM-A-PZ-11,2026-07-01T12:40:00+08:00,1,evt-pz-0152-10,178.941,kPa,valid,simulator
DAM-A-PZ-12,2026-07-01T12:40:00+08:00,1,evt-pz-0152-11,179.141,kPa,valid,simulator
DAM-A-PZ-01,2026-07-01T12:45:00+08:00,1,evt-pz-0153-0,176.843,kPa,valid,simulator
DAM-A-PZ-02,2026-07-01T12:45:00+08:00,1,evt-pz-0153-1,177.043,kPa,valid,simulator
DAM-A-PZ-03,2026-07-01T12:45:00+08:00,1,evt-pz-0153-2,177.243,kPa,valid,simulator
DAM-A-PZ-04,2026-07-01T12:45:00+08:00,1,evt-pz-0153-3,177.443,kPa,valid,simulator
DAM-A-PZ-05,2026-07-01T12:45:00+08:00,1,evt-pz-0153-4,177.643,kPa,valid,simulator
DAM-A-PZ-06,2026-07-01T12:45:00+08:00,1,evt-pz-0153-5,177.843,kPa,valid,simulator
DAM-A-PZ-07,2026-07-01T12:45:00+08:00,1,evt-pz-0153-6,178.043,kPa,valid,simulator
DAM-A-PZ-08,2026-07-01T12:45:00+08:00,1,evt-pz-0153-7,178.243,kPa,valid,simulator
DAM-A-PZ-09,2026-07-01T12:45:00+08:00,1,evt-pz-0153-8,178.443,kPa,valid,simulator
DAM-A-PZ-10,2026-07-01T12:45:00+08:00,1,evt-pz-0153-9,178.643,kPa,valid,simulator
DAM-A-PZ-11,2026-07-01T12:45:00+08:00,1,evt-pz-0153-10,178.843,kPa,valid,simulator
DAM-A-PZ-12,2026-07-01T12:45:00+08:00,1,evt-pz-0153-11,179.043,kPa,valid,simulator
DAM-A-PZ-01,2026-07-01T12:50:00+08:00,1,evt-pz-0154-0,176.747,kPa,valid,simulator
DAM-A-PZ-02,2026-07-01T12:50:00+08:00,1,evt-pz-0154-1,176.947,kPa,valid,simulator
DAM-A-PZ-03,2026-07-01T12:50:00+08:00,1,evt-pz-0154-2,177.147,kPa,valid,simulator
DAM-A-PZ-04,2026-07-01T12:50:00+08:00,1,evt-pz-0154-3,177.347,kPa,valid,simulator
DAM-A-PZ-05,2026-07-01T12:50:00+08:00,1,evt-pz-0154-4,177.547,kPa,valid,simulator
DAM-A-PZ-06,2026-07-01T12:50:00+08:00,1,evt-pz-0154-5,177.747,kPa,valid,simulator
DAM-A-PZ-07,2026-07-01T12:50:00+08:00,1,evt-pz-0154-6,177.947,kPa,valid,simulator
DAM-A-PZ-08,2026-07-01T12:50:00+08:00,1,evt-pz-0154-7,178.147,kPa,valid,simulator
DAM-A-PZ-09,2026-07-01T12:50:00+08:00,1,evt-pz-0154-8,178.347,kPa,valid,simulator
DAM-A-PZ-10,2026-07-01T12:50:00+08:00,1,evt-pz-0154-9,178.547,kPa,valid,simulator
DAM-A-PZ-11,2026-07-01T12:50:00+08:00,1,evt-pz-0154-10,178.747,kPa,valid,simulator
DAM-A-PZ-12,2026-07-01T12:50:00+08:00,1,evt-pz-0154-11,178.947,kPa,valid,simulator
DAM-A-PZ-01,2026-07-01T12:55:00+08:00,1,evt-pz-0155-0,176.653,kPa,valid,simulator
DAM-A-PZ-02,2026-07-01T12:55:00+08:00,1,evt-pz-0155-1,176.853,kPa,valid,simulator
DAM-A-PZ-03,2026-07-01T12:55:00+08:00,1,evt-pz-0155-2,177.053,kPa,valid,simulator
DAM-A-PZ-04,2026-07-01T12:55:00+08:00,1,evt-pz-0155-3,177.253,kPa,valid,simulator
DAM-A-PZ-05,2026-07-01T12:55:00+08:00,1,evt-pz-0155-4,177.453,kPa,valid,simulator
DAM-A-PZ-06,2026-07-01T12:55:00+08:00,1,evt-pz-0155-5,177.653,kPa,valid,simulator
DAM-A-PZ-07,2026-07-01T12:55:00+08:00,1,evt-pz-0155-6,177.853,kPa,valid,simulator
DAM-A-PZ-08,2026-07-01T12:55:00+08:00,1,evt-pz-0155-7,178.053,kPa,valid,simulator
DAM-A-PZ-09,2026-07-01T12:55:00+08:00,1,evt-pz-0155-8,178.253,kPa,valid,simulator
DAM-A-PZ-10,2026-07-01T12:55:00+08:00,1,evt-pz-0155-9,178.453,kPa,valid,simulator
DAM-A-PZ-11,2026-07-01T12:55:00+08:00,1,evt-pz-0155-10,178.653,kPa,valid,simulator
DAM-A-PZ-12,2026-07-01T12:55:00+08:00,1,evt-pz-0155-11,178.853,kPa,valid,simulator
DAM-A-PZ-01,2026-07-01T13:00:00+08:00,1,evt-pz-0156-0,176.561,kPa,valid,simulator
DAM-A-PZ-02,2026-07-01T13:00:00+08:00,1,evt-pz-0156-1,176.761,kPa,valid,simulator
DAM-A-PZ-03,2026-07-01T13:00:00+08:00,1,evt-pz-0156-2,176.961,kPa,valid,simulator
DAM-A-PZ-04,2026-07-01T13:00:00+08:00,1,evt-pz-0156-3,177.161,kPa,valid,simulator
DAM-A-PZ-05,2026-07-01T13:00:00+08:00,1,evt-pz-0156-4,177.361,kPa,valid,simulator
DAM-A-PZ-06,2026-07-01T13:00:00+08:00,1,evt-pz-0156-5,177.561,kPa,valid,simulator
DAM-A-PZ-07,2026-07-01T13:00:00+08:00,1,evt-pz-0156-6,177.761,kPa,valid,simulator
DAM-A-PZ-08,2026-07-01T13:00:00+08:00,1,evt-pz-0156-7,177.961,kPa,valid,simulator
DAM-A-PZ-09,2026-07-01T13:00:00+08:00,1,evt-pz-0156-8,178.161,kPa,valid,simulator
DAM-A-PZ-10,2026-07-01T13:00:00+08:00,1,evt-pz-0156-9,178.361,kPa,valid,simulator
DAM-A-PZ-11,2026-07-01T13:00:00+08:00,1,evt-pz-0156-10,178.561,kPa,valid,simulator
DAM-A-PZ-12,2026-07-01T13:00:00+08:00,1,evt-pz-0156-11,178.761,kPa,valid,simulator
DAM-A-PZ-01,2026-07-01T13:05:00+08:00,1,evt-pz-0157-0,176.472,kPa,valid,simulator
DAM-A-PZ-02,2026-07-01T13:05:00+08:00,1,evt-pz-0157-1,176.672,kPa,valid,simulator
DAM-A-PZ-03,2026-07-01T13:05:00+08:00,1,evt-pz-0157-2,176.872,kPa,valid,simulator
DAM-A-PZ-04,2026-07-01T13:05:00+08:00,1,evt-pz-0157-3,177.072,kPa,valid,simulator
DAM-A-PZ-05,2026-07-01T13:05:00+08:00,1,evt-pz-0157-4,177.272,kPa,valid,simulator
DAM-A-PZ-06,2026-07-01T13:05:00+08:00,1,evt-pz-0157-5,177.472,kPa,valid,simulator
DAM-A-PZ-07,2026-07-01T13:05:00+08:00,1,evt-pz-0157-6,177.672,kPa,valid,simulator
DAM-A-PZ-08,2026-07-01T13:05:00+08:00,1,evt-pz-0157-7,177.872,kPa,valid,simulator
DAM-A-PZ-09,2026-07-01T13:05:00+08:00,1,evt-pz-0157-8,178.072,kPa,valid,simulator
DAM-A-PZ-10,2026-07-01T13:05:00+08:00,1,evt-pz-0157-9,178.272,kPa,valid,simulator
DAM-A-PZ-11,2026-07-01T13:05:00+08:00,1,evt-pz-0157-10,178.472,kPa,valid,simulator
DAM-A-PZ-12,2026-07-01T13:05:00+08:00,1,evt-pz-0157-11,178.672,kPa,valid,simulator
DAM-A-PZ-01,2026-07-01T13:10:00+08:00,1,evt-pz-0158-0,176.384,kPa,valid,simulator
DAM-A-PZ-02,2026-07-01T13:10:00+08:00,1,evt-pz-0158-1,176.584,kPa,valid,simulator
DAM-A-PZ-03,2026-07-01T13:10:00+08:00,1,evt-pz-0158-2,176.784,kPa,valid,simulator
DAM-A-PZ-04,2026-07-01T13:10:00+08:00,1,evt-pz-0158-3,176.984,kPa,valid,simulator
DAM-A-PZ-05,2026-07-01T13:10:00+08:00,1,evt-pz-0158-4,177.184,kPa,valid,simulator
DAM-A-PZ-06,2026-07-01T13:10:00+08:00,1,evt-pz-0158-5,177.384,kPa,valid,simulator
DAM-A-PZ-07,2026-07-01T13:10:00+08:00,1,evt-pz-0158-6,177.584,kPa,valid,simulator
DAM-A-PZ-08,2026-07-01T13:10:00+08:00,1,evt-pz-0158-7,177.784,kPa,valid,simulator
DAM-A-PZ-09,2026-07-01T13:10:00+08:00,1,evt-pz-0158-8,177.984,kPa,valid,simulator
DAM-A-PZ-10,2026-07-01T13:10:00+08:00,1,evt-pz-0158-9,178.184,kPa,valid,simulator
DAM-A-PZ-11,2026-07-01T13:10:00+08:00,1,evt-pz-0158-10,178.384,kPa,valid,simulator
DAM-A-PZ-12,2026-07-01T13:10:00+08:00,1,evt-pz-0158-11,178.584,kPa,valid,simulator
DAM-A-PZ-01,2026-07-01T13:15:00+08:00,1,evt-pz-0159-0,176.299,kPa,valid,simulator
DAM-A-PZ-02,2026-07-01T13:15:00+08:00,1,evt-pz-0159-1,176.499,kPa,valid,simulator
DAM-A-PZ-03,2026-07-01T13:15:00+08:00,1,evt-pz-0159-2,176.699,kPa,valid,simulator
DAM-A-PZ-04,2026-07-01T13:15:00+08:00,1,evt-pz-0159-3,176.899,kPa,valid,simulator
DAM-A-PZ-05,2026-07-01T13:15:00+08:00,1,evt-pz-0159-4,177.099,kPa,valid,simulator
DAM-A-PZ-06,2026-07-01T13:15:00+08:00,1,evt-pz-0159-5,177.299,kPa,valid,simulator
DAM-A-PZ-07,2026-07-01T13:15:00+08:00,1,evt-pz-0159-6,177.499,kPa,valid,simulator
DAM-A-PZ-08,2026-07-01T13:15:00+08:00,1,evt-pz-0159-7,177.699,kPa,valid,simulator
DAM-A-PZ-09,2026-07-01T13:15:00+08:00,1,evt-pz-0159-8,177.899,kPa,valid,simulator
DAM-A-PZ-10,2026-07-01T13:15:00+08:00,1,evt-pz-0159-9,178.099,kPa,valid,simulator
DAM-A-PZ-11,2026-07-01T13:15:00+08:00,1,evt-pz-0159-10,178.299,kPa,valid,simulator
DAM-A-PZ-12,2026-07-01T13:15:00+08:00,1,evt-pz-0159-11,178.499,kPa,valid,simulator
DAM-A-PZ-01,2026-07-01T13:20:00+08:00,1,evt-pz-0160-0,176.216,kPa,valid,simulator
DAM-A-PZ-02,2026-07-01T13:20:00+08:00,1,evt-pz-0160-1,176.416,kPa,valid,simulator
DAM-A-PZ-03,2026-07-01T13:20:00+08:00,1,evt-pz-0160-2,176.616,kPa,valid,simulator
DAM-A-PZ-04,2026-07-01T13:20:00+08:00,1,evt-pz-0160-3,176.816,kPa,valid,simulator
DAM-A-PZ-05,2026-07-01T13:20:00+08:00,1,evt-pz-0160-4,177.016,kPa,valid,simulator
DAM-A-PZ-06,2026-07-01T13:20:00+08:00,1,evt-pz-0160-5,177.216,kPa,valid,simulator
DAM-A-PZ-07,2026-07-01T13:20:00+08:00,1,evt-pz-0160-6,177.416,kPa,valid,simulator
DAM-A-PZ-08,2026-07-01T13:20:00+08:00,1,evt-pz-0160-7,177.616,kPa,valid,simulator
DAM-A-PZ-09,2026-07-01T13:20:00+08:00,1,evt-pz-0160-8,177.816,kPa,valid,simulator
DAM-A-PZ-10,2026-07-01T13:20:00+08:00,1,evt-pz-0160-9,178.016,kPa,valid,simulator
DAM-A-PZ-11,2026-07-01T13:20:00+08:00,1,evt-pz-0160-10,178.216,kPa,valid,simulator
DAM-A-PZ-12,2026-07-01T13:20:00+08:00,1,evt-pz-0160-11,178.416,kPa,valid,simulator
DAM-A-PZ-01,2026-07-01T13:25:00+08:00,1,evt-pz-0161-0,176.135,kPa,valid,simulator
DAM-A-PZ-02,2026-07-01T13:25:00+08:00,1,evt-pz-0161-1,176.335,kPa,valid,simulator
DAM-A-PZ-03,2026-07-01T13:25:00+08:00,1,evt-pz-0161-2,176.535,kPa,valid,simulator
DAM-A-PZ-04,2026-07-01T13:25:00+08:00,1,evt-pz-0161-3,176.735,kPa,valid,simulator
DAM-A-PZ-05,2026-07-01T13:25:00+08:00,1,evt-pz-0161-4,176.935,kPa,valid,simulator
DAM-A-PZ-06,2026-07-01T13:25:00+08:00,1,evt-pz-0161-5,177.135,kPa,valid,simulator
DAM-A-PZ-07,2026-07-01T13:25:00+08:00,1,evt-pz-0161-6,177.335,kPa,valid,simulator
DAM-A-PZ-08,2026-07-01T13:25:00+08:00,1,evt-pz-0161-7,177.535,kPa,valid,simulator
DAM-A-PZ-09,2026-07-01T13:25:00+08:00,1,evt-pz-0161-8,177.735,kPa,valid,simulator
DAM-A-PZ-10,2026-07-01T13:25:00+08:00,1,evt-pz-0161-9,177.935,kPa,valid,simulator
DAM-A-PZ-11,2026-07-01T13:25:00+08:00,1,evt-pz-0161-10,178.135,kPa,valid,simulator
DAM-A-PZ-12,2026-07-01T13:25:00+08:00,1,evt-pz-0161-11,178.335,kPa,valid,simulator
DAM-A-PZ-01,2026-07-01T13:30:00+08:00,1,evt-pz-0162-0,176.057,kPa,valid,simulator
DAM-A-PZ-02,2026-07-01T13:30:00+08:00,1,evt-pz-0162-1,176.257,kPa,valid,simulator
DAM-A-PZ-03,2026-07-01T13:30:00+08:00,1,evt-pz-0162-2,176.457,kPa,valid,simulator
DAM-A-PZ-04,2026-07-01T13:30:00+08:00,1,evt-pz-0162-3,176.657,kPa,valid,simulator
DAM-A-PZ-05,2026-07-01T13:30:00+08:00,1,evt-pz-0162-4,176.857,kPa,valid,simulator
DAM-A-PZ-06,2026-07-01T13:30:00+08:00,1,evt-pz-0162-5,177.057,kPa,valid,simulator
DAM-A-PZ-07,2026-07-01T13:30:00+08:00,1,evt-pz-0162-6,177.257,kPa,valid,simulator
DAM-A-PZ-08,2026-07-01T13:30:00+08:00,1,evt-pz-0162-7,177.457,kPa,valid,simulator
DAM-A-PZ-09,2026-07-01T13:30:00+08:00,1,evt-pz-0162-8,177.657,kPa,valid,simulator
DAM-A-PZ-10,2026-07-01T13:30:00+08:00,1,evt-pz-0162-9,177.857,kPa,valid,simulator
DAM-A-PZ-11,2026-07-01T13:30:00+08:00,1,evt-pz-0162-10,178.057,kPa,valid,simulator
DAM-A-PZ-12,2026-07-01T13:30:00+08:00,1,evt-pz-0162-11,178.257,kPa,valid,simulator
DAM-A-PZ-01,2026-07-01T13:35:00+08:00,1,evt-pz-0163-0,175.982,kPa,valid,simulator
DAM-A-PZ-02,2026-07-01T13:35:00+08:00,1,evt-pz-0163-1,176.182,kPa,valid,simulator
DAM-A-PZ-03,2026-07-01T13:35:00+08:00,1,evt-pz-0163-2,176.382,kPa,valid,simulator
DAM-A-PZ-04,2026-07-01T13:35:00+08:00,1,evt-pz-0163-3,176.582,kPa,valid,simulator
DAM-A-PZ-05,2026-07-01T13:35:00+08:00,1,evt-pz-0163-4,176.782,kPa,valid,simulator
DAM-A-PZ-06,2026-07-01T13:35:00+08:00,1,evt-pz-0163-5,176.982,kPa,valid,simulator
DAM-A-PZ-07,2026-07-01T13:35:00+08:00,1,evt-pz-0163-6,177.182,kPa,valid,simulator
DAM-A-PZ-08,2026-07-01T13:35:00+08:00,1,evt-pz-0163-7,177.382,kPa,valid,simulator
DAM-A-PZ-09,2026-07-01T13:35:00+08:00,1,evt-pz-0163-8,177.582,kPa,valid,simulator
DAM-A-PZ-10,2026-07-01T13:35:00+08:00,1,evt-pz-0163-9,177.782,kPa,valid,simulator
DAM-A-PZ-11,2026-07-01T13:35:00+08:00,1,evt-pz-0163-10,177.982,kPa,valid,simulator
DAM-A-PZ-12,2026-07-01T13:35:00+08:00,1,evt-pz-0163-11,178.182,kPa,valid,simulator
DAM-A-PZ-01,2026-07-01T13:40:00+08:00,1,evt-pz-0164-0,175.909,kPa,valid,simulator
DAM-A-PZ-02,2026-07-01T13:40:00+08:00,1,evt-pz-0164-1,176.109,kPa,valid,simulator
DAM-A-PZ-03,2026-07-01T13:40:00+08:00,1,evt-pz-0164-2,176.309,kPa,valid,simulator
DAM-A-PZ-04,2026-07-01T13:40:00+08:00,1,evt-pz-0164-3,176.509,kPa,valid,simulator
DAM-A-PZ-05,2026-07-01T13:40:00+08:00,1,evt-pz-0164-4,176.709,kPa,valid,simulator
DAM-A-PZ-06,2026-07-01T13:40:00+08:00,1,evt-pz-0164-5,176.909,kPa,valid,simulator
DAM-A-PZ-07,2026-07-01T13:40:00+08:00,1,evt-pz-0164-6,177.109,kPa,valid,simulator
DAM-A-PZ-08,2026-07-01T13:40:00+08:00,1,evt-pz-0164-7,177.309,kPa,valid,simulator
DAM-A-PZ-09,2026-07-01T13:40:00+08:00,1,evt-pz-0164-8,177.509,kPa,valid,simulator
DAM-A-PZ-10,2026-07-01T13:40:00+08:00,1,evt-pz-0164-9,177.709,kPa,valid,simulator
DAM-A-PZ-11,2026-07-01T13:40:00+08:00,1,evt-pz-0164-10,177.909,kPa,valid,simulator
DAM-A-PZ-12,2026-07-01T13:40:00+08:00,1,evt-pz-0164-11,178.109,kPa,valid,simulator
DAM-A-PZ-01,2026-07-01T13:45:00+08:00,1,evt-pz-0165-0,175.838,kPa,valid,simulator
DAM-A-PZ-02,2026-07-01T13:45:00+08:00,1,evt-pz-0165-1,176.038,kPa,valid,simulator
DAM-A-PZ-03,2026-07-01T13:45:00+08:00,1,evt-pz-0165-2,176.238,kPa,valid,simulator
DAM-A-PZ-04,2026-07-01T13:45:00+08:00,1,evt-pz-0165-3,176.438,kPa,valid,simulator
DAM-A-PZ-05,2026-07-01T13:45:00+08:00,1,evt-pz-0165-4,176.638,kPa,valid,simulator
DAM-A-PZ-06,2026-07-01T13:45:00+08:00,1,evt-pz-0165-5,176.838,kPa,valid,simulator
DAM-A-PZ-07,2026-07-01T13:45:00+08:00,1,evt-pz-0165-6,177.038,kPa,valid,simulator
DAM-A-PZ-08,2026-07-01T13:45:00+08:00,1,evt-pz-0165-7,177.238,kPa,valid,simulator
DAM-A-PZ-09,2026-07-01T13:45:00+08:00,1,evt-pz-0165-8,177.438,kPa,valid,simulator
DAM-A-PZ-10,2026-07-01T13:45:00+08:00,1,evt-pz-0165-9,177.638,kPa,valid,simulator
DAM-A-PZ-11,2026-07-01T13:45:00+08:00,1,evt-pz-0165-10,177.838,kPa,valid,simulator
DAM-A-PZ-12,2026-07-01T13:45:00+08:00,1,evt-pz-0165-11,178.038,kPa,valid,simulator
DAM-A-PZ-01,2026-07-01T13:50:00+08:00,1,evt-pz-0166-0,175.77,kPa,valid,simulator
DAM-A-PZ-02,2026-07-01T13:50:00+08:00,1,evt-pz-0166-1,175.97,kPa,valid,simulator
DAM-A-PZ-03,2026-07-01T13:50:00+08:00,1,evt-pz-0166-2,176.17,kPa,valid,simulator
DAM-A-PZ-04,2026-07-01T13:50:00+08:00,1,evt-pz-0166-3,176.37,kPa,valid,simulator
DAM-A-PZ-05,2026-07-01T13:50:00+08:00,1,evt-pz-0166-4,176.57,kPa,valid,simulator
DAM-A-PZ-06,2026-07-01T13:50:00+08:00,1,evt-pz-0166-5,176.77,kPa,valid,simulator
DAM-A-PZ-07,2026-07-01T13:50:00+08:00,1,evt-pz-0166-6,176.97,kPa,valid,simulator
DAM-A-PZ-08,2026-07-01T13:50:00+08:00,1,evt-pz-0166-7,177.17,kPa,valid,simulator
DAM-A-PZ-09,2026-07-01T13:50:00+08:00,1,evt-pz-0166-8,177.37,kPa,valid,simulator
DAM-A-PZ-10,2026-07-01T13:50:00+08:00,1,evt-pz-0166-9,177.57,kPa,valid,simulator
DAM-A-PZ-11,2026-07-01T13:50:00+08:00,1,evt-pz-0166-10,177.77,kPa,valid,simulator
DAM-A-PZ-12,2026-07-01T13:50:00+08:00,1,evt-pz-0166-11,177.97,kPa,valid,simulator
DAM-A-PZ-01,2026-07-01T13:55:00+08:00,1,evt-pz-0167-0,175.705,kPa,valid,simulator
DAM-A-PZ-02,2026-07-01T13:55:00+08:00,1,evt-pz-0167-1,175.905,kPa,valid,simulator
DAM-A-PZ-03,2026-07-01T13:55:00+08:00,1,evt-pz-0167-2,176.105,kPa,valid,simulator
DAM-A-PZ-04,2026-07-01T13:55:00+08:00,1,evt-pz-0167-3,176.305,kPa,valid,simulator
DAM-A-PZ-05,2026-07-01T13:55:00+08:00,1,evt-pz-0167-4,176.505,kPa,valid,simulator
DAM-A-PZ-06,2026-07-01T13:55:00+08:00,1,evt-pz-0167-5,176.705,kPa,valid,simulator
DAM-A-PZ-07,2026-07-01T13:55:00+08:00,1,evt-pz-0167-6,176.905,kPa,valid,simulator
DAM-A-PZ-08,2026-07-01T13:55:00+08:00,1,evt-pz-0167-7,177.105,kPa,valid,simulator
DAM-A-PZ-09,2026-07-01T13:55:00+08:00,1,evt-pz-0167-8,177.305,kPa,valid,simulator
DAM-A-PZ-10,2026-07-01T13:55:00+08:00,1,evt-pz-0167-9,177.505,kPa,valid,simulator
DAM-A-PZ-11,2026-07-01T13:55:00+08:00,1,evt-pz-0167-10,177.705,kPa,valid,simulator
DAM-A-PZ-12,2026-07-01T13:55:00+08:00,1,evt-pz-0167-11,177.905,kPa,valid,simulator
DAM-A-PZ-01,2026-07-01T14:00:00+08:00,1,evt-pz-0168-0,175.642,kPa,valid,simulator
DAM-A-PZ-02,2026-07-01T14:00:00+08:00,1,evt-pz-0168-1,175.842,kPa,valid,simulator
DAM-A-PZ-03,2026-07-01T14:00:00+08:00,1,evt-pz-0168-2,176.042,kPa,valid,simulator
DAM-A-PZ-04,2026-07-01T14:00:00+08:00,1,evt-pz-0168-3,176.242,kPa,valid,simulator
DAM-A-PZ-05,2026-07-01T14:00:00+08:00,1,evt-pz-0168-4,176.442,kPa,valid,simulator
DAM-A-PZ-06,2026-07-01T14:00:00+08:00,1,evt-pz-0168-5,176.642,kPa,valid,simulator
DAM-A-PZ-07,2026-07-01T14:00:00+08:00,1,evt-pz-0168-6,176.842,kPa,valid,simulator
DAM-A-PZ-08,2026-07-01T14:00:00+08:00,1,evt-pz-0168-7,177.042,kPa,valid,simulator
DAM-A-PZ-09,2026-07-01T14:00:00+08:00,1,evt-pz-0168-8,177.242,kPa,valid,simulator
DAM-A-PZ-10,2026-07-01T14:00:00+08:00,1,evt-pz-0168-9,177.442,kPa,valid,simulator
DAM-A-PZ-11,2026-07-01T14:00:00+08:00,1,evt-pz-0168-10,177.642,kPa,valid,simulator
DAM-A-PZ-12,2026-07-01T14:00:00+08:00,1,evt-pz-0168-11,177.842,kPa,valid,simulator
DAM-A-PZ-01,2026-07-01T14:05:00+08:00,1,evt-pz-0169-0,175.582,kPa,valid,simulator
DAM-A-PZ-02,2026-07-01T14:05:00+08:00,1,evt-pz-0169-1,175.782,kPa,valid,simulator
DAM-A-PZ-03,2026-07-01T14:05:00+08:00,1,evt-pz-0169-2,175.982,kPa,valid,simulator
DAM-A-PZ-04,2026-07-01T14:05:00+08:00,1,evt-pz-0169-3,176.182,kPa,valid,simulator
DAM-A-PZ-05,2026-07-01T14:05:00+08:00,1,evt-pz-0169-4,176.382,kPa,valid,simulator
DAM-A-PZ-06,2026-07-01T14:05:00+08:00,1,evt-pz-0169-5,176.582,kPa,valid,simulator
DAM-A-PZ-07,2026-07-01T14:05:00+08:00,1,evt-pz-0169-6,176.782,kPa,valid,simulator
DAM-A-PZ-08,2026-07-01T14:05:00+08:00,1,evt-pz-0169-7,176.982,kPa,valid,simulator
DAM-A-PZ-09,2026-07-01T14:05:00+08:00,1,evt-pz-0169-8,177.182,kPa,valid,simulator
DAM-A-PZ-10,2026-07-01T14:05:00+08:00,1,evt-pz-0169-9,177.382,kPa,valid,simulator
DAM-A-PZ-11,2026-07-01T14:05:00+08:00,1,evt-pz-0169-10,177.582,kPa,valid,simulator
DAM-A-PZ-12,2026-07-01T14:05:00+08:00,1,evt-pz-0169-11,177.782,kPa,valid,simulator
DAM-A-PZ-01,2026-07-01T14:10:00+08:00,1,evt-pz-0170-0,175.525,kPa,valid,simulator
DAM-A-PZ-02,2026-07-01T14:10:00+08:00,1,evt-pz-0170-1,175.725,kPa,valid,simulator
DAM-A-PZ-03,2026-07-01T14:10:00+08:00,1,evt-pz-0170-2,175.925,kPa,valid,simulator
DAM-A-PZ-04,2026-07-01T14:10:00+08:00,1,evt-pz-0170-3,176.125,kPa,valid,simulator
DAM-A-PZ-05,2026-07-01T14:10:00+08:00,1,evt-pz-0170-4,176.325,kPa,valid,simulator
DAM-A-PZ-06,2026-07-01T14:10:00+08:00,1,evt-pz-0170-5,176.525,kPa,valid,simulator
DAM-A-PZ-07,2026-07-01T14:10:00+08:00,1,evt-pz-0170-6,176.725,kPa,valid,simulator
DAM-A-PZ-08,2026-07-01T14:10:00+08:00,1,evt-pz-0170-7,176.925,kPa,valid,simulator
DAM-A-PZ-09,2026-07-01T14:10:00+08:00,1,evt-pz-0170-8,177.125,kPa,valid,simulator
DAM-A-PZ-10,2026-07-01T14:10:00+08:00,1,evt-pz-0170-9,177.325,kPa,valid,simulator
DAM-A-PZ-11,2026-07-01T14:10:00+08:00,1,evt-pz-0170-10,177.525,kPa,valid,simulator
DAM-A-PZ-12,2026-07-01T14:10:00+08:00,1,evt-pz-0170-11,177.725,kPa,valid,simulator
DAM-A-PZ-01,2026-07-01T14:15:00+08:00,1,evt-pz-0171-0,175.471,kPa,valid,simulator
DAM-A-PZ-02,2026-07-01T14:15:00+08:00,1,evt-pz-0171-1,175.671,kPa,valid,simulator
DAM-A-PZ-03,2026-07-01T14:15:00+08:00,1,evt-pz-0171-2,175.871,kPa,valid,simulator
DAM-A-PZ-04,2026-07-01T14:15:00+08:00,1,evt-pz-0171-3,176.071,kPa,valid,simulator
DAM-A-PZ-05,2026-07-01T14:15:00+08:00,1,evt-pz-0171-4,176.271,kPa,valid,simulator
DAM-A-PZ-06,2026-07-01T14:15:00+08:00,1,evt-pz-0171-5,176.471,kPa,valid,simulator
DAM-A-PZ-07,2026-07-01T14:15:00+08:00,1,evt-pz-0171-6,176.671,kPa,valid,simulator
DAM-A-PZ-08,2026-07-01T14:15:00+08:00,1,evt-pz-0171-7,176.871,kPa,valid,simulator
DAM-A-PZ-09,2026-07-01T14:15:00+08:00,1,evt-pz-0171-8,177.071,kPa,valid,simulator
DAM-A-PZ-10,2026-07-01T14:15:00+08:00,1,evt-pz-0171-9,177.271,kPa,valid,simulator
DAM-A-PZ-11,2026-07-01T14:15:00+08:00,1,evt-pz-0171-10,177.471,kPa,valid,simulator
DAM-A-PZ-12,2026-07-01T14:15:00+08:00,1,evt-pz-0171-11,177.671,kPa,valid,simulator
DAM-A-PZ-01,2026-07-01T14:20:00+08:00,1,evt-pz-0172-0,175.419,kPa,valid,simulator
DAM-A-PZ-02,2026-07-01T14:20:00+08:00,1,evt-pz-0172-1,175.619,kPa,valid,simulator
DAM-A-PZ-03,2026-07-01T14:20:00+08:00,1,evt-pz-0172-2,175.819,kPa,valid,simulator
DAM-A-PZ-04,2026-07-01T14:20:00+08:00,1,evt-pz-0172-3,176.019,kPa,valid,simulator
DAM-A-PZ-05,2026-07-01T14:20:00+08:00,1,evt-pz-0172-4,176.219,kPa,valid,simulator
DAM-A-PZ-06,2026-07-01T14:20:00+08:00,1,evt-pz-0172-5,176.419,kPa,valid,simulator
DAM-A-PZ-07,2026-07-01T14:20:00+08:00,1,evt-pz-0172-6,176.619,kPa,valid,simulator
DAM-A-PZ-08,2026-07-01T14:20:00+08:00,1,evt-pz-0172-7,176.819,kPa,valid,simulator
DAM-A-PZ-09,2026-07-01T14:20:00+08:00,1,evt-pz-0172-8,177.019,kPa,valid,simulator
DAM-A-PZ-10,2026-07-01T14:20:00+08:00,1,evt-pz-0172-9,177.219,kPa,valid,simulator
DAM-A-PZ-11,2026-07-01T14:20:00+08:00,1,evt-pz-0172-10,177.419,kPa,valid,simulator
DAM-A-PZ-12,2026-07-01T14:20:00+08:00,1,evt-pz-0172-11,177.619,kPa,valid,simulator
DAM-A-PZ-01,2026-07-01T14:25:00+08:00,1,evt-pz-0173-0,175.371,kPa,valid,simulator
DAM-A-PZ-02,2026-07-01T14:25:00+08:00,1,evt-pz-0173-1,175.571,kPa,valid,simulator
DAM-A-PZ-03,2026-07-01T14:25:00+08:00,1,evt-pz-0173-2,175.771,kPa,valid,simulator
DAM-A-PZ-04,2026-07-01T14:25:00+08:00,1,evt-pz-0173-3,175.971,kPa,valid,simulator
DAM-A-PZ-05,2026-07-01T14:25:00+08:00,1,evt-pz-0173-4,176.171,kPa,valid,simulator
DAM-A-PZ-06,2026-07-01T14:25:00+08:00,1,evt-pz-0173-5,176.371,kPa,valid,simulator
DAM-A-PZ-07,2026-07-01T14:25:00+08:00,1,evt-pz-0173-6,176.571,kPa,valid,simulator
DAM-A-PZ-08,2026-07-01T14:25:00+08:00,1,evt-pz-0173-7,176.771,kPa,valid,simulator
DAM-A-PZ-09,2026-07-01T14:25:00+08:00,1,evt-pz-0173-8,176.971,kPa,valid,simulator
DAM-A-PZ-10,2026-07-01T14:25:00+08:00,1,evt-pz-0173-9,177.171,kPa,valid,simulator
DAM-A-PZ-11,2026-07-01T14:25:00+08:00,1,evt-pz-0173-10,177.371,kPa,valid,simulator
DAM-A-PZ-12,2026-07-01T14:25:00+08:00,1,evt-pz-0173-11,177.571,kPa,valid,simulator
DAM-A-PZ-01,2026-07-01T14:30:00+08:00,1,evt-pz-0174-0,175.325,kPa,valid,simulator
DAM-A-PZ-02,2026-07-01T14:30:00+08:00,1,evt-pz-0174-1,175.525,kPa,valid,simulator
DAM-A-PZ-03,2026-07-01T14:30:00+08:00,1,evt-pz-0174-2,175.725,kPa,valid,simulator
DAM-A-PZ-04,2026-07-01T14:30:00+08:00,1,evt-pz-0174-3,175.925,kPa,valid,simulator
DAM-A-PZ-05,2026-07-01T14:30:00+08:00,1,evt-pz-0174-4,176.125,kPa,valid,simulator
DAM-A-PZ-06,2026-07-01T14:30:00+08:00,1,evt-pz-0174-5,176.325,kPa,valid,simulator
DAM-A-PZ-07,2026-07-01T14:30:00+08:00,1,evt-pz-0174-6,176.525,kPa,valid,simulator
DAM-A-PZ-08,2026-07-01T14:30:00+08:00,1,evt-pz-0174-7,176.725,kPa,valid,simulator
DAM-A-PZ-09,2026-07-01T14:30:00+08:00,1,evt-pz-0174-8,176.925,kPa,valid,simulator
DAM-A-PZ-10,2026-07-01T14:30:00+08:00,1,evt-pz-0174-9,177.125,kPa,valid,simulator
DAM-A-PZ-11,2026-07-01T14:30:00+08:00,1,evt-pz-0174-10,177.325,kPa,valid,simulator
DAM-A-PZ-12,2026-07-01T14:30:00+08:00,1,evt-pz-0174-11,177.525,kPa,valid,simulator
DAM-A-PZ-01,2026-07-01T14:35:00+08:00,1,evt-pz-0175-0,175.282,kPa,valid,simulator
DAM-A-PZ-02,2026-07-01T14:35:00+08:00,1,evt-pz-0175-1,175.482,kPa,valid,simulator
DAM-A-PZ-03,2026-07-01T14:35:00+08:00,1,evt-pz-0175-2,175.682,kPa,valid,simulator
DAM-A-PZ-04,2026-07-01T14:35:00+08:00,1,evt-pz-0175-3,175.882,kPa,valid,simulator
DAM-A-PZ-05,2026-07-01T14:35:00+08:00,1,evt-pz-0175-4,176.082,kPa,valid,simulator
DAM-A-PZ-06,2026-07-01T14:35:00+08:00,1,evt-pz-0175-5,176.282,kPa,valid,simulator
DAM-A-PZ-07,2026-07-01T14:35:00+08:00,1,evt-pz-0175-6,176.482,kPa,valid,simulator
DAM-A-PZ-08,2026-07-01T14:35:00+08:00,1,evt-pz-0175-7,176.682,kPa,valid,simulator
DAM-A-PZ-09,2026-07-01T14:35:00+08:00,1,evt-pz-0175-8,176.882,kPa,valid,simulator
DAM-A-PZ-10,2026-07-01T14:35:00+08:00,1,evt-pz-0175-9,177.082,kPa,valid,simulator
DAM-A-PZ-11,2026-07-01T14:35:00+08:00,1,evt-pz-0175-10,177.282,kPa,valid,simulator
DAM-A-PZ-12,2026-07-01T14:35:00+08:00,1,evt-pz-0175-11,177.482,kPa,valid,simulator
DAM-A-PZ-01,2026-07-01T14:40:00+08:00,1,evt-pz-0176-0,175.242,kPa,valid,simulator
DAM-A-PZ-02,2026-07-01T14:40:00+08:00,1,evt-pz-0176-1,175.442,kPa,valid,simulator
DAM-A-PZ-03,2026-07-01T14:40:00+08:00,1,evt-pz-0176-2,175.642,kPa,valid,simulator
DAM-A-PZ-04,2026-07-01T14:40:00+08:00,1,evt-pz-0176-3,175.842,kPa,valid,simulator
DAM-A-PZ-05,2026-07-01T14:40:00+08:00,1,evt-pz-0176-4,176.042,kPa,valid,simulator
DAM-A-PZ-06,2026-07-01T14:40:00+08:00,1,evt-pz-0176-5,176.242,kPa,valid,simulator
DAM-A-PZ-07,2026-07-01T14:40:00+08:00,1,evt-pz-0176-6,176.442,kPa,valid,simulator
DAM-A-PZ-08,2026-07-01T14:40:00+08:00,1,evt-pz-0176-7,176.642,kPa,valid,simulator
DAM-A-PZ-09,2026-07-01T14:40:00+08:00,1,evt-pz-0176-8,176.842,kPa,valid,simulator
DAM-A-PZ-10,2026-07-01T14:40:00+08:00,1,evt-pz-0176-9,177.042,kPa,valid,simulator
DAM-A-PZ-11,2026-07-01T14:40:00+08:00,1,evt-pz-0176-10,177.242,kPa,valid,simulator
DAM-A-PZ-12,2026-07-01T14:40:00+08:00,1,evt-pz-0176-11,177.442,kPa,valid,simulator
DAM-A-PZ-01,2026-07-01T14:45:00+08:00,1,evt-pz-0177-0,175.205,kPa,valid,simulator
DAM-A-PZ-02,2026-07-01T14:45:00+08:00,1,evt-pz-0177-1,175.405,kPa,valid,simulator
DAM-A-PZ-03,2026-07-01T14:45:00+08:00,1,evt-pz-0177-2,175.605,kPa,valid,simulator
DAM-A-PZ-04,2026-07-01T14:45:00+08:00,1,evt-pz-0177-3,175.805,kPa,valid,simulator
DAM-A-PZ-05,2026-07-01T14:45:00+08:00,1,evt-pz-0177-4,176.005,kPa,valid,simulator
DAM-A-PZ-06,2026-07-01T14:45:00+08:00,1,evt-pz-0177-5,176.205,kPa,valid,simulator
DAM-A-PZ-07,2026-07-01T14:45:00+08:00,1,evt-pz-0177-6,176.405,kPa,valid,simulator
DAM-A-PZ-08,2026-07-01T14:45:00+08:00,1,evt-pz-0177-7,176.605,kPa,valid,simulator
DAM-A-PZ-09,2026-07-01T14:45:00+08:00,1,evt-pz-0177-8,176.805,kPa,valid,simulator
DAM-A-PZ-10,2026-07-01T14:45:00+08:00,1,evt-pz-0177-9,177.005,kPa,valid,simulator
DAM-A-PZ-11,2026-07-01T14:45:00+08:00,1,evt-pz-0177-10,177.205,kPa,valid,simulator
DAM-A-PZ-12,2026-07-01T14:45:00+08:00,1,evt-pz-0177-11,177.405,kPa,valid,simulator
DAM-A-PZ-01,2026-07-01T14:50:00+08:00,1,evt-pz-0178-0,175.171,kPa,valid,simulator
DAM-A-PZ-02,2026-07-01T14:50:00+08:00,1,evt-pz-0178-1,175.371,kPa,valid,simulator
DAM-A-PZ-03,2026-07-01T14:50:00+08:00,1,evt-pz-0178-2,175.571,kPa,valid,simulator
DAM-A-PZ-04,2026-07-01T14:50:00+08:00,1,evt-pz-0178-3,175.771,kPa,valid,simulator
DAM-A-PZ-05,2026-07-01T14:50:00+08:00,1,evt-pz-0178-4,175.971,kPa,valid,simulator
DAM-A-PZ-06,2026-07-01T14:50:00+08:00,1,evt-pz-0178-5,176.171,kPa,valid,simulator
DAM-A-PZ-07,2026-07-01T14:50:00+08:00,1,evt-pz-0178-6,176.371,kPa,valid,simulator
DAM-A-PZ-08,2026-07-01T14:50:00+08:00,1,evt-pz-0178-7,176.571,kPa,valid,simulator
DAM-A-PZ-09,2026-07-01T14:50:00+08:00,1,evt-pz-0178-8,176.771,kPa,valid,simulator
DAM-A-PZ-10,2026-07-01T14:50:00+08:00,1,evt-pz-0178-9,176.971,kPa,valid,simulator
DAM-A-PZ-11,2026-07-01T14:50:00+08:00,1,evt-pz-0178-10,177.171,kPa,valid,simulator
DAM-A-PZ-12,2026-07-01T14:50:00+08:00,1,evt-pz-0178-11,177.371,kPa,valid,simulator
DAM-A-PZ-01,2026-07-01T14:55:00+08:00,1,evt-pz-0179-0,175.14,kPa,valid,simulator
DAM-A-PZ-02,2026-07-01T14:55:00+08:00,1,evt-pz-0179-1,175.34,kPa,valid,simulator
DAM-A-PZ-03,2026-07-01T14:55:00+08:00,1,evt-pz-0179-2,175.54,kPa,valid,simulator
DAM-A-PZ-04,2026-07-01T14:55:00+08:00,1,evt-pz-0179-3,175.74,kPa,valid,simulator
DAM-A-PZ-05,2026-07-01T14:55:00+08:00,1,evt-pz-0179-4,175.94,kPa,valid,simulator
DAM-A-PZ-06,2026-07-01T14:55:00+08:00,1,evt-pz-0179-5,176.14,kPa,valid,simulator
DAM-A-PZ-07,2026-07-01T14:55:00+08:00,1,evt-pz-0179-6,176.34,kPa,valid,simulator
DAM-A-PZ-08,2026-07-01T14:55:00+08:00,1,evt-pz-0179-7,176.54,kPa,valid,simulator
DAM-A-PZ-09,2026-07-01T14:55:00+08:00,1,evt-pz-0179-8,176.74,kPa,valid,simulator
DAM-A-PZ-10,2026-07-01T14:55:00+08:00,1,evt-pz-0179-9,176.94,kPa,valid,simulator
DAM-A-PZ-11,2026-07-01T14:55:00+08:00,1,evt-pz-0179-10,177.14,kPa,valid,simulator
DAM-A-PZ-12,2026-07-01T14:55:00+08:00,1,evt-pz-0179-11,177.34,kPa,valid,simulator
DAM-A-PZ-01,2026-07-01T15:00:00+08:00,1,evt-pz-0180-0,175.112,kPa,valid,simulator
DAM-A-PZ-02,2026-07-01T15:00:00+08:00,1,evt-pz-0180-1,175.312,kPa,valid,simulator
DAM-A-PZ-03,2026-07-01T15:00:00+08:00,1,evt-pz-0180-2,175.512,kPa,valid,simulator
DAM-A-PZ-04,2026-07-01T15:00:00+08:00,1,evt-pz-0180-3,175.712,kPa,valid,simulator
DAM-A-PZ-05,2026-07-01T15:00:00+08:00,1,evt-pz-0180-4,175.912,kPa,valid,simulator
DAM-A-PZ-06,2026-07-01T15:00:00+08:00,1,evt-pz-0180-5,176.112,kPa,valid,simulator
DAM-A-PZ-07,2026-07-01T15:00:00+08:00,1,evt-pz-0180-6,176.312,kPa,valid,simulator
DAM-A-PZ-08,2026-07-01T15:00:00+08:00,1,evt-pz-0180-7,176.512,kPa,valid,simulator
DAM-A-PZ-09,2026-07-01T15:00:00+08:00,1,evt-pz-0180-8,176.712,kPa,valid,simulator
DAM-A-PZ-10,2026-07-01T15:00:00+08:00,1,evt-pz-0180-9,176.912,kPa,valid,simulator
DAM-A-PZ-11,2026-07-01T15:00:00+08:00,1,evt-pz-0180-10,177.112,kPa,valid,simulator
DAM-A-PZ-12,2026-07-01T15:00:00+08:00,1,evt-pz-0180-11,177.312,kPa,valid,simulator
DAM-A-PZ-01,2026-07-01T15:05:00+08:00,1,evt-pz-0181-0,175.088,kPa,valid,simulator
DAM-A-PZ-02,2026-07-01T15:05:00+08:00,1,evt-pz-0181-1,175.288,kPa,valid,simulator
DAM-A-PZ-03,2026-07-01T15:05:00+08:00,1,evt-pz-0181-2,175.488,kPa,valid,simulator
DAM-A-PZ-04,2026-07-01T15:05:00+08:00,1,evt-pz-0181-3,175.688,kPa,valid,simulator
DAM-A-PZ-05,2026-07-01T15:05:00+08:00,1,evt-pz-0181-4,175.888,kPa,valid,simulator
DAM-A-PZ-06,2026-07-01T15:05:00+08:00,1,evt-pz-0181-5,176.088,kPa,valid,simulator
DAM-A-PZ-07,2026-07-01T15:05:00+08:00,1,evt-pz-0181-6,176.288,kPa,valid,simulator
DAM-A-PZ-08,2026-07-01T15:05:00+08:00,1,evt-pz-0181-7,176.488,kPa,valid,simulator
DAM-A-PZ-09,2026-07-01T15:05:00+08:00,1,evt-pz-0181-8,176.688,kPa,valid,simulator
DAM-A-PZ-10,2026-07-01T15:05:00+08:00,1,evt-pz-0181-9,176.888,kPa,valid,simulator
DAM-A-PZ-11,2026-07-01T15:05:00+08:00,1,evt-pz-0181-10,177.088,kPa,valid,simulator
DAM-A-PZ-12,2026-07-01T15:05:00+08:00,1,evt-pz-0181-11,177.288,kPa,valid,simulator
DAM-A-PZ-01,2026-07-01T15:10:00+08:00,1,evt-pz-0182-0,175.066,kPa,valid,simulator
DAM-A-PZ-02,2026-07-01T15:10:00+08:00,1,evt-pz-0182-1,175.266,kPa,valid,simulator
DAM-A-PZ-03,2026-07-01T15:10:00+08:00,1,evt-pz-0182-2,175.466,kPa,valid,simulator
DAM-A-PZ-04,2026-07-01T15:10:00+08:00,1,evt-pz-0182-3,175.666,kPa,valid,simulator
DAM-A-PZ-05,2026-07-01T15:10:00+08:00,1,evt-pz-0182-4,175.866,kPa,valid,simulator
DAM-A-PZ-06,2026-07-01T15:10:00+08:00,1,evt-pz-0182-5,176.066,kPa,valid,simulator
DAM-A-PZ-07,2026-07-01T15:10:00+08:00,1,evt-pz-0182-6,176.266,kPa,valid,simulator
DAM-A-PZ-08,2026-07-01T15:10:00+08:00,1,evt-pz-0182-7,176.466,kPa,valid,simulator
DAM-A-PZ-09,2026-07-01T15:10:00+08:00,1,evt-pz-0182-8,176.666,kPa,valid,simulator
DAM-A-PZ-10,2026-07-01T15:10:00+08:00,1,evt-pz-0182-9,176.866,kPa,valid,simulator
DAM-A-PZ-11,2026-07-01T15:10:00+08:00,1,evt-pz-0182-10,177.066,kPa,valid,simulator
DAM-A-PZ-12,2026-07-01T15:10:00+08:00,1,evt-pz-0182-11,177.266,kPa,valid,simulator
DAM-A-PZ-01,2026-07-01T15:15:00+08:00,1,evt-pz-0183-0,175.047,kPa,valid,simulator
DAM-A-PZ-02,2026-07-01T15:15:00+08:00,1,evt-pz-0183-1,175.247,kPa,valid,simulator
DAM-A-PZ-03,2026-07-01T15:15:00+08:00,1,evt-pz-0183-2,175.447,kPa,valid,simulator
DAM-A-PZ-04,2026-07-01T15:15:00+08:00,1,evt-pz-0183-3,175.647,kPa,valid,simulator
DAM-A-PZ-05,2026-07-01T15:15:00+08:00,1,evt-pz-0183-4,175.847,kPa,valid,simulator
DAM-A-PZ-06,2026-07-01T15:15:00+08:00,1,evt-pz-0183-5,176.047,kPa,valid,simulator
DAM-A-PZ-07,2026-07-01T15:15:00+08:00,1,evt-pz-0183-6,176.247,kPa,valid,simulator
DAM-A-PZ-08,2026-07-01T15:15:00+08:00,1,evt-pz-0183-7,176.447,kPa,valid,simulator
DAM-A-PZ-09,2026-07-01T15:15:00+08:00,1,evt-pz-0183-8,176.647,kPa,valid,simulator
DAM-A-PZ-10,2026-07-01T15:15:00+08:00,1,evt-pz-0183-9,176.847,kPa,valid,simulator
DAM-A-PZ-11,2026-07-01T15:15:00+08:00,1,evt-pz-0183-10,177.047,kPa,valid,simulator
DAM-A-PZ-12,2026-07-01T15:15:00+08:00,1,evt-pz-0183-11,177.247,kPa,valid,simulator
DAM-A-PZ-01,2026-07-01T15:20:00+08:00,1,evt-pz-0184-0,175.032,kPa,valid,simulator
DAM-A-PZ-02,2026-07-01T15:20:00+08:00,1,evt-pz-0184-1,175.232,kPa,valid,simulator
DAM-A-PZ-03,2026-07-01T15:20:00+08:00,1,evt-pz-0184-2,175.432,kPa,valid,simulator
DAM-A-PZ-04,2026-07-01T15:20:00+08:00,1,evt-pz-0184-3,175.632,kPa,valid,simulator
DAM-A-PZ-05,2026-07-01T15:20:00+08:00,1,evt-pz-0184-4,175.832,kPa,valid,simulator
DAM-A-PZ-06,2026-07-01T15:20:00+08:00,1,evt-pz-0184-5,176.032,kPa,valid,simulator
DAM-A-PZ-07,2026-07-01T15:20:00+08:00,1,evt-pz-0184-6,176.232,kPa,valid,simulator
DAM-A-PZ-08,2026-07-01T15:20:00+08:00,1,evt-pz-0184-7,176.432,kPa,valid,simulator
DAM-A-PZ-09,2026-07-01T15:20:00+08:00,1,evt-pz-0184-8,176.632,kPa,valid,simulator
DAM-A-PZ-10,2026-07-01T15:20:00+08:00,1,evt-pz-0184-9,176.832,kPa,valid,simulator
DAM-A-PZ-11,2026-07-01T15:20:00+08:00,1,evt-pz-0184-10,177.032,kPa,valid,simulator
DAM-A-PZ-12,2026-07-01T15:20:00+08:00,1,evt-pz-0184-11,177.232,kPa,valid,simulator
DAM-A-PZ-01,2026-07-01T15:25:00+08:00,1,evt-pz-0185-0,175.019,kPa,valid,simulator
DAM-A-PZ-02,2026-07-01T15:25:00+08:00,1,evt-pz-0185-1,175.219,kPa,valid,simulator
DAM-A-PZ-03,2026-07-01T15:25:00+08:00,1,evt-pz-0185-2,175.419,kPa,valid,simulator
DAM-A-PZ-04,2026-07-01T15:25:00+08:00,1,evt-pz-0185-3,175.619,kPa,valid,simulator
DAM-A-PZ-05,2026-07-01T15:25:00+08:00,1,evt-pz-0185-4,175.819,kPa,valid,simulator
DAM-A-PZ-06,2026-07-01T15:25:00+08:00,1,evt-pz-0185-5,176.019,kPa,valid,simulator
DAM-A-PZ-07,2026-07-01T15:25:00+08:00,1,evt-pz-0185-6,176.219,kPa,valid,simulator
DAM-A-PZ-08,2026-07-01T15:25:00+08:00,1,evt-pz-0185-7,176.419,kPa,valid,simulator
DAM-A-PZ-09,2026-07-01T15:25:00+08:00,1,evt-pz-0185-8,176.619,kPa,valid,simulator
DAM-A-PZ-10,2026-07-01T15:25:00+08:00,1,evt-pz-0185-9,176.819,kPa,valid,simulator
DAM-A-PZ-11,2026-07-01T15:25:00+08:00,1,evt-pz-0185-10,177.019,kPa,valid,simulator
DAM-A-PZ-12,2026-07-01T15:25:00+08:00,1,evt-pz-0185-11,177.219,kPa,valid,simulator
DAM-A-PZ-01,2026-07-01T15:30:00+08:00,1,evt-pz-0186-0,175.01,kPa,valid,simulator
DAM-A-PZ-02,2026-07-01T15:30:00+08:00,1,evt-pz-0186-1,175.21,kPa,valid,simulator
DAM-A-PZ-03,2026-07-01T15:30:00+08:00,1,evt-pz-0186-2,175.41,kPa,valid,simulator
DAM-A-PZ-04,2026-07-01T15:30:00+08:00,1,evt-pz-0186-3,175.61,kPa,valid,simulator
DAM-A-PZ-05,2026-07-01T15:30:00+08:00,1,evt-pz-0186-4,175.81,kPa,valid,simulator
DAM-A-PZ-06,2026-07-01T15:30:00+08:00,1,evt-pz-0186-5,176.01,kPa,valid,simulator
DAM-A-PZ-07,2026-07-01T15:30:00+08:00,1,evt-pz-0186-6,176.21,kPa,valid,simulator
DAM-A-PZ-08,2026-07-01T15:30:00+08:00,1,evt-pz-0186-7,176.41,kPa,valid,simulator
DAM-A-PZ-09,2026-07-01T15:30:00+08:00,1,evt-pz-0186-8,176.61,kPa,valid,simulator
DAM-A-PZ-10,2026-07-01T15:30:00+08:00,1,evt-pz-0186-9,176.81,kPa,valid,simulator
DAM-A-PZ-11,2026-07-01T15:30:00+08:00,1,evt-pz-0186-10,177.01,kPa,valid,simulator
DAM-A-PZ-12,2026-07-01T15:30:00+08:00,1,evt-pz-0186-11,177.21,kPa,valid,simulator
DAM-A-PZ-01,2026-07-01T15:35:00+08:00,1,evt-pz-0187-0,175.003,kPa,valid,simulator
DAM-A-PZ-02,2026-07-01T15:35:00+08:00,1,evt-pz-0187-1,175.203,kPa,valid,simulator
DAM-A-PZ-03,2026-07-01T15:35:00+08:00,1,evt-pz-0187-2,175.403,kPa,valid,simulator
DAM-A-PZ-04,2026-07-01T15:35:00+08:00,1,evt-pz-0187-3,175.603,kPa,valid,simulator
DAM-A-PZ-05,2026-07-01T15:35:00+08:00,1,evt-pz-0187-4,175.803,kPa,valid,simulator
DAM-A-PZ-06,2026-07-01T15:35:00+08:00,1,evt-pz-0187-5,176.003,kPa,valid,simulator
DAM-A-PZ-07,2026-07-01T15:35:00+08:00,1,evt-pz-0187-6,176.203,kPa,valid,simulator
DAM-A-PZ-08,2026-07-01T15:35:00+08:00,1,evt-pz-0187-7,176.403,kPa,valid,simulator
DAM-A-PZ-09,2026-07-01T15:35:00+08:00,1,evt-pz-0187-8,176.603,kPa,valid,simulator
DAM-A-PZ-10,2026-07-01T15:35:00+08:00,1,evt-pz-0187-9,176.803,kPa,valid,simulator
DAM-A-PZ-11,2026-07-01T15:35:00+08:00,1,evt-pz-0187-10,177.003,kPa,valid,simulator
DAM-A-PZ-12,2026-07-01T15:35:00+08:00,1,evt-pz-0187-11,177.203,kPa,valid,simulator
DAM-A-PZ-01,2026-07-01T15:40:00+08:00,1,evt-pz-0188-0,175.0,kPa,valid,simulator
DAM-A-PZ-02,2026-07-01T15:40:00+08:00,1,evt-pz-0188-1,175.2,kPa,valid,simulator
DAM-A-PZ-03,2026-07-01T15:40:00+08:00,1,evt-pz-0188-2,175.4,kPa,valid,simulator
DAM-A-PZ-04,2026-07-01T15:40:00+08:00,1,evt-pz-0188-3,175.6,kPa,valid,simulator
DAM-A-PZ-05,2026-07-01T15:40:00+08:00,1,evt-pz-0188-4,175.8,kPa,valid,simulator
DAM-A-PZ-06,2026-07-01T15:40:00+08:00,1,evt-pz-0188-5,176.0,kPa,valid,simulator
DAM-A-PZ-07,2026-07-01T15:40:00+08:00,1,evt-pz-0188-6,176.2,kPa,valid,simulator
DAM-A-PZ-08,2026-07-01T15:40:00+08:00,1,evt-pz-0188-7,176.4,kPa,valid,simulator
DAM-A-PZ-09,2026-07-01T15:40:00+08:00,1,evt-pz-0188-8,176.6,kPa,valid,simulator
DAM-A-PZ-10,2026-07-01T15:40:00+08:00,1,evt-pz-0188-9,176.8,kPa,valid,simulator
DAM-A-PZ-11,2026-07-01T15:40:00+08:00,1,evt-pz-0188-10,177.0,kPa,valid,simulator
DAM-A-PZ-12,2026-07-01T15:40:00+08:00,1,evt-pz-0188-11,177.2,kPa,valid,simulator
DAM-A-PZ-01,2026-07-01T15:45:00+08:00,1,evt-pz-0189-0,175.0,kPa,valid,simulator
DAM-A-PZ-02,2026-07-01T15:45:00+08:00,1,evt-pz-0189-1,175.2,kPa,valid,simulator
DAM-A-PZ-03,2026-07-01T15:45:00+08:00,1,evt-pz-0189-2,175.4,kPa,valid,simulator
DAM-A-PZ-04,2026-07-01T15:45:00+08:00,1,evt-pz-0189-3,175.6,kPa,valid,simulator
DAM-A-PZ-05,2026-07-01T15:45:00+08:00,1,evt-pz-0189-4,175.8,kPa,valid,simulator
DAM-A-PZ-06,2026-07-01T15:45:00+08:00,1,evt-pz-0189-5,176.0,kPa,valid,simulator
DAM-A-PZ-07,2026-07-01T15:45:00+08:00,1,evt-pz-0189-6,176.2,kPa,valid,simulator
DAM-A-PZ-08,2026-07-01T15:45:00+08:00,1,evt-pz-0189-7,176.4,kPa,valid,simulator
DAM-A-PZ-09,2026-07-01T15:45:00+08:00,1,evt-pz-0189-8,176.6,kPa,valid,simulator
DAM-A-PZ-10,2026-07-01T15:45:00+08:00,1,evt-pz-0189-9,176.8,kPa,valid,simulator
DAM-A-PZ-11,2026-07-01T15:45:00+08:00,1,evt-pz-0189-10,177.0,kPa,valid,simulator
DAM-A-PZ-12,2026-07-01T15:45:00+08:00,1,evt-pz-0189-11,177.2,kPa,valid,simulator
DAM-A-PZ-01,2026-07-01T15:50:00+08:00,1,evt-pz-0190-0,175.004,kPa,valid,simulator
DAM-A-PZ-02,2026-07-01T15:50:00+08:00,1,evt-pz-0190-1,175.204,kPa,valid,simulator
DAM-A-PZ-03,2026-07-01T15:50:00+08:00,1,evt-pz-0190-2,175.404,kPa,valid,simulator
DAM-A-PZ-04,2026-07-01T15:50:00+08:00,1,evt-pz-0190-3,175.604,kPa,valid,simulator
DAM-A-PZ-05,2026-07-01T15:50:00+08:00,1,evt-pz-0190-4,175.804,kPa,valid,simulator
DAM-A-PZ-06,2026-07-01T15:50:00+08:00,1,evt-pz-0190-5,176.004,kPa,valid,simulator
DAM-A-PZ-07,2026-07-01T15:50:00+08:00,1,evt-pz-0190-6,176.204,kPa,valid,simulator
DAM-A-PZ-08,2026-07-01T15:50:00+08:00,1,evt-pz-0190-7,176.404,kPa,valid,simulator
DAM-A-PZ-09,2026-07-01T15:50:00+08:00,1,evt-pz-0190-8,176.604,kPa,valid,simulator
DAM-A-PZ-10,2026-07-01T15:50:00+08:00,1,evt-pz-0190-9,176.804,kPa,valid,simulator
DAM-A-PZ-11,2026-07-01T15:50:00+08:00,1,evt-pz-0190-10,177.004,kPa,valid,simulator
DAM-A-PZ-12,2026-07-01T15:50:00+08:00,1,evt-pz-0190-11,177.204,kPa,valid,simulator
DAM-A-PZ-01,2026-07-01T15:55:00+08:00,1,evt-pz-0191-0,175.01,kPa,valid,simulator
DAM-A-PZ-02,2026-07-01T15:55:00+08:00,1,evt-pz-0191-1,175.21,kPa,valid,simulator
DAM-A-PZ-03,2026-07-01T15:55:00+08:00,1,evt-pz-0191-2,175.41,kPa,valid,simulator
DAM-A-PZ-04,2026-07-01T15:55:00+08:00,1,evt-pz-0191-3,175.61,kPa,valid,simulator
DAM-A-PZ-05,2026-07-01T15:55:00+08:00,1,evt-pz-0191-4,175.81,kPa,valid,simulator
DAM-A-PZ-06,2026-07-01T15:55:00+08:00,1,evt-pz-0191-5,176.01,kPa,valid,simulator
DAM-A-PZ-07,2026-07-01T15:55:00+08:00,1,evt-pz-0191-6,176.21,kPa,valid,simulator
DAM-A-PZ-08,2026-07-01T15:55:00+08:00,1,evt-pz-0191-7,176.41,kPa,valid,simulator
DAM-A-PZ-09,2026-07-01T15:55:00+08:00,1,evt-pz-0191-8,176.61,kPa,valid,simulator
DAM-A-PZ-10,2026-07-01T15:55:00+08:00,1,evt-pz-0191-9,176.81,kPa,valid,simulator
DAM-A-PZ-11,2026-07-01T15:55:00+08:00,1,evt-pz-0191-10,177.01,kPa,valid,simulator
DAM-A-PZ-12,2026-07-01T15:55:00+08:00,1,evt-pz-0191-11,177.21,kPa,valid,simulator
DAM-A-PZ-01,2026-07-01T16:00:00+08:00,1,evt-pz-0192-0,175.019,kPa,valid,simulator
DAM-A-PZ-02,2026-07-01T16:00:00+08:00,1,evt-pz-0192-1,175.219,kPa,valid,simulator
DAM-A-PZ-03,2026-07-01T16:00:00+08:00,1,evt-pz-0192-2,175.419,kPa,valid,simulator
DAM-A-PZ-04,2026-07-01T16:00:00+08:00,1,evt-pz-0192-3,175.619,kPa,valid,simulator
DAM-A-PZ-05,2026-07-01T16:00:00+08:00,1,evt-pz-0192-4,175.819,kPa,valid,simulator
DAM-A-PZ-06,2026-07-01T16:00:00+08:00,1,evt-pz-0192-5,176.019,kPa,valid,simulator
DAM-A-PZ-07,2026-07-01T16:00:00+08:00,1,evt-pz-0192-6,176.219,kPa,valid,simulator
DAM-A-PZ-08,2026-07-01T16:00:00+08:00,1,evt-pz-0192-7,176.419,kPa,valid,simulator
DAM-A-PZ-09,2026-07-01T16:00:00+08:00,1,evt-pz-0192-8,176.619,kPa,valid,simulator
DAM-A-PZ-10,2026-07-01T16:00:00+08:00,1,evt-pz-0192-9,176.819,kPa,valid,simulator
DAM-A-PZ-11,2026-07-01T16:00:00+08:00,1,evt-pz-0192-10,177.019,kPa,valid,simulator
DAM-A-PZ-12,2026-07-01T16:00:00+08:00,1,evt-pz-0192-11,177.219,kPa,valid,simulator
DAM-A-PZ-01,2026-07-01T16:05:00+08:00,1,evt-pz-0193-0,175.032,kPa,valid,simulator
DAM-A-PZ-02,2026-07-01T16:05:00+08:00,1,evt-pz-0193-1,175.232,kPa,valid,simulator
DAM-A-PZ-03,2026-07-01T16:05:00+08:00,1,evt-pz-0193-2,175.432,kPa,valid,simulator
DAM-A-PZ-04,2026-07-01T16:05:00+08:00,1,evt-pz-0193-3,175.632,kPa,valid,simulator
DAM-A-PZ-05,2026-07-01T16:05:00+08:00,1,evt-pz-0193-4,175.832,kPa,valid,simulator
DAM-A-PZ-06,2026-07-01T16:05:00+08:00,1,evt-pz-0193-5,176.032,kPa,valid,simulator
DAM-A-PZ-07,2026-07-01T16:05:00+08:00,1,evt-pz-0193-6,176.232,kPa,valid,simulator
DAM-A-PZ-08,2026-07-01T16:05:00+08:00,1,evt-pz-0193-7,176.432,kPa,valid,simulator
DAM-A-PZ-09,2026-07-01T16:05:00+08:00,1,evt-pz-0193-8,176.632,kPa,valid,simulator
DAM-A-PZ-10,2026-07-01T16:05:00+08:00,1,evt-pz-0193-9,176.832,kPa,valid,simulator
DAM-A-PZ-11,2026-07-01T16:05:00+08:00,1,evt-pz-0193-10,177.032,kPa,valid,simulator
DAM-A-PZ-12,2026-07-01T16:05:00+08:00,1,evt-pz-0193-11,177.232,kPa,valid,simulator
DAM-A-PZ-01,2026-07-01T16:10:00+08:00,1,evt-pz-0194-0,175.047,kPa,valid,simulator
DAM-A-PZ-02,2026-07-01T16:10:00+08:00,1,evt-pz-0194-1,175.247,kPa,valid,simulator
DAM-A-PZ-03,2026-07-01T16:10:00+08:00,1,evt-pz-0194-2,175.447,kPa,valid,simulator
DAM-A-PZ-04,2026-07-01T16:10:00+08:00,1,evt-pz-0194-3,175.647,kPa,valid,simulator
DAM-A-PZ-05,2026-07-01T16:10:00+08:00,1,evt-pz-0194-4,175.847,kPa,valid,simulator
DAM-A-PZ-06,2026-07-01T16:10:00+08:00,1,evt-pz-0194-5,176.047,kPa,valid,simulator
DAM-A-PZ-07,2026-07-01T16:10:00+08:00,1,evt-pz-0194-6,176.247,kPa,valid,simulator
DAM-A-PZ-08,2026-07-01T16:10:00+08:00,1,evt-pz-0194-7,176.447,kPa,valid,simulator
DAM-A-PZ-09,2026-07-01T16:10:00+08:00,1,evt-pz-0194-8,176.647,kPa,valid,simulator
DAM-A-PZ-10,2026-07-01T16:10:00+08:00,1,evt-pz-0194-9,176.847,kPa,valid,simulator
DAM-A-PZ-11,2026-07-01T16:10:00+08:00,1,evt-pz-0194-10,177.047,kPa,valid,simulator
DAM-A-PZ-12,2026-07-01T16:10:00+08:00,1,evt-pz-0194-11,177.247,kPa,valid,simulator
DAM-A-PZ-01,2026-07-01T16:15:00+08:00,1,evt-pz-0195-0,175.066,kPa,valid,simulator
DAM-A-PZ-02,2026-07-01T16:15:00+08:00,1,evt-pz-0195-1,175.266,kPa,valid,simulator
DAM-A-PZ-03,2026-07-01T16:15:00+08:00,1,evt-pz-0195-2,175.466,kPa,valid,simulator
DAM-A-PZ-04,2026-07-01T16:15:00+08:00,1,evt-pz-0195-3,175.666,kPa,valid,simulator
DAM-A-PZ-05,2026-07-01T16:15:00+08:00,1,evt-pz-0195-4,175.866,kPa,valid,simulator
DAM-A-PZ-06,2026-07-01T16:15:00+08:00,1,evt-pz-0195-5,176.066,kPa,valid,simulator
DAM-A-PZ-07,2026-07-01T16:15:00+08:00,1,evt-pz-0195-6,176.266,kPa,valid,simulator
DAM-A-PZ-08,2026-07-01T16:15:00+08:00,1,evt-pz-0195-7,176.466,kPa,valid,simulator
DAM-A-PZ-09,2026-07-01T16:15:00+08:00,1,evt-pz-0195-8,176.666,kPa,valid,simulator
DAM-A-PZ-10,2026-07-01T16:15:00+08:00,1,evt-pz-0195-9,176.866,kPa,valid,simulator
DAM-A-PZ-11,2026-07-01T16:15:00+08:00,1,evt-pz-0195-10,177.066,kPa,valid,simulator
DAM-A-PZ-12,2026-07-01T16:15:00+08:00,1,evt-pz-0195-11,177.266,kPa,valid,simulator
DAM-A-PZ-01,2026-07-01T16:20:00+08:00,1,evt-pz-0196-0,175.088,kPa,valid,simulator
DAM-A-PZ-02,2026-07-01T16:20:00+08:00,1,evt-pz-0196-1,175.288,kPa,valid,simulator
DAM-A-PZ-03,2026-07-01T16:20:00+08:00,1,evt-pz-0196-2,175.488,kPa,valid,simulator
DAM-A-PZ-04,2026-07-01T16:20:00+08:00,1,evt-pz-0196-3,175.688,kPa,valid,simulator
DAM-A-PZ-05,2026-07-01T16:20:00+08:00,1,evt-pz-0196-4,175.888,kPa,valid,simulator
DAM-A-PZ-06,2026-07-01T16:20:00+08:00,1,evt-pz-0196-5,176.088,kPa,valid,simulator
DAM-A-PZ-07,2026-07-01T16:20:00+08:00,1,evt-pz-0196-6,176.288,kPa,valid,simulator
DAM-A-PZ-08,2026-07-01T16:20:00+08:00,1,evt-pz-0196-7,176.488,kPa,valid,simulator
DAM-A-PZ-09,2026-07-01T16:20:00+08:00,1,evt-pz-0196-8,176.688,kPa,valid,simulator
DAM-A-PZ-10,2026-07-01T16:20:00+08:00,1,evt-pz-0196-9,176.888,kPa,valid,simulator
DAM-A-PZ-11,2026-07-01T16:20:00+08:00,1,evt-pz-0196-10,177.088,kPa,valid,simulator
DAM-A-PZ-12,2026-07-01T16:20:00+08:00,1,evt-pz-0196-11,177.288,kPa,valid,simulator
DAM-A-PZ-01,2026-07-01T16:25:00+08:00,1,evt-pz-0197-0,175.113,kPa,valid,simulator
DAM-A-PZ-02,2026-07-01T16:25:00+08:00,1,evt-pz-0197-1,175.313,kPa,valid,simulator
DAM-A-PZ-03,2026-07-01T16:25:00+08:00,1,evt-pz-0197-2,175.513,kPa,valid,simulator
DAM-A-PZ-04,2026-07-01T16:25:00+08:00,1,evt-pz-0197-3,175.713,kPa,valid,simulator
DAM-A-PZ-05,2026-07-01T16:25:00+08:00,1,evt-pz-0197-4,175.913,kPa,valid,simulator
DAM-A-PZ-06,2026-07-01T16:25:00+08:00,1,evt-pz-0197-5,176.113,kPa,valid,simulator
DAM-A-PZ-07,2026-07-01T16:25:00+08:00,1,evt-pz-0197-6,176.313,kPa,valid,simulator
DAM-A-PZ-08,2026-07-01T16:25:00+08:00,1,evt-pz-0197-7,176.513,kPa,valid,simulator
DAM-A-PZ-09,2026-07-01T16:25:00+08:00,1,evt-pz-0197-8,176.713,kPa,valid,simulator
DAM-A-PZ-10,2026-07-01T16:25:00+08:00,1,evt-pz-0197-9,176.913,kPa,valid,simulator
DAM-A-PZ-11,2026-07-01T16:25:00+08:00,1,evt-pz-0197-10,177.113,kPa,valid,simulator
DAM-A-PZ-12,2026-07-01T16:25:00+08:00,1,evt-pz-0197-11,177.313,kPa,valid,simulator
DAM-A-PZ-01,2026-07-01T16:30:00+08:00,1,evt-pz-0198-0,175.14,kPa,valid,simulator
DAM-A-PZ-02,2026-07-01T16:30:00+08:00,1,evt-pz-0198-1,175.34,kPa,valid,simulator
DAM-A-PZ-03,2026-07-01T16:30:00+08:00,1,evt-pz-0198-2,175.54,kPa,valid,simulator
DAM-A-PZ-04,2026-07-01T16:30:00+08:00,1,evt-pz-0198-3,175.74,kPa,valid,simulator
DAM-A-PZ-05,2026-07-01T16:30:00+08:00,1,evt-pz-0198-4,175.94,kPa,valid,simulator
DAM-A-PZ-06,2026-07-01T16:30:00+08:00,1,evt-pz-0198-5,176.14,kPa,valid,simulator
DAM-A-PZ-07,2026-07-01T16:30:00+08:00,1,evt-pz-0198-6,176.34,kPa,valid,simulator
DAM-A-PZ-08,2026-07-01T16:30:00+08:00,1,evt-pz-0198-7,176.54,kPa,valid,simulator
DAM-A-PZ-09,2026-07-01T16:30:00+08:00,1,evt-pz-0198-8,176.74,kPa,valid,simulator
DAM-A-PZ-10,2026-07-01T16:30:00+08:00,1,evt-pz-0198-9,176.94,kPa,valid,simulator
DAM-A-PZ-11,2026-07-01T16:30:00+08:00,1,evt-pz-0198-10,177.14,kPa,valid,simulator
DAM-A-PZ-12,2026-07-01T16:30:00+08:00,1,evt-pz-0198-11,177.34,kPa,valid,simulator
DAM-A-PZ-01,2026-07-01T16:35:00+08:00,1,evt-pz-0199-0,175.171,kPa,valid,simulator
DAM-A-PZ-02,2026-07-01T16:35:00+08:00,1,evt-pz-0199-1,175.371,kPa,valid,simulator
DAM-A-PZ-03,2026-07-01T16:35:00+08:00,1,evt-pz-0199-2,175.571,kPa,valid,simulator
DAM-A-PZ-04,2026-07-01T16:35:00+08:00,1,evt-pz-0199-3,175.771,kPa,valid,simulator
DAM-A-PZ-05,2026-07-01T16:35:00+08:00,1,evt-pz-0199-4,175.971,kPa,valid,simulator
DAM-A-PZ-06,2026-07-01T16:35:00+08:00,1,evt-pz-0199-5,176.171,kPa,valid,simulator
DAM-A-PZ-07,2026-07-01T16:35:00+08:00,1,evt-pz-0199-6,176.371,kPa,valid,simulator
DAM-A-PZ-08,2026-07-01T16:35:00+08:00,1,evt-pz-0199-7,176.571,kPa,valid,simulator
DAM-A-PZ-09,2026-07-01T16:35:00+08:00,1,evt-pz-0199-8,176.771,kPa,valid,simulator
DAM-A-PZ-10,2026-07-01T16:35:00+08:00,1,evt-pz-0199-9,176.971,kPa,valid,simulator
DAM-A-PZ-11,2026-07-01T16:35:00+08:00,1,evt-pz-0199-10,177.171,kPa,valid,simulator
DAM-A-PZ-12,2026-07-01T16:35:00+08:00,1,evt-pz-0199-11,177.371,kPa,valid,simulator
DAM-A-PZ-01,2026-07-01T16:40:00+08:00,1,evt-pz-0200-0,175.205,kPa,valid,simulator
DAM-A-PZ-02,2026-07-01T16:40:00+08:00,1,evt-pz-0200-1,175.405,kPa,valid,simulator
DAM-A-PZ-03,2026-07-01T16:40:00+08:00,1,evt-pz-0200-2,175.605,kPa,valid,simulator
DAM-A-PZ-04,2026-07-01T16:40:00+08:00,1,evt-pz-0200-3,175.805,kPa,valid,simulator
DAM-A-PZ-05,2026-07-01T16:40:00+08:00,1,evt-pz-0200-4,176.005,kPa,valid,simulator
DAM-A-PZ-06,2026-07-01T16:40:00+08:00,1,evt-pz-0200-5,176.205,kPa,valid,simulator
DAM-A-PZ-07,2026-07-01T16:40:00+08:00,1,evt-pz-0200-6,176.405,kPa,valid,simulator
DAM-A-PZ-08,2026-07-01T16:40:00+08:00,1,evt-pz-0200-7,176.605,kPa,valid,simulator
DAM-A-PZ-09,2026-07-01T16:40:00+08:00,1,evt-pz-0200-8,176.805,kPa,valid,simulator
DAM-A-PZ-10,2026-07-01T16:40:00+08:00,1,evt-pz-0200-9,177.005,kPa,valid,simulator
DAM-A-PZ-11,2026-07-01T16:40:00+08:00,1,evt-pz-0200-10,177.205,kPa,valid,simulator
DAM-A-PZ-12,2026-07-01T16:40:00+08:00,1,evt-pz-0200-11,177.405,kPa,valid,simulator
DAM-A-PZ-01,2026-07-01T16:45:00+08:00,1,evt-pz-0201-0,175.242,kPa,valid,simulator
DAM-A-PZ-02,2026-07-01T16:45:00+08:00,1,evt-pz-0201-1,175.442,kPa,valid,simulator
DAM-A-PZ-03,2026-07-01T16:45:00+08:00,1,evt-pz-0201-2,175.642,kPa,valid,simulator
DAM-A-PZ-04,2026-07-01T16:45:00+08:00,1,evt-pz-0201-3,175.842,kPa,valid,simulator
DAM-A-PZ-05,2026-07-01T16:45:00+08:00,1,evt-pz-0201-4,176.042,kPa,valid,simulator
DAM-A-PZ-06,2026-07-01T16:45:00+08:00,1,evt-pz-0201-5,176.242,kPa,valid,simulator
DAM-A-PZ-07,2026-07-01T16:45:00+08:00,1,evt-pz-0201-6,176.442,kPa,valid,simulator
DAM-A-PZ-08,2026-07-01T16:45:00+08:00,1,evt-pz-0201-7,176.642,kPa,valid,simulator
DAM-A-PZ-09,2026-07-01T16:45:00+08:00,1,evt-pz-0201-8,176.842,kPa,valid,simulator
DAM-A-PZ-10,2026-07-01T16:45:00+08:00,1,evt-pz-0201-9,177.042,kPa,valid,simulator
DAM-A-PZ-11,2026-07-01T16:45:00+08:00,1,evt-pz-0201-10,177.242,kPa,valid,simulator
DAM-A-PZ-12,2026-07-01T16:45:00+08:00,1,evt-pz-0201-11,177.442,kPa,valid,simulator
DAM-A-PZ-01,2026-07-01T16:50:00+08:00,1,evt-pz-0202-0,175.282,kPa,valid,simulator
DAM-A-PZ-02,2026-07-01T16:50:00+08:00,1,evt-pz-0202-1,175.482,kPa,valid,simulator
DAM-A-PZ-03,2026-07-01T16:50:00+08:00,1,evt-pz-0202-2,175.682,kPa,valid,simulator
DAM-A-PZ-04,2026-07-01T16:50:00+08:00,1,evt-pz-0202-3,175.882,kPa,valid,simulator
DAM-A-PZ-05,2026-07-01T16:50:00+08:00,1,evt-pz-0202-4,176.082,kPa,valid,simulator
DAM-A-PZ-06,2026-07-01T16:50:00+08:00,1,evt-pz-0202-5,176.282,kPa,valid,simulator
DAM-A-PZ-07,2026-07-01T16:50:00+08:00,1,evt-pz-0202-6,176.482,kPa,valid,simulator
DAM-A-PZ-08,2026-07-01T16:50:00+08:00,1,evt-pz-0202-7,176.682,kPa,valid,simulator
DAM-A-PZ-09,2026-07-01T16:50:00+08:00,1,evt-pz-0202-8,176.882,kPa,valid,simulator
DAM-A-PZ-10,2026-07-01T16:50:00+08:00,1,evt-pz-0202-9,177.082,kPa,valid,simulator
DAM-A-PZ-11,2026-07-01T16:50:00+08:00,1,evt-pz-0202-10,177.282,kPa,valid,simulator
DAM-A-PZ-12,2026-07-01T16:50:00+08:00,1,evt-pz-0202-11,177.482,kPa,valid,simulator
DAM-A-PZ-01,2026-07-01T16:55:00+08:00,1,evt-pz-0203-0,175.325,kPa,valid,simulator
DAM-A-PZ-02,2026-07-01T16:55:00+08:00,1,evt-pz-0203-1,175.525,kPa,valid,simulator
DAM-A-PZ-03,2026-07-01T16:55:00+08:00,1,evt-pz-0203-2,175.725,kPa,valid,simulator
DAM-A-PZ-04,2026-07-01T16:55:00+08:00,1,evt-pz-0203-3,175.925,kPa,valid,simulator
DAM-A-PZ-05,2026-07-01T16:55:00+08:00,1,evt-pz-0203-4,176.125,kPa,valid,simulator
DAM-A-PZ-06,2026-07-01T16:55:00+08:00,1,evt-pz-0203-5,176.325,kPa,valid,simulator
DAM-A-PZ-07,2026-07-01T16:55:00+08:00,1,evt-pz-0203-6,176.525,kPa,valid,simulator
DAM-A-PZ-08,2026-07-01T16:55:00+08:00,1,evt-pz-0203-7,176.725,kPa,valid,simulator
DAM-A-PZ-09,2026-07-01T16:55:00+08:00,1,evt-pz-0203-8,176.925,kPa,valid,simulator
DAM-A-PZ-10,2026-07-01T16:55:00+08:00,1,evt-pz-0203-9,177.125,kPa,valid,simulator
DAM-A-PZ-11,2026-07-01T16:55:00+08:00,1,evt-pz-0203-10,177.325,kPa,valid,simulator
DAM-A-PZ-12,2026-07-01T16:55:00+08:00,1,evt-pz-0203-11,177.525,kPa,valid,simulator
DAM-A-PZ-01,2026-07-01T17:00:00+08:00,1,evt-pz-0204-0,175.371,kPa,valid,simulator
DAM-A-PZ-02,2026-07-01T17:00:00+08:00,1,evt-pz-0204-1,175.571,kPa,valid,simulator
DAM-A-PZ-03,2026-07-01T17:00:00+08:00,1,evt-pz-0204-2,175.771,kPa,valid,simulator
DAM-A-PZ-04,2026-07-01T17:00:00+08:00,1,evt-pz-0204-3,175.971,kPa,valid,simulator
DAM-A-PZ-05,2026-07-01T17:00:00+08:00,1,evt-pz-0204-4,176.171,kPa,valid,simulator
DAM-A-PZ-06,2026-07-01T17:00:00+08:00,1,evt-pz-0204-5,176.371,kPa,valid,simulator
DAM-A-PZ-07,2026-07-01T17:00:00+08:00,1,evt-pz-0204-6,176.571,kPa,valid,simulator
DAM-A-PZ-08,2026-07-01T17:00:00+08:00,1,evt-pz-0204-7,176.771,kPa,valid,simulator
DAM-A-PZ-09,2026-07-01T17:00:00+08:00,1,evt-pz-0204-8,176.971,kPa,valid,simulator
DAM-A-PZ-10,2026-07-01T17:00:00+08:00,1,evt-pz-0204-9,177.171,kPa,valid,simulator
DAM-A-PZ-11,2026-07-01T17:00:00+08:00,1,evt-pz-0204-10,177.371,kPa,valid,simulator
DAM-A-PZ-12,2026-07-01T17:00:00+08:00,1,evt-pz-0204-11,177.571,kPa,valid,simulator
DAM-A-PZ-01,2026-07-01T17:05:00+08:00,1,evt-pz-0205-0,175.42,kPa,valid,simulator
DAM-A-PZ-02,2026-07-01T17:05:00+08:00,1,evt-pz-0205-1,175.62,kPa,valid,simulator
DAM-A-PZ-03,2026-07-01T17:05:00+08:00,1,evt-pz-0205-2,175.82,kPa,valid,simulator
DAM-A-PZ-04,2026-07-01T17:05:00+08:00,1,evt-pz-0205-3,176.02,kPa,valid,simulator
DAM-A-PZ-05,2026-07-01T17:05:00+08:00,1,evt-pz-0205-4,176.22,kPa,valid,simulator
DAM-A-PZ-06,2026-07-01T17:05:00+08:00,1,evt-pz-0205-5,176.42,kPa,valid,simulator
DAM-A-PZ-07,2026-07-01T17:05:00+08:00,1,evt-pz-0205-6,176.62,kPa,valid,simulator
DAM-A-PZ-08,2026-07-01T17:05:00+08:00,1,evt-pz-0205-7,176.82,kPa,valid,simulator
DAM-A-PZ-09,2026-07-01T17:05:00+08:00,1,evt-pz-0205-8,177.02,kPa,valid,simulator
DAM-A-PZ-10,2026-07-01T17:05:00+08:00,1,evt-pz-0205-9,177.22,kPa,valid,simulator
DAM-A-PZ-11,2026-07-01T17:05:00+08:00,1,evt-pz-0205-10,177.42,kPa,valid,simulator
DAM-A-PZ-12,2026-07-01T17:05:00+08:00,1,evt-pz-0205-11,177.62,kPa,valid,simulator
DAM-A-PZ-01,2026-07-01T17:10:00+08:00,1,evt-pz-0206-0,175.471,kPa,valid,simulator
DAM-A-PZ-02,2026-07-01T17:10:00+08:00,1,evt-pz-0206-1,175.671,kPa,valid,simulator
DAM-A-PZ-03,2026-07-01T17:10:00+08:00,1,evt-pz-0206-2,175.871,kPa,valid,simulator
DAM-A-PZ-04,2026-07-01T17:10:00+08:00,1,evt-pz-0206-3,176.071,kPa,valid,simulator
DAM-A-PZ-05,2026-07-01T17:10:00+08:00,1,evt-pz-0206-4,176.271,kPa,valid,simulator
DAM-A-PZ-06,2026-07-01T17:10:00+08:00,1,evt-pz-0206-5,176.471,kPa,valid,simulator
DAM-A-PZ-07,2026-07-01T17:10:00+08:00,1,evt-pz-0206-6,176.671,kPa,valid,simulator
DAM-A-PZ-08,2026-07-01T17:10:00+08:00,1,evt-pz-0206-7,176.871,kPa,valid,simulator
DAM-A-PZ-09,2026-07-01T17:10:00+08:00,1,evt-pz-0206-8,177.071,kPa,valid,simulator
DAM-A-PZ-10,2026-07-01T17:10:00+08:00,1,evt-pz-0206-9,177.271,kPa,valid,simulator
DAM-A-PZ-11,2026-07-01T17:10:00+08:00,1,evt-pz-0206-10,177.471,kPa,valid,simulator
DAM-A-PZ-12,2026-07-01T17:10:00+08:00,1,evt-pz-0206-11,177.671,kPa,valid,simulator
DAM-A-PZ-01,2026-07-01T17:15:00+08:00,1,evt-pz-0207-0,175.526,kPa,valid,simulator
DAM-A-PZ-02,2026-07-01T17:15:00+08:00,1,evt-pz-0207-1,175.726,kPa,valid,simulator
DAM-A-PZ-03,2026-07-01T17:15:00+08:00,1,evt-pz-0207-2,175.926,kPa,valid,simulator
DAM-A-PZ-04,2026-07-01T17:15:00+08:00,1,evt-pz-0207-3,176.126,kPa,valid,simulator
DAM-A-PZ-05,2026-07-01T17:15:00+08:00,1,evt-pz-0207-4,176.326,kPa,valid,simulator
DAM-A-PZ-06,2026-07-01T17:15:00+08:00,1,evt-pz-0207-5,176.526,kPa,valid,simulator
DAM-A-PZ-07,2026-07-01T17:15:00+08:00,1,evt-pz-0207-6,176.726,kPa,valid,simulator
DAM-A-PZ-08,2026-07-01T17:15:00+08:00,1,evt-pz-0207-7,176.926,kPa,valid,simulator
DAM-A-PZ-09,2026-07-01T17:15:00+08:00,1,evt-pz-0207-8,177.126,kPa,valid,simulator
DAM-A-PZ-10,2026-07-01T17:15:00+08:00,1,evt-pz-0207-9,177.326,kPa,valid,simulator
DAM-A-PZ-11,2026-07-01T17:15:00+08:00,1,evt-pz-0207-10,177.526,kPa,valid,simulator
DAM-A-PZ-12,2026-07-01T17:15:00+08:00,1,evt-pz-0207-11,177.726,kPa,valid,simulator
DAM-A-PZ-01,2026-07-01T17:20:00+08:00,1,evt-pz-0208-0,175.583,kPa,valid,simulator
DAM-A-PZ-02,2026-07-01T17:20:00+08:00,1,evt-pz-0208-1,175.783,kPa,valid,simulator
DAM-A-PZ-03,2026-07-01T17:20:00+08:00,1,evt-pz-0208-2,175.983,kPa,valid,simulator
DAM-A-PZ-04,2026-07-01T17:20:00+08:00,1,evt-pz-0208-3,176.183,kPa,valid,simulator
DAM-A-PZ-05,2026-07-01T17:20:00+08:00,1,evt-pz-0208-4,176.383,kPa,valid,simulator
DAM-A-PZ-06,2026-07-01T17:20:00+08:00,1,evt-pz-0208-5,176.583,kPa,valid,simulator
DAM-A-PZ-07,2026-07-01T17:20:00+08:00,1,evt-pz-0208-6,176.783,kPa,valid,simulator
DAM-A-PZ-08,2026-07-01T17:20:00+08:00,1,evt-pz-0208-7,176.983,kPa,valid,simulator
DAM-A-PZ-09,2026-07-01T17:20:00+08:00,1,evt-pz-0208-8,177.183,kPa,valid,simulator
DAM-A-PZ-10,2026-07-01T17:20:00+08:00,1,evt-pz-0208-9,177.383,kPa,valid,simulator
DAM-A-PZ-11,2026-07-01T17:20:00+08:00,1,evt-pz-0208-10,177.583,kPa,valid,simulator
DAM-A-PZ-12,2026-07-01T17:20:00+08:00,1,evt-pz-0208-11,177.783,kPa,valid,simulator
DAM-A-PZ-01,2026-07-01T17:25:00+08:00,1,evt-pz-0209-0,175.643,kPa,valid,simulator
DAM-A-PZ-02,2026-07-01T17:25:00+08:00,1,evt-pz-0209-1,175.843,kPa,valid,simulator
DAM-A-PZ-03,2026-07-01T17:25:00+08:00,1,evt-pz-0209-2,176.043,kPa,valid,simulator
DAM-A-PZ-04,2026-07-01T17:25:00+08:00,1,evt-pz-0209-3,176.243,kPa,valid,simulator
DAM-A-PZ-05,2026-07-01T17:25:00+08:00,1,evt-pz-0209-4,176.443,kPa,valid,simulator
DAM-A-PZ-06,2026-07-01T17:25:00+08:00,1,evt-pz-0209-5,176.643,kPa,valid,simulator
DAM-A-PZ-07,2026-07-01T17:25:00+08:00,1,evt-pz-0209-6,176.843,kPa,valid,simulator
DAM-A-PZ-08,2026-07-01T17:25:00+08:00,1,evt-pz-0209-7,177.043,kPa,valid,simulator
DAM-A-PZ-09,2026-07-01T17:25:00+08:00,1,evt-pz-0209-8,177.243,kPa,valid,simulator
DAM-A-PZ-10,2026-07-01T17:25:00+08:00,1,evt-pz-0209-9,177.443,kPa,valid,simulator
DAM-A-PZ-11,2026-07-01T17:25:00+08:00,1,evt-pz-0209-10,177.643,kPa,valid,simulator
DAM-A-PZ-12,2026-07-01T17:25:00+08:00,1,evt-pz-0209-11,177.843,kPa,valid,simulator
DAM-A-PZ-01,2026-07-01T17:30:00+08:00,1,evt-pz-0210-0,175.705,kPa,valid,simulator
DAM-A-PZ-02,2026-07-01T17:30:00+08:00,1,evt-pz-0210-1,175.905,kPa,valid,simulator
DAM-A-PZ-03,2026-07-01T17:30:00+08:00,1,evt-pz-0210-2,176.105,kPa,valid,simulator
DAM-A-PZ-04,2026-07-01T17:30:00+08:00,1,evt-pz-0210-3,176.305,kPa,valid,simulator
DAM-A-PZ-05,2026-07-01T17:30:00+08:00,1,evt-pz-0210-4,176.505,kPa,valid,simulator
DAM-A-PZ-06,2026-07-01T17:30:00+08:00,1,evt-pz-0210-5,176.705,kPa,valid,simulator
DAM-A-PZ-07,2026-07-01T17:30:00+08:00,1,evt-pz-0210-6,176.905,kPa,valid,simulator
DAM-A-PZ-08,2026-07-01T17:30:00+08:00,1,evt-pz-0210-7,177.105,kPa,valid,simulator
DAM-A-PZ-09,2026-07-01T17:30:00+08:00,1,evt-pz-0210-8,177.305,kPa,valid,simulator
DAM-A-PZ-10,2026-07-01T17:30:00+08:00,1,evt-pz-0210-9,177.505,kPa,valid,simulator
DAM-A-PZ-11,2026-07-01T17:30:00+08:00,1,evt-pz-0210-10,177.705,kPa,valid,simulator
DAM-A-PZ-12,2026-07-01T17:30:00+08:00,1,evt-pz-0210-11,177.905,kPa,valid,simulator
DAM-A-PZ-01,2026-07-01T17:35:00+08:00,1,evt-pz-0211-0,175.771,kPa,valid,simulator
DAM-A-PZ-02,2026-07-01T17:35:00+08:00,1,evt-pz-0211-1,175.971,kPa,valid,simulator
DAM-A-PZ-03,2026-07-01T17:35:00+08:00,1,evt-pz-0211-2,176.171,kPa,valid,simulator
DAM-A-PZ-04,2026-07-01T17:35:00+08:00,1,evt-pz-0211-3,176.371,kPa,valid,simulator
DAM-A-PZ-05,2026-07-01T17:35:00+08:00,1,evt-pz-0211-4,176.571,kPa,valid,simulator
DAM-A-PZ-06,2026-07-01T17:35:00+08:00,1,evt-pz-0211-5,176.771,kPa,valid,simulator
DAM-A-PZ-07,2026-07-01T17:35:00+08:00,1,evt-pz-0211-6,176.971,kPa,valid,simulator
DAM-A-PZ-08,2026-07-01T17:35:00+08:00,1,evt-pz-0211-7,177.171,kPa,valid,simulator
DAM-A-PZ-09,2026-07-01T17:35:00+08:00,1,evt-pz-0211-8,177.371,kPa,valid,simulator
DAM-A-PZ-10,2026-07-01T17:35:00+08:00,1,evt-pz-0211-9,177.571,kPa,valid,simulator
DAM-A-PZ-11,2026-07-01T17:35:00+08:00,1,evt-pz-0211-10,177.771,kPa,valid,simulator
DAM-A-PZ-12,2026-07-01T17:35:00+08:00,1,evt-pz-0211-11,177.971,kPa,valid,simulator
DAM-A-PZ-01,2026-07-01T17:40:00+08:00,1,evt-pz-0212-0,175.839,kPa,valid,simulator
DAM-A-PZ-02,2026-07-01T17:40:00+08:00,1,evt-pz-0212-1,176.039,kPa,valid,simulator
DAM-A-PZ-03,2026-07-01T17:40:00+08:00,1,evt-pz-0212-2,176.239,kPa,valid,simulator
DAM-A-PZ-04,2026-07-01T17:40:00+08:00,1,evt-pz-0212-3,176.439,kPa,valid,simulator
DAM-A-PZ-05,2026-07-01T17:40:00+08:00,1,evt-pz-0212-4,176.639,kPa,valid,simulator
DAM-A-PZ-06,2026-07-01T17:40:00+08:00,1,evt-pz-0212-5,176.839,kPa,valid,simulator
DAM-A-PZ-07,2026-07-01T17:40:00+08:00,1,evt-pz-0212-6,177.039,kPa,valid,simulator
DAM-A-PZ-08,2026-07-01T17:40:00+08:00,1,evt-pz-0212-7,177.239,kPa,valid,simulator
DAM-A-PZ-09,2026-07-01T17:40:00+08:00,1,evt-pz-0212-8,177.439,kPa,valid,simulator
DAM-A-PZ-10,2026-07-01T17:40:00+08:00,1,evt-pz-0212-9,177.639,kPa,valid,simulator
DAM-A-PZ-11,2026-07-01T17:40:00+08:00,1,evt-pz-0212-10,177.839,kPa,valid,simulator
DAM-A-PZ-12,2026-07-01T17:40:00+08:00,1,evt-pz-0212-11,178.039,kPa,valid,simulator
DAM-A-PZ-01,2026-07-01T17:45:00+08:00,1,evt-pz-0213-0,175.909,kPa,valid,simulator
DAM-A-PZ-02,2026-07-01T17:45:00+08:00,1,evt-pz-0213-1,176.109,kPa,valid,simulator
DAM-A-PZ-03,2026-07-01T17:45:00+08:00,1,evt-pz-0213-2,176.309,kPa,valid,simulator
DAM-A-PZ-04,2026-07-01T17:45:00+08:00,1,evt-pz-0213-3,176.509,kPa,valid,simulator
DAM-A-PZ-05,2026-07-01T17:45:00+08:00,1,evt-pz-0213-4,176.709,kPa,valid,simulator
DAM-A-PZ-06,2026-07-01T17:45:00+08:00,1,evt-pz-0213-5,176.909,kPa,valid,simulator
DAM-A-PZ-07,2026-07-01T17:45:00+08:00,1,evt-pz-0213-6,177.109,kPa,valid,simulator
DAM-A-PZ-08,2026-07-01T17:45:00+08:00,1,evt-pz-0213-7,177.309,kPa,valid,simulator
DAM-A-PZ-09,2026-07-01T17:45:00+08:00,1,evt-pz-0213-8,177.509,kPa,valid,simulator
DAM-A-PZ-10,2026-07-01T17:45:00+08:00,1,evt-pz-0213-9,177.709,kPa,valid,simulator
DAM-A-PZ-11,2026-07-01T17:45:00+08:00,1,evt-pz-0213-10,177.909,kPa,valid,simulator
DAM-A-PZ-12,2026-07-01T17:45:00+08:00,1,evt-pz-0213-11,178.109,kPa,valid,simulator
DAM-A-PZ-01,2026-07-01T17:50:00+08:00,1,evt-pz-0214-0,175.982,kPa,valid,simulator
DAM-A-PZ-02,2026-07-01T17:50:00+08:00,1,evt-pz-0214-1,176.182,kPa,valid,simulator
DAM-A-PZ-03,2026-07-01T17:50:00+08:00,1,evt-pz-0214-2,176.382,kPa,valid,simulator
DAM-A-PZ-04,2026-07-01T17:50:00+08:00,1,evt-pz-0214-3,176.582,kPa,valid,simulator
DAM-A-PZ-05,2026-07-01T17:50:00+08:00,1,evt-pz-0214-4,176.782,kPa,valid,simulator
DAM-A-PZ-06,2026-07-01T17:50:00+08:00,1,evt-pz-0214-5,176.982,kPa,valid,simulator
DAM-A-PZ-07,2026-07-01T17:50:00+08:00,1,evt-pz-0214-6,177.182,kPa,valid,simulator
DAM-A-PZ-08,2026-07-01T17:50:00+08:00,1,evt-pz-0214-7,177.382,kPa,valid,simulator
DAM-A-PZ-09,2026-07-01T17:50:00+08:00,1,evt-pz-0214-8,177.582,kPa,valid,simulator
DAM-A-PZ-10,2026-07-01T17:50:00+08:00,1,evt-pz-0214-9,177.782,kPa,valid,simulator
DAM-A-PZ-11,2026-07-01T17:50:00+08:00,1,evt-pz-0214-10,177.982,kPa,valid,simulator
DAM-A-PZ-12,2026-07-01T17:50:00+08:00,1,evt-pz-0214-11,178.182,kPa,valid,simulator
DAM-A-PZ-01,2026-07-01T17:55:00+08:00,1,evt-pz-0215-0,176.058,kPa,valid,simulator
DAM-A-PZ-02,2026-07-01T17:55:00+08:00,1,evt-pz-0215-1,176.258,kPa,valid,simulator
DAM-A-PZ-03,2026-07-01T17:55:00+08:00,1,evt-pz-0215-2,176.458,kPa,valid,simulator
DAM-A-PZ-04,2026-07-01T17:55:00+08:00,1,evt-pz-0215-3,176.658,kPa,valid,simulator
DAM-A-PZ-05,2026-07-01T17:55:00+08:00,1,evt-pz-0215-4,176.858,kPa,valid,simulator
DAM-A-PZ-06,2026-07-01T17:55:00+08:00,1,evt-pz-0215-5,177.058,kPa,valid,simulator
DAM-A-PZ-07,2026-07-01T17:55:00+08:00,1,evt-pz-0215-6,177.258,kPa,valid,simulator
DAM-A-PZ-08,2026-07-01T17:55:00+08:00,1,evt-pz-0215-7,177.458,kPa,valid,simulator
DAM-A-PZ-09,2026-07-01T17:55:00+08:00,1,evt-pz-0215-8,177.658,kPa,valid,simulator
DAM-A-PZ-10,2026-07-01T17:55:00+08:00,1,evt-pz-0215-9,177.858,kPa,valid,simulator
DAM-A-PZ-11,2026-07-01T17:55:00+08:00,1,evt-pz-0215-10,178.058,kPa,valid,simulator
DAM-A-PZ-12,2026-07-01T17:55:00+08:00,1,evt-pz-0215-11,178.258,kPa,valid,simulator
DAM-A-PZ-01,2026-07-01T18:00:00+08:00,1,evt-pz-0216-0,176.136,kPa,valid,simulator
DAM-A-PZ-02,2026-07-01T18:00:00+08:00,1,evt-pz-0216-1,176.336,kPa,valid,simulator
DAM-A-PZ-03,2026-07-01T18:00:00+08:00,1,evt-pz-0216-2,176.536,kPa,valid,simulator
DAM-A-PZ-04,2026-07-01T18:00:00+08:00,1,evt-pz-0216-3,176.736,kPa,valid,simulator
DAM-A-PZ-05,2026-07-01T18:00:00+08:00,1,evt-pz-0216-4,176.936,kPa,valid,simulator
DAM-A-PZ-06,2026-07-01T18:00:00+08:00,1,evt-pz-0216-5,177.136,kPa,valid,simulator
DAM-A-PZ-07,2026-07-01T18:00:00+08:00,1,evt-pz-0216-6,177.336,kPa,valid,simulator
DAM-A-PZ-08,2026-07-01T18:00:00+08:00,1,evt-pz-0216-7,177.536,kPa,valid,simulator
DAM-A-PZ-09,2026-07-01T18:00:00+08:00,1,evt-pz-0216-8,177.736,kPa,valid,simulator
DAM-A-PZ-10,2026-07-01T18:00:00+08:00,1,evt-pz-0216-9,177.936,kPa,valid,simulator
DAM-A-PZ-11,2026-07-01T18:00:00+08:00,1,evt-pz-0216-10,178.136,kPa,valid,simulator
DAM-A-PZ-12,2026-07-01T18:00:00+08:00,1,evt-pz-0216-11,178.336,kPa,valid,simulator
DAM-A-PZ-01,2026-07-01T18:05:00+08:00,1,evt-pz-0217-0,176.217,kPa,valid,simulator
DAM-A-PZ-02,2026-07-01T18:05:00+08:00,1,evt-pz-0217-1,176.417,kPa,valid,simulator
DAM-A-PZ-03,2026-07-01T18:05:00+08:00,1,evt-pz-0217-2,176.617,kPa,valid,simulator
DAM-A-PZ-04,2026-07-01T18:05:00+08:00,1,evt-pz-0217-3,176.817,kPa,valid,simulator
DAM-A-PZ-05,2026-07-01T18:05:00+08:00,1,evt-pz-0217-4,177.017,kPa,valid,simulator
DAM-A-PZ-06,2026-07-01T18:05:00+08:00,1,evt-pz-0217-5,177.217,kPa,valid,simulator
DAM-A-PZ-07,2026-07-01T18:05:00+08:00,1,evt-pz-0217-6,177.417,kPa,valid,simulator
DAM-A-PZ-08,2026-07-01T18:05:00+08:00,1,evt-pz-0217-7,177.617,kPa,valid,simulator
DAM-A-PZ-09,2026-07-01T18:05:00+08:00,1,evt-pz-0217-8,177.817,kPa,valid,simulator
DAM-A-PZ-10,2026-07-01T18:05:00+08:00,1,evt-pz-0217-9,178.017,kPa,valid,simulator
DAM-A-PZ-11,2026-07-01T18:05:00+08:00,1,evt-pz-0217-10,178.217,kPa,valid,simulator
DAM-A-PZ-12,2026-07-01T18:05:00+08:00,1,evt-pz-0217-11,178.417,kPa,valid,simulator
DAM-A-PZ-01,2026-07-01T18:10:00+08:00,1,evt-pz-0218-0,176.3,kPa,valid,simulator
DAM-A-PZ-02,2026-07-01T18:10:00+08:00,1,evt-pz-0218-1,176.5,kPa,valid,simulator
DAM-A-PZ-03,2026-07-01T18:10:00+08:00,1,evt-pz-0218-2,176.7,kPa,valid,simulator
DAM-A-PZ-04,2026-07-01T18:10:00+08:00,1,evt-pz-0218-3,176.9,kPa,valid,simulator
DAM-A-PZ-05,2026-07-01T18:10:00+08:00,1,evt-pz-0218-4,177.1,kPa,valid,simulator
DAM-A-PZ-06,2026-07-01T18:10:00+08:00,1,evt-pz-0218-5,177.3,kPa,valid,simulator
DAM-A-PZ-07,2026-07-01T18:10:00+08:00,1,evt-pz-0218-6,177.5,kPa,valid,simulator
DAM-A-PZ-08,2026-07-01T18:10:00+08:00,1,evt-pz-0218-7,177.7,kPa,valid,simulator
DAM-A-PZ-09,2026-07-01T18:10:00+08:00,1,evt-pz-0218-8,177.9,kPa,valid,simulator
DAM-A-PZ-10,2026-07-01T18:10:00+08:00,1,evt-pz-0218-9,178.1,kPa,valid,simulator
DAM-A-PZ-11,2026-07-01T18:10:00+08:00,1,evt-pz-0218-10,178.3,kPa,valid,simulator
DAM-A-PZ-12,2026-07-01T18:10:00+08:00,1,evt-pz-0218-11,178.5,kPa,valid,simulator
DAM-A-PZ-01,2026-07-01T18:15:00+08:00,1,evt-pz-0219-0,176.385,kPa,valid,simulator
DAM-A-PZ-02,2026-07-01T18:15:00+08:00,1,evt-pz-0219-1,176.585,kPa,valid,simulator
DAM-A-PZ-03,2026-07-01T18:15:00+08:00,1,evt-pz-0219-2,176.785,kPa,valid,simulator
DAM-A-PZ-04,2026-07-01T18:15:00+08:00,1,evt-pz-0219-3,176.985,kPa,valid,simulator
DAM-A-PZ-05,2026-07-01T18:15:00+08:00,1,evt-pz-0219-4,177.185,kPa,valid,simulator
DAM-A-PZ-06,2026-07-01T18:15:00+08:00,1,evt-pz-0219-5,177.385,kPa,valid,simulator
DAM-A-PZ-07,2026-07-01T18:15:00+08:00,1,evt-pz-0219-6,177.585,kPa,valid,simulator
DAM-A-PZ-08,2026-07-01T18:15:00+08:00,1,evt-pz-0219-7,177.785,kPa,valid,simulator
DAM-A-PZ-09,2026-07-01T18:15:00+08:00,1,evt-pz-0219-8,177.985,kPa,valid,simulator
DAM-A-PZ-10,2026-07-01T18:15:00+08:00,1,evt-pz-0219-9,178.185,kPa,valid,simulator
DAM-A-PZ-11,2026-07-01T18:15:00+08:00,1,evt-pz-0219-10,178.385,kPa,valid,simulator
DAM-A-PZ-12,2026-07-01T18:15:00+08:00,1,evt-pz-0219-11,178.585,kPa,valid,simulator
DAM-A-PZ-01,2026-07-01T18:20:00+08:00,1,evt-pz-0220-0,176.472,kPa,valid,simulator
DAM-A-PZ-02,2026-07-01T18:20:00+08:00,1,evt-pz-0220-1,176.672,kPa,valid,simulator
DAM-A-PZ-03,2026-07-01T18:20:00+08:00,1,evt-pz-0220-2,176.872,kPa,valid,simulator
DAM-A-PZ-04,2026-07-01T18:20:00+08:00,1,evt-pz-0220-3,177.072,kPa,valid,simulator
DAM-A-PZ-05,2026-07-01T18:20:00+08:00,1,evt-pz-0220-4,177.272,kPa,valid,simulator
DAM-A-PZ-06,2026-07-01T18:20:00+08:00,1,evt-pz-0220-5,177.472,kPa,valid,simulator
DAM-A-PZ-07,2026-07-01T18:20:00+08:00,1,evt-pz-0220-6,177.672,kPa,valid,simulator
DAM-A-PZ-08,2026-07-01T18:20:00+08:00,1,evt-pz-0220-7,177.872,kPa,valid,simulator
DAM-A-PZ-09,2026-07-01T18:20:00+08:00,1,evt-pz-0220-8,178.072,kPa,valid,simulator
DAM-A-PZ-10,2026-07-01T18:20:00+08:00,1,evt-pz-0220-9,178.272,kPa,valid,simulator
DAM-A-PZ-11,2026-07-01T18:20:00+08:00,1,evt-pz-0220-10,178.472,kPa,valid,simulator
DAM-A-PZ-12,2026-07-01T18:20:00+08:00,1,evt-pz-0220-11,178.672,kPa,valid,simulator
DAM-A-PZ-01,2026-07-01T18:25:00+08:00,1,evt-pz-0221-0,176.562,kPa,valid,simulator
DAM-A-PZ-02,2026-07-01T18:25:00+08:00,1,evt-pz-0221-1,176.762,kPa,valid,simulator
DAM-A-PZ-03,2026-07-01T18:25:00+08:00,1,evt-pz-0221-2,176.962,kPa,valid,simulator
DAM-A-PZ-04,2026-07-01T18:25:00+08:00,1,evt-pz-0221-3,177.162,kPa,valid,simulator
DAM-A-PZ-05,2026-07-01T18:25:00+08:00,1,evt-pz-0221-4,177.362,kPa,valid,simulator
DAM-A-PZ-06,2026-07-01T18:25:00+08:00,1,evt-pz-0221-5,177.562,kPa,valid,simulator
DAM-A-PZ-07,2026-07-01T18:25:00+08:00,1,evt-pz-0221-6,177.762,kPa,valid,simulator
DAM-A-PZ-08,2026-07-01T18:25:00+08:00,1,evt-pz-0221-7,177.962,kPa,valid,simulator
DAM-A-PZ-09,2026-07-01T18:25:00+08:00,1,evt-pz-0221-8,178.162,kPa,valid,simulator
DAM-A-PZ-10,2026-07-01T18:25:00+08:00,1,evt-pz-0221-9,178.362,kPa,valid,simulator
DAM-A-PZ-11,2026-07-01T18:25:00+08:00,1,evt-pz-0221-10,178.562,kPa,valid,simulator
DAM-A-PZ-12,2026-07-01T18:25:00+08:00,1,evt-pz-0221-11,178.762,kPa,valid,simulator
DAM-A-PZ-01,2026-07-01T18:30:00+08:00,1,evt-pz-0222-0,176.654,kPa,valid,simulator
DAM-A-PZ-02,2026-07-01T18:30:00+08:00,1,evt-pz-0222-1,176.854,kPa,valid,simulator
DAM-A-PZ-03,2026-07-01T18:30:00+08:00,1,evt-pz-0222-2,177.054,kPa,valid,simulator
DAM-A-PZ-04,2026-07-01T18:30:00+08:00,1,evt-pz-0222-3,177.254,kPa,valid,simulator
DAM-A-PZ-05,2026-07-01T18:30:00+08:00,1,evt-pz-0222-4,177.454,kPa,valid,simulator
DAM-A-PZ-06,2026-07-01T18:30:00+08:00,1,evt-pz-0222-5,177.654,kPa,valid,simulator
DAM-A-PZ-07,2026-07-01T18:30:00+08:00,1,evt-pz-0222-6,177.854,kPa,valid,simulator
DAM-A-PZ-08,2026-07-01T18:30:00+08:00,1,evt-pz-0222-7,178.054,kPa,valid,simulator
DAM-A-PZ-09,2026-07-01T18:30:00+08:00,1,evt-pz-0222-8,178.254,kPa,valid,simulator
DAM-A-PZ-10,2026-07-01T18:30:00+08:00,1,evt-pz-0222-9,178.454,kPa,valid,simulator
DAM-A-PZ-11,2026-07-01T18:30:00+08:00,1,evt-pz-0222-10,178.654,kPa,valid,simulator
DAM-A-PZ-12,2026-07-01T18:30:00+08:00,1,evt-pz-0222-11,178.854,kPa,valid,simulator
DAM-A-PZ-01,2026-07-01T18:35:00+08:00,1,evt-pz-0223-0,176.748,kPa,valid,simulator
DAM-A-PZ-02,2026-07-01T18:35:00+08:00,1,evt-pz-0223-1,176.948,kPa,valid,simulator
DAM-A-PZ-03,2026-07-01T18:35:00+08:00,1,evt-pz-0223-2,177.148,kPa,valid,simulator
DAM-A-PZ-04,2026-07-01T18:35:00+08:00,1,evt-pz-0223-3,177.348,kPa,valid,simulator
DAM-A-PZ-05,2026-07-01T18:35:00+08:00,1,evt-pz-0223-4,177.548,kPa,valid,simulator
DAM-A-PZ-06,2026-07-01T18:35:00+08:00,1,evt-pz-0223-5,177.748,kPa,valid,simulator
DAM-A-PZ-07,2026-07-01T18:35:00+08:00,1,evt-pz-0223-6,177.948,kPa,valid,simulator
DAM-A-PZ-08,2026-07-01T18:35:00+08:00,1,evt-pz-0223-7,178.148,kPa,valid,simulator
DAM-A-PZ-09,2026-07-01T18:35:00+08:00,1,evt-pz-0223-8,178.348,kPa,valid,simulator
DAM-A-PZ-10,2026-07-01T18:35:00+08:00,1,evt-pz-0223-9,178.548,kPa,valid,simulator
DAM-A-PZ-11,2026-07-01T18:35:00+08:00,1,evt-pz-0223-10,178.748,kPa,valid,simulator
DAM-A-PZ-12,2026-07-01T18:35:00+08:00,1,evt-pz-0223-11,178.948,kPa,valid,simulator
DAM-A-PZ-01,2026-07-01T18:40:00+08:00,1,evt-pz-0224-0,176.844,kPa,valid,simulator
DAM-A-PZ-02,2026-07-01T18:40:00+08:00,1,evt-pz-0224-1,177.044,kPa,valid,simulator
DAM-A-PZ-03,2026-07-01T18:40:00+08:00,1,evt-pz-0224-2,177.244,kPa,valid,simulator
DAM-A-PZ-04,2026-07-01T18:40:00+08:00,1,evt-pz-0224-3,177.444,kPa,valid,simulator
DAM-A-PZ-05,2026-07-01T18:40:00+08:00,1,evt-pz-0224-4,177.644,kPa,valid,simulator
DAM-A-PZ-06,2026-07-01T18:40:00+08:00,1,evt-pz-0224-5,177.844,kPa,valid,simulator
DAM-A-PZ-07,2026-07-01T18:40:00+08:00,1,evt-pz-0224-6,178.044,kPa,valid,simulator
DAM-A-PZ-08,2026-07-01T18:40:00+08:00,1,evt-pz-0224-7,178.244,kPa,valid,simulator
DAM-A-PZ-09,2026-07-01T18:40:00+08:00,1,evt-pz-0224-8,178.444,kPa,valid,simulator
DAM-A-PZ-10,2026-07-01T18:40:00+08:00,1,evt-pz-0224-9,178.644,kPa,valid,simulator
DAM-A-PZ-11,2026-07-01T18:40:00+08:00,1,evt-pz-0224-10,178.844,kPa,valid,simulator
DAM-A-PZ-12,2026-07-01T18:40:00+08:00,1,evt-pz-0224-11,179.044,kPa,valid,simulator
DAM-A-PZ-01,2026-07-01T18:45:00+08:00,1,evt-pz-0225-0,176.942,kPa,valid,simulator
DAM-A-PZ-02,2026-07-01T18:45:00+08:00,1,evt-pz-0225-1,177.142,kPa,valid,simulator
DAM-A-PZ-03,2026-07-01T18:45:00+08:00,1,evt-pz-0225-2,177.342,kPa,valid,simulator
DAM-A-PZ-04,2026-07-01T18:45:00+08:00,1,evt-pz-0225-3,177.542,kPa,valid,simulator
DAM-A-PZ-05,2026-07-01T18:45:00+08:00,1,evt-pz-0225-4,177.742,kPa,valid,simulator
DAM-A-PZ-06,2026-07-01T18:45:00+08:00,1,evt-pz-0225-5,177.942,kPa,valid,simulator
DAM-A-PZ-07,2026-07-01T18:45:00+08:00,1,evt-pz-0225-6,178.142,kPa,valid,simulator
DAM-A-PZ-08,2026-07-01T18:45:00+08:00,1,evt-pz-0225-7,178.342,kPa,valid,simulator
DAM-A-PZ-09,2026-07-01T18:45:00+08:00,1,evt-pz-0225-8,178.542,kPa,valid,simulator
DAM-A-PZ-10,2026-07-01T18:45:00+08:00,1,evt-pz-0225-9,178.742,kPa,valid,simulator
DAM-A-PZ-11,2026-07-01T18:45:00+08:00,1,evt-pz-0225-10,178.942,kPa,valid,simulator
DAM-A-PZ-12,2026-07-01T18:45:00+08:00,1,evt-pz-0225-11,179.142,kPa,valid,simulator
DAM-A-PZ-01,2026-07-01T18:50:00+08:00,1,evt-pz-0226-0,177.041,kPa,valid,simulator
DAM-A-PZ-02,2026-07-01T18:50:00+08:00,1,evt-pz-0226-1,177.241,kPa,valid,simulator
DAM-A-PZ-03,2026-07-01T18:50:00+08:00,1,evt-pz-0226-2,177.441,kPa,valid,simulator
DAM-A-PZ-04,2026-07-01T18:50:00+08:00,1,evt-pz-0226-3,177.641,kPa,valid,simulator
DAM-A-PZ-05,2026-07-01T18:50:00+08:00,1,evt-pz-0226-4,177.841,kPa,valid,simulator
DAM-A-PZ-06,2026-07-01T18:50:00+08:00,1,evt-pz-0226-5,178.041,kPa,valid,simulator
DAM-A-PZ-07,2026-07-01T18:50:00+08:00,1,evt-pz-0226-6,178.241,kPa,valid,simulator
DAM-A-PZ-08,2026-07-01T18:50:00+08:00,1,evt-pz-0226-7,178.441,kPa,valid,simulator
DAM-A-PZ-09,2026-07-01T18:50:00+08:00,1,evt-pz-0226-8,178.641,kPa,valid,simulator
DAM-A-PZ-10,2026-07-01T18:50:00+08:00,1,evt-pz-0226-9,178.841,kPa,valid,simulator
DAM-A-PZ-11,2026-07-01T18:50:00+08:00,1,evt-pz-0226-10,179.041,kPa,valid,simulator
DAM-A-PZ-12,2026-07-01T18:50:00+08:00,1,evt-pz-0226-11,179.241,kPa,valid,simulator
DAM-A-PZ-01,2026-07-01T18:55:00+08:00,1,evt-pz-0227-0,177.143,kPa,valid,simulator
DAM-A-PZ-02,2026-07-01T18:55:00+08:00,1,evt-pz-0227-1,177.343,kPa,valid,simulator
DAM-A-PZ-03,2026-07-01T18:55:00+08:00,1,evt-pz-0227-2,177.543,kPa,valid,simulator
DAM-A-PZ-04,2026-07-01T18:55:00+08:00,1,evt-pz-0227-3,177.743,kPa,valid,simulator
DAM-A-PZ-05,2026-07-01T18:55:00+08:00,1,evt-pz-0227-4,177.943,kPa,valid,simulator
DAM-A-PZ-06,2026-07-01T18:55:00+08:00,1,evt-pz-0227-5,178.143,kPa,valid,simulator
DAM-A-PZ-07,2026-07-01T18:55:00+08:00,1,evt-pz-0227-6,178.343,kPa,valid,simulator
DAM-A-PZ-08,2026-07-01T18:55:00+08:00,1,evt-pz-0227-7,178.543,kPa,valid,simulator
DAM-A-PZ-09,2026-07-01T18:55:00+08:00,1,evt-pz-0227-8,178.743,kPa,valid,simulator
DAM-A-PZ-10,2026-07-01T18:55:00+08:00,1,evt-pz-0227-9,178.943,kPa,valid,simulator
DAM-A-PZ-11,2026-07-01T18:55:00+08:00,1,evt-pz-0227-10,179.143,kPa,valid,simulator
DAM-A-PZ-12,2026-07-01T18:55:00+08:00,1,evt-pz-0227-11,179.343,kPa,valid,simulator
DAM-A-PZ-01,2026-07-01T19:00:00+08:00,1,evt-pz-0228-0,177.247,kPa,valid,simulator
DAM-A-PZ-02,2026-07-01T19:00:00+08:00,1,evt-pz-0228-1,177.447,kPa,valid,simulator
DAM-A-PZ-03,2026-07-01T19:00:00+08:00,1,evt-pz-0228-2,177.647,kPa,valid,simulator
DAM-A-PZ-04,2026-07-01T19:00:00+08:00,1,evt-pz-0228-3,177.847,kPa,valid,simulator
DAM-A-PZ-05,2026-07-01T19:00:00+08:00,1,evt-pz-0228-4,178.047,kPa,valid,simulator
DAM-A-PZ-06,2026-07-01T19:00:00+08:00,1,evt-pz-0228-5,178.247,kPa,valid,simulator
DAM-A-PZ-07,2026-07-01T19:00:00+08:00,1,evt-pz-0228-6,178.447,kPa,valid,simulator
DAM-A-PZ-08,2026-07-01T19:00:00+08:00,1,evt-pz-0228-7,178.647,kPa,valid,simulator
DAM-A-PZ-09,2026-07-01T19:00:00+08:00,1,evt-pz-0228-8,178.847,kPa,valid,simulator
DAM-A-PZ-10,2026-07-01T19:00:00+08:00,1,evt-pz-0228-9,179.047,kPa,valid,simulator
DAM-A-PZ-11,2026-07-01T19:00:00+08:00,1,evt-pz-0228-10,179.247,kPa,valid,simulator
DAM-A-PZ-12,2026-07-01T19:00:00+08:00,1,evt-pz-0228-11,179.447,kPa,valid,simulator
DAM-A-PZ-01,2026-07-01T19:05:00+08:00,1,evt-pz-0229-0,177.352,kPa,valid,simulator
DAM-A-PZ-02,2026-07-01T19:05:00+08:00,1,evt-pz-0229-1,177.552,kPa,valid,simulator
DAM-A-PZ-03,2026-07-01T19:05:00+08:00,1,evt-pz-0229-2,177.752,kPa,valid,simulator
DAM-A-PZ-04,2026-07-01T19:05:00+08:00,1,evt-pz-0229-3,177.952,kPa,valid,simulator
DAM-A-PZ-05,2026-07-01T19:05:00+08:00,1,evt-pz-0229-4,178.152,kPa,valid,simulator
DAM-A-PZ-06,2026-07-01T19:05:00+08:00,1,evt-pz-0229-5,178.352,kPa,valid,simulator
DAM-A-PZ-07,2026-07-01T19:05:00+08:00,1,evt-pz-0229-6,178.552,kPa,valid,simulator
DAM-A-PZ-08,2026-07-01T19:05:00+08:00,1,evt-pz-0229-7,178.752,kPa,valid,simulator
DAM-A-PZ-09,2026-07-01T19:05:00+08:00,1,evt-pz-0229-8,178.952,kPa,valid,simulator
DAM-A-PZ-10,2026-07-01T19:05:00+08:00,1,evt-pz-0229-9,179.152,kPa,valid,simulator
DAM-A-PZ-11,2026-07-01T19:05:00+08:00,1,evt-pz-0229-10,179.352,kPa,valid,simulator
DAM-A-PZ-12,2026-07-01T19:05:00+08:00,1,evt-pz-0229-11,179.552,kPa,valid,simulator
DAM-A-PZ-01,2026-07-01T19:10:00+08:00,1,evt-pz-0230-0,177.459,kPa,valid,simulator
DAM-A-PZ-02,2026-07-01T19:10:00+08:00,1,evt-pz-0230-1,177.659,kPa,valid,simulator
DAM-A-PZ-03,2026-07-01T19:10:00+08:00,1,evt-pz-0230-2,177.859,kPa,valid,simulator
DAM-A-PZ-04,2026-07-01T19:10:00+08:00,1,evt-pz-0230-3,178.059,kPa,valid,simulator
DAM-A-PZ-05,2026-07-01T19:10:00+08:00,1,evt-pz-0230-4,178.259,kPa,valid,simulator
DAM-A-PZ-06,2026-07-01T19:10:00+08:00,1,evt-pz-0230-5,178.459,kPa,valid,simulator
DAM-A-PZ-07,2026-07-01T19:10:00+08:00,1,evt-pz-0230-6,178.659,kPa,valid,simulator
DAM-A-PZ-08,2026-07-01T19:10:00+08:00,1,evt-pz-0230-7,178.859,kPa,valid,simulator
DAM-A-PZ-09,2026-07-01T19:10:00+08:00,1,evt-pz-0230-8,179.059,kPa,valid,simulator
DAM-A-PZ-10,2026-07-01T19:10:00+08:00,1,evt-pz-0230-9,179.259,kPa,valid,simulator
DAM-A-PZ-11,2026-07-01T19:10:00+08:00,1,evt-pz-0230-10,179.459,kPa,valid,simulator
DAM-A-PZ-12,2026-07-01T19:10:00+08:00,1,evt-pz-0230-11,179.659,kPa,valid,simulator
DAM-A-PZ-01,2026-07-01T19:15:00+08:00,1,evt-pz-0231-0,177.567,kPa,valid,simulator
DAM-A-PZ-02,2026-07-01T19:15:00+08:00,1,evt-pz-0231-1,177.767,kPa,valid,simulator
DAM-A-PZ-03,2026-07-01T19:15:00+08:00,1,evt-pz-0231-2,177.967,kPa,valid,simulator
DAM-A-PZ-04,2026-07-01T19:15:00+08:00,1,evt-pz-0231-3,178.167,kPa,valid,simulator
DAM-A-PZ-05,2026-07-01T19:15:00+08:00,1,evt-pz-0231-4,178.367,kPa,valid,simulator
DAM-A-PZ-06,2026-07-01T19:15:00+08:00,1,evt-pz-0231-5,178.567,kPa,valid,simulator
DAM-A-PZ-07,2026-07-01T19:15:00+08:00,1,evt-pz-0231-6,178.767,kPa,valid,simulator
DAM-A-PZ-08,2026-07-01T19:15:00+08:00,1,evt-pz-0231-7,178.967,kPa,valid,simulator
DAM-A-PZ-09,2026-07-01T19:15:00+08:00,1,evt-pz-0231-8,179.167,kPa,valid,simulator
DAM-A-PZ-10,2026-07-01T19:15:00+08:00,1,evt-pz-0231-9,179.367,kPa,valid,simulator
DAM-A-PZ-11,2026-07-01T19:15:00+08:00,1,evt-pz-0231-10,179.567,kPa,valid,simulator
DAM-A-PZ-12,2026-07-01T19:15:00+08:00,1,evt-pz-0231-11,179.767,kPa,valid,simulator
DAM-A-PZ-01,2026-07-01T19:20:00+08:00,1,evt-pz-0232-0,177.677,kPa,valid,simulator
DAM-A-PZ-02,2026-07-01T19:20:00+08:00,1,evt-pz-0232-1,177.877,kPa,valid,simulator
DAM-A-PZ-03,2026-07-01T19:20:00+08:00,1,evt-pz-0232-2,178.077,kPa,valid,simulator
DAM-A-PZ-04,2026-07-01T19:20:00+08:00,1,evt-pz-0232-3,178.277,kPa,valid,simulator
DAM-A-PZ-05,2026-07-01T19:20:00+08:00,1,evt-pz-0232-4,178.477,kPa,valid,simulator
DAM-A-PZ-06,2026-07-01T19:20:00+08:00,1,evt-pz-0232-5,178.677,kPa,valid,simulator
DAM-A-PZ-07,2026-07-01T19:20:00+08:00,1,evt-pz-0232-6,178.877,kPa,valid,simulator
DAM-A-PZ-08,2026-07-01T19:20:00+08:00,1,evt-pz-0232-7,179.077,kPa,valid,simulator
DAM-A-PZ-09,2026-07-01T19:20:00+08:00,1,evt-pz-0232-8,179.277,kPa,valid,simulator
DAM-A-PZ-10,2026-07-01T19:20:00+08:00,1,evt-pz-0232-9,179.477,kPa,valid,simulator
DAM-A-PZ-11,2026-07-01T19:20:00+08:00,1,evt-pz-0232-10,179.677,kPa,valid,simulator
DAM-A-PZ-12,2026-07-01T19:20:00+08:00,1,evt-pz-0232-11,179.877,kPa,valid,simulator
DAM-A-PZ-01,2026-07-01T19:25:00+08:00,1,evt-pz-0233-0,177.788,kPa,valid,simulator
DAM-A-PZ-02,2026-07-01T19:25:00+08:00,1,evt-pz-0233-1,177.988,kPa,valid,simulator
DAM-A-PZ-03,2026-07-01T19:25:00+08:00,1,evt-pz-0233-2,178.188,kPa,valid,simulator
DAM-A-PZ-04,2026-07-01T19:25:00+08:00,1,evt-pz-0233-3,178.388,kPa,valid,simulator
DAM-A-PZ-05,2026-07-01T19:25:00+08:00,1,evt-pz-0233-4,178.588,kPa,valid,simulator
DAM-A-PZ-06,2026-07-01T19:25:00+08:00,1,evt-pz-0233-5,178.788,kPa,valid,simulator
DAM-A-PZ-07,2026-07-01T19:25:00+08:00,1,evt-pz-0233-6,178.988,kPa,valid,simulator
DAM-A-PZ-08,2026-07-01T19:25:00+08:00,1,evt-pz-0233-7,179.188,kPa,valid,simulator
DAM-A-PZ-09,2026-07-01T19:25:00+08:00,1,evt-pz-0233-8,179.388,kPa,valid,simulator
DAM-A-PZ-10,2026-07-01T19:25:00+08:00,1,evt-pz-0233-9,179.588,kPa,valid,simulator
DAM-A-PZ-11,2026-07-01T19:25:00+08:00,1,evt-pz-0233-10,179.788,kPa,valid,simulator
DAM-A-PZ-12,2026-07-01T19:25:00+08:00,1,evt-pz-0233-11,179.988,kPa,valid,simulator
DAM-A-PZ-01,2026-07-01T19:30:00+08:00,1,evt-pz-0234-0,177.901,kPa,valid,simulator
DAM-A-PZ-02,2026-07-01T19:30:00+08:00,1,evt-pz-0234-1,178.101,kPa,valid,simulator
DAM-A-PZ-03,2026-07-01T19:30:00+08:00,1,evt-pz-0234-2,178.301,kPa,valid,simulator
DAM-A-PZ-04,2026-07-01T19:30:00+08:00,1,evt-pz-0234-3,178.501,kPa,valid,simulator
DAM-A-PZ-05,2026-07-01T19:30:00+08:00,1,evt-pz-0234-4,178.701,kPa,valid,simulator
DAM-A-PZ-06,2026-07-01T19:30:00+08:00,1,evt-pz-0234-5,178.901,kPa,valid,simulator
DAM-A-PZ-07,2026-07-01T19:30:00+08:00,1,evt-pz-0234-6,179.101,kPa,valid,simulator
DAM-A-PZ-08,2026-07-01T19:30:00+08:00,1,evt-pz-0234-7,179.301,kPa,valid,simulator
DAM-A-PZ-09,2026-07-01T19:30:00+08:00,1,evt-pz-0234-8,179.501,kPa,valid,simulator
DAM-A-PZ-10,2026-07-01T19:30:00+08:00,1,evt-pz-0234-9,179.701,kPa,valid,simulator
DAM-A-PZ-11,2026-07-01T19:30:00+08:00,1,evt-pz-0234-10,179.901,kPa,valid,simulator
DAM-A-PZ-12,2026-07-01T19:30:00+08:00,1,evt-pz-0234-11,180.101,kPa,valid,simulator
DAM-A-PZ-01,2026-07-01T19:35:00+08:00,1,evt-pz-0235-0,178.015,kPa,valid,simulator
DAM-A-PZ-02,2026-07-01T19:35:00+08:00,1,evt-pz-0235-1,178.215,kPa,valid,simulator
DAM-A-PZ-03,2026-07-01T19:35:00+08:00,1,evt-pz-0235-2,178.415,kPa,valid,simulator
DAM-A-PZ-04,2026-07-01T19:35:00+08:00,1,evt-pz-0235-3,178.615,kPa,valid,simulator
DAM-A-PZ-05,2026-07-01T19:35:00+08:00,1,evt-pz-0235-4,178.815,kPa,valid,simulator
DAM-A-PZ-06,2026-07-01T19:35:00+08:00,1,evt-pz-0235-5,179.015,kPa,valid,simulator
DAM-A-PZ-07,2026-07-01T19:35:00+08:00,1,evt-pz-0235-6,179.215,kPa,valid,simulator
DAM-A-PZ-08,2026-07-01T19:35:00+08:00,1,evt-pz-0235-7,179.415,kPa,valid,simulator
DAM-A-PZ-09,2026-07-01T19:35:00+08:00,1,evt-pz-0235-8,179.615,kPa,valid,simulator
DAM-A-PZ-10,2026-07-01T19:35:00+08:00,1,evt-pz-0235-9,179.815,kPa,valid,simulator
DAM-A-PZ-11,2026-07-01T19:35:00+08:00,1,evt-pz-0235-10,180.015,kPa,valid,simulator
DAM-A-PZ-12,2026-07-01T19:35:00+08:00,1,evt-pz-0235-11,180.215,kPa,valid,simulator
DAM-A-PZ-01,2026-07-01T19:40:00+08:00,1,evt-pz-0236-0,178.131,kPa,valid,simulator
DAM-A-PZ-02,2026-07-01T19:40:00+08:00,1,evt-pz-0236-1,178.331,kPa,valid,simulator
DAM-A-PZ-03,2026-07-01T19:40:00+08:00,1,evt-pz-0236-2,178.531,kPa,valid,simulator
DAM-A-PZ-04,2026-07-01T19:40:00+08:00,1,evt-pz-0236-3,178.731,kPa,valid,simulator
DAM-A-PZ-05,2026-07-01T19:40:00+08:00,1,evt-pz-0236-4,178.931,kPa,valid,simulator
DAM-A-PZ-06,2026-07-01T19:40:00+08:00,1,evt-pz-0236-5,179.131,kPa,valid,simulator
DAM-A-PZ-07,2026-07-01T19:40:00+08:00,1,evt-pz-0236-6,179.331,kPa,valid,simulator
DAM-A-PZ-08,2026-07-01T19:40:00+08:00,1,evt-pz-0236-7,179.531,kPa,valid,simulator
DAM-A-PZ-09,2026-07-01T19:40:00+08:00,1,evt-pz-0236-8,179.731,kPa,valid,simulator
DAM-A-PZ-10,2026-07-01T19:40:00+08:00,1,evt-pz-0236-9,179.931,kPa,valid,simulator
DAM-A-PZ-11,2026-07-01T19:40:00+08:00,1,evt-pz-0236-10,180.131,kPa,valid,simulator
DAM-A-PZ-12,2026-07-01T19:40:00+08:00,1,evt-pz-0236-11,180.331,kPa,valid,simulator
DAM-A-PZ-01,2026-07-01T19:45:00+08:00,1,evt-pz-0237-0,178.247,kPa,valid,simulator
DAM-A-PZ-02,2026-07-01T19:45:00+08:00,1,evt-pz-0237-1,178.447,kPa,valid,simulator
DAM-A-PZ-03,2026-07-01T19:45:00+08:00,1,evt-pz-0237-2,178.647,kPa,valid,simulator
DAM-A-PZ-04,2026-07-01T19:45:00+08:00,1,evt-pz-0237-3,178.847,kPa,valid,simulator
DAM-A-PZ-05,2026-07-01T19:45:00+08:00,1,evt-pz-0237-4,179.047,kPa,valid,simulator
DAM-A-PZ-06,2026-07-01T19:45:00+08:00,1,evt-pz-0237-5,179.247,kPa,valid,simulator
DAM-A-PZ-07,2026-07-01T19:45:00+08:00,1,evt-pz-0237-6,179.447,kPa,valid,simulator
DAM-A-PZ-08,2026-07-01T19:45:00+08:00,1,evt-pz-0237-7,179.647,kPa,valid,simulator
DAM-A-PZ-09,2026-07-01T19:45:00+08:00,1,evt-pz-0237-8,179.847,kPa,valid,simulator
DAM-A-PZ-10,2026-07-01T19:45:00+08:00,1,evt-pz-0237-9,180.047,kPa,valid,simulator
DAM-A-PZ-11,2026-07-01T19:45:00+08:00,1,evt-pz-0237-10,180.247,kPa,valid,simulator
DAM-A-PZ-12,2026-07-01T19:45:00+08:00,1,evt-pz-0237-11,180.447,kPa,valid,simulator
DAM-A-PZ-01,2026-07-01T19:50:00+08:00,1,evt-pz-0238-0,178.365,kPa,valid,simulator
DAM-A-PZ-02,2026-07-01T19:50:00+08:00,1,evt-pz-0238-1,178.565,kPa,valid,simulator
DAM-A-PZ-03,2026-07-01T19:50:00+08:00,1,evt-pz-0238-2,178.765,kPa,valid,simulator
DAM-A-PZ-04,2026-07-01T19:50:00+08:00,1,evt-pz-0238-3,178.965,kPa,valid,simulator
DAM-A-PZ-05,2026-07-01T19:50:00+08:00,1,evt-pz-0238-4,179.165,kPa,valid,simulator
DAM-A-PZ-06,2026-07-01T19:50:00+08:00,1,evt-pz-0238-5,179.365,kPa,valid,simulator
DAM-A-PZ-07,2026-07-01T19:50:00+08:00,1,evt-pz-0238-6,179.565,kPa,valid,simulator
DAM-A-PZ-08,2026-07-01T19:50:00+08:00,1,evt-pz-0238-7,179.765,kPa,valid,simulator
DAM-A-PZ-09,2026-07-01T19:50:00+08:00,1,evt-pz-0238-8,179.965,kPa,valid,simulator
DAM-A-PZ-10,2026-07-01T19:50:00+08:00,1,evt-pz-0238-9,180.165,kPa,valid,simulator
DAM-A-PZ-11,2026-07-01T19:50:00+08:00,1,evt-pz-0238-10,180.365,kPa,valid,simulator
DAM-A-PZ-12,2026-07-01T19:50:00+08:00,1,evt-pz-0238-11,180.565,kPa,valid,simulator
DAM-A-PZ-01,2026-07-01T19:55:00+08:00,1,evt-pz-0239-0,178.483,kPa,valid,simulator
DAM-A-PZ-02,2026-07-01T19:55:00+08:00,1,evt-pz-0239-1,178.683,kPa,valid,simulator
DAM-A-PZ-03,2026-07-01T19:55:00+08:00,1,evt-pz-0239-2,178.883,kPa,valid,simulator
DAM-A-PZ-04,2026-07-01T19:55:00+08:00,1,evt-pz-0239-3,179.083,kPa,valid,simulator
DAM-A-PZ-05,2026-07-01T19:55:00+08:00,1,evt-pz-0239-4,179.283,kPa,valid,simulator
DAM-A-PZ-06,2026-07-01T19:55:00+08:00,1,evt-pz-0239-5,179.483,kPa,valid,simulator
DAM-A-PZ-07,2026-07-01T19:55:00+08:00,1,evt-pz-0239-6,179.683,kPa,valid,simulator
DAM-A-PZ-08,2026-07-01T19:55:00+08:00,1,evt-pz-0239-7,179.883,kPa,valid,simulator
DAM-A-PZ-09,2026-07-01T19:55:00+08:00,1,evt-pz-0239-8,180.083,kPa,valid,simulator
DAM-A-PZ-10,2026-07-01T19:55:00+08:00,1,evt-pz-0239-9,180.283,kPa,valid,simulator
DAM-A-PZ-11,2026-07-01T19:55:00+08:00,1,evt-pz-0239-10,180.483,kPa,valid,simulator
DAM-A-PZ-12,2026-07-01T19:55:00+08:00,1,evt-pz-0239-11,180.683,kPa,valid,simulator
DAM-A-PZ-01,2026-07-01T20:00:00+08:00,1,evt-pz-0240-0,178.603,kPa,valid,simulator
DAM-A-PZ-02,2026-07-01T20:00:00+08:00,1,evt-pz-0240-1,178.803,kPa,valid,simulator
DAM-A-PZ-03,2026-07-01T20:00:00+08:00,1,evt-pz-0240-2,179.003,kPa,valid,simulator
DAM-A-PZ-04,2026-07-01T20:00:00+08:00,1,evt-pz-0240-3,179.203,kPa,valid,simulator
DAM-A-PZ-05,2026-07-01T20:00:00+08:00,1,evt-pz-0240-4,179.403,kPa,valid,simulator
DAM-A-PZ-06,2026-07-01T20:00:00+08:00,1,evt-pz-0240-5,179.603,kPa,valid,simulator
DAM-A-PZ-07,2026-07-01T20:00:00+08:00,1,evt-pz-0240-6,179.803,kPa,valid,simulator
DAM-A-PZ-08,2026-07-01T20:00:00+08:00,1,evt-pz-0240-7,180.003,kPa,valid,simulator
DAM-A-PZ-09,2026-07-01T20:00:00+08:00,1,evt-pz-0240-8,180.203,kPa,valid,simulator
DAM-A-PZ-10,2026-07-01T20:00:00+08:00,1,evt-pz-0240-9,180.403,kPa,valid,simulator
DAM-A-PZ-11,2026-07-01T20:00:00+08:00,1,evt-pz-0240-10,180.603,kPa,valid,simulator
DAM-A-PZ-12,2026-07-01T20:00:00+08:00,1,evt-pz-0240-11,180.803,kPa,valid,simulator
DAM-A-PZ-01,2026-07-01T20:05:00+08:00,1,evt-pz-0241-0,178.723,kPa,valid,simulator
DAM-A-PZ-02,2026-07-01T20:05:00+08:00,1,evt-pz-0241-1,178.923,kPa,valid,simulator
DAM-A-PZ-03,2026-07-01T20:05:00+08:00,1,evt-pz-0241-2,179.123,kPa,valid,simulator
DAM-A-PZ-04,2026-07-01T20:05:00+08:00,1,evt-pz-0241-3,179.323,kPa,valid,simulator
DAM-A-PZ-05,2026-07-01T20:05:00+08:00,1,evt-pz-0241-4,179.523,kPa,valid,simulator
DAM-A-PZ-06,2026-07-01T20:05:00+08:00,1,evt-pz-0241-5,179.723,kPa,valid,simulator
DAM-A-PZ-07,2026-07-01T20:05:00+08:00,1,evt-pz-0241-6,179.923,kPa,valid,simulator
DAM-A-PZ-08,2026-07-01T20:05:00+08:00,1,evt-pz-0241-7,180.123,kPa,valid,simulator
DAM-A-PZ-09,2026-07-01T20:05:00+08:00,1,evt-pz-0241-8,180.323,kPa,valid,simulator
DAM-A-PZ-10,2026-07-01T20:05:00+08:00,1,evt-pz-0241-9,180.523,kPa,valid,simulator
DAM-A-PZ-11,2026-07-01T20:05:00+08:00,1,evt-pz-0241-10,180.723,kPa,valid,simulator
DAM-A-PZ-12,2026-07-01T20:05:00+08:00,1,evt-pz-0241-11,180.923,kPa,valid,simulator
DAM-A-PZ-01,2026-07-01T20:10:00+08:00,1,evt-pz-0242-0,178.845,kPa,valid,simulator
DAM-A-PZ-02,2026-07-01T20:10:00+08:00,1,evt-pz-0242-1,179.045,kPa,valid,simulator
DAM-A-PZ-03,2026-07-01T20:10:00+08:00,1,evt-pz-0242-2,179.245,kPa,valid,simulator
DAM-A-PZ-04,2026-07-01T20:10:00+08:00,1,evt-pz-0242-3,179.445,kPa,valid,simulator
DAM-A-PZ-05,2026-07-01T20:10:00+08:00,1,evt-pz-0242-4,179.645,kPa,valid,simulator
DAM-A-PZ-06,2026-07-01T20:10:00+08:00,1,evt-pz-0242-5,179.845,kPa,valid,simulator
DAM-A-PZ-07,2026-07-01T20:10:00+08:00,1,evt-pz-0242-6,180.045,kPa,valid,simulator
DAM-A-PZ-08,2026-07-01T20:10:00+08:00,1,evt-pz-0242-7,180.245,kPa,valid,simulator
DAM-A-PZ-09,2026-07-01T20:10:00+08:00,1,evt-pz-0242-8,180.445,kPa,valid,simulator
DAM-A-PZ-10,2026-07-01T20:10:00+08:00,1,evt-pz-0242-9,180.645,kPa,valid,simulator
DAM-A-PZ-11,2026-07-01T20:10:00+08:00,1,evt-pz-0242-10,180.845,kPa,valid,simulator
DAM-A-PZ-12,2026-07-01T20:10:00+08:00,1,evt-pz-0242-11,181.045,kPa,valid,simulator
DAM-A-PZ-01,2026-07-01T20:15:00+08:00,1,evt-pz-0243-0,178.967,kPa,valid,simulator
DAM-A-PZ-02,2026-07-01T20:15:00+08:00,1,evt-pz-0243-1,179.167,kPa,valid,simulator
DAM-A-PZ-03,2026-07-01T20:15:00+08:00,1,evt-pz-0243-2,179.367,kPa,valid,simulator
DAM-A-PZ-04,2026-07-01T20:15:00+08:00,1,evt-pz-0243-3,179.567,kPa,valid,simulator
DAM-A-PZ-05,2026-07-01T20:15:00+08:00,1,evt-pz-0243-4,179.767,kPa,valid,simulator
DAM-A-PZ-06,2026-07-01T20:15:00+08:00,1,evt-pz-0243-5,179.967,kPa,valid,simulator
DAM-A-PZ-07,2026-07-01T20:15:00+08:00,1,evt-pz-0243-6,180.167,kPa,valid,simulator
DAM-A-PZ-08,2026-07-01T20:15:00+08:00,1,evt-pz-0243-7,180.367,kPa,valid,simulator
DAM-A-PZ-09,2026-07-01T20:15:00+08:00,1,evt-pz-0243-8,180.567,kPa,valid,simulator
DAM-A-PZ-10,2026-07-01T20:15:00+08:00,1,evt-pz-0243-9,180.767,kPa,valid,simulator
DAM-A-PZ-11,2026-07-01T20:15:00+08:00,1,evt-pz-0243-10,180.967,kPa,valid,simulator
DAM-A-PZ-12,2026-07-01T20:15:00+08:00,1,evt-pz-0243-11,181.167,kPa,valid,simulator
DAM-A-PZ-01,2026-07-01T20:20:00+08:00,1,evt-pz-0244-0,179.089,kPa,valid,simulator
DAM-A-PZ-02,2026-07-01T20:20:00+08:00,1,evt-pz-0244-1,179.289,kPa,valid,simulator
DAM-A-PZ-03,2026-07-01T20:20:00+08:00,1,evt-pz-0244-2,179.489,kPa,valid,simulator
DAM-A-PZ-04,2026-07-01T20:20:00+08:00,1,evt-pz-0244-3,179.689,kPa,valid,simulator
DAM-A-PZ-05,2026-07-01T20:20:00+08:00,1,evt-pz-0244-4,179.889,kPa,valid,simulator
DAM-A-PZ-06,2026-07-01T20:20:00+08:00,1,evt-pz-0244-5,180.089,kPa,valid,simulator
DAM-A-PZ-07,2026-07-01T20:20:00+08:00,1,evt-pz-0244-6,180.289,kPa,valid,simulator
DAM-A-PZ-08,2026-07-01T20:20:00+08:00,1,evt-pz-0244-7,180.489,kPa,valid,simulator
DAM-A-PZ-09,2026-07-01T20:20:00+08:00,1,evt-pz-0244-8,180.689,kPa,valid,simulator
DAM-A-PZ-10,2026-07-01T20:20:00+08:00,1,evt-pz-0244-9,180.889,kPa,valid,simulator
DAM-A-PZ-11,2026-07-01T20:20:00+08:00,1,evt-pz-0244-10,181.089,kPa,valid,simulator
DAM-A-PZ-12,2026-07-01T20:20:00+08:00,1,evt-pz-0244-11,181.289,kPa,valid,simulator
DAM-A-PZ-01,2026-07-01T20:25:00+08:00,1,evt-pz-0245-0,179.212,kPa,valid,simulator
DAM-A-PZ-02,2026-07-01T20:25:00+08:00,1,evt-pz-0245-1,179.412,kPa,valid,simulator
DAM-A-PZ-03,2026-07-01T20:25:00+08:00,1,evt-pz-0245-2,179.612,kPa,valid,simulator
DAM-A-PZ-04,2026-07-01T20:25:00+08:00,1,evt-pz-0245-3,179.812,kPa,valid,simulator
DAM-A-PZ-05,2026-07-01T20:25:00+08:00,1,evt-pz-0245-4,180.012,kPa,valid,simulator
DAM-A-PZ-06,2026-07-01T20:25:00+08:00,1,evt-pz-0245-5,180.212,kPa,valid,simulator
DAM-A-PZ-07,2026-07-01T20:25:00+08:00,1,evt-pz-0245-6,180.412,kPa,valid,simulator
DAM-A-PZ-08,2026-07-01T20:25:00+08:00,1,evt-pz-0245-7,180.612,kPa,valid,simulator
DAM-A-PZ-09,2026-07-01T20:25:00+08:00,1,evt-pz-0245-8,180.812,kPa,valid,simulator
DAM-A-PZ-10,2026-07-01T20:25:00+08:00,1,evt-pz-0245-9,181.012,kPa,valid,simulator
DAM-A-PZ-11,2026-07-01T20:25:00+08:00,1,evt-pz-0245-10,181.212,kPa,valid,simulator
DAM-A-PZ-12,2026-07-01T20:25:00+08:00,1,evt-pz-0245-11,181.412,kPa,valid,simulator
DAM-A-PZ-01,2026-07-01T20:30:00+08:00,1,evt-pz-0246-0,179.336,kPa,valid,simulator
DAM-A-PZ-02,2026-07-01T20:30:00+08:00,1,evt-pz-0246-1,179.536,kPa,valid,simulator
DAM-A-PZ-03,2026-07-01T20:30:00+08:00,1,evt-pz-0246-2,179.736,kPa,valid,simulator
DAM-A-PZ-04,2026-07-01T20:30:00+08:00,1,evt-pz-0246-3,179.936,kPa,valid,simulator
DAM-A-PZ-05,2026-07-01T20:30:00+08:00,1,evt-pz-0246-4,180.136,kPa,valid,simulator
DAM-A-PZ-06,2026-07-01T20:30:00+08:00,1,evt-pz-0246-5,180.336,kPa,valid,simulator
DAM-A-PZ-07,2026-07-01T20:30:00+08:00,1,evt-pz-0246-6,180.536,kPa,valid,simulator
DAM-A-PZ-08,2026-07-01T20:30:00+08:00,1,evt-pz-0246-7,180.736,kPa,valid,simulator
DAM-A-PZ-09,2026-07-01T20:30:00+08:00,1,evt-pz-0246-8,180.936,kPa,valid,simulator
DAM-A-PZ-10,2026-07-01T20:30:00+08:00,1,evt-pz-0246-9,181.136,kPa,valid,simulator
DAM-A-PZ-11,2026-07-01T20:30:00+08:00,1,evt-pz-0246-10,181.336,kPa,valid,simulator
DAM-A-PZ-12,2026-07-01T20:30:00+08:00,1,evt-pz-0246-11,181.536,kPa,valid,simulator
DAM-A-PZ-01,2026-07-01T20:35:00+08:00,1,evt-pz-0247-0,179.46,kPa,valid,simulator
DAM-A-PZ-02,2026-07-01T20:35:00+08:00,1,evt-pz-0247-1,179.66,kPa,valid,simulator
DAM-A-PZ-03,2026-07-01T20:35:00+08:00,1,evt-pz-0247-2,179.86,kPa,valid,simulator
DAM-A-PZ-04,2026-07-01T20:35:00+08:00,1,evt-pz-0247-3,180.06,kPa,valid,simulator
DAM-A-PZ-05,2026-07-01T20:35:00+08:00,1,evt-pz-0247-4,180.26,kPa,valid,simulator
DAM-A-PZ-06,2026-07-01T20:35:00+08:00,1,evt-pz-0247-5,180.46,kPa,valid,simulator
DAM-A-PZ-07,2026-07-01T20:35:00+08:00,1,evt-pz-0247-6,180.66,kPa,valid,simulator
DAM-A-PZ-08,2026-07-01T20:35:00+08:00,1,evt-pz-0247-7,180.86,kPa,valid,simulator
DAM-A-PZ-09,2026-07-01T20:35:00+08:00,1,evt-pz-0247-8,181.06,kPa,valid,simulator
DAM-A-PZ-10,2026-07-01T20:35:00+08:00,1,evt-pz-0247-9,181.26,kPa,valid,simulator
DAM-A-PZ-11,2026-07-01T20:35:00+08:00,1,evt-pz-0247-10,181.46,kPa,valid,simulator
DAM-A-PZ-12,2026-07-01T20:35:00+08:00,1,evt-pz-0247-11,181.66,kPa,valid,simulator
DAM-A-PZ-01,2026-07-01T20:40:00+08:00,1,evt-pz-0248-0,179.585,kPa,valid,simulator
DAM-A-PZ-02,2026-07-01T20:40:00+08:00,1,evt-pz-0248-1,179.785,kPa,valid,simulator
DAM-A-PZ-03,2026-07-01T20:40:00+08:00,1,evt-pz-0248-2,179.985,kPa,valid,simulator
DAM-A-PZ-04,2026-07-01T20:40:00+08:00,1,evt-pz-0248-3,180.185,kPa,valid,simulator
DAM-A-PZ-05,2026-07-01T20:40:00+08:00,1,evt-pz-0248-4,180.385,kPa,valid,simulator
DAM-A-PZ-06,2026-07-01T20:40:00+08:00,1,evt-pz-0248-5,180.585,kPa,valid,simulator
DAM-A-PZ-07,2026-07-01T20:40:00+08:00,1,evt-pz-0248-6,180.785,kPa,valid,simulator
DAM-A-PZ-08,2026-07-01T20:40:00+08:00,1,evt-pz-0248-7,180.985,kPa,valid,simulator
DAM-A-PZ-09,2026-07-01T20:40:00+08:00,1,evt-pz-0248-8,181.185,kPa,valid,simulator
DAM-A-PZ-10,2026-07-01T20:40:00+08:00,1,evt-pz-0248-9,181.385,kPa,valid,simulator
DAM-A-PZ-11,2026-07-01T20:40:00+08:00,1,evt-pz-0248-10,181.585,kPa,valid,simulator
DAM-A-PZ-12,2026-07-01T20:40:00+08:00,1,evt-pz-0248-11,181.785,kPa,valid,simulator
DAM-A-PZ-01,2026-07-01T20:45:00+08:00,1,evt-pz-0249-0,179.709,kPa,valid,simulator
DAM-A-PZ-02,2026-07-01T20:45:00+08:00,1,evt-pz-0249-1,179.909,kPa,valid,simulator
DAM-A-PZ-03,2026-07-01T20:45:00+08:00,1,evt-pz-0249-2,180.109,kPa,valid,simulator
DAM-A-PZ-04,2026-07-01T20:45:00+08:00,1,evt-pz-0249-3,180.309,kPa,valid,simulator
DAM-A-PZ-05,2026-07-01T20:45:00+08:00,1,evt-pz-0249-4,180.509,kPa,valid,simulator
DAM-A-PZ-06,2026-07-01T20:45:00+08:00,1,evt-pz-0249-5,180.709,kPa,valid,simulator
DAM-A-PZ-07,2026-07-01T20:45:00+08:00,1,evt-pz-0249-6,180.909,kPa,valid,simulator
DAM-A-PZ-08,2026-07-01T20:45:00+08:00,1,evt-pz-0249-7,181.109,kPa,valid,simulator
DAM-A-PZ-09,2026-07-01T20:45:00+08:00,1,evt-pz-0249-8,181.309,kPa,valid,simulator
DAM-A-PZ-10,2026-07-01T20:45:00+08:00,1,evt-pz-0249-9,181.509,kPa,valid,simulator
DAM-A-PZ-11,2026-07-01T20:45:00+08:00,1,evt-pz-0249-10,181.709,kPa,valid,simulator
DAM-A-PZ-12,2026-07-01T20:45:00+08:00,1,evt-pz-0249-11,181.909,kPa,valid,simulator
DAM-A-PZ-01,2026-07-01T20:50:00+08:00,1,evt-pz-0250-0,179.834,kPa,valid,simulator
DAM-A-PZ-02,2026-07-01T20:50:00+08:00,1,evt-pz-0250-1,180.034,kPa,valid,simulator
DAM-A-PZ-03,2026-07-01T20:50:00+08:00,1,evt-pz-0250-2,180.234,kPa,valid,simulator
DAM-A-PZ-04,2026-07-01T20:50:00+08:00,1,evt-pz-0250-3,180.434,kPa,valid,simulator
DAM-A-PZ-05,2026-07-01T20:50:00+08:00,1,evt-pz-0250-4,180.634,kPa,valid,simulator
DAM-A-PZ-06,2026-07-01T20:50:00+08:00,1,evt-pz-0250-5,180.834,kPa,valid,simulator
DAM-A-PZ-07,2026-07-01T20:50:00+08:00,1,evt-pz-0250-6,181.034,kPa,valid,simulator
DAM-A-PZ-08,2026-07-01T20:50:00+08:00,1,evt-pz-0250-7,181.234,kPa,valid,simulator
DAM-A-PZ-09,2026-07-01T20:50:00+08:00,1,evt-pz-0250-8,181.434,kPa,valid,simulator
DAM-A-PZ-10,2026-07-01T20:50:00+08:00,1,evt-pz-0250-9,181.634,kPa,valid,simulator
DAM-A-PZ-11,2026-07-01T20:50:00+08:00,1,evt-pz-0250-10,181.834,kPa,valid,simulator
DAM-A-PZ-12,2026-07-01T20:50:00+08:00,1,evt-pz-0250-11,182.034,kPa,valid,simulator
DAM-A-PZ-01,2026-07-01T20:55:00+08:00,1,evt-pz-0251-0,179.959,kPa,valid,simulator
DAM-A-PZ-02,2026-07-01T20:55:00+08:00,1,evt-pz-0251-1,180.159,kPa,valid,simulator
DAM-A-PZ-03,2026-07-01T20:55:00+08:00,1,evt-pz-0251-2,180.359,kPa,valid,simulator
DAM-A-PZ-04,2026-07-01T20:55:00+08:00,1,evt-pz-0251-3,180.559,kPa,valid,simulator
DAM-A-PZ-05,2026-07-01T20:55:00+08:00,1,evt-pz-0251-4,180.759,kPa,valid,simulator
DAM-A-PZ-06,2026-07-01T20:55:00+08:00,1,evt-pz-0251-5,180.959,kPa,valid,simulator
DAM-A-PZ-07,2026-07-01T20:55:00+08:00,1,evt-pz-0251-6,181.159,kPa,valid,simulator
DAM-A-PZ-08,2026-07-01T20:55:00+08:00,1,evt-pz-0251-7,181.359,kPa,valid,simulator
DAM-A-PZ-09,2026-07-01T20:55:00+08:00,1,evt-pz-0251-8,181.559,kPa,valid,simulator
DAM-A-PZ-10,2026-07-01T20:55:00+08:00,1,evt-pz-0251-9,181.759,kPa,valid,simulator
DAM-A-PZ-11,2026-07-01T20:55:00+08:00,1,evt-pz-0251-10,181.959,kPa,valid,simulator
DAM-A-PZ-12,2026-07-01T20:55:00+08:00,1,evt-pz-0251-11,182.159,kPa,valid,simulator
DAM-A-PZ-01,2026-07-01T21:00:00+08:00,1,evt-pz-0252-0,180.084,kPa,valid,simulator
DAM-A-PZ-02,2026-07-01T21:00:00+08:00,1,evt-pz-0252-1,180.284,kPa,valid,simulator
DAM-A-PZ-03,2026-07-01T21:00:00+08:00,1,evt-pz-0252-2,180.484,kPa,valid,simulator
DAM-A-PZ-04,2026-07-01T21:00:00+08:00,1,evt-pz-0252-3,180.684,kPa,valid,simulator
DAM-A-PZ-05,2026-07-01T21:00:00+08:00,1,evt-pz-0252-4,180.884,kPa,valid,simulator
DAM-A-PZ-06,2026-07-01T21:00:00+08:00,1,evt-pz-0252-5,181.084,kPa,valid,simulator
DAM-A-PZ-07,2026-07-01T21:00:00+08:00,1,evt-pz-0252-6,181.284,kPa,valid,simulator
DAM-A-PZ-08,2026-07-01T21:00:00+08:00,1,evt-pz-0252-7,181.484,kPa,valid,simulator
DAM-A-PZ-09,2026-07-01T21:00:00+08:00,1,evt-pz-0252-8,181.684,kPa,valid,simulator
DAM-A-PZ-10,2026-07-01T21:00:00+08:00,1,evt-pz-0252-9,181.884,kPa,valid,simulator
DAM-A-PZ-11,2026-07-01T21:00:00+08:00,1,evt-pz-0252-10,182.084,kPa,valid,simulator
DAM-A-PZ-12,2026-07-01T21:00:00+08:00,1,evt-pz-0252-11,182.284,kPa,valid,simulator
DAM-A-PZ-01,2026-07-01T21:05:00+08:00,1,evt-pz-0253-0,180.209,kPa,valid,simulator
DAM-A-PZ-02,2026-07-01T21:05:00+08:00,1,evt-pz-0253-1,180.409,kPa,valid,simulator
DAM-A-PZ-03,2026-07-01T21:05:00+08:00,1,evt-pz-0253-2,180.609,kPa,valid,simulator
DAM-A-PZ-04,2026-07-01T21:05:00+08:00,1,evt-pz-0253-3,180.809,kPa,valid,simulator
DAM-A-PZ-05,2026-07-01T21:05:00+08:00,1,evt-pz-0253-4,181.009,kPa,valid,simulator
DAM-A-PZ-06,2026-07-01T21:05:00+08:00,1,evt-pz-0253-5,181.209,kPa,valid,simulator
DAM-A-PZ-07,2026-07-01T21:05:00+08:00,1,evt-pz-0253-6,181.409,kPa,valid,simulator
DAM-A-PZ-08,2026-07-01T21:05:00+08:00,1,evt-pz-0253-7,181.609,kPa,valid,simulator
DAM-A-PZ-09,2026-07-01T21:05:00+08:00,1,evt-pz-0253-8,181.809,kPa,valid,simulator
DAM-A-PZ-10,2026-07-01T21:05:00+08:00,1,evt-pz-0253-9,182.009,kPa,valid,simulator
DAM-A-PZ-11,2026-07-01T21:05:00+08:00,1,evt-pz-0253-10,182.209,kPa,valid,simulator
DAM-A-PZ-12,2026-07-01T21:05:00+08:00,1,evt-pz-0253-11,182.409,kPa,valid,simulator
DAM-A-PZ-01,2026-07-01T21:10:00+08:00,1,evt-pz-0254-0,180.334,kPa,valid,simulator
DAM-A-PZ-02,2026-07-01T21:10:00+08:00,1,evt-pz-0254-1,180.534,kPa,valid,simulator
DAM-A-PZ-03,2026-07-01T21:10:00+08:00,1,evt-pz-0254-2,180.734,kPa,valid,simulator
DAM-A-PZ-04,2026-07-01T21:10:00+08:00,1,evt-pz-0254-3,180.934,kPa,valid,simulator
DAM-A-PZ-05,2026-07-01T21:10:00+08:00,1,evt-pz-0254-4,181.134,kPa,valid,simulator
DAM-A-PZ-06,2026-07-01T21:10:00+08:00,1,evt-pz-0254-5,181.334,kPa,valid,simulator
DAM-A-PZ-07,2026-07-01T21:10:00+08:00,1,evt-pz-0254-6,181.534,kPa,valid,simulator
DAM-A-PZ-08,2026-07-01T21:10:00+08:00,1,evt-pz-0254-7,181.734,kPa,valid,simulator
DAM-A-PZ-09,2026-07-01T21:10:00+08:00,1,evt-pz-0254-8,181.934,kPa,valid,simulator
DAM-A-PZ-10,2026-07-01T21:10:00+08:00,1,evt-pz-0254-9,182.134,kPa,valid,simulator
DAM-A-PZ-11,2026-07-01T21:10:00+08:00,1,evt-pz-0254-10,182.334,kPa,valid,simulator
DAM-A-PZ-12,2026-07-01T21:10:00+08:00,1,evt-pz-0254-11,182.534,kPa,valid,simulator
DAM-A-PZ-01,2026-07-01T21:15:00+08:00,1,evt-pz-0255-0,180.458,kPa,valid,simulator
DAM-A-PZ-02,2026-07-01T21:15:00+08:00,1,evt-pz-0255-1,180.658,kPa,valid,simulator
DAM-A-PZ-03,2026-07-01T21:15:00+08:00,1,evt-pz-0255-2,180.858,kPa,valid,simulator
DAM-A-PZ-04,2026-07-01T21:15:00+08:00,1,evt-pz-0255-3,181.058,kPa,valid,simulator
DAM-A-PZ-05,2026-07-01T21:15:00+08:00,1,evt-pz-0255-4,181.258,kPa,valid,simulator
DAM-A-PZ-06,2026-07-01T21:15:00+08:00,1,evt-pz-0255-5,181.458,kPa,valid,simulator
DAM-A-PZ-07,2026-07-01T21:15:00+08:00,1,evt-pz-0255-6,181.658,kPa,valid,simulator
DAM-A-PZ-08,2026-07-01T21:15:00+08:00,1,evt-pz-0255-7,181.858,kPa,valid,simulator
DAM-A-PZ-09,2026-07-01T21:15:00+08:00,1,evt-pz-0255-8,182.058,kPa,valid,simulator
DAM-A-PZ-10,2026-07-01T21:15:00+08:00,1,evt-pz-0255-9,182.258,kPa,valid,simulator
DAM-A-PZ-11,2026-07-01T21:15:00+08:00,1,evt-pz-0255-10,182.458,kPa,valid,simulator
DAM-A-PZ-12,2026-07-01T21:15:00+08:00,1,evt-pz-0255-11,182.658,kPa,valid,simulator
DAM-A-PZ-01,2026-07-01T21:20:00+08:00,1,evt-pz-0256-0,180.583,kPa,valid,simulator
DAM-A-PZ-02,2026-07-01T21:20:00+08:00,1,evt-pz-0256-1,180.783,kPa,valid,simulator
DAM-A-PZ-03,2026-07-01T21:20:00+08:00,1,evt-pz-0256-2,180.983,kPa,valid,simulator
DAM-A-PZ-04,2026-07-01T21:20:00+08:00,1,evt-pz-0256-3,181.183,kPa,valid,simulator
DAM-A-PZ-05,2026-07-01T21:20:00+08:00,1,evt-pz-0256-4,181.383,kPa,valid,simulator
DAM-A-PZ-06,2026-07-01T21:20:00+08:00,1,evt-pz-0256-5,181.583,kPa,valid,simulator
DAM-A-PZ-07,2026-07-01T21:20:00+08:00,1,evt-pz-0256-6,181.783,kPa,valid,simulator
DAM-A-PZ-08,2026-07-01T21:20:00+08:00,1,evt-pz-0256-7,181.983,kPa,valid,simulator
DAM-A-PZ-09,2026-07-01T21:20:00+08:00,1,evt-pz-0256-8,182.183,kPa,valid,simulator
DAM-A-PZ-10,2026-07-01T21:20:00+08:00,1,evt-pz-0256-9,182.383,kPa,valid,simulator
DAM-A-PZ-11,2026-07-01T21:20:00+08:00,1,evt-pz-0256-10,182.583,kPa,valid,simulator
DAM-A-PZ-12,2026-07-01T21:20:00+08:00,1,evt-pz-0256-11,182.783,kPa,valid,simulator
DAM-A-PZ-01,2026-07-01T21:25:00+08:00,1,evt-pz-0257-0,180.707,kPa,valid,simulator
DAM-A-PZ-02,2026-07-01T21:25:00+08:00,1,evt-pz-0257-1,180.907,kPa,valid,simulator
DAM-A-PZ-03,2026-07-01T21:25:00+08:00,1,evt-pz-0257-2,181.107,kPa,valid,simulator
DAM-A-PZ-04,2026-07-01T21:25:00+08:00,1,evt-pz-0257-3,181.307,kPa,valid,simulator
DAM-A-PZ-05,2026-07-01T21:25:00+08:00,1,evt-pz-0257-4,181.507,kPa,valid,simulator
DAM-A-PZ-06,2026-07-01T21:25:00+08:00,1,evt-pz-0257-5,181.707,kPa,valid,simulator
DAM-A-PZ-07,2026-07-01T21:25:00+08:00,1,evt-pz-0257-6,181.907,kPa,valid,simulator
DAM-A-PZ-08,2026-07-01T21:25:00+08:00,1,evt-pz-0257-7,182.107,kPa,valid,simulator
DAM-A-PZ-09,2026-07-01T21:25:00+08:00,1,evt-pz-0257-8,182.307,kPa,valid,simulator
DAM-A-PZ-10,2026-07-01T21:25:00+08:00,1,evt-pz-0257-9,182.507,kPa,valid,simulator
DAM-A-PZ-11,2026-07-01T21:25:00+08:00,1,evt-pz-0257-10,182.707,kPa,valid,simulator
DAM-A-PZ-12,2026-07-01T21:25:00+08:00,1,evt-pz-0257-11,182.907,kPa,valid,simulator
DAM-A-PZ-01,2026-07-01T21:30:00+08:00,1,evt-pz-0258-0,180.83,kPa,valid,simulator
DAM-A-PZ-02,2026-07-01T21:30:00+08:00,1,evt-pz-0258-1,181.03,kPa,valid,simulator
DAM-A-PZ-03,2026-07-01T21:30:00+08:00,1,evt-pz-0258-2,181.23,kPa,valid,simulator
DAM-A-PZ-04,2026-07-01T21:30:00+08:00,1,evt-pz-0258-3,181.43,kPa,valid,simulator
DAM-A-PZ-05,2026-07-01T21:30:00+08:00,1,evt-pz-0258-4,181.63,kPa,valid,simulator
DAM-A-PZ-06,2026-07-01T21:30:00+08:00,1,evt-pz-0258-5,181.83,kPa,valid,simulator
DAM-A-PZ-07,2026-07-01T21:30:00+08:00,1,evt-pz-0258-6,182.03,kPa,valid,simulator
DAM-A-PZ-08,2026-07-01T21:30:00+08:00,1,evt-pz-0258-7,182.23,kPa,valid,simulator
DAM-A-PZ-09,2026-07-01T21:30:00+08:00,1,evt-pz-0258-8,182.43,kPa,valid,simulator
DAM-A-PZ-10,2026-07-01T21:30:00+08:00,1,evt-pz-0258-9,182.63,kPa,valid,simulator
DAM-A-PZ-11,2026-07-01T21:30:00+08:00,1,evt-pz-0258-10,182.83,kPa,valid,simulator
DAM-A-PZ-12,2026-07-01T21:30:00+08:00,1,evt-pz-0258-11,183.03,kPa,valid,simulator
DAM-A-PZ-01,2026-07-01T21:35:00+08:00,1,evt-pz-0259-0,180.953,kPa,valid,simulator
DAM-A-PZ-02,2026-07-01T21:35:00+08:00,1,evt-pz-0259-1,181.153,kPa,valid,simulator
DAM-A-PZ-03,2026-07-01T21:35:00+08:00,1,evt-pz-0259-2,181.353,kPa,valid,simulator
DAM-A-PZ-04,2026-07-01T21:35:00+08:00,1,evt-pz-0259-3,181.553,kPa,valid,simulator
DAM-A-PZ-05,2026-07-01T21:35:00+08:00,1,evt-pz-0259-4,181.753,kPa,valid,simulator
DAM-A-PZ-06,2026-07-01T21:35:00+08:00,1,evt-pz-0259-5,181.953,kPa,valid,simulator
DAM-A-PZ-07,2026-07-01T21:35:00+08:00,1,evt-pz-0259-6,182.153,kPa,valid,simulator
DAM-A-PZ-08,2026-07-01T21:35:00+08:00,1,evt-pz-0259-7,182.353,kPa,valid,simulator
DAM-A-PZ-09,2026-07-01T21:35:00+08:00,1,evt-pz-0259-8,182.553,kPa,valid,simulator
DAM-A-PZ-10,2026-07-01T21:35:00+08:00,1,evt-pz-0259-9,182.753,kPa,valid,simulator
DAM-A-PZ-11,2026-07-01T21:35:00+08:00,1,evt-pz-0259-10,182.953,kPa,valid,simulator
DAM-A-PZ-12,2026-07-01T21:35:00+08:00,1,evt-pz-0259-11,183.153,kPa,valid,simulator
DAM-A-PZ-01,2026-07-01T21:40:00+08:00,1,evt-pz-0260-0,181.076,kPa,valid,simulator
DAM-A-PZ-02,2026-07-01T21:40:00+08:00,1,evt-pz-0260-1,181.276,kPa,valid,simulator
DAM-A-PZ-03,2026-07-01T21:40:00+08:00,1,evt-pz-0260-2,181.476,kPa,valid,simulator
DAM-A-PZ-04,2026-07-01T21:40:00+08:00,1,evt-pz-0260-3,181.676,kPa,valid,simulator
DAM-A-PZ-05,2026-07-01T21:40:00+08:00,1,evt-pz-0260-4,181.876,kPa,valid,simulator
DAM-A-PZ-06,2026-07-01T21:40:00+08:00,1,evt-pz-0260-5,182.076,kPa,valid,simulator
DAM-A-PZ-07,2026-07-01T21:40:00+08:00,1,evt-pz-0260-6,182.276,kPa,valid,simulator
DAM-A-PZ-08,2026-07-01T21:40:00+08:00,1,evt-pz-0260-7,182.476,kPa,valid,simulator
DAM-A-PZ-09,2026-07-01T21:40:00+08:00,1,evt-pz-0260-8,182.676,kPa,valid,simulator
DAM-A-PZ-10,2026-07-01T21:40:00+08:00,1,evt-pz-0260-9,182.876,kPa,valid,simulator
DAM-A-PZ-11,2026-07-01T21:40:00+08:00,1,evt-pz-0260-10,183.076,kPa,valid,simulator
DAM-A-PZ-12,2026-07-01T21:40:00+08:00,1,evt-pz-0260-11,183.276,kPa,valid,simulator
DAM-A-PZ-01,2026-07-01T21:45:00+08:00,1,evt-pz-0261-0,181.197,kPa,valid,simulator
DAM-A-PZ-02,2026-07-01T21:45:00+08:00,1,evt-pz-0261-1,181.397,kPa,valid,simulator
DAM-A-PZ-03,2026-07-01T21:45:00+08:00,1,evt-pz-0261-2,181.597,kPa,valid,simulator
DAM-A-PZ-04,2026-07-01T21:45:00+08:00,1,evt-pz-0261-3,181.797,kPa,valid,simulator
DAM-A-PZ-05,2026-07-01T21:45:00+08:00,1,evt-pz-0261-4,181.997,kPa,valid,simulator
DAM-A-PZ-06,2026-07-01T21:45:00+08:00,1,evt-pz-0261-5,182.197,kPa,valid,simulator
DAM-A-PZ-07,2026-07-01T21:45:00+08:00,1,evt-pz-0261-6,182.397,kPa,valid,simulator
DAM-A-PZ-08,2026-07-01T21:45:00+08:00,1,evt-pz-0261-7,182.597,kPa,valid,simulator
DAM-A-PZ-09,2026-07-01T21:45:00+08:00,1,evt-pz-0261-8,182.797,kPa,valid,simulator
DAM-A-PZ-10,2026-07-01T21:45:00+08:00,1,evt-pz-0261-9,182.997,kPa,valid,simulator
DAM-A-PZ-11,2026-07-01T21:45:00+08:00,1,evt-pz-0261-10,183.197,kPa,valid,simulator
DAM-A-PZ-12,2026-07-01T21:45:00+08:00,1,evt-pz-0261-11,183.397,kPa,valid,simulator
DAM-A-PZ-01,2026-07-01T21:50:00+08:00,1,evt-pz-0262-0,181.318,kPa,valid,simulator
DAM-A-PZ-02,2026-07-01T21:50:00+08:00,1,evt-pz-0262-1,181.518,kPa,valid,simulator
DAM-A-PZ-03,2026-07-01T21:50:00+08:00,1,evt-pz-0262-2,181.718,kPa,valid,simulator
DAM-A-PZ-04,2026-07-01T21:50:00+08:00,1,evt-pz-0262-3,181.918,kPa,valid,simulator
DAM-A-PZ-05,2026-07-01T21:50:00+08:00,1,evt-pz-0262-4,182.118,kPa,valid,simulator
DAM-A-PZ-06,2026-07-01T21:50:00+08:00,1,evt-pz-0262-5,182.318,kPa,valid,simulator
DAM-A-PZ-07,2026-07-01T21:50:00+08:00,1,evt-pz-0262-6,182.518,kPa,valid,simulator
DAM-A-PZ-08,2026-07-01T21:50:00+08:00,1,evt-pz-0262-7,182.718,kPa,valid,simulator
DAM-A-PZ-09,2026-07-01T21:50:00+08:00,1,evt-pz-0262-8,182.918,kPa,valid,simulator
DAM-A-PZ-10,2026-07-01T21:50:00+08:00,1,evt-pz-0262-9,183.118,kPa,valid,simulator
DAM-A-PZ-11,2026-07-01T21:50:00+08:00,1,evt-pz-0262-10,183.318,kPa,valid,simulator
DAM-A-PZ-12,2026-07-01T21:50:00+08:00,1,evt-pz-0262-11,183.518,kPa,valid,simulator
DAM-A-PZ-01,2026-07-01T21:55:00+08:00,1,evt-pz-0263-0,181.438,kPa,valid,simulator
DAM-A-PZ-02,2026-07-01T21:55:00+08:00,1,evt-pz-0263-1,181.638,kPa,valid,simulator
DAM-A-PZ-03,2026-07-01T21:55:00+08:00,1,evt-pz-0263-2,181.838,kPa,valid,simulator
DAM-A-PZ-04,2026-07-01T21:55:00+08:00,1,evt-pz-0263-3,182.038,kPa,valid,simulator
DAM-A-PZ-05,2026-07-01T21:55:00+08:00,1,evt-pz-0263-4,182.238,kPa,valid,simulator
DAM-A-PZ-06,2026-07-01T21:55:00+08:00,1,evt-pz-0263-5,182.438,kPa,valid,simulator
DAM-A-PZ-07,2026-07-01T21:55:00+08:00,1,evt-pz-0263-6,182.638,kPa,valid,simulator
DAM-A-PZ-08,2026-07-01T21:55:00+08:00,1,evt-pz-0263-7,182.838,kPa,valid,simulator
DAM-A-PZ-09,2026-07-01T21:55:00+08:00,1,evt-pz-0263-8,183.038,kPa,valid,simulator
DAM-A-PZ-10,2026-07-01T21:55:00+08:00,1,evt-pz-0263-9,183.238,kPa,valid,simulator
DAM-A-PZ-11,2026-07-01T21:55:00+08:00,1,evt-pz-0263-10,183.438,kPa,valid,simulator
DAM-A-PZ-12,2026-07-01T21:55:00+08:00,1,evt-pz-0263-11,183.638,kPa,valid,simulator
DAM-A-PZ-01,2026-07-01T22:00:00+08:00,1,evt-pz-0264-0,181.558,kPa,valid,simulator
DAM-A-PZ-02,2026-07-01T22:00:00+08:00,1,evt-pz-0264-1,181.758,kPa,valid,simulator
DAM-A-PZ-03,2026-07-01T22:00:00+08:00,1,evt-pz-0264-2,181.958,kPa,valid,simulator
DAM-A-PZ-04,2026-07-01T22:00:00+08:00,1,evt-pz-0264-3,182.158,kPa,valid,simulator
DAM-A-PZ-05,2026-07-01T22:00:00+08:00,1,evt-pz-0264-4,182.358,kPa,valid,simulator
DAM-A-PZ-06,2026-07-01T22:00:00+08:00,1,evt-pz-0264-5,182.558,kPa,valid,simulator
DAM-A-PZ-07,2026-07-01T22:00:00+08:00,1,evt-pz-0264-6,182.758,kPa,valid,simulator
DAM-A-PZ-08,2026-07-01T22:00:00+08:00,1,evt-pz-0264-7,182.958,kPa,valid,simulator
DAM-A-PZ-09,2026-07-01T22:00:00+08:00,1,evt-pz-0264-8,183.158,kPa,valid,simulator
DAM-A-PZ-10,2026-07-01T22:00:00+08:00,1,evt-pz-0264-9,183.358,kPa,valid,simulator
DAM-A-PZ-11,2026-07-01T22:00:00+08:00,1,evt-pz-0264-10,183.558,kPa,valid,simulator
DAM-A-PZ-12,2026-07-01T22:00:00+08:00,1,evt-pz-0264-11,183.758,kPa,valid,simulator
DAM-A-PZ-01,2026-07-01T22:05:00+08:00,1,evt-pz-0265-0,181.676,kPa,valid,simulator
DAM-A-PZ-02,2026-07-01T22:05:00+08:00,1,evt-pz-0265-1,181.876,kPa,valid,simulator
DAM-A-PZ-03,2026-07-01T22:05:00+08:00,1,evt-pz-0265-2,182.076,kPa,valid,simulator
DAM-A-PZ-04,2026-07-01T22:05:00+08:00,1,evt-pz-0265-3,182.276,kPa,valid,simulator
DAM-A-PZ-05,2026-07-01T22:05:00+08:00,1,evt-pz-0265-4,182.476,kPa,valid,simulator
DAM-A-PZ-06,2026-07-01T22:05:00+08:00,1,evt-pz-0265-5,182.676,kPa,valid,simulator
DAM-A-PZ-07,2026-07-01T22:05:00+08:00,1,evt-pz-0265-6,182.876,kPa,valid,simulator
DAM-A-PZ-08,2026-07-01T22:05:00+08:00,1,evt-pz-0265-7,183.076,kPa,valid,simulator
DAM-A-PZ-09,2026-07-01T22:05:00+08:00,1,evt-pz-0265-8,183.276,kPa,valid,simulator
DAM-A-PZ-10,2026-07-01T22:05:00+08:00,1,evt-pz-0265-9,183.476,kPa,valid,simulator
DAM-A-PZ-11,2026-07-01T22:05:00+08:00,1,evt-pz-0265-10,183.676,kPa,valid,simulator
DAM-A-PZ-12,2026-07-01T22:05:00+08:00,1,evt-pz-0265-11,183.876,kPa,valid,simulator
DAM-A-PZ-01,2026-07-01T22:10:00+08:00,1,evt-pz-0266-0,181.793,kPa,valid,simulator
DAM-A-PZ-02,2026-07-01T22:10:00+08:00,1,evt-pz-0266-1,181.993,kPa,valid,simulator
DAM-A-PZ-03,2026-07-01T22:10:00+08:00,1,evt-pz-0266-2,182.193,kPa,valid,simulator
DAM-A-PZ-04,2026-07-01T22:10:00+08:00,1,evt-pz-0266-3,182.393,kPa,valid,simulator
DAM-A-PZ-05,2026-07-01T22:10:00+08:00,1,evt-pz-0266-4,182.593,kPa,valid,simulator
DAM-A-PZ-06,2026-07-01T22:10:00+08:00,1,evt-pz-0266-5,182.793,kPa,valid,simulator
DAM-A-PZ-07,2026-07-01T22:10:00+08:00,1,evt-pz-0266-6,182.993,kPa,valid,simulator
DAM-A-PZ-08,2026-07-01T22:10:00+08:00,1,evt-pz-0266-7,183.193,kPa,valid,simulator
DAM-A-PZ-09,2026-07-01T22:10:00+08:00,1,evt-pz-0266-8,183.393,kPa,valid,simulator
DAM-A-PZ-10,2026-07-01T22:10:00+08:00,1,evt-pz-0266-9,183.593,kPa,valid,simulator
DAM-A-PZ-11,2026-07-01T22:10:00+08:00,1,evt-pz-0266-10,183.793,kPa,valid,simulator
DAM-A-PZ-12,2026-07-01T22:10:00+08:00,1,evt-pz-0266-11,183.993,kPa,valid,simulator
DAM-A-PZ-01,2026-07-01T22:15:00+08:00,1,evt-pz-0267-0,181.909,kPa,valid,simulator
DAM-A-PZ-02,2026-07-01T22:15:00+08:00,1,evt-pz-0267-1,182.109,kPa,valid,simulator
DAM-A-PZ-03,2026-07-01T22:15:00+08:00,1,evt-pz-0267-2,182.309,kPa,valid,simulator
DAM-A-PZ-04,2026-07-01T22:15:00+08:00,1,evt-pz-0267-3,182.509,kPa,valid,simulator
DAM-A-PZ-05,2026-07-01T22:15:00+08:00,1,evt-pz-0267-4,182.709,kPa,valid,simulator
DAM-A-PZ-06,2026-07-01T22:15:00+08:00,1,evt-pz-0267-5,182.909,kPa,valid,simulator
DAM-A-PZ-07,2026-07-01T22:15:00+08:00,1,evt-pz-0267-6,183.109,kPa,valid,simulator
DAM-A-PZ-08,2026-07-01T22:15:00+08:00,1,evt-pz-0267-7,183.309,kPa,valid,simulator
DAM-A-PZ-09,2026-07-01T22:15:00+08:00,1,evt-pz-0267-8,183.509,kPa,valid,simulator
DAM-A-PZ-10,2026-07-01T22:15:00+08:00,1,evt-pz-0267-9,183.709,kPa,valid,simulator
DAM-A-PZ-11,2026-07-01T22:15:00+08:00,1,evt-pz-0267-10,183.909,kPa,valid,simulator
DAM-A-PZ-12,2026-07-01T22:15:00+08:00,1,evt-pz-0267-11,184.109,kPa,valid,simulator
DAM-A-PZ-01,2026-07-01T22:20:00+08:00,1,evt-pz-0268-0,182.024,kPa,valid,simulator
DAM-A-PZ-02,2026-07-01T22:20:00+08:00,1,evt-pz-0268-1,182.224,kPa,valid,simulator
DAM-A-PZ-03,2026-07-01T22:20:00+08:00,1,evt-pz-0268-2,182.424,kPa,valid,simulator
DAM-A-PZ-04,2026-07-01T22:20:00+08:00,1,evt-pz-0268-3,182.624,kPa,valid,simulator
DAM-A-PZ-05,2026-07-01T22:20:00+08:00,1,evt-pz-0268-4,182.824,kPa,valid,simulator
DAM-A-PZ-06,2026-07-01T22:20:00+08:00,1,evt-pz-0268-5,183.024,kPa,valid,simulator
DAM-A-PZ-07,2026-07-01T22:20:00+08:00,1,evt-pz-0268-6,183.224,kPa,valid,simulator
DAM-A-PZ-08,2026-07-01T22:20:00+08:00,1,evt-pz-0268-7,183.424,kPa,valid,simulator
DAM-A-PZ-09,2026-07-01T22:20:00+08:00,1,evt-pz-0268-8,183.624,kPa,valid,simulator
DAM-A-PZ-10,2026-07-01T22:20:00+08:00,1,evt-pz-0268-9,183.824,kPa,valid,simulator
DAM-A-PZ-11,2026-07-01T22:20:00+08:00,1,evt-pz-0268-10,184.024,kPa,valid,simulator
DAM-A-PZ-12,2026-07-01T22:20:00+08:00,1,evt-pz-0268-11,184.224,kPa,valid,simulator
DAM-A-PZ-01,2026-07-01T22:25:00+08:00,1,evt-pz-0269-0,182.138,kPa,valid,simulator
DAM-A-PZ-02,2026-07-01T22:25:00+08:00,1,evt-pz-0269-1,182.338,kPa,valid,simulator
DAM-A-PZ-03,2026-07-01T22:25:00+08:00,1,evt-pz-0269-2,182.538,kPa,valid,simulator
DAM-A-PZ-04,2026-07-01T22:25:00+08:00,1,evt-pz-0269-3,182.738,kPa,valid,simulator
DAM-A-PZ-05,2026-07-01T22:25:00+08:00,1,evt-pz-0269-4,182.938,kPa,valid,simulator
DAM-A-PZ-06,2026-07-01T22:25:00+08:00,1,evt-pz-0269-5,183.138,kPa,valid,simulator
DAM-A-PZ-07,2026-07-01T22:25:00+08:00,1,evt-pz-0269-6,183.338,kPa,valid,simulator
DAM-A-PZ-08,2026-07-01T22:25:00+08:00,1,evt-pz-0269-7,183.538,kPa,valid,simulator
DAM-A-PZ-09,2026-07-01T22:25:00+08:00,1,evt-pz-0269-8,183.738,kPa,valid,simulator
DAM-A-PZ-10,2026-07-01T22:25:00+08:00,1,evt-pz-0269-9,183.938,kPa,valid,simulator
DAM-A-PZ-11,2026-07-01T22:25:00+08:00,1,evt-pz-0269-10,184.138,kPa,valid,simulator
DAM-A-PZ-12,2026-07-01T22:25:00+08:00,1,evt-pz-0269-11,184.338,kPa,valid,simulator
DAM-A-PZ-01,2026-07-01T22:30:00+08:00,1,evt-pz-0270-0,182.25,kPa,valid,simulator
DAM-A-PZ-02,2026-07-01T22:30:00+08:00,1,evt-pz-0270-1,182.45,kPa,valid,simulator
DAM-A-PZ-03,2026-07-01T22:30:00+08:00,1,evt-pz-0270-2,182.65,kPa,valid,simulator
DAM-A-PZ-04,2026-07-01T22:30:00+08:00,1,evt-pz-0270-3,182.85,kPa,valid,simulator
DAM-A-PZ-05,2026-07-01T22:30:00+08:00,1,evt-pz-0270-4,183.05,kPa,valid,simulator
DAM-A-PZ-06,2026-07-01T22:30:00+08:00,1,evt-pz-0270-5,183.25,kPa,valid,simulator
DAM-A-PZ-07,2026-07-01T22:30:00+08:00,1,evt-pz-0270-6,183.45,kPa,valid,simulator
DAM-A-PZ-08,2026-07-01T22:30:00+08:00,1,evt-pz-0270-7,183.65,kPa,valid,simulator
DAM-A-PZ-09,2026-07-01T22:30:00+08:00,1,evt-pz-0270-8,183.85,kPa,valid,simulator
DAM-A-PZ-10,2026-07-01T22:30:00+08:00,1,evt-pz-0270-9,184.05,kPa,valid,simulator
DAM-A-PZ-11,2026-07-01T22:30:00+08:00,1,evt-pz-0270-10,184.25,kPa,valid,simulator
DAM-A-PZ-12,2026-07-01T22:30:00+08:00,1,evt-pz-0270-11,184.45,kPa,valid,simulator
DAM-A-PZ-01,2026-07-01T22:35:00+08:00,1,evt-pz-0271-0,182.361,kPa,valid,simulator
DAM-A-PZ-02,2026-07-01T22:35:00+08:00,1,evt-pz-0271-1,182.561,kPa,valid,simulator
DAM-A-PZ-03,2026-07-01T22:35:00+08:00,1,evt-pz-0271-2,182.761,kPa,valid,simulator
DAM-A-PZ-04,2026-07-01T22:35:00+08:00,1,evt-pz-0271-3,182.961,kPa,valid,simulator
DAM-A-PZ-05,2026-07-01T22:35:00+08:00,1,evt-pz-0271-4,183.161,kPa,valid,simulator
DAM-A-PZ-06,2026-07-01T22:35:00+08:00,1,evt-pz-0271-5,183.361,kPa,valid,simulator
DAM-A-PZ-07,2026-07-01T22:35:00+08:00,1,evt-pz-0271-6,183.561,kPa,valid,simulator
DAM-A-PZ-08,2026-07-01T22:35:00+08:00,1,evt-pz-0271-7,183.761,kPa,valid,simulator
DAM-A-PZ-09,2026-07-01T22:35:00+08:00,1,evt-pz-0271-8,183.961,kPa,valid,simulator
DAM-A-PZ-10,2026-07-01T22:35:00+08:00,1,evt-pz-0271-9,184.161,kPa,valid,simulator
DAM-A-PZ-11,2026-07-01T22:35:00+08:00,1,evt-pz-0271-10,184.361,kPa,valid,simulator
DAM-A-PZ-12,2026-07-01T22:35:00+08:00,1,evt-pz-0271-11,184.561,kPa,valid,simulator
DAM-A-PZ-01,2026-07-01T22:40:00+08:00,1,evt-pz-0272-0,182.471,kPa,valid,simulator
DAM-A-PZ-02,2026-07-01T22:40:00+08:00,1,evt-pz-0272-1,182.671,kPa,valid,simulator
DAM-A-PZ-03,2026-07-01T22:40:00+08:00,1,evt-pz-0272-2,182.871,kPa,valid,simulator
DAM-A-PZ-04,2026-07-01T22:40:00+08:00,1,evt-pz-0272-3,183.071,kPa,valid,simulator
DAM-A-PZ-05,2026-07-01T22:40:00+08:00,1,evt-pz-0272-4,183.271,kPa,valid,simulator
DAM-A-PZ-06,2026-07-01T22:40:00+08:00,1,evt-pz-0272-5,183.471,kPa,valid,simulator
DAM-A-PZ-07,2026-07-01T22:40:00+08:00,1,evt-pz-0272-6,183.671,kPa,valid,simulator
DAM-A-PZ-08,2026-07-01T22:40:00+08:00,1,evt-pz-0272-7,183.871,kPa,valid,simulator
DAM-A-PZ-09,2026-07-01T22:40:00+08:00,1,evt-pz-0272-8,184.071,kPa,valid,simulator
DAM-A-PZ-10,2026-07-01T22:40:00+08:00,1,evt-pz-0272-9,184.271,kPa,valid,simulator
DAM-A-PZ-11,2026-07-01T22:40:00+08:00,1,evt-pz-0272-10,184.471,kPa,valid,simulator
DAM-A-PZ-12,2026-07-01T22:40:00+08:00,1,evt-pz-0272-11,184.671,kPa,valid,simulator
DAM-A-PZ-01,2026-07-01T22:45:00+08:00,1,evt-pz-0273-0,182.578,kPa,valid,simulator
DAM-A-PZ-02,2026-07-01T22:45:00+08:00,1,evt-pz-0273-1,182.778,kPa,valid,simulator
DAM-A-PZ-03,2026-07-01T22:45:00+08:00,1,evt-pz-0273-2,182.978,kPa,valid,simulator
DAM-A-PZ-04,2026-07-01T22:45:00+08:00,1,evt-pz-0273-3,183.178,kPa,valid,simulator
DAM-A-PZ-05,2026-07-01T22:45:00+08:00,1,evt-pz-0273-4,183.378,kPa,valid,simulator
DAM-A-PZ-06,2026-07-01T22:45:00+08:00,1,evt-pz-0273-5,183.578,kPa,valid,simulator
DAM-A-PZ-07,2026-07-01T22:45:00+08:00,1,evt-pz-0273-6,183.778,kPa,valid,simulator
DAM-A-PZ-08,2026-07-01T22:45:00+08:00,1,evt-pz-0273-7,183.978,kPa,valid,simulator
DAM-A-PZ-09,2026-07-01T22:45:00+08:00,1,evt-pz-0273-8,184.178,kPa,valid,simulator
DAM-A-PZ-10,2026-07-01T22:45:00+08:00,1,evt-pz-0273-9,184.378,kPa,valid,simulator
DAM-A-PZ-11,2026-07-01T22:45:00+08:00,1,evt-pz-0273-10,184.578,kPa,valid,simulator
DAM-A-PZ-12,2026-07-01T22:45:00+08:00,1,evt-pz-0273-11,184.778,kPa,valid,simulator
DAM-A-PZ-01,2026-07-01T22:50:00+08:00,1,evt-pz-0274-0,182.685,kPa,valid,simulator
DAM-A-PZ-02,2026-07-01T22:50:00+08:00,1,evt-pz-0274-1,182.885,kPa,valid,simulator
DAM-A-PZ-03,2026-07-01T22:50:00+08:00,1,evt-pz-0274-2,183.085,kPa,valid,simulator
DAM-A-PZ-04,2026-07-01T22:50:00+08:00,1,evt-pz-0274-3,183.285,kPa,valid,simulator
DAM-A-PZ-05,2026-07-01T22:50:00+08:00,1,evt-pz-0274-4,183.485,kPa,valid,simulator
DAM-A-PZ-06,2026-07-01T22:50:00+08:00,1,evt-pz-0274-5,183.685,kPa,valid,simulator
DAM-A-PZ-07,2026-07-01T22:50:00+08:00,1,evt-pz-0274-6,183.885,kPa,valid,simulator
DAM-A-PZ-08,2026-07-01T22:50:00+08:00,1,evt-pz-0274-7,184.085,kPa,valid,simulator
DAM-A-PZ-09,2026-07-01T22:50:00+08:00,1,evt-pz-0274-8,184.285,kPa,valid,simulator
DAM-A-PZ-10,2026-07-01T22:50:00+08:00,1,evt-pz-0274-9,184.485,kPa,valid,simulator
DAM-A-PZ-11,2026-07-01T22:50:00+08:00,1,evt-pz-0274-10,184.685,kPa,valid,simulator
DAM-A-PZ-12,2026-07-01T22:50:00+08:00,1,evt-pz-0274-11,184.885,kPa,valid,simulator
DAM-A-PZ-01,2026-07-01T22:55:00+08:00,1,evt-pz-0275-0,182.789,kPa,valid,simulator
DAM-A-PZ-02,2026-07-01T22:55:00+08:00,1,evt-pz-0275-1,182.989,kPa,valid,simulator
DAM-A-PZ-03,2026-07-01T22:55:00+08:00,1,evt-pz-0275-2,183.189,kPa,valid,simulator
DAM-A-PZ-04,2026-07-01T22:55:00+08:00,1,evt-pz-0275-3,183.389,kPa,valid,simulator
DAM-A-PZ-05,2026-07-01T22:55:00+08:00,1,evt-pz-0275-4,183.589,kPa,valid,simulator
DAM-A-PZ-06,2026-07-01T22:55:00+08:00,1,evt-pz-0275-5,183.789,kPa,valid,simulator
DAM-A-PZ-07,2026-07-01T22:55:00+08:00,1,evt-pz-0275-6,183.989,kPa,valid,simulator
DAM-A-PZ-08,2026-07-01T22:55:00+08:00,1,evt-pz-0275-7,184.189,kPa,valid,simulator
DAM-A-PZ-09,2026-07-01T22:55:00+08:00,1,evt-pz-0275-8,184.389,kPa,valid,simulator
DAM-A-PZ-10,2026-07-01T22:55:00+08:00,1,evt-pz-0275-9,184.589,kPa,valid,simulator
DAM-A-PZ-11,2026-07-01T22:55:00+08:00,1,evt-pz-0275-10,184.789,kPa,valid,simulator
DAM-A-PZ-12,2026-07-01T22:55:00+08:00,1,evt-pz-0275-11,184.989,kPa,valid,simulator
DAM-A-PZ-01,2026-07-01T23:00:00+08:00,1,evt-pz-0276-0,182.892,kPa,valid,simulator
DAM-A-PZ-02,2026-07-01T23:00:00+08:00,1,evt-pz-0276-1,183.092,kPa,valid,simulator
DAM-A-PZ-03,2026-07-01T23:00:00+08:00,1,evt-pz-0276-2,183.292,kPa,valid,simulator
DAM-A-PZ-04,2026-07-01T23:00:00+08:00,1,evt-pz-0276-3,183.492,kPa,valid,simulator
DAM-A-PZ-05,2026-07-01T23:00:00+08:00,1,evt-pz-0276-4,183.692,kPa,valid,simulator
DAM-A-PZ-06,2026-07-01T23:00:00+08:00,1,evt-pz-0276-5,183.892,kPa,valid,simulator
DAM-A-PZ-07,2026-07-01T23:00:00+08:00,1,evt-pz-0276-6,184.092,kPa,valid,simulator
DAM-A-PZ-08,2026-07-01T23:00:00+08:00,1,evt-pz-0276-7,184.292,kPa,valid,simulator
DAM-A-PZ-09,2026-07-01T23:00:00+08:00,1,evt-pz-0276-8,184.492,kPa,valid,simulator
DAM-A-PZ-10,2026-07-01T23:00:00+08:00,1,evt-pz-0276-9,184.692,kPa,valid,simulator
DAM-A-PZ-11,2026-07-01T23:00:00+08:00,1,evt-pz-0276-10,184.892,kPa,valid,simulator
DAM-A-PZ-12,2026-07-01T23:00:00+08:00,1,evt-pz-0276-11,185.092,kPa,valid,simulator
DAM-A-PZ-01,2026-07-01T23:05:00+08:00,1,evt-pz-0277-0,182.993,kPa,valid,simulator
DAM-A-PZ-02,2026-07-01T23:05:00+08:00,1,evt-pz-0277-1,183.193,kPa,valid,simulator
DAM-A-PZ-03,2026-07-01T23:05:00+08:00,1,evt-pz-0277-2,183.393,kPa,valid,simulator
DAM-A-PZ-04,2026-07-01T23:05:00+08:00,1,evt-pz-0277-3,183.593,kPa,valid,simulator
DAM-A-PZ-05,2026-07-01T23:05:00+08:00,1,evt-pz-0277-4,183.793,kPa,valid,simulator
DAM-A-PZ-06,2026-07-01T23:05:00+08:00,1,evt-pz-0277-5,183.993,kPa,valid,simulator
DAM-A-PZ-07,2026-07-01T23:05:00+08:00,1,evt-pz-0277-6,184.193,kPa,valid,simulator
DAM-A-PZ-08,2026-07-01T23:05:00+08:00,1,evt-pz-0277-7,184.393,kPa,valid,simulator
DAM-A-PZ-09,2026-07-01T23:05:00+08:00,1,evt-pz-0277-8,184.593,kPa,valid,simulator
DAM-A-PZ-10,2026-07-01T23:05:00+08:00,1,evt-pz-0277-9,184.793,kPa,valid,simulator
DAM-A-PZ-11,2026-07-01T23:05:00+08:00,1,evt-pz-0277-10,184.993,kPa,valid,simulator
DAM-A-PZ-12,2026-07-01T23:05:00+08:00,1,evt-pz-0277-11,185.193,kPa,valid,simulator
DAM-A-PZ-01,2026-07-01T23:10:00+08:00,1,evt-pz-0278-0,183.092,kPa,valid,simulator
DAM-A-PZ-02,2026-07-01T23:10:00+08:00,1,evt-pz-0278-1,183.292,kPa,valid,simulator
DAM-A-PZ-03,2026-07-01T23:10:00+08:00,1,evt-pz-0278-2,183.492,kPa,valid,simulator
DAM-A-PZ-04,2026-07-01T23:10:00+08:00,1,evt-pz-0278-3,183.692,kPa,valid,simulator
DAM-A-PZ-05,2026-07-01T23:10:00+08:00,1,evt-pz-0278-4,183.892,kPa,valid,simulator
DAM-A-PZ-06,2026-07-01T23:10:00+08:00,1,evt-pz-0278-5,184.092,kPa,valid,simulator
DAM-A-PZ-07,2026-07-01T23:10:00+08:00,1,evt-pz-0278-6,184.292,kPa,valid,simulator
DAM-A-PZ-08,2026-07-01T23:10:00+08:00,1,evt-pz-0278-7,184.492,kPa,valid,simulator
DAM-A-PZ-09,2026-07-01T23:10:00+08:00,1,evt-pz-0278-8,184.692,kPa,valid,simulator
DAM-A-PZ-10,2026-07-01T23:10:00+08:00,1,evt-pz-0278-9,184.892,kPa,valid,simulator
DAM-A-PZ-11,2026-07-01T23:10:00+08:00,1,evt-pz-0278-10,185.092,kPa,valid,simulator
DAM-A-PZ-12,2026-07-01T23:10:00+08:00,1,evt-pz-0278-11,185.292,kPa,valid,simulator
DAM-A-PZ-01,2026-07-01T23:15:00+08:00,1,evt-pz-0279-0,183.19,kPa,valid,simulator
DAM-A-PZ-02,2026-07-01T23:15:00+08:00,1,evt-pz-0279-1,183.39,kPa,valid,simulator
DAM-A-PZ-03,2026-07-01T23:15:00+08:00,1,evt-pz-0279-2,183.59,kPa,valid,simulator
DAM-A-PZ-04,2026-07-01T23:15:00+08:00,1,evt-pz-0279-3,183.79,kPa,valid,simulator
DAM-A-PZ-05,2026-07-01T23:15:00+08:00,1,evt-pz-0279-4,183.99,kPa,valid,simulator
DAM-A-PZ-06,2026-07-01T23:15:00+08:00,1,evt-pz-0279-5,184.19,kPa,valid,simulator
DAM-A-PZ-07,2026-07-01T23:15:00+08:00,1,evt-pz-0279-6,184.39,kPa,valid,simulator
DAM-A-PZ-08,2026-07-01T23:15:00+08:00,1,evt-pz-0279-7,184.59,kPa,valid,simulator
DAM-A-PZ-09,2026-07-01T23:15:00+08:00,1,evt-pz-0279-8,184.79,kPa,valid,simulator
DAM-A-PZ-10,2026-07-01T23:15:00+08:00,1,evt-pz-0279-9,184.99,kPa,valid,simulator
DAM-A-PZ-11,2026-07-01T23:15:00+08:00,1,evt-pz-0279-10,185.19,kPa,valid,simulator
DAM-A-PZ-12,2026-07-01T23:15:00+08:00,1,evt-pz-0279-11,185.39,kPa,valid,simulator
DAM-A-PZ-01,2026-07-01T23:20:00+08:00,1,evt-pz-0280-0,183.285,kPa,valid,simulator
DAM-A-PZ-02,2026-07-01T23:20:00+08:00,1,evt-pz-0280-1,183.485,kPa,valid,simulator
DAM-A-PZ-03,2026-07-01T23:20:00+08:00,1,evt-pz-0280-2,183.685,kPa,valid,simulator
DAM-A-PZ-04,2026-07-01T23:20:00+08:00,1,evt-pz-0280-3,183.885,kPa,valid,simulator
DAM-A-PZ-05,2026-07-01T23:20:00+08:00,1,evt-pz-0280-4,184.085,kPa,valid,simulator
DAM-A-PZ-06,2026-07-01T23:20:00+08:00,1,evt-pz-0280-5,184.285,kPa,valid,simulator
DAM-A-PZ-07,2026-07-01T23:20:00+08:00,1,evt-pz-0280-6,184.485,kPa,valid,simulator
DAM-A-PZ-08,2026-07-01T23:20:00+08:00,1,evt-pz-0280-7,184.685,kPa,valid,simulator
DAM-A-PZ-09,2026-07-01T23:20:00+08:00,1,evt-pz-0280-8,184.885,kPa,valid,simulator
DAM-A-PZ-10,2026-07-01T23:20:00+08:00,1,evt-pz-0280-9,185.085,kPa,valid,simulator
DAM-A-PZ-11,2026-07-01T23:20:00+08:00,1,evt-pz-0280-10,185.285,kPa,valid,simulator
DAM-A-PZ-12,2026-07-01T23:20:00+08:00,1,evt-pz-0280-11,185.485,kPa,valid,simulator
DAM-A-PZ-01,2026-07-01T23:25:00+08:00,1,evt-pz-0281-0,183.378,kPa,valid,simulator
DAM-A-PZ-02,2026-07-01T23:25:00+08:00,1,evt-pz-0281-1,183.578,kPa,valid,simulator
DAM-A-PZ-03,2026-07-01T23:25:00+08:00,1,evt-pz-0281-2,183.778,kPa,valid,simulator
DAM-A-PZ-04,2026-07-01T23:25:00+08:00,1,evt-pz-0281-3,183.978,kPa,valid,simulator
DAM-A-PZ-05,2026-07-01T23:25:00+08:00,1,evt-pz-0281-4,184.178,kPa,valid,simulator
DAM-A-PZ-06,2026-07-01T23:25:00+08:00,1,evt-pz-0281-5,184.378,kPa,valid,simulator
DAM-A-PZ-07,2026-07-01T23:25:00+08:00,1,evt-pz-0281-6,184.578,kPa,valid,simulator
DAM-A-PZ-08,2026-07-01T23:25:00+08:00,1,evt-pz-0281-7,184.778,kPa,valid,simulator
DAM-A-PZ-09,2026-07-01T23:25:00+08:00,1,evt-pz-0281-8,184.978,kPa,valid,simulator
DAM-A-PZ-10,2026-07-01T23:25:00+08:00,1,evt-pz-0281-9,185.178,kPa,valid,simulator
DAM-A-PZ-11,2026-07-01T23:25:00+08:00,1,evt-pz-0281-10,185.378,kPa,valid,simulator
DAM-A-PZ-12,2026-07-01T23:25:00+08:00,1,evt-pz-0281-11,185.578,kPa,valid,simulator
DAM-A-PZ-01,2026-07-01T23:30:00+08:00,1,evt-pz-0282-0,183.469,kPa,valid,simulator
DAM-A-PZ-02,2026-07-01T23:30:00+08:00,1,evt-pz-0282-1,183.669,kPa,valid,simulator
DAM-A-PZ-03,2026-07-01T23:30:00+08:00,1,evt-pz-0282-2,183.869,kPa,valid,simulator
DAM-A-PZ-04,2026-07-01T23:30:00+08:00,1,evt-pz-0282-3,184.069,kPa,valid,simulator
DAM-A-PZ-05,2026-07-01T23:30:00+08:00,1,evt-pz-0282-4,184.269,kPa,valid,simulator
DAM-A-PZ-06,2026-07-01T23:30:00+08:00,1,evt-pz-0282-5,184.469,kPa,valid,simulator
DAM-A-PZ-07,2026-07-01T23:30:00+08:00,1,evt-pz-0282-6,184.669,kPa,valid,simulator
DAM-A-PZ-08,2026-07-01T23:30:00+08:00,1,evt-pz-0282-7,184.869,kPa,valid,simulator
DAM-A-PZ-09,2026-07-01T23:30:00+08:00,1,evt-pz-0282-8,185.069,kPa,valid,simulator
DAM-A-PZ-10,2026-07-01T23:30:00+08:00,1,evt-pz-0282-9,185.269,kPa,valid,simulator
DAM-A-PZ-11,2026-07-01T23:30:00+08:00,1,evt-pz-0282-10,185.469,kPa,valid,simulator
DAM-A-PZ-12,2026-07-01T23:30:00+08:00,1,evt-pz-0282-11,185.669,kPa,valid,simulator
DAM-A-PZ-01,2026-07-01T23:35:00+08:00,1,evt-pz-0283-0,183.558,kPa,valid,simulator
DAM-A-PZ-02,2026-07-01T23:35:00+08:00,1,evt-pz-0283-1,183.758,kPa,valid,simulator
DAM-A-PZ-03,2026-07-01T23:35:00+08:00,1,evt-pz-0283-2,183.958,kPa,valid,simulator
DAM-A-PZ-04,2026-07-01T23:35:00+08:00,1,evt-pz-0283-3,184.158,kPa,valid,simulator
DAM-A-PZ-05,2026-07-01T23:35:00+08:00,1,evt-pz-0283-4,184.358,kPa,valid,simulator
DAM-A-PZ-06,2026-07-01T23:35:00+08:00,1,evt-pz-0283-5,184.558,kPa,valid,simulator
DAM-A-PZ-07,2026-07-01T23:35:00+08:00,1,evt-pz-0283-6,184.758,kPa,valid,simulator
DAM-A-PZ-08,2026-07-01T23:35:00+08:00,1,evt-pz-0283-7,184.958,kPa,valid,simulator
DAM-A-PZ-09,2026-07-01T23:35:00+08:00,1,evt-pz-0283-8,185.158,kPa,valid,simulator
DAM-A-PZ-10,2026-07-01T23:35:00+08:00,1,evt-pz-0283-9,185.358,kPa,valid,simulator
DAM-A-PZ-11,2026-07-01T23:35:00+08:00,1,evt-pz-0283-10,185.558,kPa,valid,simulator
DAM-A-PZ-12,2026-07-01T23:35:00+08:00,1,evt-pz-0283-11,185.758,kPa,valid,simulator
DAM-A-PZ-01,2026-07-01T23:40:00+08:00,1,evt-pz-0284-0,183.645,kPa,valid,simulator
DAM-A-PZ-02,2026-07-01T23:40:00+08:00,1,evt-pz-0284-1,183.845,kPa,valid,simulator
DAM-A-PZ-03,2026-07-01T23:40:00+08:00,1,evt-pz-0284-2,184.045,kPa,valid,simulator
DAM-A-PZ-04,2026-07-01T23:40:00+08:00,1,evt-pz-0284-3,184.245,kPa,valid,simulator
DAM-A-PZ-05,2026-07-01T23:40:00+08:00,1,evt-pz-0284-4,184.445,kPa,valid,simulator
DAM-A-PZ-06,2026-07-01T23:40:00+08:00,1,evt-pz-0284-5,184.645,kPa,valid,simulator
DAM-A-PZ-07,2026-07-01T23:40:00+08:00,1,evt-pz-0284-6,184.845,kPa,valid,simulator
DAM-A-PZ-08,2026-07-01T23:40:00+08:00,1,evt-pz-0284-7,185.045,kPa,valid,simulator
DAM-A-PZ-09,2026-07-01T23:40:00+08:00,1,evt-pz-0284-8,185.245,kPa,valid,simulator
DAM-A-PZ-10,2026-07-01T23:40:00+08:00,1,evt-pz-0284-9,185.445,kPa,valid,simulator
DAM-A-PZ-11,2026-07-01T23:40:00+08:00,1,evt-pz-0284-10,185.645,kPa,valid,simulator
DAM-A-PZ-12,2026-07-01T23:40:00+08:00,1,evt-pz-0284-11,185.845,kPa,valid,simulator
DAM-A-PZ-01,2026-07-01T23:45:00+08:00,1,evt-pz-0285-0,183.729,kPa,valid,simulator
DAM-A-PZ-02,2026-07-01T23:45:00+08:00,1,evt-pz-0285-1,183.929,kPa,valid,simulator
DAM-A-PZ-03,2026-07-01T23:45:00+08:00,1,evt-pz-0285-2,184.129,kPa,valid,simulator
DAM-A-PZ-04,2026-07-01T23:45:00+08:00,1,evt-pz-0285-3,184.329,kPa,valid,simulator
DAM-A-PZ-05,2026-07-01T23:45:00+08:00,1,evt-pz-0285-4,184.529,kPa,valid,simulator
DAM-A-PZ-06,2026-07-01T23:45:00+08:00,1,evt-pz-0285-5,184.729,kPa,valid,simulator
DAM-A-PZ-07,2026-07-01T23:45:00+08:00,1,evt-pz-0285-6,184.929,kPa,valid,simulator
DAM-A-PZ-08,2026-07-01T23:45:00+08:00,1,evt-pz-0285-7,185.129,kPa,valid,simulator
DAM-A-PZ-09,2026-07-01T23:45:00+08:00,1,evt-pz-0285-8,185.329,kPa,valid,simulator
DAM-A-PZ-10,2026-07-01T23:45:00+08:00,1,evt-pz-0285-9,185.529,kPa,valid,simulator
DAM-A-PZ-11,2026-07-01T23:45:00+08:00,1,evt-pz-0285-10,185.729,kPa,valid,simulator
DAM-A-PZ-12,2026-07-01T23:45:00+08:00,1,evt-pz-0285-11,185.929,kPa,valid,simulator
DAM-A-PZ-01,2026-07-01T23:50:00+08:00,1,evt-pz-0286-0,183.811,kPa,valid,simulator
DAM-A-PZ-02,2026-07-01T23:50:00+08:00,1,evt-pz-0286-1,184.011,kPa,valid,simulator
DAM-A-PZ-03,2026-07-01T23:50:00+08:00,1,evt-pz-0286-2,184.211,kPa,valid,simulator
DAM-A-PZ-04,2026-07-01T23:50:00+08:00,1,evt-pz-0286-3,184.411,kPa,valid,simulator
DAM-A-PZ-05,2026-07-01T23:50:00+08:00,1,evt-pz-0286-4,184.611,kPa,valid,simulator
DAM-A-PZ-06,2026-07-01T23:50:00+08:00,1,evt-pz-0286-5,184.811,kPa,valid,simulator
DAM-A-PZ-07,2026-07-01T23:50:00+08:00,1,evt-pz-0286-6,185.011,kPa,valid,simulator
DAM-A-PZ-08,2026-07-01T23:50:00+08:00,1,evt-pz-0286-7,185.211,kPa,valid,simulator
DAM-A-PZ-09,2026-07-01T23:50:00+08:00,1,evt-pz-0286-8,185.411,kPa,valid,simulator
DAM-A-PZ-10,2026-07-01T23:50:00+08:00,1,evt-pz-0286-9,185.611,kPa,valid,simulator
DAM-A-PZ-11,2026-07-01T23:50:00+08:00,1,evt-pz-0286-10,185.811,kPa,valid,simulator
DAM-A-PZ-12,2026-07-01T23:50:00+08:00,1,evt-pz-0286-11,186.011,kPa,valid,simulator
DAM-A-PZ-01,2026-07-01T23:55:00+08:00,1,evt-pz-0287-0,183.891,kPa,valid,simulator
DAM-A-PZ-02,2026-07-01T23:55:00+08:00,1,evt-pz-0287-1,184.091,kPa,valid,simulator
DAM-A-PZ-03,2026-07-01T23:55:00+08:00,1,evt-pz-0287-2,184.291,kPa,valid,simulator
DAM-A-PZ-04,2026-07-01T23:55:00+08:00,1,evt-pz-0287-3,184.491,kPa,valid,simulator
DAM-A-PZ-05,2026-07-01T23:55:00+08:00,1,evt-pz-0287-4,184.691,kPa,valid,simulator
DAM-A-PZ-06,2026-07-01T23:55:00+08:00,1,evt-pz-0287-5,184.891,kPa,valid,simulator
DAM-A-PZ-07,2026-07-01T23:55:00+08:00,1,evt-pz-0287-6,185.091,kPa,valid,simulator
DAM-A-PZ-08,2026-07-01T23:55:00+08:00,1,evt-pz-0287-7,185.291,kPa,valid,simulator
DAM-A-PZ-09,2026-07-01T23:55:00+08:00,1,evt-pz-0287-8,185.491,kPa,valid,simulator
DAM-A-PZ-10,2026-07-01T23:55:00+08:00,1,evt-pz-0287-9,185.691,kPa,valid,simulator
DAM-A-PZ-11,2026-07-01T23:55:00+08:00,1,evt-pz-0287-10,185.891,kPa,valid,simulator
DAM-A-PZ-12,2026-07-01T23:55:00+08:00,1,evt-pz-0287-11,186.091,kPa,valid,simulator
