asset_id,occurred_at,version,event_id,value,unit,quality,source
DAM-A-RF-01,2026-07-01T00:00:00+08:00,1,evt-rf-0000-0,8.45,mm,valid,simulator
DAM-A-RF-02,2026-07-01T00:00:00+08:00,1,evt-rf-0000-1,8.44,mm,valid,simulator
DAM-A-RF-03,2026-07-01T00:00:00+08:00,1,evt-rf-0000-2,8.25,mm,valid,simulator
DAM-A-RF-04,2026-07-01T00:00:00+08:00,1,evt-rf-0000-3,8.87,mm,valid,simulator
DAM-A-RF-05,2026-07-01T00:00:00+08:00,1,evt-rf-0000-4,9.35,mm,valid,simulator
DAM-A-RF-01,2026-07-01T00:05:00+08:00,1,evt-rf-0001-0,1.14,mm,valid,simulator
DAM-A-RF-02,2026-07-01T00:05:00+08:00,1,evt-rf-0001-1,0.12,mm,valid,simulator
DAM-A-RF-03,2026-07-01T00:05:00+08:00,1,evt-rf-0001-2,0,mm,valid,simulator
DAM-A-RF-04,2026-07-01T00:05:00+08:00,1,evt-rf-0001-3,0.2,mm,valid,simulator
DAM-A-RF-05,2026-07-01T00:05:00+08:00,1,evt-rf-0001-4,0.26,mm,valid,simulator
DAM-A-RF-01,2026-07-01T00:10:00+08:00,1,evt-rf-0002-0,0.48,mm,valid,simulator
DAM-A-RF-02,2026-07-01T00:10:00+08:00,1,evt-rf-0002-1,0,mm,valid,simulator
DAM-A-RF-03,2026-07-01T00:10:00+08:00,1,evt-rf-0002-2,0.28,mm,valid,simulator
DAM-A-RF-04,2026-07-01T00:10:00+08:00,1,evt-rf-0002-3,0,mm,valid,simulator
DAM-A-RF-05,2026-07-01T00:10:00+08:00,1,evt-rf-0002-4,0.32,mm,valid,simulator
DAM-A-RF-01,2026-07-01T00:15:00+08:00,1,evt-rf-0003-0,0,mm,valid,simulator
DAM-A-RF-02,2026-07-01T00:15:00+08:00,1,evt-rf-0003-1,0.77,mm,valid,simulator
DAM-A-RF-03,2026-07-01T00:15:00+08:00,1,evt-rf-0003-2,0.4,mm,valid,simulator
DAM-A-RF-04,2026-07-01T00:15:00+08:00,1,evt-rf-0003-3,0.16,mm,valid,simulator
DAM-A-RF-05,2026-07-01T00:15:00+08:00,1,evt-rf-0003-4,0,mm,valid,simulator
DAM-A-RF-01,2026-07-01T00:20:00+08:00,1,evt-rf-0004-0,0.08,mm,valid,simulator
DAM-A-RF-02,2026-07-01T00:20:00+08:00,1,evt-rf-0004-1,0.06,mm,valid,simulator
DAM-A-RF-03,2026-07-01T00:20:00+08:00,1,evt-rf-0004-2,0,mm,valid,simulator
DAM-A-RF-04,2026-07-01T00:20:00+08:00,1,evt-rf-0004-3,0.34,mm,valid,simulator
DAM-A-RF-05,2026-07-01T00:20:00+08:00,1,evt-rf-0004-4,0.29,mm,valid,simulator
DAM-A-RF-01,2026-07-01T00:25:00+08:00,1,evt-rf-0005-0,0.27,mm,valid,simulator
DAM-A-RF-02,2026-07-01T00:25:00+08:00,1,evt-rf-0005-1,0.52,mm,valid,simulator
DAM-A-RF-03,2026-07-01T00:25:00+08:00,1,evt-rf-0005-2,0,mm,valid,simulator
DAM-A-RF-04,2026-07-01T00:25:00+08:00,1,evt-rf-0005-3,0,mm,valid,simulator
DAM-A-RF-05,2026-07-01T00:25:00+08:00,1,evt-rf-0005-4,0.26,mm,valid,simulator
DAM-A-RF-01,2026-07-01T00:30:00+08:00,1,evt-rf-0006-0,0,mm,valid,simulator
DAM-A-RF-02,2026-07-01T00:30:00+08:00,1,evt-rf-0006-1,0,mm,valid,simulator
DAM-A-RF-03,2026-07-01T00:30:00+08:00,1,evt-rf-0006-2,0,mm,valid,simulator
DAM-A-RF-04,2026-07-01T00:30:00+08:00,1,evt-rf-0006-3,0.45,mm,valid,simulator
DAM-A-RF-05,2026-07-01T00:30:00+08:00,1,evt-rf-0006-4,0.45,mm,valid,simulator
DAM-A-RF-01,2026-07-01T00:35:00+08:00,1,evt-rf-0007-0,0.09,mm,valid,simulator
DAM-A-RF-02,2026-07-01T00:35:00+08:00,1,evt-rf-0007-1,0,mm,valid,simulator
DAM-A-RF-03,2026-07-01T00:35:00+08:00,1,evt-rf-0007-2,0,mm,valid,simulator
DAM-A-RF-04,2026-07-01T00:35:00+08:00,1,evt-rf-0007-3,0.12,mm,valid,simulator
DAM-A-RF-05,2026-07-01T00:35:00+08:00,1,evt-rf-0007-4,0.62,mm,valid,simulator
DAM-A-RF-01,2026-07-01T00:40:00+08:00,1,evt-rf-0008-0,0,mm,valid,simulator
DAM-A-RF-02,2026-07-01T00:40:00+08:00,1,evt-rf-0008-1,0.61,mm,valid,simulator
DAM-A-RF-03,2026-07-01T00:40:00+08:00,1,evt-rf-0008-2,0,mm,valid,simulator
DAM-A-RF-04,2026-07-01T00:40:00+08:00,1,evt-rf-0008-3,0.06,mm,valid,simulator
DAM-A-RF-05,2026-07-01T00:40:00+08:00,1,evt-rf-0008-4,0.64,mm,valid,simulator
DAM-A-RF-01,2026-07-01T00:45:00+08:00,1,evt-rf-0009-0,0.14,mm,valid,simulator
DAM-A-RF-02,2026-07-01T00:45:00+08:00,1,evt-rf-0009-1,0.13,mm,valid,simulator
DAM-A-RF-03,2026-07-01T00:45:00+08:00,1,evt-rf-0009-2,0.7,mm,valid,simulator
DAM-A-RF-04,2026-07-01T00:45:00+08:00,1,evt-rf-0009-3,0.18,mm,valid,simulator
DAM-A-RF-05,2026-07-01T00:45:00+08:00,1,evt-rf-0009-4,0,mm,valid,simulator
DAM-A-RF-01,2026-07-01T00:50:00+08:00,1,evt-rf-0010-0,0.39,mm,valid,simulator
DAM-A-RF-02,2026-07-01T00:50:00+08:00,1,evt-rf-0010-1,0,mm,valid,simulator
DAM-A-RF-03,2026-07-01T00:50:00+08:00,1,evt-rf-0010-2,0.41,mm,valid,simulator
DAM-A-RF-04,2026-07-01T00:50:00+08:00,1,evt-rf-0010-3,0.51,mm,valid,simulator
DAM-A-RF-05,2026-07-01T00:50:00+08:00,1,evt-rf-0010-4,0,mm,valid,simulator
DAM-A-RF-01,2026-07-01T00:55:00+08:00,1,evt-rf-0011-0,0.54,mm,valid,simulator
DAM-A-RF-02,2026-07-01T00:55:00+08:00,1,evt-rf-0011-1,0.38,mm,valid,simulator
DAM-A-RF-03,2026-07-01T00:55:00+08:00,1,evt-rf-0011-2,0.09,mm,valid,simulator
DAM-A-RF-04,2026-07-01T00:55:00+08:00,1,evt-rf-0011-3,0,mm,valid,simulator
DAM-A-RF-05,2026-07-01T00:55:00+08:00,1,evt-rf-0011-4,0,mm,valid,simulator
DAM-A-RF-01,2026-07-01T01:00:00+08:00,1,evt-rf-0012-0,0.09,mm,valid,simulator
DAM-A-RF-02,2026-07-01T01:00:00+08:00,1,evt-rf-0012-1,0.1,mm,valid,simulator
DAM-A-RF-03,2026-07-01T01:00:00+08:00,1,evt-rf-0012-2,0.29,mm,valid,simulator
DAM-A-RF-04,2026-07-01T01:00:00+08:00,1,evt-rf-0012-3,0.31,mm,valid,simulator
DAM-A-RF-05,2026-07-01T01:00:00+08:00,1,evt-rf-0012-4,0,mm,valid,simulator
DAM-A-RF-01,2026-07-01T01:05:00+08:00,1,evt-rf-0013-0,0.08,mm,valid,simulator
DAM-A-RF-02,2026-07-01T01:05:00+08:00,1,evt-rf-0013-1,0.1,mm,valid,simulator
DAM-A-RF-03,2026-07-01T01:05:00+08:00,1,evt-rf-0013-2,0,mm,valid,simulator
DAM-A-RF-04,2026-07-01T01:05:00+08:00,1,evt-rf-0013-3,0,mm,valid,simulator
DAM-A-RF-05,2026-07-01T01:05:00+08:00,1,evt-rf-0013-4,0.32,mm,valid,simulator
DAM-A-RF-01,2026-07-01T01:10:00+08:00,1,evt-rf-0014-0,0,mm,valid,simulator
DAM-A-RF-02,2026-07-01T01:10:00+08:00,1,evt-rf-0014-1,0.45,mm,valid,simulator
DAM-A-RF-03,2026-07-01T01:10:00+08:00,1,evt-rf-0014-2,0,mm,valid,simulator
DAM-A-RF-04,2026-07-01T01:10:00+08:00,1,evt-rf-0014-3,0.23,mm,valid,simulator
DAM-A-RF-05,2026-07-01T01:10:00+08:00,1,evt-rf-0014-4,0.19,mm,valid,simulator
DAM-A-RF-01,2026-07-01T01:15:00+08:00,1,evt-rf-0015-0,0,mm,valid,simulator
DAM-A-RF-02,2026-07-01T01:15:00+08:00,1,evt-rf-0015-1,0.13,mm,valid,simulator
DAM-A-RF-03,2026-07-01T01:15:00+08:00,1,evt-rf-0015-2,0.04,mm,valid,simulator
DAM-A-RF-04,2026-07-01T01:15:00+08:00,1,evt-rf-0015-3,0.33,mm,valid,simulator
DAM-A-RF-05,2026-07-01T01:15:00+08:00,1,evt-rf-0015-4,0.2,mm,valid,simulator
DAM-A-RF-01,2026-07-01T01:20:00+08:00,1,evt-rf-0016-0,0.06,mm,valid,simulator
DAM-A-RF-02,2026-07-01T01:20:00+08:00,1,evt-rf-0016-1,0,mm,valid,simulator
DAM-A-RF-03,2026-07-01T01:20:00+08:00,1,evt-rf-0016-2,0.34,mm,valid,simulator
DAM-A-RF-04,2026-07-01T01:20:00+08:00,1,evt-rf-0016-3,0.49,mm,valid,simulator
DAM-A-RF-05,2026-07-01T01:20:00+08:00,1,evt-rf-0016-4,0,mm,valid,simulator
DAM-A-RF-01,2026-07-01T01:25:00+08:00,1,evt-rf-0017-0,0.02,mm,valid,simulator
DAM-A-RF-02,2026-07-01T01:25:00+08:00,1,evt-rf-0017-1,0.24,mm,valid,simulator
DAM-A-RF-03,2026-07-01T01:25:00+08:00,1,evt-rf-0017-2,0.02,mm,valid,simulator
DAM-A-RF-04,2026-07-01T01:25:00+08:00,1,evt-rf-0017-3,0.12,mm,valid,simulator
DAM-A-RF-05,2026-07-01T01:25:00+08:00,1,evt-rf-0017-4,0,mm,valid,simulator
DAM-A-RF-01,2026-07-01T01:30:00+08:00,1,evt-rf-0018-0,0,mm,valid,simulator
DAM-A-RF-02,2026-07-01T01:30:00+08:00,1,evt-rf-0018-1,0.49,mm,valid,simulator
DAM-A-RF-03,2026-07-01T01:30:00+08:00,1,evt-rf-0018-2,0.31,mm,valid,simulator
DAM-A-RF-04,2026-07-01T01:30:00+08:00,1,evt-rf-0018-3,0.12,mm,valid,simulator
DAM-A-RF-05,2026-07-01T01:30:00+08:00,1,evt-rf-0018-4,0.12,mm,valid,simulator
DAM-A-RF-01,2026-07-01T01:35:00+08:00,1,evt-rf-0019-0,0.31,mm,valid,simulator
DAM-A-RF-02,2026-07-01T01:35:00+08:00,1,evt-rf-0019-1,0.37,mm,valid,simulator
DAM-A-RF-03,2026-07-01T01:35:00+08:00,1,evt-rf-0019-2,0.51,mm,valid,simulator
DAM-A-RF-04,2026-07-01T01:35:00+08:00,1,evt-rf-0019-3,0,mm,valid,simulator
DAM-A-RF-05,2026-07-01T01:35:00+08:00,1,evt-rf-0019-4,0.01,mm,valid,simulator
DAM-A-RF-01,2026-07-01T01:40:00+08:00,1,evt-rf-0020-0,0.08,mm,valid,simulator
DAM-A-RF-02,2026-07-01T01:40:00+08:00,1,evt-rf-0020-1,0.58,mm,valid,simulator
DAM-A-RF-03,2026-07-01T01:40:00+08:00,1,evt-rf-0020-2,0.48,mm,valid,simulator
DAM-A-RF-04,2026-07-01T01:40:00+08:00,1,evt-rf-0020-3,0.66,mm,valid,simulator
DAM-A-RF-05,2026-07-01T01:40:00+08:00,1,evt-rf-0020-4,0,mm,valid,simulator
DAM-A-RF-01,2026-07-01T01:45:00+08:00,1,evt-rf-0021-0,0,mm,valid,simulator
DAM-A-RF-02,2026-07-01T01:45:00+08:00,1,evt-rf-0021-1,0,mm,valid,simulator
DAM-A-RF-03,2026-07-01T01:45:00+08:00,1,evt-rf-0021-2,0.13,mm,valid,simulator
DAM-A-RF-04,2026-07-01T01:45:00+08:00,1,evt-rf-0021-3,0.01,mm,valid,simulator
DAM-A-RF-05,2026-07-01T01:45:00+08:00,1,evt-rf-0021-4,0,mm,valid,simulator
DAM-A-RF-01,2026-07-01T01:50:00+08:00,1,evt-rf-0022-0,0,mm,valid,simulator
DAM-A-RF-02,2026-07-01T01:50:00+08:00,1,evt-rf-0022-1,0.72,mm,valid,simulator
DAM-A-RF-03,2026-07-01T01:50:00+08:00,1,evt-rf-0022-2,0,mm,valid,simulator
DAM-A-RF-04,2026-07-01T01:50:00+08:00,1,evt-rf-0022-3,0.77,mm,valid,simulator
DAM-A-RF-05,2026-07-01T01:50:00+08:00,1,evt-rf-0022-4,0.01,mm,valid,simulator
DAM-A-RF-01,2026-07-01T01:55:00+08:00,1,evt-rf-0023-0,0,mm,valid,simulator
DAM-A-RF-02,2026-07-01T01:55:00+08:00,1,evt-rf-0023-1,0.11,mm,valid,simulator
DAM-A-RF-03,2026-07-01T01:55:00+08:00,1,evt-rf-0023-2,0.31,mm,valid,simulator
DAM-A-RF-04,2026-07-01T01:55:00+08:00,1,evt-rf-0023-3,0.01,mm,valid,simulator
DAM-A-RF-05,2026-07-01T01:55:00+08:00,1,evt-rf-0023-4,0.61,mm,valid,simulator
DAM-A-RF-01,2026-07-01T02:00:00+08:00,1,evt-rf-0024-0,0.3,mm,valid,simulator
DAM-A-RF-02,2026-07-01T02:00:00+08:00,1,evt-rf-0024-1,0.23,mm,valid,simulator
DAM-A-RF-03,2026-07-01T02:00:00+08:00,1,evt-rf-0024-2,0.1,mm,valid,simulator
DAM-A-RF-04,2026-07-01T02:00:00+08:00,1,evt-rf-0024-3,0.41,mm,valid,simulator
DAM-A-RF-05,2026-07-01T02:00:00+08:00,1,evt-rf-0024-4,0,mm,valid,simulator
DAM-A-RF-01,2026-07-01T02:05:00+08:00,1,evt-rf-0025-0,0.46,mm,valid,simulator
DAM-A-RF-02,2026-07-01T02:05:00+08:00,1,evt-rf-0025-1,0.03,mm,valid,simulator
DAM-A-RF-03,2026-07-01T02:05:00+08:00,1,evt-rf-0025-2,0.35,mm,valid,simulator
DAM-A-RF-04,2026-07-01T02:05:00+08:00,1,evt-rf-0025-3,0.19,mm,valid,simulator
DAM-A-RF-05,2026-07-01T02:05:00+08:00,1,evt-rf-0025-4,0.56,mm,valid,simulator
DAM-A-RF-01,2026-07-01T02:10:00+08:00,1,evt-rf-0026-0,0.26,mm,valid,simulator
DAM-A-RF-02,2026-07-01T02:10:00+08:00,1,evt-rf-0026-1,0.58,mm,valid,simulator
DAM-A-RF-03,2026-07-01T02:10:00+08:00,1,evt-rf-0026-2,0,mm,valid,simulator
DAM-A-RF-04,2026-07-01T02:10:00+08:00,1,evt-rf-0026-3,0.21,mm,valid,simulator
DAM-A-RF-05,2026-07-01T02:10:00+08:00,1,evt-rf-0026-4,0.15,mm,valid,simulator
DAM-A-RF-01,2026-07-01T02:15:00+08:00,1,evt-rf-0027-0,0.9,mm,valid,simulator
DAM-A-RF-02,2026-07-01T02:15:00+08:00,1,evt-rf-0027-1,0.18,mm,valid,simulator
DAM-A-RF-03,2026-07-01T02:15:00+08:00,1,evt-rf-0027-2,0.5,mm,valid,simulator
DAM-A-RF-04,2026-07-01T02:15:00+08:00,1,evt-rf-0027-3,0.05,mm,valid,simulator
DAM-A-RF-05,2026-07-01T02:15:00+08:00,1,evt-rf-0027-4,0.21,mm,valid,simulator
DAM-A-RF-01,2026-07-01T02:20:00+08:00,1,evt-rf-0028-0,0.37,mm,valid,simulator
DAM-A-RF-02,2026-07-01T02:20:00+08:00,1,evt-rf-0028-1,0.25,mm,valid,simulator
DAM-A-RF-03,2026-07-01T02:20:00+08:00,1,evt-rf-0028-2,0.11,mm,valid,simulator
DAM-A-RF-04,2026-07-01T02:20:00+08:00,1,evt-rf-0028-3,0.2,mm,valid,simulator
DAM-A-RF-05,2026-07-01T02:20:00+08:00,1,evt-rf-0028-4,0.18,mm,valid,simulator
DAM-A-RF-01,2026-07-01T02:25:00+08:00,1,evt-rf-0029-0,0,mm,valid,simulator
DAM-A-RF-02,2026-07-01T02:25:00+08:00,1,evt-rf-0029-1,0.46,mm,valid,simulator
DAM-A-RF-03,2026-07-01T02:25:00+08:00,1,evt-rf-0029-2,0.01,mm,valid,simulator
DAM-A-RF-04,2026-07-01T02:25:00+08:00,1,evt-rf-0029-3,0.47,mm,valid,simulator
DAM-A-RF-05,2026-07-01T02:25:00+08:00,1,evt-rf-0029-4,0.41,mm,valid,simulator
DAM-A-RF-01,2026-07-01T02:30:00+08:00,1,evt-rf-0030-0,0.23,mm,valid,simulator
DAM-A-RF-02,2026-07-01T02:30:00+08:00,1,evt-rf-0030-1,0,mm,valid,simulator
DAM-A-RF-03,2026-07-01T02:30:00+08:00,1,evt-rf-0030-2,0,mm,valid,simulator
DAM-A-RF-04,2026-07-01T02:30:00+08:00,1,evt-rf-0030-3,0,mm,valid,simulator
DAM-A-RF-05,2026-07-01T02:30:00+08:00,1,evt-rf-0030-4,0,mm,valid,simulator
DAM-A-RF-01,2026-07-01T02:35:00+08:00,1,evt-rf-0031-0,0,mm,valid,simulator
DAM-A-RF-02,2026-07-01T02:35:00+08:00,1,evt-rf-0031-1,0,mm,valid,simulator
DAM-A-RF-03,2026-07-01T02:35:00+08:00,1,evt-rf-0031-2,0.43,mm,valid,simulator
DAM-A-RF-04,2026-07-01T02:35:00+08:00,1,evt-rf-0031-3,0,mm,valid,simulator
DAM-A-RF-05,2026-07-01T02:35:00+08:00,1,evt-rf-0031-4,0.32,mm,valid,simulator
DAM-A-RF-01,2026-07-01T02:40:00+08:00,1,evt-rf-0032-0,0.29,mm,valid,simulator
DAM-A-RF-02,2026-07-01T02:40:00+08:00,1,evt-rf-0032-1,0.15,mm,valid,simulator
DAM-A-RF-03,2026-07-01T02:40:00+08:00,1,evt-rf-0032-2,0.0,mm,valid,simulator
DAM-A-RF-04,2026-07-01T02:40:00+08:00,1,evt-rf-0032-3,0,mm,valid,simulator
DAM-A-RF-05,2026-07-01T02:40:00+08:00,1,evt-rf-0032-4,0.21,mm,valid,simulator
DAM-A-RF-01,2026-07-01T02:45:00+08:00,1,evt-rf-0033-0,0.07,mm,valid,simulator
DAM-A-RF-02,2026-07-01T02:45:00+08:00,1,evt-rf-0033-1,0.52,mm,valid,simulator
DAM-A-RF-03,2026-07-01T02:45:00+08:00,1,evt-rf-0033-2,0.32,mm,valid,simulator
DAM-A-RF-04,2026-07-01T02:45:00+08:00,1,evt-rf-0033-3,0.34,mm,valid,simulator
DAM-A-RF-05,2026-07-01T02:45:00+08:00,1,evt-rf-0033-4,0.07,mm,valid,simulator
DAM-A-RF-01,2026-07-01T02:50:00+08:00,1,evt-rf-0034-0,0,mm,valid,simulator
DAM-A-RF-02,2026-07-01T02:50:00+08:00,1,evt-rf-0034-1,0.03,mm,valid,simulator
DAM-A-RF-03,2026-07-01T02:50:00+08:00,1,evt-rf-0034-2,0.04,mm,valid,simulator
DAM-A-RF-04,2026-07-01T02:50:00+08:00,1,evt-rf-0034-3,0.46,mm,valid,simulator
DAM-A-RF-05,2026-07-01T02:50:00+08:00,1,evt-rf-0034-4,0.04,mm,valid,simulator
DAM-A-RF-01,2026-07-01T02:55:00+08:00,1,evt-rf-0035-0,0,mm,valid,simulator
DAM-A-RF-02,2026-07-01T02:55:00+08:00,1,evt-rf-0035-1,0.26,mm,valid,simulator
DAM-A-RF-03,2026-07-01T02:55:00+08:00,1,evt-rf-0035-2,0,mm,valid,simulator
DAM-A-RF-04,2026-07-01T02:55:00+08:00,1,evt-rf-0035-3,0.53,mm,valid,simulator
DAM-A-RF-05,2026-07-01T02:55:00+08:00,1,evt-rf-0035-4,0,mm,valid,simulator
DAM-A-RF-01,2026-07-01T03:00:00+08:00,1,evt-rf-0036-0,0.22,mm,valid,simulator
DAM-A-RF-02,2026-07-01T03:00:00+08:00,1,evt-rf-0036-1,0.05,mm,valid,simulator
DAM-A-RF-03,2026-07-01T03:00:00+08:00,1,evt-rf-0036-2,0,mm,valid,simulator
DAM-A-RF-04,2026-07-01T03:00:00+08:00,1,evt-rf-0036-3,0.01,mm,valid,simulator
DAM-A-RF-05,2026-07-01T03:00:00+08:00,1,evt-rf-0036-4,0,mm,valid,simulator
DAM-A-RF-01,2026-07-01T03:05:00+08:00,1,evt-rf-0037-0,8.22,mm,valid,simulator
DAM-A-RF-02,2026-07-01T03:05:00+08:00,1,evt-rf-0037-1,8.36,mm,valid,simulator
DAM-A-RF-03,2026-07-01T03:05:00+08:00,1,evt-rf-0037-2,8.41,mm,valid,simulator
DAM-A-RF-04,2026-07-01T03:05:00+08:00,1,evt-rf-0037-3,7.96,mm,valid,simulator
DAM-A-RF-05,2026-07-01T03:05:00+08:00,1,evt-rf-0037-4,8.66,mm,valid,simulator
DAM-A-RF-01,2026-07-01T03:10:00+08:00,1,evt-rf-0038-0,0.57,mm,valid,simulator
DAM-A-RF-02,2026-07-01T03:10:00+08:00,1,evt-rf-0038-1,0.68,mm,valid,simulator
DAM-A-RF-03,2026-07-01T03:10:00+08:00,1,evt-rf-0038-2,0.58,mm,valid,simulator
DAM-A-RF-04,2026-07-01T03:10:00+08:00,1,evt-rf-0038-3,0,mm,valid,simulator
DAM-A-RF-05,2026-07-01T03:10:00+08:00,1,evt-rf-0038-4,0.17,mm,valid,simulator
DAM-A-RF-01,2026-07-01T03:15:00+08:00,1,evt-rf-0039-0,0.22,mm,valid,simulator
DAM-A-RF-02,2026-07-01T03:15:00+08:00,1,evt-rf-0039-1,0.33,mm,valid,simulator
DAM-A-RF-03,2026-07-01T03:15:00+08:00,1,evt-rf-0039-2,0,mm,valid,simulator
DAM-A-RF-04,2026-07-01T03:15:00+08:00,1,evt-rf-0039-3,0,mm,valid,simulator
DAM-A-RF-05,2026-07-01T03:15:00+08:00,1,evt-rf-0039-4,0.99,mm,valid,simulator
DAM-A-RF-01,2026-07-01T03:20:00+08:00,1,evt-rf-0040-0,0.26,mm,valid,simulator
DAM-A-RF-02,2026-07-01T03:20:00+08:00,1,evt-rf-0040-1,0,mm,valid,simulator
DAM-A-RF-03,2026-07-01T03:20:00+08:00,1,evt-rf-0040-2,0.17,mm,valid,simulator
DAM-A-RF-04,2026-07-01T03:20:00+08:00,1,evt-rf-0040-3,0.28,mm,valid,simulator
DAM-A-RF-05,2026-07-01T03:20:00+08:00,1,evt-rf-0040-4,0,mm,valid,simulator
DAM-A-RF-01,2026-07-01T03:25:00+08:00,1,evt-rf-0041-0,0.05,mm,valid,simulator
DAM-A-RF-02,2026-07-01T03:25:00+08:00,1,evt-rf-0041-1,0.19,mm,valid,simulator
DAM-A-RF-03,2026-07-01T03:25:00+08:00,1,evt-rf-0041-2,0,mm,valid,simulator
DAM-A-RF-04,2026-07-01T03:25:00+08:00,1,evt-rf-0041-3,0.21,mm,valid,simulator
DAM-A-RF-05,2026-07-01T03:25:00+08:00,1,evt-rf-0041-4,0.29,mm,valid,simulator
DAM-A-RF-01,2026-07-01T03:30:00+08:00,1,evt-rf-0042-0,0.29,mm,valid,simulator
DAM-A-RF-02,2026-07-01T03:30:00+08:00,1,evt-rf-0042-1,0.05,mm,valid,simulator
DAM-A-RF-03,2026-07-01T03:30:00+08:00,1,evt-rf-0042-2,0,mm,valid,simulator
DAM-A-RF-04,2026-07-01T03:30:00+08:00,1,evt-rf-0042-3,0.1,mm,valid,simulator
DAM-A-RF-05,2026-07-01T03:30:00+08:00,1,evt-rf-0042-4,0.68,mm,valid,simulator
DAM-A-RF-01,2026-07-01T03:35:00+08:00,1,evt-rf-0043-0,0.4,mm,valid,simulator
DAM-A-RF-02,2026-07-01T03:35:00+08:00,1,evt-rf-0043-1,0,mm,valid,simulator
DAM-A-RF-03,2026-07-01T03:35:00+08:00,1,evt-rf-0043-2,0,mm,valid,simulator
DAM-A-RF-04,2026-07-01T03:35:00+08:00,1,evt-rf-0043-3,0.15,mm,valid,simulator
DAM-A-RF-05,2026-07-01T03:35:00+08:00,1,evt-rf-0043-4,0,mm,valid,simulator
DAM-A-RF-01,2026-07-01T03:40:00+08:00,1,evt-rf-0044-0,0.37,mm,valid,simulator
DAM-A-RF-02,2026-07-01T03:40:00+08:00,1,evt-rf-0044-1,0,mm,valid,simulator
DAM-A-RF-03,2026-07-01T03:40:00+08:00,1,evt-rf-0044-2,0.23,mm,valid,simulator
DAM-A-RF-04,2026-07-01T03:40:00+08:00,1,evt-rf-0044-3,0.19,mm,valid,simulator
DAM-A-RF-05,2026-07-01T03:40:00+08:00,1,evt-rf-0044-4,0.09,mm,valid,simulator
DAM-A-RF-01,2026-07-01T03:45:00+08:00,1,evt-rf-0045-0,0.09,mm,valid,simulator
DAM-A-RF-02,2026-07-01T03:45:00+08:00,1,evt-rf-0045-1,0.3,mm,valid,simulator
DAM-A-RF-03,2026-07-01T03:45:00+08:00,1,evt-rf-0045-2,0.17,mm,valid,simulator
DAM-A-RF-04,2026-07-01T03:45:00+08:00,1,evt-rf-0045-3,0,mm,valid,simulator
DAM-A-RF-05,2026-07-01T03:45:00+08:00,1,evt-rf-0045-4,0.26,mm,valid,simulator
DAM-A-RF-01,2026-07-01T03:50:00+08:00,1,evt-rf-0046-0,0.34,mm,valid,simulator
DAM-A-RF-02,2026-07-01T03:50:00+08:00,1,evt-rf-0046-1,0.32,mm,valid,simulator
DAM-A-RF-03,2026-07-01T03:50:00+08:00,1,evt-rf-0046-2,0.3,mm,valid,simulator
DAM-A-RF-04,2026-07-01T03:50:00+08:00,1,evt-rf-0046-3,0.52,mm,valid,simulator
DAM-A-RF-05,2026-07-01T03:50:00+08:00,1,evt-rf-0046-4,0.77,mm,valid,simulator
DAM-A-RF-01,2026-07-01T03:55:00+08:00,1,evt-rf-0047-0,0,mm,valid,simulator
DAM-A-RF-02,2026-07-01T03:55:00+08:00,1,evt-rf-0047-1,0.34,mm,valid,simulator
DAM-A-RF-03,2026-07-01T03:55:00+08:00,1,evt-rf-0047-2,0.32,mm,valid,simulator
DAM-A-RF-04,2026-07-01T03:55:00+08:00,1,evt-rf-0047-3,0.24,mm,valid,simulator
DAM-A-RF-05,2026-07-01T03:55:00+08:00,1,evt-rf-0047-4,0,mm,valid,simulator
DAM-A-RF-01,2026-07-01T04:00:00+08:00,1,evt-rf-0048-0,0.38,mm,valid,simulator
DAM-A-RF-02,2026-07-01T04:00:00+08:00,1,evt-rf-0048-1,0.18,mm,valid,simulator
DAM-A-RF-03,2026-07-01T04:00:00+08:00,1,evt-rf-0048-2,0,mm,valid,simulator
DAM-A-RF-04,2026-07-01T04:00:00+08:00,1,evt-rf-0048-3,0.44,mm,valid,simulator
DAM-A-RF-05,2026-07-01T04:00:00+08:00,1,evt-rf-0048-4,0.17,mm,valid,simulator
DAM-A-RF-01,2026-07-01T04:05:00+08:00,1,evt-rf-0049-0,0,mm,valid,simulator
DAM-A-RF-02,2026-07-01T04:05:00+08:00,1,evt-rf-0049-1,0.23,mm,valid,simulator
DAM-A-RF-03,2026-07-01T04:05:00+08:00,1,evt-rf-0049-2,0.23,mm,valid,simulator
DAM-A-RF-04,2026-07-01T04:05:00+08:00,1,evt-rf-0049-3,0.06,mm,valid,simulator
DAM-A-RF-05,2026-07-01T04:05:00+08:00,1,evt-rf-0049-4,0.0,mm,valid,simulator
DAM-A-RF-01,2026-07-01T04:10:00+08:00,1,evt-rf-0050-0,0.34,mm,valid,simulator
DAM-A-RF-02,2026-07-01T04:10:00+08:00,1,evt-rf-0050-1,0.26,mm,valid,simulator
DAM-A-RF-03,2026-07-01T04:10:00+08:00,1,evt-rf-0050-2,0.19,mm,valid,simulator
DAM-A-RF-04,2026-07-01T04:10:00+08:00,1,evt-rf-0050-3,0.04,mm,valid,simulator
DAM-A-RF-05,2026-07-01T04:10:00+08:00,1,evt-rf-0050-4,0.15,mm,valid,simulator
DAM-A-RF-01,2026-07-01T04:15:00+08:00,1,evt-rf-0051-0,0,mm,valid,simulator
DAM-A-RF-02,2026-07-01T04:15:00+08:00,1,evt-rf-0051-1,0.36,mm,valid,simulator
DAM-A-RF-03,2026-07-01T04:15:00+08:00,1,evt-rf-0051-2,0,mm,valid,simulator
DAM-A-RF-04,2026-07-01T04:15:00+08:00,1,evt-rf-0051-3,0.24,mm,valid,simulator
DAM-A-RF-05,2026-07-01T04:15:00+08:00,1,evt-rf-0051-4,0.04,mm,valid,simulator
DAM-A-RF-01,2026-07-01T04:20:00+08:00,1,evt-rf-0052-0,0,mm,valid,simulator
DAM-A-RF-02,2026-07-01T04:20:00+08:00,1,evt-rf-0052-1,0,mm,valid,simulator
DAM-A-RF-03,2026-07-01T04:20:00+08:00,1,evt-rf-0052-2,0.1,mm,valid,simulator
DAM-A-RF-04,2026-07-01T04:20:00+08:00,1,evt-rf-0052-3,0.31,mm,valid,simulator
DAM-A-RF-05,2026-07-01T04:20:00+08:00,1,evt-rf-0052-4,0.5,mm,valid,simulator
DAM-A-RF-01,2026-07-01T04:25:00+08:00,1,evt-rf-0053-0,0,mm,valid,simulator
DAM-A-RF-02,2026-07-01T04:25:00+08:00,1,evt-rf-0053-1,0.54,mm,valid,simulator
DAM-A-RF-03,2026-07-01T04:25:00+08:00,1,evt-rf-0053-2,0.44,mm,valid,simulator
DAM-A-RF-04,2026-07-01T04:25:00+08:00,1,evt-rf-0053-3,0.51,mm,valid,simulator
DAM-A-RF-05,2026-07-01T04:25:00+08:00,1,evt-rf-0053-4,0.19,mm,valid,simulator
DAM-A-RF-01,2026-07-01T04:30:00+08:00,1,evt-rf-0054-0,0.32,mm,valid,simulator
DAM-A-RF-02,2026-07-01T04:30:00+08:00,1,evt-rf-0054-1,0.45,mm,valid,simulator
DAM-A-RF-03,2026-07-01T04:30:00+08:00,1,evt-rf-0054-2,0.39,mm,valid,simulator
DAM-A-RF-04,2026-07-01T04:30:00+08:00,1,evt-rf-0054-3,0,mm,valid,simulator
DAM-A-RF-05,2026-07-01T04:30:00+08:00,1,evt-rf-0054-4,0.0,mm,valid,simulator
DAM-A-RF-01,2026-07-01T04:35:00+08:00,1,evt-rf-0055-0,0,mm,valid,simulator
DAM-A-RF-02,2026-07-01T04:35:00+08:00,1,evt-rf-0055-1,0.03,mm,valid,simulator
DAM-A-RF-03,2026-07-01T04:35:00+08:00,1,evt-rf-0055-2,0,mm,valid,simulator
DAM-A-RF-04,2026-07-01T04:35:00+08:00,1,evt-rf-0055-3,0,mm,valid,simulator
DAM-A-RF-05,2026-07-01T04:35:00+08:00,1,evt-rf-0055-4,0.05,mm,valid,simulator
DAM-A-RF-01,2026-07-01T04:40:00+08:00,1,evt-rf-0056-0,0.23,mm,valid,simulator
DAM-A-RF-02,2026-07-01T04:40:00+08:00,1,evt-rf-0056-1,0,mm,valid,simulator
DAM-A-RF-03,2026-07-01T04:40:00+08:00,1,evt-rf-0056-2,0,mm,valid,simulator
DAM-A-RF-04,2026-07-01T04:40:00+08:00,1,evt-rf-0056-3,0,mm,valid,simulator
DAM-A-RF-05,2026-07-01T04:40:00+08:00,1,evt-rf-0056-4,0.23,mm,valid,simulator
DAM-A-RF-01,2026-07-01T04:45:00+08:00,1,evt-rf-0057-0,0.5,mm,valid,simulator
DAM-A-RF-02,2026-07-01T04:45:00+08:00,1,evt-rf-0057-1,0,mm,valid,simulator
DAM-A-RF-03,2026-07-01T04:45:00+08:00,1,evt-rf-0057-2,0,mm,valid,simulator
DAM-A-RF-04,2026-07-01T04:45:00+08:00,1,evt-rf-0057-3,0.62,mm,valid,simulator
DAM-A-RF-05,2026-07-01T04:45:00+08:00,1,evt-rf-0057-4,0.21,mm,valid,simulator
DAM-A-RF-01,2026-07-01T04:50:00+08:00,1,evt-rf-0058-0,0.21,mm,valid,simulator
DAM-A-RF-02,2026-07-01T04:50:00+08:00,1,evt-rf-0058-1,0.59,mm,valid,simulator
DAM-A-RF-03,2026-07-01T04:50:00+08:00,1,evt-rf-0058-2,0,mm,valid,simulator
DAM-A-RF-04,2026-07-01T04:50:00+08:00,1,evt-rf-0058-3,0.08,mm,valid,simulator
DAM-A-RF-05,2026-07-01T04:50:00+08:00,1,evt-rf-0058-4,0.01,mm,valid,simulator
DAM-A-RF-01,2026-07-01T04:55:00+08:00,1,evt-rf-0059-0,0.34,mm,valid,simulator
DAM-A-RF-02,2026-07-01T04:55:00+08:00,1,evt-rf-0059-1,0.64,mm,valid,simulator
DAM-A-RF-03,2026-07-01T04:55:00+08:00,1,evt-rf-0059-2,0.32,mm,valid,simulator
DAM-A-RF-04,2026-07-01T04:55:00+08:00,1,evt-rf-0059-3,0,mm,valid,simulator
DAM-A-RF-05,2026-07-01T04:55:00+08:00,1,evt-rf-0059-4,0,mm,valid,simulator
DAM-A-RF-01,2026-07-01T05:00:00+08:00,1,evt-rf-0060-0,0.31,mm,valid,simulator
DAM-A-RF-02,2026-07-01T05:00:00+08:00,1,evt-rf-0060-1,0.76,mm,valid,simulator
DAM-A-RF-03,2026-07-01T05:00:00+08:00,1,evt-rf-0060-2,0,mm,valid,simulator
DAM-A-RF-04,2026-07-01T05:00:00+08:00,1,evt-rf-0060-3,0,mm,valid,simulator
DAM-A-RF-05,2026-07-01T05:00:00+08:00,1,evt-rf-0060-4,0.2,mm,valid,simulator
DAM-A-RF-01,2026-07-01T05:05:00+08:00,1,evt-rf-0061-0,0,mm,valid,simulator
DAM-A-RF-02,2026-07-01T05:05:00+08:00,1,evt-rf-0061-1,0.19,mm,valid,simulator
DAM-A-RF-03,2026-07-01T05:05:00+08:00,1,evt-rf-0061-2,0.28,mm,valid,simulator
DAM-A-RF-04,2026-07-01T05:05:00+08:00,1,evt-rf-0061-3,0.56,mm,valid,simulator
DAM-A-RF-05,2026-07-01T05:05:00+08:00,1,evt-rf-0061-4,0.27,mm,valid,simulator
DAM-A-RF-01,2026-07-01T05:10:00+08:00,1,evt-rf-0062-0,0.28,mm,valid,simulator
DAM-A-RF-02,2026-07-01T05:10:00+08:00,1,evt-rf-0062-1,0,mm,valid,simulator
DAM-A-RF-03,2026-07-01T05:10:00+08:00,1,evt-rf-0062-2,0.32,mm,valid,simulator
DAM-A-RF-04,2026-07-01T05:10:00+08:00,1,evt-rf-0062-3,0.64,mm,valid,simulator
DAM-A-RF-05,2026-07-01T05:10:00+08:00,1,evt-rf-0062-4,0.39,mm,valid,simulator
DAM-A-RF-01,2026-07-01T05:15:00+08:00,1,evt-rf-0063-0,0.34,mm,valid,simulator
DAM-A-RF-02,2026-07-01T05:15:00+08:00,1,evt-rf-0063-1,0.02,mm,valid,simulator
DAM-A-RF-03,2026-07-01T05:15:00+08:00,1,evt-rf-0063-2,0,mm,valid,simulator
DAM-A-RF-04,2026-07-01T05:15:00+08:00,1,evt-rf-0063-3,0.74,mm,valid,simulator
DAM-A-RF-05,2026-07-01T05:15:00+08:00,1,evt-rf-0063-4,0,mm,valid,simulator
DAM-A-RF-01,2026-07-01T05:20:00+08:00,1,evt-rf-0064-0,0.03,mm,valid,simulator
DAM-A-RF-02,2026-07-01T05:20:00+08:00,1,evt-rf-0064-1,0.43,mm,valid,simulator
DAM-A-RF-03,2026-07-01T05:20:00+08:00,1,evt-rf-0064-2,0,mm,valid,simulator
DAM-A-RF-04,2026-07-01T05:20:00+08:00,1,evt-rf-0064-3,0.51,mm,valid,simulator
DAM-A-RF-05,2026-07-01T05:20:00+08:00,1,evt-rf-0064-4,0.01,mm,valid,simulator
DAM-A-RF-01,2026-07-01T05:25:00+08:00,1,evt-rf-0065-0,0,mm,valid,simulator
DAM-A-RF-02,2026-07-01T05:25:00+08:00,1,evt-rf-0065-1,0,mm,valid,simulator
DAM-A-RF-03,2026-07-01T05:25:00+08:00,1,evt-rf-0065-2,0,mm,valid,simulator
DAM-A-RF-04,2026-07-01T05:25:00+08:00,1,evt-rf-0065-3,0.03,mm,valid,simulator
DAM-A-RF-05,2026-07-01T05:25:00+08:00,1,evt-rf-0065-4,0,mm,valid,simulator
DAM-A-RF-01,2026-07-01T05:30:00+08:00,1,evt-rf-0066-0,0.05,mm,valid,simulator
DAM-A-RF-02,2026-07-01T05:30:00+08:00,1,evt-rf-0066-1,0,mm,valid,simulator
DAM-A-RF-03,2026-07-01T05:30:00+08:00,1,evt-rf-0066-2,0.31,mm,valid,simulator
DAM-A-RF-04,2026-07-01T05:30:00+08:00,1,evt-rf-0066-3,0.13,mm,valid,simulator
DAM-A-RF-05,2026-07-01T05:30:00+08:00,1,evt-rf-0066-4,0,mm,valid,simulator
DAM-A-RF-01,2026-07-01T05:35:00+08:00,1,evt-rf-0067-0,0.17,mm,valid,simulator
DAM-A-RF-02,2026-07-01T05:35:00+08:00,1,evt-rf-0067-1,0.76,mm,valid,simulator
DAM-A-RF-03,2026-07-01T05:35:00+08:00,1,evt-rf-0067-2,0.21,mm,valid,simulator
DAM-A-RF-04,2026-07-01T05:35:00+08:00,1,evt-rf-0067-3,0.18,mm,valid,simulator
DAM-A-RF-05,2026-07-01T05:35:00+08:00,1,evt-rf-0067-4,0.06,mm,valid,simulator
DAM-A-RF-01,2026-07-01T05:40:00+08:00,1,evt-rf-0068-0,0.03,mm,valid,simulator
DAM-A-RF-02,2026-07-01T05:40:00+08:00,1,evt-rf-0068-1,0.76,mm,valid,simulator
DAM-A-RF-03,2026-07-01T05:40:00+08:00,1,evt-rf-0068-2,0.15,mm,valid,simulator
DAM-A-RF-04,2026-07-01T05:40:00+08:00,1,evt-rf-0068-3,0.71,mm,valid,simulator
DAM-A-RF-05,2026-07-01T05:40:00+08:00,1,evt-rf-0068-4,0,mm,valid,simulator
DAM-A-RF-01,2026-07-01T05:45:00+08:00,1,evt-rf-0069-0,0,mm,valid,simulator
DAM-A-RF-02,2026-07-01T05:45:00+08:00,1,evt-rf-0069-1,0.69,mm,valid,simulator
DAM-A-RF-03,2026-07-01T05:45:00+08:00,1,evt-rf-0069-2,0,mm,valid,simulator
DAM-A-RF-04,2026-07-01T05:45:00+08:00,1,evt-rf-0069-3,0,mm,valid,simulator
DAM-A-RF-05,2026-07-01T05:45:00+08:00,1,evt-rf-0069-4,0.69,mm,valid,simulator
DAM-A-RF-01,2026-07-01T05:50:00+08:00,1,evt-rf-0070-0,0.08,mm,valid,simulator
DAM-A-RF-02,2026-07-01T05:50:00+08:00,1,evt-rf-0070-1,0.29,mm,valid,simulator
DAM-A-RF-03,2026-07-01T05:50:00+08:00,1,evt-rf-0070-2,0.27,mm,valid,simulator
DAM-A-RF-04,2026-07-01T05:50:00+08:00,1,evt-rf-0070-3,0,mm,valid,simulator
DAM-A-RF-05,2026-07-01T05:50:00+08:00,1,evt-rf-0070-4,0.36,mm,valid,simulator
DAM-A-RF-01,2026-07-01T05:55:00+08:00,1,evt-rf-0071-0,0.26,mm,valid,simulator
DAM-A-RF-02,2026-07-01T05:55:00+08:00,1,evt-rf-0071-1,0.47,mm,valid,simulator
DAM-A-RF-03,2026-07-01T05:55:00+08:00,1,evt-rf-0071-2,0,mm,valid,simulator
DAM-A-RF-04,2026-07-01T05:55:00+08:00,1,evt-rf-0071-3,0.05,mm,valid,simulator
DAM-A-RF-05,2026-07-01T05:55:00+08:00,1,evt-rf-0071-4,0,mm,valid,simulator
DAM-A-RF-01,2026-07-01T06:00:00+08:00,1,evt-rf-0072-0,0.56,mm,valid,simulator
DAM-A-RF-02,2026-07-01T06:00:00+08:00,1,evt-rf-0072-1,0.36,mm,valid,simulator
DAM-A-RF-03,2026-07-01T06:00:00+08:00,1,evt-rf-0072-2,0,mm,valid,simulator
DAM-A-RF-04,2026-07-01T06:00:00+08:00,1,evt-rf-0072-3,0.44,mm,valid,simulator
DAM-A-RF-05,2026-07-01T06:00:00+08:00,1,evt-rf-0072-4,0.11,mm,valid,simulator
DAM-A-RF-01,2026-07-01T06:05:00+08:00,1,evt-rf-0073-0,0,mm,valid,simulator
DAM-A-RF-02,2026-07-01T06:05:00+08:00,1,evt-rf-0073-1,0.26,mm,valid,simulator
DAM-A-RF-03,2026-07-01T06:05:00+08:00,1,evt-rf-0073-2,0.29,mm,valid,simulator
DAM-A-RF-04,2026-07-01T06:05:00+08:00,1,evt-rf-0073-3,0.47,mm,valid,simulator
DAM-A-RF-05,2026-07-01T06:05:00+08:00,1,evt-rf-0073-4,0.36,mm,valid,simulator
DAM-A-RF-01,2026-07-01T06:10:00+08:00,1,evt-rf-0074-0,8.58,mm,valid,simulator
DAM-A-RF-02,2026-07-01T06:10:00+08:00,1,evt-rf-0074-1,8.25,mm,valid,simulator
DAM-A-RF-03,2026-07-01T06:10:00+08:00,1,evt-rf-0074-2,8.48,mm,valid,simulator
DAM-A-RF-04,2026-07-01T06:10:00+08:00,1,evt-rf-0074-3,8.33,mm,valid,simulator
DAM-A-RF-05,2026-07-01T06:10:00+08:00,1,evt-rf-0074-4,8.52,mm,valid,simulator
DAM-A-RF-01,2026-07-01T06:15:00+08:00,1,evt-rf-0075-0,0,mm,valid,simulator
DAM-A-RF-02,2026-07-01T06:15:00+08:00,1,evt-rf-0075-1,0,mm,valid,simulator
DAM-A-RF-03,2026-07-01T06:15:00+08:00,1,evt-rf-0075-2,0.39,mm,valid,simulator
DAM-A-RF-04,2026-07-01T06:15:00+08:00,1,evt-rf-0075-3,0.16,mm,valid,simulator
DAM-A-RF-05,2026-07-01T06:15:00+08:00,1,evt-rf-0075-4,0,mm,valid,simulator
DAM-A-RF-01,2026-07-01T06:20:00+08:00,1,evt-rf-0076-0,0.31,mm,valid,simulator
DAM-A-RF-02,2026-07-01T06:20:00+08:00,1,evt-rf-0076-1,0.2,mm,valid,simulator
DAM-A-RF-03,2026-07-01T06:20:00+08:00,1,evt-rf-0076-2,0.68,mm,valid,simulator
DAM-A-RF-04,2026-07-01T06:20:00+08:00,1,evt-rf-0076-3,0.19,mm,valid,simulator
DAM-A-RF-05,2026-07-01T06:20:00+08:00,1,evt-rf-0076-4,0.15,mm,valid,simulator
DAM-A-RF-01,2026-07-01T06:25:00+08:00,1,evt-rf-0077-0,0.36,mm,valid,simulator
DAM-A-RF-02,2026-07-01T06:25:00+08:00,1,evt-rf-0077-1,0.41,mm,valid,simulator
DAM-A-RF-03,2026-07-01T06:25:00+08:00,1,evt-rf-0077-2,0,mm,valid,simulator
DAM-A-RF-04,2026-07-01T06:25:00+08:00,1,evt-rf-0077-3,0.83,mm,valid,simulator
DAM-A-RF-05,2026-07-01T06:25:00+08:00,1,evt-rf-0077-4,0,mm,valid,simulator
DAM-A-RF-01,2026-07-01T06:30:00+08:00,1,evt-rf-0078-0,0.14,mm,valid,simulator
DAM-A-RF-02,2026-07-01T06:30:00+08:00,1,evt-rf-0078-1,0.52,mm,valid,simulator
DAM-A-RF-03,2026-07-01T06:30:00+08:00,1,evt-rf-0078-2,0.36,mm,valid,simulator
DAM-A-RF-04,2026-07-01T06:30:00+08:00,1,evt-rf-0078-3,0.13,mm,valid,simulator
DAM-A-RF-05,2026-07-01T06:30:00+08:00,1,evt-rf-0078-4,0,mm,valid,simulator
DAM-A-RF-01,2026-07-01T06:35:00+08:00,1,evt-rf-0079-0,0,mm,valid,simulator
DAM-A-RF-02,2026-07-01T06:35:00+08:00,1,evt-rf-0079-1,0.41,mm,valid,simulator
DAM-A-RF-03,2026-07-01T06:35:00+08:00,1,evt-rf-0079-2,0.65,mm,valid,simulator
DAM-A-RF-04,2026-07-01T06:35:00+08:00,1,evt-rf-0079-3,0.54,mm,valid,simulator
DAM-A-RF-05,2026-07-01T06:35:00+08:00,1,evt-rf-0079-4,0.32,mm,valid,simulator
DAM-A-RF-01,2026-07-01T06:40:00+08:00,1,evt-rf-0080-0,0,mm,valid,simulator
DAM-A-RF-02,2026-07-01T06:40:00+08:00,1,evt-rf-0080-1,0,mm,valid,simulator
DAM-A-RF-03,2026-07-01T06:40:00+08:00,1,evt-rf-0080-2,0.24,mm,valid,simulator
DAM-A-RF-04,2026-07-01T06:40:00+08:00,1,evt-rf-0080-3,0.27,mm,valid,simulator
DAM-A-RF-05,2026-07-01T06:40:00+08:00,1,evt-rf-0080-4,0.11,mm,valid,simulator
DAM-A-RF-01,2026-07-01T06:45:00+08:00,1,evt-rf-0081-0,0.14,mm,valid,simulator
DAM-A-RF-02,2026-07-01T06:45:00+08:00,1,evt-rf-0081-1,0.29,mm,valid,simulator
DAM-A-RF-03,2026-07-01T06:45:00+08:00,1,evt-rf-0081-2,0.21,mm,valid,simulator
DAM-A-RF-04,2026-07-01T06:45:00+08:00,1,evt-rf-0081-3,0.01,mm,valid,simulator
DAM-A-RF-05,2026-07-01T06:45:00+08:00,1,evt-rf-0081-4,0.34,mm,valid,simulator
DAM-A-RF-01,2026-07-01T06:50:00+08:00,1,evt-rf-0082-0,0.17,mm,valid,simulator
DAM-A-RF-02,2026-07-01T06:50:00+08:00,1,evt-rf-0082-1,0.24,mm,valid,simulator
DAM-A-RF-03,2026-07-01T06:50:00+08:00,1,evt-rf-0082-2,0,mm,valid,simulator
DAM-A-RF-04,2026-07-01T06:50:00+08:00,1,evt-rf-0082-3,0.7,mm,valid,simulator
DAM-A-RF-05,2026-07-01T06:50:00+08:00,1,evt-rf-0082-4,0.38,mm,valid,simulator
DAM-A-RF-01,2026-07-01T06:55:00+08:00,1,evt-rf-0083-0,0.57,mm,valid,simulator
DAM-A-RF-02,2026-07-01T06:55:00+08:00,1,evt-rf-0083-1,0.17,mm,valid,simulator
DAM-A-RF-03,2026-07-01T06:55:00+08:00,1,evt-rf-0083-2,0.55,mm,valid,simulator
DAM-A-RF-04,2026-07-01T06:55:00+08:00,1,evt-rf-0083-3,0.2,mm,valid,simulator
DAM-A-RF-05,2026-07-01T06:55:00+08:00,1,evt-rf-0083-4,0.49,mm,valid,simulator
DAM-A-RF-01,2026-07-01T07:00:00+08:00,1,evt-rf-0084-0,0.3,mm,valid,simulator
DAM-A-RF-02,2026-07-01T07:00:00+08:00,1,evt-rf-0084-1,0,mm,valid,simulator
DAM-A-RF-03,2026-07-01T07:00:00+08:00,1,evt-rf-0084-2,0.23,mm,valid,simulator
DAM-A-RF-04,2026-07-01T07:00:00+08:00,1,evt-rf-0084-3,0.31,mm,valid,simulator
DAM-A-RF-05,2026-07-01T07:00:00+08:00,1,evt-rf-0084-4,0,mm,valid,simulator
DAM-A-RF-01,2026-07-01T07:05:00+08:00,1,evt-rf-0085-0,0.5,mm,valid,simulator
DAM-A-RF-02,2026-07-01T07:05:00+08:00,1,evt-rf-0085-1,0.51,mm,valid,simulator
DAM-A-RF-03,2026-07-01T07:05:00+08:00,1,evt-rf-0085-2,0.36,mm,valid,simulator
DAM-A-RF-04,2026-07-01T07:05:00+08:00,1,evt-rf-0085-3,0.17,mm,valid,simulator
DAM-A-RF-05,2026-07-01T07:05:00+08:00,1,evt-rf-0085-4,0.55,mm,valid,simulator
DAM-A-RF-01,2026-07-01T07:10:00+08:00,1,evt-rf-0086-0,0.54,mm,valid,simulator
DAM-A-RF-02,2026-07-01T07:10:00+08:00,1,evt-rf-0086-1,0,mm,valid,simulator
DAM-A-RF-03,2026-07-01T07:10:00+08:00,1,evt-rf-0086-2,0.55,mm,valid,simulator
DAM-A-RF-04,2026-07-01T07:10:00+08:00,1,evt-rf-0086-3,0.34,mm,valid,simulator
DAM-A-RF-05,2026-07-01T07:10:00+08:00,1,evt-rf-0086-4,0.58,mm,valid,simulator
DAM-A-RF-01,2026-07-01T07:15:00+08:00,1,evt-rf-0087-0,0.41,mm,valid,simulator
DAM-A-RF-02,2026-07-01T07:15:00+08:00,1,evt-rf-0087-1,0.32,mm,valid,simulator
DAM-A-RF-03,2026-07-01T07:15:00+08:00,1,evt-rf-0087-2,0,mm,valid,simulator
DAM-A-RF-04,2026-07-01T07:15:00+08:00,1,evt-rf-0087-3,0.41,mm,valid,simulator
DAM-A-RF-05,2026-07-01T07:15:00+08:00,1,evt-rf-0087-4,0.55,mm,valid,simulator
DAM-A-RF-01,2026-07-01T07:20:00+08:00,1,evt-rf-0088-0,0.21,mm,valid,simulator
DAM-A-RF-02,2026-07-01T07:20:00+08:00,1,evt-rf-0088-1,0.5,mm,valid,simulator
DAM-A-RF-03,2026-07-01T07:20:00+08:00,1,evt-rf-0088-2,0,mm,valid,simulator
DAM-A-RF-04,2026-07-01T07:20:00+08:00,1,evt-rf-0088-3,0.2,mm,valid,simulator
DAM-A-RF-05,2026-07-01T07:20:00+08:00,1,evt-rf-0088-4,0,mm,valid,simulator
DAM-A-RF-01,2026-07-01T07:25:00+08:00,1,evt-rf-0089-0,0,mm,valid,simulator
DAM-A-RF-02,2026-07-01T07:25:00+08:00,1,evt-rf-0089-1,0,mm,valid,simulator
DAM-A-RF-03,2026-07-01T07:25:00+08:00,1,evt-rf-0089-2,0.14,mm,valid,simulator
DAM-A-RF-04,2026-07-01T07:25:00+08:00,1,evt-rf-0089-3,0.04,mm,valid,simulator
DAM-A-RF-05,2026-07-01T07:25:00+08:00,1,evt-rf-0089-4,0.35,mm,valid,simulator
DAM-A-RF-01,2026-07-01T07:30:00+08:00,1,evt-rf-0090-0,0.22,mm,valid,simulator
DAM-A-RF-02,2026-07-01T07:30:00+08:00,1,evt-rf-0090-1,0.5,mm,valid,simulator
DAM-A-RF-03,2026-07-01T07:30:00+08:00,1,evt-rf-0090-2,0,mm,valid,simulator
DAM-A-RF-04,2026-07-01T07:30:00+08:00,1,evt-rf-0090-3,0.11,mm,valid,simulator
DAM-A-RF-05,2026-07-01T07:30:00+08:00,1,evt-rf-0090-4,0.07,mm,valid,simulator
DAM-A-RF-01,2026-07-01T07:35:00+08:00,1,evt-rf-0091-0,0.55,mm,valid,simulator
DAM-A-RF-02,2026-07-01T07:35:00+08:00,1,evt-rf-0091-1,0.74,mm,valid,simulator
DAM-A-RF-03,2026-07-01T07:35:00+08:00,1,evt-rf-0091-2,0.02,mm,valid,simulator
DAM-A-RF-04,2026-07-01T07:35:00+08:00,1,evt-rf-0091-3,0.72,mm,valid,simulator
DAM-A-RF-05,2026-07-01T07:35:00+08:00,1,evt-rf-0091-4,0.04,mm,valid,simulator
DAM-A-RF-01,2026-07-01T07:40:00+08:00,1,evt-rf-0092-0,0.39,mm,valid,simulator
DAM-A-RF-02,2026-07-01T07:40:00+08:00,1,evt-rf-0092-1,0.42,mm,valid,simulator
DAM-A-RF-03,2026-07-01T07:40:00+08:00,1,evt-rf-0092-2,0,mm,valid,simulator
DAM-A-RF-04,2026-07-01T07:40:00+08:00,1,evt-rf-0092-3,0,mm,valid,simulator
DAM-A-RF-05,2026-07-01T07:40:00+08:00,1,evt-rf-0092-4,0,mm,valid,simulator
DAM-A-RF-01,2026-07-01T07:45:00+08:00,1,evt-rf-0093-0,0.16,mm,valid,simulator
DAM-A-RF-02,2026-07-01T07:45:00+08:00,1,evt-rf-0093-1,0,mm,valid,simulator
DAM-A-RF-03,2026-07-01T07:45:00+08:00,1,evt-rf-0093-2,0,mm,valid,simulator
DAM-A-RF-04,2026-07-01T07:45:00+08:00,1,evt-rf-0093-3,0.11,mm,valid,simulator
DAM-A-RF-05,2026-07-01T07:45:00+08:00,1,evt-rf-0093-4,0.6,mm,valid,simulator
DAM-A-RF-01,2026-07-01T07:50:00+08:00,1,evt-rf-0094-0,0,mm,valid,simulator
DAM-A-RF-02,2026-07-01T07:50:00+08:00,1,evt-rf-0094-1,0.09,mm,valid,simulator
DAM-A-RF-03,2026-07-01T07:50:00+08:00,1,evt-rf-0094-2,0.55,mm,valid,simulator
DAM-A-RF-04,2026-07-01T07:50:00+08:00,1,evt-rf-0094-3,0.17,mm,valid,simulator
DAM-A-RF-05,2026-07-01T07:50:00+08:00,1,evt-rf-0094-4,0.39,mm,valid,simulator
DAM-A-RF-01,2026-07-01T07:55:00+08:00,1,evt-rf-0095-0,0.61,mm,valid,simulator
DAM-A-RF-02,2026-07-01T07:55:00+08:00,1,evt-rf-0095-1,0.21,mm,valid,simulator
DAM-A-RF-03,2026-07-01T07:55:00+08:00,1,evt-rf-0095-2,0,mm,valid,simulator
DAM-A-RF-04,2026-07-01T07:55:00+08:00,1,evt-rf-0095-3,0,mm,valid,simulator
DAM-A-RF-05,2026-07-01T07:55:00+08:00,1,evt-rf-0095-4,0.56,mm,valid,simulator
DAM-A-RF-01,2026-07-01T08:00:00+08:00,1,evt-rf-0096-0,0.25,mm,valid,simulator
DAM-A-RF-02,2026-07-01T08:00:00+08:00,1,evt-rf-0096-1,0.38,mm,valid,simulator
DAM-A-RF-03,2026-07-01T08:00:00+08:00,1,evt-rf-0096-2,0,mm,valid,simulator
DAM-A-RF-04,2026-07-01T08:00:00+08:00,1,evt-rf-0096-3,0,mm,valid,simulator
DAM-A-RF-05,2026-07-01T08:00:00+08:00,1,evt-rf-0096-4,0.56,mm,valid,simulator
DAM-A-RF-01,2026-07-01T08:05:00+08:00,1,evt-rf-0097-0,0,mm,valid,simulator
DAM-A-RF-02,2026-07-01T08:05:00+08:00,1,evt-rf-0097-1,0.52,mm,valid,simulator
DAM-A-RF-03,2026-07-01T08:05:00+08:00,1,evt-rf-0097-2,0.05,mm,valid,simulator
DAM-A-RF-04,2026-07-01T08:05:00+08:00,1,evt-rf-0097-3,0.1,mm,valid,simulator
DAM-A-RF-05,2026-07-01T08:05:00+08:00,1,evt-rf-0097-4,0,mm,valid,simulator
DAM-A-RF-01,2026-07-01T08:10:00+08:00,1,evt-rf-0098-0,0.12,mm,valid,simulator
DAM-A-RF-02,2026-07-01T08:10:00+08:00,1,evt-rf-0098-1,0.15,mm,valid,simulator
DAM-A-RF-03,2026-07-01T08:10:00+08:00,1,evt-rf-0098-2,0,mm,valid,simulator
DAM-A-RF-04,2026-07-01T08:10:00+08:00,1,evt-rf-0098-3,0.77,mm,valid,simulator
DAM-A-RF-05,2026-07-01T08:10:00+08:00,1,evt-rf-0098-4,0.23,mm,valid,simulator
DAM-A-RF-01,2026-07-01T08:15:00+08:00,1,evt-rf-0099-0,0.0,mm,valid,simulator
DAM-A-RF-02,2026-07-01T08:15:00+08:00,1,evt-rf-0099-1,0.39,mm,valid,simulator
DAM-A-RF-03,2026-07-01T08:15:00+08:00,1,evt-rf-0099-2,0,mm,valid,simulator
DAM-A-RF-04,2026-07-01T08:15:00+08:00,1,evt-rf-0099-3,0,mm,valid,simulator
DAM-A-RF-05,2026-07-01T08:15:00+08:00,1,evt-rf-0099-4,0.18,mm,valid,simulator
DAM-A-RF-01,2026-07-01T08:20:00+08:00,1,evt-rf-0100-0,0.1,mm,valid,simulator
DAM-A-RF-02,2026-07-01T08:20:00+08:00,1,evt-rf-0100-1,0.29,mm,valid,simulator
DAM-A-RF-03,2026-07-01T08:20:00+08:00,1,evt-rf-0100-2,0.38,mm,valid,simulator
DAM-A-RF-04,2026-07-01T08:20:00+08:00,1,evt-rf-0100-3,0.5,mm,valid,simulator
DAM-A-RF-05,2026-07-01T08:20:00+08:00,1,evt-rf-0100-4,0.16,mm,valid,simulator
DAM-A-RF-01,2026-07-01T08:25:00+08:00,1,evt-rf-0101-0,0,mm,valid,simulator
DAM-A-RF-02,2026-07-01T08:25:00+08:00,1,evt-rf-0101-1,0,mm,valid,simulator
DAM-A-RF-03,2026-07-01T08:25:00+08:00,1,evt-rf-0101-2,0,mm,valid,simulator
DAM-A-RF-04,2026-07-01T08:25:00+08:00,1,evt-rf-0101-3,0.05,mm,valid,simulator
DAM-A-RF-05,2026-07-01T08:25:00+08:00,1,evt-rf-0101-4,0,mm,valid,simulator
DAM-A-RF-01,2026-07-01T08:30:00+08:00,1,evt-rf-0102-0,0.65,mm,valid,simulator
DAM-A-RF-02,2026-07-01T08:30:00+08:00,1,evt-rf-0102-1,0.56,mm,valid,simulator
DAM-A-RF-03,2026-07-01T08:30:00+08:00,1,evt-rf-0102-2,0.32,mm,valid,simulator
DAM-A-RF-04,2026-07-01T08:30:00+08:00,1,evt-rf-0102-3,0,mm,valid,simulator
DAM-A-RF-05,2026-07-01T08:30:00+08:00,1,evt-rf-0102-4,0.33,mm,valid,simulator
DAM-A-RF-01,2026-07-01T08:35:00+08:00,1,evt-rf-0103-0,0.67,mm,valid,simulator
DAM-A-RF-02,2026-07-01T08:35:00+08:00,1,evt-rf-0103-1,0,mm,valid,simulator
DAM-A-RF-03,2026-07-01T08:35:00+08:00,1,evt-rf-0103-2,0.13,mm,valid,simulator
DAM-A-RF-04,2026-07-01T08:35:00+08:00,1,evt-rf-0103-3,0.13,mm,valid,simulator
DAM-A-RF-05,2026-07-01T08:35:00+08:00,1,evt-rf-0103-4,0.15,mm,valid,simulator
DAM-A-RF-01,2026-07-01T08:40:00+08:00,1,evt-rf-0104-0,0,mm,valid,simulator
DAM-A-RF-02,2026-07-01T08:40:00+08:00,1,evt-rf-0104-1,0.27,mm,valid,simulator
DAM-A-RF-03,2026-07-01T08:40:00+08:00,1,evt-rf-0104-2,0.73,mm,valid,simulator
DAM-A-RF-04,2026-07-01T08:40:00+08:00,1,evt-rf-0104-3,0,mm,valid,simulator
DAM-A-RF-05,2026-07-01T08:40:00+08:00,1,evt-rf-0104-4,0.34,mm,valid,simulator
DAM-A-RF-01,2026-07-01T08:45:00+08:00,1,evt-rf-0105-0,0.14,mm,valid,simulator
DAM-A-RF-02,2026-07-01T08:45:00+08:00,1,evt-rf-0105-1,0.07,mm,valid,simulator
DAM-A-RF-03,2026-07-01T08:45:00+08:00,1,evt-rf-0105-2,0,mm,valid,simulator
DAM-A-RF-04,2026-07-01T08:45:00+08:00,1,evt-rf-0105-3,0.16,mm,valid,simulator
DAM-A-RF-05,2026-07-01T08:45:00+08:00,1,evt-rf-0105-4,0,mm,valid,simulator
DAM-A-RF-01,2026-07-01T08:50:00+08:00,1,evt-rf-0106-0,0.65,mm,valid,simulator
DAM-A-RF-02,2026-07-01T08:50:00+08:00,1,evt-rf-0106-1,0,mm,valid,simulator
DAM-A-RF-03,2026-07-01T08:50:00+08:00,1,evt-rf-0106-2,0.33,mm,valid,simulator
DAM-A-RF-04,2026-07-01T08:50:00+08:00,1,evt-rf-0106-3,0.05,mm,valid,simulator
DAM-A-RF-05,2026-07-01T08:50:00+08:00,1,evt-rf-0106-4,0.1,mm,valid,simulator
DAM-A-RF-01,2026-07-01T08:55:00+08:00,1,evt-rf-0107-0,0.51,mm,valid,simulator
DAM-A-RF-02,2026-07-01T08:55:00+08:00,1,evt-rf-0107-1,0.4,mm,valid,simulator
DAM-A-RF-03,2026-07-01T08:55:00+08:00,1,evt-rf-0107-2,0.01,mm,valid,simulator
DAM-A-RF-04,2026-07-01T08:55:00+08:00,1,evt-rf-0107-3,0.01,mm,valid,simulator
DAM-A-RF-05,2026-07-01T08:55:00+08:00,1,evt-rf-0107-4,0.63,mm,valid,simulator
DAM-A-RF-01,2026-07-01T09:00:00+08:00,1,evt-rf-0108-0,0,mm,valid,simulator
DAM-A-RF-02,2026-07-01T09:00:00+08:00,1,evt-rf-0108-1,0.45,mm,valid,simulator
DAM-A-RF-03,2026-07-01T09:00:00+08:00,1,evt-rf-0108-2,0,mm,valid,simulator
DAM-A-RF-04,2026-07-01T09:00:00+08:00,1,evt-rf-0108-3,0.52,mm,valid,simulator
DAM-A-RF-05,2026-07-01T09:00:00+08:00,1,evt-rf-0108-4,0.47,mm,valid,simulator
DAM-A-RF-01,2026-07-01T09:05:00+08:00,1,evt-rf-0109-0,0,mm,valid,simulator
DAM-A-RF-02,2026-07-01T09:05:00+08:00,1,evt-rf-0109-1,0.32,mm,valid,simulator
DAM-A-RF-03,2026-07-01T09:05:00+08:00,1,evt-rf-0109-2,0,mm,valid,simulator
DAM-A-RF-04,2026-07-01T09:05:00+08:00,1,evt-rf-0109-3,0.25,mm,valid,simulator
DAM-A-RF-05,2026-07-01T09:05:00+08:00,1,evt-rf-0109-4,0,mm,valid,simulator
DAM-A-RF-01,2026-07-01T09:10:00+08:00,1,evt-rf-0110-0,0,mm,valid,simulator
DAM-A-RF-02,2026-07-01T09:10:00+08:00,1,evt-rf-0110-1,0.18,mm,valid,simulator
DAM-A-RF-03,2026-07-01T09:10:00+08:00,1,evt-rf-0110-2,0.34,mm,valid,simulator
DAM-A-RF-04,2026-07-01T09:10:00+08:00,1,evt-rf-0110-3,0,mm,valid,simulator
DAM-A-RF-05,2026-07-01T09:10:00+08:00,1,evt-rf-0110-4,0.09,mm,valid,simulator
DAM-A-RF-01,2026-07-01T09:15:00+08:00,1,evt-rf-0111-0,8.23,mm,valid,simulator
DAM-A-RF-02,2026-07-01T09:15:00+08:00,1,evt-rf-0111-1,8.84,mm,valid,simulator
DAM-A-RF-03,2026-07-01T09:15:00+08:00,1,evt-rf-0111-2,8.46,mm,valid,simulator
DAM-A-RF-04,2026-07-01T09:15:00+08:00,1,evt-rf-0111-3,8.27,mm,valid,simulator
DAM-A-RF-05,2026-07-01T09:15:00+08:00,1,evt-rf-0111-4,8.65,mm,valid,simulator
DAM-A-RF-01,2026-07-01T09:20:00+08:00,1,evt-rf-0112-0,0.58,mm,valid,simulator
DAM-A-RF-02,2026-07-01T09:20:00+08:00,1,evt-rf-0112-1,0.04,mm,valid,simulator
DAM-A-RF-03,2026-07-01T09:20:00+08:00,1,evt-rf-0112-2,0.17,mm,valid,simulator
DAM-A-RF-04,2026-07-01T09:20:00+08:00,1,evt-rf-0112-3,0.32,mm,valid,simulator
DAM-A-RF-05,2026-07-01T09:20:00+08:00,1,evt-rf-0112-4,0.32,mm,valid,simulator
DAM-A-RF-01,2026-07-01T09:25:00+08:00,1,evt-rf-0113-0,0.65,mm,valid,simulator
DAM-A-RF-02,2026-07-01T09:25:00+08:00,1,evt-rf-0113-1,0.13,mm,valid,simulator
DAM-A-RF-03,2026-07-01T09:25:00+08:00,1,evt-rf-0113-2,0.41,mm,valid,simulator
DAM-A-RF-04,2026-07-01T09:25:00+08:00,1,evt-rf-0113-3,0,mm,valid,simulator
DAM-A-RF-05,2026-07-01T09:25:00+08:00,1,evt-rf-0113-4,0.45,mm,valid,simulator
DAM-A-RF-01,2026-07-01T09:30:00+08:00,1,evt-rf-0114-0,0,mm,valid,simulator
DAM-A-RF-02,2026-07-01T09:30:00+08:00,1,evt-rf-0114-1,0.44,mm,valid,simulator
DAM-A-RF-03,2026-07-01T09:30:00+08:00,1,evt-rf-0114-2,0,mm,valid,simulator
DAM-A-RF-04,2026-07-01T09:30:00+08:00,1,evt-rf-0114-3,0,mm,valid,simulator
DAM-A-RF-05,2026-07-01T09:30:00+08:00,1,evt-rf-0114-4,0.34,mm,valid,simulator
DAM-A-RF-01,2026-07-01T09:35:00+08:00,1,evt-rf-0115-0,0,mm,valid,simulator
DAM-A-RF-02,2026-07-01T09:35:00+08:00,1,evt-rf-0115-1,0.45,mm,valid,simulator
DAM-A-RF-03,2026-07-01T09:35:00+08:00,1,evt-rf-0115-2,0.55,mm,valid,simulator
DAM-A-RF-04,2026-07-01T09:35:00+08:00,1,evt-rf-0115-3,0.33,mm,valid,simulator
DAM-A-RF-05,2026-07-01T09:35:00+08:00,1,evt-rf-0115-4,0,mm,valid,simulator
DAM-A-RF-01,2026-07-01T09:40:00+08:00,1,evt-rf-0116-0,0.13,mm,valid,simulator
DAM-A-RF-02,2026-07-01T09:40:00+08:00,1,evt-rf-0116-1,0.05,mm,valid,simulator
DAM-A-RF-03,2026-07-01T09:40:00+08:00,1,evt-rf-0116-2,0,mm,valid,simulator
DAM-A-RF-04,2026-07-01T09:40:00+08:00,1,evt-rf-0116-3,0,mm,valid,simulator
DAM-A-RF-05,2026-07-01T09:40:00+08:00,1,evt-rf-0116-4,0.17,mm,valid,simulator
DAM-A-RF-01,2026-07-01T09:45:00+08:00,1,evt-rf-0117-0,0.15,mm,valid,simulator
DAM-A-RF-02,2026-07-01T09:45:00+08:00,1,evt-rf-0117-1,0.1,mm,valid,simulator
DAM-A-RF-03,2026-07-01T09:45:00+08:00,1,evt-rf-0117-2,0,mm,valid,simulator
DAM-A-RF-04,2026-07-01T09:45:00+08:00,1,evt-rf-0117-3,0.47,mm,valid,simulator
DAM-A-RF-05,2026-07-01T09:45:00+08:00,1,evt-rf-0117-4,0.22,mm,valid,simulator
DAM-A-RF-01,2026-07-01T09:50:00+08:00,1,evt-rf-0118-0,0.02,mm,valid,simulator
DAM-A-RF-02,2026-07-01T09:50:00+08:00,1,evt-rf-0118-1,0.11,mm,valid,simulator
DAM-A-RF-03,2026-07-01T09:50:00+08:00,1,evt-rf-0118-2,0.02,mm,valid,simulator
DAM-A-RF-04,2026-07-01T09:50:00+08:00,1,evt-rf-0118-3,0,mm,valid,simulator
DAM-A-RF-05,2026-07-01T09:50:00+08:00,1,evt-rf-0118-4,0.77,mm,valid,simulator
DAM-A-RF-01,2026-07-01T09:55:00+08:00,1,evt-rf-0119-0,0.03,mm,valid,simulator
DAM-A-RF-02,2026-07-01T09:55:00+08:00,1,evt-rf-0119-1,0.14,mm,valid,simulator
DAM-A-RF-03,2026-07-01T09:55:00+08:00,1,evt-rf-0119-2,0,mm,valid,simulator
DAM-A-RF-04,2026-07-01T09:55:00+08:00,1,evt-rf-0119-3,0.44,mm,valid,simulator
DAM-A-RF-05,2026-07-01T09:55:00+08:00,1,evt-rf-0119-4,0,mm,valid,simulator
DAM-A-RF-01,2026-07-01T10:00:00+08:00,1,evt-rf-0120-0,0.36,mm,valid,simulator
DAM-A-RF-02,2026-07-01T10:00:00+08:00,1,evt-rf-0120-1,0.05,mm,valid,simulator
DAM-A-RF-03,2026-07-01T10:00:00+08:00,1,evt-rf-0120-2,0.36,mm,valid,simulator
DAM-A-RF-04,2026-07-01T10:00:00+08:00,1,evt-rf-0120-3,0,mm,valid,simulator
DAM-A-RF-05,2026-07-01T10:00:00+08:00,1,evt-rf-0120-4,0.44,mm,valid,simulator
DAM-A-RF-01,2026-07-01T10:05:00+08:00,1,evt-rf-0121-0,0,mm,valid,simulator
DAM-A-RF-02,2026-07-01T10:05:00+08:00,1,evt-rf-0121-1,0.7,mm,valid,simulator
DAM-A-RF-03,2026-07-01T10:05:00+08:00,1,evt-rf-0121-2,0.34,mm,valid,simulator
DAM-A-RF-04,2026-07-01T10:05:00+08:00,1,evt-rf-0121-3,0.07,mm,valid,simulator
DAM-A-RF-05,2026-07-01T10:05:00+08:00,1,evt-rf-0121-4,0,mm,valid,simulator
DAM-A-RF-01,2026-07-01T10:10:00+08:00,1,evt-rf-0122-0,0.52,mm,valid,simulator
DAM-A-RF-02,2026-07-01T10:10:00+08:00,1,evt-rf-0122-1,0.62,mm,valid,simulator
DAM-A-RF-03,2026-07-01T10:10:00+08:00,1,evt-rf-0122-2,0.7,mm,valid,simulator
DAM-A-RF-04,2026-07-01T10:10:00+08:00,1,evt-rf-0122-3,0.39,mm,valid,simulator
DAM-A-RF-05,2026-07-01T10:10:00+08:00,1,evt-rf-0122-4,0.2,mm,valid,simulator
DAM-A-RF-01,2026-07-01T10:15:00+08:00,1,evt-rf-0123-0,0.87,mm,valid,simulator
DAM-A-RF-02,2026-07-01T10:15:00+08:00,1,evt-rf-0123-1,0,mm,valid,simulator
DAM-A-RF-03,2026-07-01T10:15:00+08:00,1,evt-rf-0123-2,0.49,mm,valid,simulator
DAM-A-RF-04,2026-07-01T10:15:00+08:00,1,evt-rf-0123-3,0.33,mm,valid,simulator
DAM-A-RF-05,2026-07-01T10:15:00+08:00,1,evt-rf-0123-4,0.35,mm,valid,simulator
DAM-A-RF-01,2026-07-01T10:20:00+08:00,1,evt-rf-0124-0,0.32,mm,valid,simulator
DAM-A-RF-02,2026-07-01T10:20:00+08:00,1,evt-rf-0124-1,0.38,mm,valid,simulator
DAM-A-RF-03,2026-07-01T10:20:00+08:00,1,evt-rf-0124-2,0.54,mm,valid,simulator
DAM-A-RF-04,2026-07-01T10:20:00+08:00,1,evt-rf-0124-3,0.17,mm,valid,simulator
DAM-A-RF-05,2026-07-01T10:20:00+08:00,1,evt-rf-0124-4,0.23,mm,valid,simulator
DAM-A-RF-01,2026-07-01T10:25:00+08:00,1,evt-rf-0125-0,0,mm,valid,simulator
DAM-A-RF-02,2026-07-01T10:25:00+08:00,1,evt-rf-0125-1,0.03,mm,valid,simulator
DAM-A-RF-03,2026-07-01T10:25:00+08:00,1,evt-rf-0125-2,0,mm,valid,simulator
DAM-A-RF-04,2026-07-01T10:25:00+08:00,1,evt-rf-0125-3,0.16,mm,valid,simulator
DAM-A-RF-05,2026-07-01T10:25:00+08:00,1,evt-rf-0125-4,0.68,mm,valid,simulator
DAM-A-RF-01,2026-07-01T10:30:00+08:00,1,evt-rf-0126-0,0,mm,valid,simulator
DAM-A-RF-02,2026-07-01T10:30:00+08:00,1,evt-rf-0126-1,0.33,mm,valid,simulator
DAM-A-RF-03,2026-07-01T10:30:00+08:00,1,evt-rf-0126-2,0,mm,valid,simulator
DAM-A-RF-04,2026-07-01T10:30:00+08:00,1,evt-rf-0126-3,0.32,mm,valid,simulator
DAM-A-RF-05,2026-07-01T10:30:00+08:00,1,evt-rf-0126-4,0.3,mm,valid,simulator
DAM-A-RF-01,2026-07-01T10:35:00+08:00,1,evt-rf-0127-0,0.13,mm,valid,simulator
DAM-A-RF-02,2026-07-01T10:35:00+08:00,1,evt-rf-0127-1,0.21,mm,valid,simulator
DAM-A-RF-03,2026-07-01T10:35:00+08:00,1,evt-rf-0127-2,0.19,mm,valid,simulator
DAM-A-RF-04,2026-07-01T10:35:00+08:00,1,evt-rf-0127-3,0.39,mm,valid,simulator
DAM-A-RF-05,2026-07-01T10:35:00+08:00,1,evt-rf-0127-4,0.43,mm,valid,simulator
DAM-A-RF-01,2026-07-01T10:40:00+08:00,1,evt-rf-0128-0,0.06,mm,valid,simulator
DAM-A-RF-02,2026-07-01T10:40:00+08:00,1,evt-rf-0128-1,0,mm,valid,simulator
DAM-A-RF-03,2026-07-01T10:40:00+08:00,1,evt-rf-0128-2,0.31,mm,valid,simulator
DAM-A-RF-04,2026-07-01T10:40:00+08:00,1,evt-rf-0128-3,0.68,mm,valid,simulator
DAM-A-RF-05,2026-07-01T10:40:00+08:00,1,evt-rf-0128-4,0.51,mm,valid,simulator
DAM-A-RF-01,2026-07-01T10:45:00+08:00,1,evt-rf-0129-0,0.47,mm,valid,simulator
DAM-A-RF-02,2026-07-01T10:45:00+08:00,1,evt-rf-0129-1,0.44,mm,valid,simulator
DAM-A-RF-03,2026-07-01T10:45:00+08:00,1,evt-rf-0129-2,0.85,mm,valid,simulator
DAM-A-RF-04,2026-07-01T10:45:00+08:00,1,evt-rf-0129-3,0.38,mm,valid,simulator
DAM-A-RF-05,2026-07-01T10:45:00+08:00,1,evt-rf-0129-4,0,mm,valid,simulator
DAM-A-RF-01,2026-07-01T10:50:00+08:00,1,evt-rf-0130-0,0.46,mm,valid,simulator
DAM-A-RF-02,2026-07-01T10:50:00+08:00,1,evt-rf-0130-1,0.21,mm,valid,simulator
DAM-A-RF-03,2026-07-01T10:50:00+08:00,1,evt-rf-0130-2,0,mm,valid,simulator
DAM-A-RF-04,2026-07-01T10:50:00+08:00,1,evt-rf-0130-3,0,mm,valid,simulator
DAM-A-RF-05,2026-07-01T10:50:00+08:00,1,evt-rf-0130-4,0.2,mm,valid,simulator
DAM-A-RF-01,2026-07-01T10:55:00+08:00,1,evt-rf-0131-0,0.65,mm,valid,simulator
DAM-A-RF-02,2026-07-01T10:55:00+08:00,1,evt-rf-0131-1,0.18,mm,valid,simulator
DAM-A-RF-03,2026-07-01T10:55:00+08:00,1,evt-rf-0131-2,0,mm,valid,simulator
DAM-A-RF-04,2026-07-01T10:55:00+08:00,1,evt-rf-0131-3,0.47,mm,valid,simulator
DAM-A-RF-05,2026-07-01T10:55:00+08:00,1,evt-rf-0131-4,0.32,mm,valid,simulator
DAM-A-RF-01,2026-07-01T11:00:00+08:00,1,evt-rf-0132-0,0.32,mm,valid,simulator
DAM-A-RF-02,2026-07-01T11:00:00+08:00,1,evt-rf-0132-1,0.04,mm,valid,simulator
DAM-A-RF-03,2026-07-01T11:00:00+08:00,1,evt-rf-0132-2,0.23,mm,valid,simulator
DAM-A-RF-04,2026-07-01T11:00:00+08:00,1,evt-rf-0132-3,0.56,mm,valid,simulator
DAM-A-RF-05,2026-07-01T11:00:00+08:00,1,evt-rf-0132-4,0,mm,valid,simulator
DAM-A-RF-01,2026-07-01T11:05:00+08:00,1,evt-rf-0133-0,0,mm,valid,simulator
DAM-A-RF-02,2026-07-01T11:05:00+08:00,1,evt-rf-0133-1,0.07,mm,valid,simulator
DAM-A-RF-03,2026-07-01T11:05:00+08:00,1,evt-rf-0133-2,0.23,mm,valid,simulator
DAM-A-RF-04,2026-07-01T11:05:00+08:00,1,evt-rf-0133-3,0.05,mm,valid,simulator
DAM-A-RF-05,2026-07-01T11:05:00+08:00,1,evt-rf-0133-4,0.01,mm,valid,simulator
DAM-A-RF-01,2026-07-01T11:10:00+08:00,1,evt-rf-0134-0,0.04,mm,valid,simulator
DAM-A-RF-02,2026-07-01T11:10:00+08:00,1,evt-rf-0134-1,0.2,mm,valid,simulator
DAM-A-RF-03,2026-07-01T11:10:00+08:00,1,evt-rf-0134-2,0.51,mm,valid,simulator
DAM-A-RF-04,2026-07-01T11:10:00+08:00,1,evt-rf-0134-3,0.5,mm,valid,simulator
DAM-A-RF-05,2026-07-01T11:10:00+08:00,1,evt-rf-0134-4,0.4,mm,valid,simulator
DAM-A-RF-01,2026-07-01T11:15:00+08:00,1,evt-rf-0135-0,0,mm,valid,simulator
DAM-A-RF-02,2026-07-01T11:15:00+08:00,1,evt-rf-0135-1,0.49,mm,valid,simulator
DAM-A-RF-03,2026-07-01T11:15:00+08:00,1,evt-rf-0135-2,0,mm,valid,simulator
DAM-A-RF-04,2026-07-01T11:15:00+08:00,1,evt-rf-0135-3,0.33,mm,valid,simulator
DAM-A-RF-05,2026-07-01T11:15:00+08:00,1,evt-rf-0135-4,0.4,mm,valid,simulator
DAM-A-RF-01,2026-07-01T11:20:00+08:00,1,evt-rf-0136-0,0.35,mm,valid,simulator
DAM-A-RF-02,2026-07-01T11:20:00+08:00,1,evt-rf-0136-1,0.56,mm,valid,simulator
DAM-A-RF-03,2026-07-01T11:20:00+08:00,1,evt-rf-0136-2,0.08,mm,valid,simulator
DAM-A-RF-04,2026-07-01T11:20:00+08:00,1,evt-rf-0136-3,0.56,mm,valid,simulator
DAM-A-RF-05,2026-07-01T11:20:00+08:00,1,evt-rf-0136-4,0,mm,valid,simulator
DAM-A-RF-01,2026-07-01T11:25:00+08:00,1,evt-rf-0137-0,0.12,mm,valid,simulator
DAM-A-RF-02,2026-07-01T11:25:00+08:00,1,evt-rf-0137-1,0.61,mm,valid,simulator
DAM-A-RF-03,2026-07-01T11:25:00+08:00,1,evt-rf-0137-2,0.23,mm,valid,simulator
DAM-A-RF-04,2026-07-01T11:25:00+08:00,1,evt-rf-0137-3,0,mm,valid,simulator
DAM-A-RF-05,2026-07-01T11:25:00+08:00,1,evt-rf-0137-4,0.59,mm,valid,simulator
DAM-A-RF-01,2026-07-01T11:30:00+08:00,1,evt-rf-0138-0,0,mm,valid,simulator
DAM-A-RF-02,2026-07-01T11:30:00+08:00,1,evt-rf-0138-1,0.25,mm,valid,simulator
DAM-A-RF-03,2026-07-01T11:30:00+08:00,1,evt-rf-0138-2,0.37,mm,valid,simulator
DAM-A-RF-04,2026-07-01T11:30:00+08:00,1,evt-rf-0138-3,0,mm,valid,simulator
DAM-A-RF-05,2026-07-01T11:30:00+08:00,1,evt-rf-0138-4,0,mm,valid,simulator
DAM-A-RF-01,2026-07-01T11:35:00+08:00,1,evt-rf-0139-0,0.23,mm,valid,simulator
DAM-A-RF-02,2026-07-01T11:35:00+08:00,1,evt-rf-0139-1,0.11,mm,valid,simulator
DAM-A-RF-03,2026-07-01T11:35:00+08:00,1,evt-rf-0139-2,0.05,mm,valid,simulator
DAM-A-RF-04,2026-07-01T11:35:00+08:00,1,evt-rf-0139-3,0,mm,valid,simulator
DAM-A-RF-05,2026-07-01T11:35:00+08:00,1,evt-rf-0139-4,0.39,mm,valid,simulator
DAM-A-RF-01,2026-07-01T11:40:00+08:00,1,evt-rf-0140-0,0,mm,valid,simulator
DAM-A-RF-02,2026-07-01T11:40:00+08:00,1,evt-rf-0140-1,0.02,mm,valid,simulator
DAM-A-RF-03,2026-07-01T11:40:00+08:00,1,evt-rf-0140-2,0.64,mm,valid,simulator
DAM-A-RF-04,2026-07-01T11:40:00+08:00,1,evt-rf-0140-3,0.25,mm,valid,simulator
DAM-A-RF-05,2026-07-01T11:40:00+08:00,1,evt-rf-0140-4,0.63,mm,valid,simulator
DAM-A-RF-01,2026-07-01T11:45:00+08:00,1,evt-rf-0141-0,0.09,mm,valid,simulator
DAM-A-RF-02,2026-07-01T11:45:00+08:00,1,evt-rf-0141-1,0,mm,valid,simulator
DAM-A-RF-03,2026-07-01T11:45:00+08:00,1,evt-rf-0141-2,0.0,mm,valid,simulator
DAM-A-RF-04,2026-07-01T11:45:00+08:00,1,evt-rf-0141-3,0,mm,valid,simulator
DAM-A-RF-05,2026-07-01T11:45:00+08:00,1,evt-rf-0141-4,0.23,mm,valid,simulator
DAM-A-RF-01,2026-07-01T11:50:00+08:00,1,evt-rf-0142-0,0.84,mm,valid,simulator
DAM-A-RF-02,2026-07-01T11:50:00+08:00,1,evt-rf-0142-1,0.01,mm,valid,simulator
DAM-A-RF-03,2026-07-01T11:50:00+08:00,1,evt-rf-0142-2,0.56,mm,valid,simulator
DAM-A-RF-04,2026-07-01T11:50:00+08:00,1,evt-rf-0142-3,0.41,mm,valid,simulator
DAM-A-RF-05,2026-07-01T11:50:00+08:00,1,evt-rf-0142-4,0.17,mm,valid,simulator
DAM-A-RF-01,2026-07-01T11:55:00+08:00,1,evt-rf-0143-0,0.1,mm,valid,simulator
DAM-A-RF-02,2026-07-01T11:55:00+08:00,1,evt-rf-0143-1,0.12,mm,valid,simulator
DAM-A-RF-03,2026-07-01T11:55:00+08:00,1,evt-rf-0143-2,0.61,mm,valid,simulator
DAM-A-RF-04,2026-07-01T11:55:00+08:00,1,evt-rf-0143-3,0.21,mm,valid,simulator
DAM-A-RF-05,2026-07-01T11:55:00+08:00,1,evt-rf-0143-4,0.35,mm,valid,simulator
DAM-A-RF-01,2026-07-01T12:00:00+08:00,1,evt-rf-0144-0,0.3,mm,valid,simulator
DAM-A-RF-02,2026-07-01T12:00:00+08:00,1,evt-rf-0144-1,0.23,mm,valid,simulator
DAM-A-RF-03,2026-07-01T12:00:00+08:00,1,evt-rf-0144-2,0.56,mm,valid,simulator
DAM-A-RF-04,2026-07-01T12:00:00+08:00,1,evt-rf-0144-3,0.25,mm,valid,simulator
DAM-A-RF-05,2026-07-01T12:00:00+08:00,1,evt-rf-0144-4,0.52,mm,valid,simulator
DAM-A-RF-01,2026-07-01T12:05:00+08:00,1,evt-rf-0145-0,0,mm,valid,simulator
DAM-A-RF-02,2026-07-01T12:05:00+08:00,1,evt-rf-0145-1,0,mm,valid,simulator
DAM-A-RF-03,2026-07-01T12:05:00+08:00,1,evt-rf-0145-2,0,mm,valid,simulator
DAM-A-RF-04,2026-07-01T12:05:00+08:00,1,evt-rf-0145-3,0.08,mm,valid,simulator
DAM-A-RF-05,2026-07-01T12:05:00+08:00,1,evt-rf-0145-4,0,mm,valid,simulator
DAM-A-RF-01,2026-07-01T12:10:00+08:00,1,evt-rf-0146-0,0,mm,valid,simulator
DAM-A-RF-02,2026-07-01T12:10:00+08:00,1,evt-rf-0146-1,0,mm,valid,simulator
DAM-A-RF-03,2026-07-01T12:10:00+08:00,1,evt-rf-0146-2,0.3,mm,valid,simulator
DAM-A-RF-04,2026-07-01T12:10:00+08:00,1,evt-rf-0146-3,0.08,mm,valid,simulator
DAM-A-RF-05,2026-07-01T12:10:00+08:00,1,evt-rf-0146-4,0.21,mm,valid,simulator
DAM-A-RF-01,2026-07-01T12:15:00+08:00,1,evt-rf-0147-0,0,mm,valid,simulator
DAM-A-RF-02,2026-07-01T12:15:00+08:00,1,evt-rf-0147-1,0.7,mm,valid,simulator
DAM-A-RF-03,2026-07-01T12:15:00+08:00,1,evt-rf-0147-2,0.2,mm,valid,simulator
DAM-A-RF-04,2026-07-01T12:15:00+08:00,1,evt-rf-0147-3,0.49,mm,valid,simulator
DAM-A-RF-05,2026-07-01T12:15:00+08:00,1,evt-rf-0147-4,0.19,mm,valid,simulator
DAM-A-RF-01,2026-07-01T12:20:00+08:00,1,evt-rf-0148-0,8.18,mm,valid,simulator
DAM-A-RF-02,2026-07-01T12:20:00+08:00,1,evt-rf-0148-1,8.54,mm,valid,simulator
DAM-A-RF-03,2026-07-01T12:20:00+08:00,1,evt-rf-0148-2,8.59,mm,valid,simulator
DAM-A-RF-04,2026-07-01T12:20:00+08:00,1,evt-rf-0148-3,8.29,mm,valid,simulator
DAM-A-RF-05,2026-07-01T12:20:00+08:00,1,evt-rf-0148-4,7.89,mm,valid,simulator
DAM-A-RF-01,2026-07-01T12:25:00+08:00,1,evt-rf-0149-0,0.26,mm,valid,simulator
DAM-A-RF-02,2026-07-01T12:25:00+08:00,1,evt-rf-0149-1,0.03,mm,valid,simulator
DAM-A-RF-03,2026-07-01T12:25:00+08:00,1,evt-rf-0149-2,0.36,mm,valid,simulator
DAM-A-RF-04,2026-07-01T12:25:00+08:00,1,evt-rf-0149-3,0,mm,valid,simulator
DAM-A-RF-05,2026-07-01T12:25:00+08:00,1,evt-rf-0149-4,0.17,mm,valid,simulator
DAM-A-RF-01,2026-07-01T12:30:00+08:00,1,evt-rf-0150-0,0.26,mm,valid,simulator
DAM-A-RF-02,2026-07-01T12:30:00+08:00,1,evt-rf-0150-1,0.66,mm,valid,simulator
DAM-A-RF-03,2026-07-01T12:30:00+08:00,1,evt-rf-0150-2,0.32,mm,valid,simulator
DAM-A-RF-04,2026-07-01T12:30:00+08:00,1,evt-rf-0150-3,0,mm,valid,simulator
DAM-A-RF-05,2026-07-01T12:30:00+08:00,1,evt-rf-0150-4,0.15,mm,valid,simulator
DAM-A-RF-01,2026-07-01T12:35:00+08:00,1,evt-rf-0151-0,0.3,mm,valid,simulator
DAM-A-RF-02,2026-07-01T12:35:00+08:00,1,evt-rf-0151-1,0,mm,valid,simulator
DAM-A-RF-03,2026-07-01T12:35:00+08:00,1,evt-rf-0151-2,0.44,mm,valid,simulator
DAM-A-RF-04,2026-07-01T12:35:00+08:00,1,evt-rf-0151-3,0.01,mm,valid,simulator
DAM-A-RF-05,2026-07-01T12:35:00+08:00,1,evt-rf-0151-4,0.09,mm,valid,simulator
DAM-A-RF-01,2026-07-01T12:40:00+08:00,1,evt-rf-0152-0,0.31,mm,valid,simulator
DAM-A-RF-02,2026-07-01T12:40:00+08:00,1,evt-rf-0152-1,0.86,mm,valid,simulator
DAM-A-RF-03,2026-07-01T12:40:00+08:00,1,evt-rf-0152-2,1.14,mm,valid,simulator
DAM-A-RF-04,2026-07-01T12:40:00+08:00,1,evt-rf-0152-3,0.5,mm,valid,simulator
DAM-A-RF-05,2026-07-01T12:40:00+08:00,1,evt-rf-0152-4,0.61,mm,valid,simulator
DAM-A-RF-01,2026-07-01T12:45:00+08:00,1,evt-rf-0153-0,0.79,mm,valid,simulator
DAM-A-RF-02,2026-07-01T12:45:00+08:00,1,evt-rf-0153-1,0,mm,valid,simulator
DAM-A-RF-03,2026-07-01T12:45:00+08:00,1,evt-rf-0153-2,0,mm,valid,simulator
DAM-A-RF-04,2026-07-01T12:45:00+08:00,1,evt-rf-0153-3,0.26,mm,valid,simulator
DAM-A-RF-05,2026-07-01T12:45:00+08:00,1,evt-rf-0153-4,0.68,mm,valid,simulator
DAM-A-RF-01,2026-07-01T12:50:00+08:00,1,evt-rf-0154-0,0.43,mm,valid,simulator
DAM-A-RF-02,2026-07-01T12:50:00+08:00,1,evt-rf-0154-1,0,mm,valid,simulator
DAM-A-RF-03,2026-07-01T12:50:00+08:00,1,evt-rf-0154-2,0.12,mm,valid,simulator
DAM-A-RF-04,2026-07-01T12:50:00+08:00,1,evt-rf-0154-3,0,mm,valid,simulator
DAM-A-RF-05,2026-07-01T12:50:00+08:00,1,evt-rf-0154-4,0.3,mm,valid,simulator
DAM-A-RF-01,2026-07-01T12:55:00+08:00,1,evt-rf-0155-0,0.74,mm,valid,simulator
DAM-A-RF-02,2026-07-01T12:55:00+08:00,1,evt-rf-0155-1,0.38,mm,valid,simulator
DAM-A-RF-03,2026-07-01T12:55:00+08:00,1,evt-rf-0155-2,0.37,mm,valid,simulator
DAM-A-RF-04,2026-07-01T12:55:00+08:00,1,evt-rf-0155-3,0.49,mm,valid,simulator
DAM-A-RF-05,2026-07-01T12:55:00+08:00,1,evt-rf-0155-4,0.2,mm,valid,simulator
DAM-A-RF-01,2026-07-01T13:00:00+08:00,1,evt-rf-0156-0,0.03,mm,valid,simulator
DAM-A-RF-02,2026-07-01T13:00:00+08:00,1,evt-rf-0156-1,0.14,mm,valid,simulator
DAM-A-RF-03,2026-07-01T13:00:00+08:00,1,evt-rf-0156-2,0.58,mm,valid,simulator
DAM-A-RF-04,2026-07-01T13:00:00+08:00,1,evt-rf-0156-3,0.2,mm,valid,simulator
DAM-A-RF-05,2026-07-01T13:00:00+08:00,1,evt-rf-0156-4,0,mm,valid,simulator
DAM-A-RF-01,2026-07-01T13:05:00+08:00,1,evt-rf-0157-0,0.25,mm,valid,simulator
DAM-A-RF-02,2026-07-01T13:05:00+08:00,1,evt-rf-0157-1,0.15,mm,valid,simulator
DAM-A-RF-03,2026-07-01T13:05:00+08:00,1,evt-rf-0157-2,0.38,mm,valid,simulator
DAM-A-RF-04,2026-07-01T13:05:00+08:00,1,evt-rf-0157-3,0.24,mm,valid,simulator
DAM-A-RF-05,2026-07-01T13:05:00+08:00,1,evt-rf-0157-4,0.19,mm,valid,simulator
DAM-A-RF-01,2026-07-01T13:10:00+08:00,1,evt-rf-0158-0,0.01,mm,valid,simulator
DAM-A-RF-02,2026-07-01T13:10:00+08:00,1,evt-rf-0158-1,0.8,mm,valid,simulator
DAM-A-RF-03,2026-07-01T13:10:00+08:00,1,evt-rf-0158-2,0,mm,valid,simulator
DAM-A-RF-04,2026-07-01T13:10:00+08:00,1,evt-rf-0158-3,0.3,mm,valid,simulator
DAM-A-RF-05,2026-07-01T13:10:00+08:00,1,evt-rf-0158-4,0.65,mm,valid,simulator
DAM-A-RF-01,2026-07-01T13:15:00+08:00,1,evt-rf-0159-0,0.29,mm,valid,simulator
DAM-A-RF-02,2026-07-01T13:15:00+08:00,1,evt-rf-0159-1,0,mm,valid,simulator
DAM-A-RF-03,2026-07-01T13:15:00+08:00,1,evt-rf-0159-2,0.07,mm,valid,simulator
DAM-A-RF-04,2026-07-01T13:15:00+08:00,1,evt-rf-0159-3,0,mm,valid,simulator
DAM-A-RF-05,2026-07-01T13:15:00+08:00,1,evt-rf-0159-4,0.68,mm,valid,simulator
DAM-A-RF-01,2026-07-01T13:20:00+08:00,1,evt-rf-0160-0,0.25,mm,valid,simulator
DAM-A-RF-02,2026-07-01T13:20:00+08:00,1,evt-rf-0160-1,0.48,mm,valid,simulator
DAM-A-RF-03,2026-07-01T13:20:00+08:00,1,evt-rf-0160-2,0,mm,valid,simulator
DAM-A-RF-04,2026-07-01T13:20:00+08:00,1,evt-rf-0160-3,0,mm,valid,simulator
DAM-A-RF-05,2026-07-01T13:20:00+08:00,1,evt-rf-0160-4,0.13,mm,valid,simulator
DAM-A-RF-01,2026-07-01T13:25:00+08:00,1,evt-rf-0161-0,0.34,mm,valid,simulator
DAM-A-RF-02,2026-07-01T13:25:00+08:00,1,evt-rf-0161-1,0.31,mm,valid,simulator
DAM-A-RF-03,2026-07-01T13:25:00+08:00,1,evt-rf-0161-2,0.13,mm,valid,simulator
DAM-A-RF-04,2026-07-01T13:25:00+08:00,1,evt-rf-0161-3,0.13,mm,valid,simulator
DAM-A-RF-05,2026-07-01T13:25:00+08:00,1,evt-rf-0161-4,0.15,mm,valid,simulator
DAM-A-RF-01,2026-07-01T13:30:00+08:00,1,evt-rf-0162-0,0.38,mm,valid,simulator
DAM-A-RF-02,2026-07-01T13:30:00+08:00,1,evt-rf-0162-1,0,mm,valid,simulator
DAM-A-RF-03,2026-07-01T13:30:00+08:00,1,evt-rf-0162-2,0.03,mm,valid,simulator
DAM-A-RF-04,2026-07-01T13:30:00+08:00,1,evt-rf-0162-3,0,mm,valid,simulator
DAM-A-RF-05,2026-07-01T13:30:00+08:00,1,evt-rf-0162-4,0.15,mm,valid,simulator
DAM-A-RF-01,2026-07-01T13:35:00+08:00,1,evt-rf-0163-0,0,mm,valid,simulator
DAM-A-RF-02,2026-07-01T13:35:00+08:00,1,evt-rf-0163-1,0,mm,valid,simulator
DAM-A-RF-03,2026-07-01T13:35:00+08:00,1,evt-rf-0163-2,0,mm,valid,simulator
DAM-A-RF-04,2026-07-01T13:35:00+08:00,1,evt-rf-0163-3,0.13,mm,valid,simulator
DAM-A-RF-05,2026-07-01T13:35:00+08:00,1,evt-rf-0163-4,0.25,mm,valid,simulator
DAM-A-RF-01,2026-07-01T13:40:00+08:00,1,evt-rf-0164-0,0.48,mm,valid,simulator
DAM-A-RF-02,2026-07-01T13:40:00+08:00,1,evt-rf-0164-1,0.28,mm,valid,simulator
DAM-A-RF-03,2026-07-01T13:40:00+08:00,1,evt-rf-0164-2,0,mm,valid,simulator
DAM-A-RF-04,2026-07-01T13:40:00+08:00,1,evt-rf-0164-3,0,mm,valid,simulator
DAM-A-RF-05,2026-07-01T13:40:00+08:00,1,evt-rf-0164-4,0.23,mm,valid,simulator
DAM-A-RF-01,2026-07-01T13:45:00+08:00,1,evt-rf-0165-0,0.01,mm,valid,simulator
DAM-A-RF-02,2026-07-01T13:45:00+08:00,1,evt-rf-0165-1,0,mm,valid,simulator
DAM-A-RF-03,2026-07-01T13:45:00+08:00,1,evt-rf-0165-2,0.59,mm,valid,simulator
DAM-A-RF-04,2026-07-01T13:45:00+08:00,1,evt-rf-0165-3,0.49,mm,valid,simulator
DAM-A-RF-05,2026-07-01T13:45:00+08:00,1,evt-rf-0165-4,0,mm,valid,simulator
DAM-A-RF-01,2026-07-01T13:50:00+08:00,1,evt-rf-0166-0,0.71,mm,valid,simulator
DAM-A-RF-02,2026-07-01T13:50:00+08:00,1,evt-rf-0166-1,0.4,mm,valid,simulator
DAM-A-RF-03,2026-07-01T13:50:00+08:00,1,evt-rf-0166-2,0.11,mm,valid,simulator
DAM-A-RF-04,2026-07-01T13:50:00+08:00,1,evt-rf-0166-3,0.57,mm,valid,simulator
DAM-A-RF-05,2026-07-01T13:50:00+08:00,1,evt-rf-0166-4,0.25,mm,valid,simulator
DAM-A-RF-01,2026-07-01T13:55:00+08:00,1,evt-rf-0167-0,0.19,mm,valid,simulator
DAM-A-RF-02,2026-07-01T13:55:00+08:00,1,evt-rf-0167-1,0,mm,valid,simulator
DAM-A-RF-03,2026-07-01T13:55:00+08:00,1,evt-rf-0167-2,0.37,mm,valid,simulator
DAM-A-RF-04,2026-07-01T13:55:00+08:00,1,evt-rf-0167-3,0.09,mm,valid,simulator
DAM-A-RF-05,2026-07-01T13:55:00+08:00,1,evt-rf-0167-4,0.32,mm,valid,simulator
DAM-A-RF-01,2026-07-01T14:00:00+08:00,1,evt-rf-0168-0,0,mm,valid,simulator
DAM-A-RF-02,2026-07-01T14:00:00+08:00,1,evt-rf-0168-1,0.0,mm,valid,simulator
DAM-A-RF-03,2026-07-01T14:00:00+08:00,1,evt-rf-0168-2,0.36,mm,valid,simulator
DAM-A-RF-04,2026-07-01T14:00:00+08:00,1,evt-rf-0168-3,0.02,mm,valid,simulator
DAM-A-RF-05,2026-07-01T14:00:00+08:00,1,evt-rf-0168-4,0.16,mm,valid,simulator
DAM-A-RF-01,2026-07-01T14:05:00+08:00,1,evt-rf-0169-0,0.19,mm,valid,simulator
DAM-A-RF-02,2026-07-01T14:05:00+08:00,1,evt-rf-0169-1,0,mm,valid,simulator
DAM-A-RF-03,2026-07-01T14:05:00+08:00,1,evt-rf-0169-2,0.34,mm,valid,simulator
DAM-A-RF-04,2026-07-01T14:05:00+08:00,1,evt-rf-0169-3,0.23,mm,valid,simulator
DAM-A-RF-05,2026-07-01T14:05:00+08:00,1,evt-rf-0169-4,0.56,mm,valid,simulator
DAM-A-RF-01,2026-07-01T14:10:00+08:00,1,evt-rf-0170-0,0.37,mm,valid,simulator
DAM-A-RF-02,2026-07-01T14:10:00+08:00,1,evt-rf-0170-1,0.2,mm,valid,simulator
DAM-A-RF-03,2026-07-01T14:10:00+08:00,1,evt-rf-0170-2,0.3,mm,valid,simulator
DAM-A-RF-04,2026-07-01T14:10:00+08:00,1,evt-rf-0170-3,0,mm,valid,simulator
DAM-A-RF-05,2026-07-01T14:10:00+08:00,1,evt-rf-0170-4,0,mm,valid,simulator
DAM-A-RF-01,2026-07-01T14:15:00+08:00,1,evt-rf-0171-0,0.26,mm,valid,simulator
DAM-A-RF-02,2026-07-01T14:15:00+08:00,1,evt-rf-0171-1,0.67,mm,valid,simulator
DAM-A-RF-03,2026-07-01T14:15:00+08:00,1,evt-rf-0171-2,0.0,mm,valid,simulator
DAM-A-RF-04,2026-07-01T14:15:00+08:00,1,evt-rf-0171-3,0.04,mm,valid,simulator
DAM-A-RF-05,2026-07-01T14:15:00+08:00,1,evt-rf-0171-4,0.04,mm,valid,simulator
DAM-A-RF-01,2026-07-01T14:20:00+08:00,1,evt-rf-0172-0,0.53,mm,valid,simulator
DAM-A-RF-02,2026-07-01T14:20:00+08:00,1,evt-rf-0172-1,0,mm,valid,simulator
DAM-A-RF-03,2026-07-01T14:20:00+08:00,1,evt-rf-0172-2,0.51,mm,valid,simulator
DAM-A-RF-04,2026-07-01T14:20:00+08:00,1,evt-rf-0172-3,0.38,mm,valid,simulator
DAM-A-RF-05,2026-07-01T14:20:00+08:00,1,evt-rf-0172-4,0,mm,valid,simulator
DAM-A-RF-01,2026-07-01T14:25:00+08:00,1,evt-rf-0173-0,0.16,mm,valid,simulator
DAM-A-RF-02,2026-07-01T14:25:00+08:00,1,evt-rf-0173-1,0.57,mm,valid,simulator
DAM-A-RF-03,2026-07-01T14:25:00+08:00,1,evt-rf-0173-2,0.13,mm,valid,simulator
DAM-A-RF-04,2026-07-01T14:25:00+08:00,1,evt-rf-0173-3,0,mm,valid,simulator
DAM-A-RF-05,2026-07-01T14:25:00+08:00,1,evt-rf-0173-4,0.25,mm,valid,simulator
DAM-A-RF-01,2026-07-01T14:30:00+08:00,1,evt-rf-0174-0,0.37,mm,valid,simulator
DAM-A-RF-02,2026-07-01T14:30:00+08:00,1,evt-rf-0174-1,0,mm,valid,simulator
DAM-A-RF-03,2026-07-01T14:30:00+08:00,1,evt-rf-0174-2,0.52,mm,valid,simulator
DAM-A-RF-04,2026-07-01T14:30:00+08:00,1,evt-rf-0174-3,0.15,mm,valid,simulator
DAM-A-RF-05,2026-07-01T14:30:00+08:00,1,evt-rf-0174-4,0.43,mm,valid,simulator
DAM-A-RF-01,2026-07-01T14:35:00+08:00,1,evt-rf-0175-0,0,mm,valid,simulator
DAM-A-RF-02,2026-07-01T14:35:00+08:00,1,evt-rf-0175-1,0.73,mm,valid,simulator
DAM-A-RF-03,2026-07-01T14:35:00+08:00,1,evt-rf-0175-2,0.03,mm,valid,simulator
DAM-A-RF-04,2026-07-01T14:35:00+08:00,1,evt-rf-0175-3,0.07,mm,valid,simulator
DAM-A-RF-05,2026-07-01T14:35:00+08:00,1,evt-rf-0175-4,0.4,mm,valid,simulator
DAM-A-RF-01,2026-07-01T14:40:00+08:00,1,evt-rf-0176-0,0.31,mm,valid,simulator
DAM-A-RF-02,2026-07-01T14:40:00+08:00,1,evt-rf-0176-1,0,mm,valid,simulator
DAM-A-RF-03,2026-07-01T14:40:00+08:00,1,evt-rf-0176-2,0.49,mm,valid,simulator
DAM-A-RF-04,2026-07-01T14:40:00+08:00,1,evt-rf-0176-3,0.18,mm,valid,simulator
DAM-A-RF-05,2026-07-01T14:40:00+08:00,1,evt-rf-0176-4,0.12,mm,valid,simulator
DAM-A-RF-01,2026-07-01T14:45:00+08:00,1,evt-rf-0177-0,0.18,mm,valid,simulator
DAM-A-RF-02,2026-07-01T14:45:00+08:00,1,evt-rf-0177-1,0.54,mm,valid,simulator
DAM-A-RF-03,2026-07-01T14:45:00+08:00,1,evt-rf-0177-2,0,mm,valid,simulator
DAM-A-RF-04,2026-07-01T14:45:00+08:00,1,evt-rf-0177-3,0.12,mm,valid,simulator
DAM-A-RF-05,2026-07-01T14:45:00+08:00,1,evt-rf-0177-4,0.13,mm,valid,simulator
DAM-A-RF-01,2026-07-01T14:50:00+08:00,1,evt-rf-0178-0,0.21,mm,valid,simulator
DAM-A-RF-02,2026-07-01T14:50:00+08:00,1,evt-rf-0178-1,0.47,mm,valid,simulator
DAM-A-RF-03,2026-07-01T14:50:00+08:00,1,evt-rf-0178-2,0.16,mm,valid,simulator
DAM-A-RF-04,2026-07-01T14:50:00+08:00,1,evt-rf-0178-3,0.35,mm,valid,simulator
DAM-A-RF-05,2026-07-01T14:50:00+08:00,1,evt-rf-0178-4,0.38,mm,valid,simulator
DAM-A-RF-01,2026-07-01T14:55:00+08:00,1,evt-rf-0179-0,0.13,mm,valid,simulator
DAM-A-RF-02,2026-07-01T14:55:00+08:00,1,evt-rf-0179-1,0.33,mm,valid,simulator
DAM-A-RF-03,2026-07-01T14:55:00+08:00,1,evt-rf-0179-2,0.21,mm,valid,simulator
DAM-A-RF-04,2026-07-01T14:55:00+08:00,1,evt-rf-0179-3,0.0,mm,valid,simulator
DAM-A-RF-05,2026-07-01T14:55:00+08:00,1,evt-rf-0179-4,0,mm,valid,simulator
DAM-A-RF-01,2026-07-01T15:00:00+08:00,1,evt-rf-0180-0,0.31,mm,valid,simulator
DAM-A-RF-02,2026-07-01T15:00:00+08:00,1,evt-rf-0180-1,0.32,mm,valid,simulator
DAM-A-RF-03,2026-07-01T15:00:00+08:00,1,evt-rf-0180-2,0.13,mm,valid,simulator
DAM-A-RF-04,2026-07-01T15:00:00+08:00,1,evt-rf-0180-3,0.03,mm,valid,simulator
DAM-A-RF-05,2026-07-01T15:00:00+08:00,1,evt-rf-0180-4,0.78,mm,valid,simulator
DAM-A-RF-01,2026-07-01T15:05:00+08:00,1,evt-rf-0181-0,0.36,mm,valid,simulator
DAM-A-RF-02,2026-07-01T15:05:00+08:00,1,evt-rf-0181-1,0.64,mm,valid,simulator
DAM-A-RF-03,2026-07-01T15:05:00+08:00,1,evt-rf-0181-2,0.23,mm,valid,simulator
DAM-A-RF-04,2026-07-01T15:05:00+08:00,1,evt-rf-0181-3,0.12,mm,valid,simulator
DAM-A-RF-05,2026-07-01T15:05:00+08:00,1,evt-rf-0181-4,0.03,mm,valid,simulator
DAM-A-RF-01,2026-07-01T15:10:00+08:00,1,evt-rf-0182-0,0.47,mm,valid,simulator
DAM-A-RF-02,2026-07-01T15:10:00+08:00,1,evt-rf-0182-1,0.24,mm,valid,simulator
DAM-A-RF-03,2026-07-01T15:10:00+08:00,1,evt-rf-0182-2,0.34,mm,valid,simulator
DAM-A-RF-04,2026-07-01T15:10:00+08:00,1,evt-rf-0182-3,0,mm,valid,simulator
DAM-A-RF-05,2026-07-01T15:10:00+08:00,1,evt-rf-0182-4,0,mm,valid,simulator
DAM-A-RF-01,2026-07-01T15:15:00+08:00,1,evt-rf-0183-0,0.17,mm,valid,simulator
DAM-A-RF-02,2026-07-01T15:15:00+08:00,1,evt-rf-0183-1,0.03,mm,valid,simulator
DAM-A-RF-03,2026-07-01T15:15:00+08:00,1,evt-rf-0183-2,0,mm,valid,simulator
DAM-A-RF-04,2026-07-01T15:15:00+08:00,1,evt-rf-0183-3,0.38,mm,valid,simulator
DAM-A-RF-05,2026-07-01T15:15:00+08:00,1,evt-rf-0183-4,0,mm,valid,simulator
DAM-A-RF-01,2026-07-01T15:20:00+08:00,1,evt-rf-0184-0,0.17,mm,valid,simulator
DAM-A-RF-02,2026-07-01T15:20:00+08:00,1,evt-rf-0184-1,0.25,mm,valid,simulator
DAM-A-RF-03,2026-07-01T15:20:00+08:00,1,evt-rf-0184-2,0.02,mm,valid,simulator
DAM-A-RF-04,2026-07-01T15:20:00+08:00,1,evt-rf-0184-3,0.13,mm,valid,simulator
DAM-A-RF-05,2026-07-01T15:20:00+08:00,1,evt-rf-0184-4,0,mm,valid,simulator
DAM-A-RF-01,2026-07-01T15:25:00+08:00,1,evt-rf-0185-0,8.64,mm,valid,simulator
DAM-A-RF-02,2026-07-01T15:25:00+08:00,1,evt-rf-0185-1,8.58,mm,valid,simulator
DAM-A-RF-03,2026-07-01T15:25:00+08:00,1,evt-rf-0185-2,8.23,mm,valid,simulator
DAM-A-RF-04,2026-07-01T15:25:00+08:00,1,evt-rf-0185-3,8.99,mm,valid,simulator
DAM-A-RF-05,2026-07-01T15:25:00+08:00,1,evt-rf-0185-4,8.35,mm,valid,simulator
DAM-A-RF-01,2026-07-01T15:30:00+08:00,1,evt-rf-0186-0,0,mm,valid,simulator
DAM-A-RF-02,2026-07-01T15:30:00+08:00,1,evt-rf-0186-1,0,mm,valid,simulator
DAM-A-RF-03,2026-07-01T15:30:00+08:00,1,evt-rf-0186-2,0,mm,valid,simulator
DAM-A-RF-04,2026-07-01T15:30:00+08:00,1,evt-rf-0186-3,0.47,mm,valid,simulator
DAM-A-RF-05,2026-07-01T15:30:00+08:00,1,evt-rf-0186-4,0,mm,valid,simulator
DAM-A-RF-01,2026-07-01T15:35:00+08:00,1,evt-rf-0187-0,0.16,mm,valid,simulator
DAM-A-RF-02,2026-07-01T15:35:00+08:00,1,evt-rf-0187-1,0.61,mm,valid,simulator
DAM-A-RF-03,2026-07-01T15:35:00+08:00,1,evt-rf-0187-2,0.26,mm,valid,simulator
DAM-A-RF-04,2026-07-01T15:35:00+08:00,1,evt-rf-0187-3,0,mm,valid,simulator
DAM-A-RF-05,2026-07-01T15:35:00+08:00,1,evt-rf-0187-4,0,mm,valid,simulator
DAM-A-RF-01,2026-07-01T15:40:00+08:00,1,evt-rf-0188-0,0.25,mm,valid,simulator
DAM-A-RF-02,2026-07-01T15:40:00+08:00,1,evt-rf-0188-1,0.24,mm,valid,simulator
DAM-A-RF-03,2026-07-01T15:40:00+08:00,1,evt-rf-0188-2,0,mm,valid,simulator
DAM-A-RF-04,2026-07-01T15:40:00+08:00,1,evt-rf-0188-3,0.42,mm,valid,simulator
DAM-A-RF-05,2026-07-01T15:40:00+08:00,1,evt-rf-0188-4,0.27,mm,valid,simulator
DAM-A-RF-01,2026-07-01T15:45:00+08:00,1,evt-rf-0189-0,0.65,mm,valid,simulator
DAM-A-RF-02,2026-07-01T15:45:00+08:00,1,evt-rf-0189-1,0.25,mm,valid,simulator
DAM-A-RF-03,2026-07-01T15:45:00+08:00,1,evt-rf-0189-2,0.22,mm,valid,simulator
DAM-A-RF-04,2026-07-01T15:45:00+08:00,1,evt-rf-0189-3,0.54,mm,valid,simulator
DAM-A-RF-05,2026-07-01T15:45:00+08:00,1,evt-rf-0189-4,0.57,mm,valid,simulator
DAM-A-RF-01,2026-07-01T15:50:00+08:00,1,evt-rf-0190-0,0.3,mm,valid,simulator
DAM-A-RF-02,2026-07-01T15:50:00+08:00,1,evt-rf-0190-1,0.13,mm,valid,simulator
DAM-A-RF-03,2026-07-01T15:50:00+08:00,1,evt-rf-0190-2,0.63,mm,valid,simulator
DAM-A-RF-04,2026-07-01T15:50:00+08:00,1,evt-rf-0190-3,0.5,mm,valid,simulator
DAM-A-RF-05,2026-07-01T15:50:00+08:00,1,evt-rf-0190-4,0.18,mm,valid,simulator
DAM-A-RF-01,2026-07-01T15:55:00+08:00,1,evt-rf-0191-0,0.43,mm,valid,simulator
DAM-A-RF-02,2026-07-01T15:55:00+08:00,1,evt-rf-0191-1,0.16,mm,valid,simulator
DAM-A-RF-03,2026-07-01T15:55:00+08:00,1,evt-rf-0191-2,0.4,mm,valid,simulator
DAM-A-RF-04,2026-07-01T15:55:00+08:00,1,evt-rf-0191-3,0.33,mm,valid,simulator
DAM-A-RF-05,2026-07-01T15:55:00+08:00,1,evt-rf-0191-4,0.28,mm,valid,simulator
DAM-A-RF-01,2026-07-01T16:00:00+08:00,1,evt-rf-0192-0,0,mm,valid,simulator
DAM-A-RF-02,2026-07-01T16:00:00+08:00,1,evt-rf-0192-1,0,mm,valid,simulator
DAM-A-RF-03,2026-07-01T16:00:00+08:00,1,evt-rf-0192-2,0.46,mm,valid,simulator
DAM-A-RF-04,2026-07-01T16:00:00+08:00,1,evt-rf-0192-3,0,mm,valid,simulator
DAM-A-RF-05,2026-07-01T16:00:00+08:00,1,evt-rf-0192-4,0.25,mm,valid,simulator
DAM-A-RF-01,2026-07-01T16:05:00+08:00,1,evt-rf-0193-0,0.13,mm,valid,simulator
DAM-A-RF-02,2026-07-01T16:05:00+08:00,1,evt-rf-0193-1,0,mm,valid,simulator
DAM-A-RF-03,2026-07-01T16:05:00+08:00,1,evt-rf-0193-2,0.56,mm,valid,simulator
DAM-A-RF-04,2026-07-01T16:05:00+08:00,1,evt-rf-0193-3,0.23,mm,valid,simulator
DAM-A-RF-05,2026-07-01T16:05:00+08:00,1,evt-rf-0193-4,0,mm,valid,simulator
DAM-A-RF-01,2026-07-01T16:10:00+08:00,1,evt-rf-0194-0,0.46,mm,valid,simulator
DAM-A-RF-02,2026-07-01T16:10:00+08:00,1,evt-rf-0194-1,0,mm,valid,simulator
DAM-A-RF-03,2026-07-01T16:10:00+08:00,1,evt-rf-0194-2,0.51,mm,valid,simulator
DAM-A-RF-04,2026-07-01T16:10:00+08:00,1,evt-rf-0194-3,0.41,mm,valid,simulator
DAM-A-RF-05,2026-07-01T16:10:00+08:00,1,evt-rf-0194-4,0,mm,valid,simulator
DAM-A-RF-01,2026-07-01T16:15:00+08:00,1,evt-rf-0195-0,0,mm,valid,simulator
DAM-A-RF-02,2026-07-01T16:15:00+08:00,1,evt-rf-0195-1,0.04,mm,valid,simulator
DAM-A-RF-03,2026-07-01T16:15:00+08:00,1,evt-rf-0195-2,0.31,mm,valid,simulator
DAM-A-RF-04,2026-07-01T16:15:00+08:00,1,evt-rf-0195-3,0.27,mm,valid,simulator
DAM-A-RF-05,2026-07-01T16:15:00+08:00,1,evt-rf-0195-4,0.15,mm,valid,simulator
DAM-A-RF-01,2026-07-01T16:20:00+08:00,1,evt-rf-0196-0,0,mm,valid,simulator
DAM-A-RF-02,2026-07-01T16:20:00+08:00,1,evt-rf-0196-1,0.27,mm,valid,simulator
DAM-A-RF-03,2026-07-01T16:20:00+08:00,1,evt-rf-0196-2,0,mm,valid,simulator
DAM-A-RF-04,2026-07-01T16:20:00+08:00,1,evt-rf-0196-3,0.36,mm,valid,simulator
DAM-A-RF-05,2026-07-01T16:20:00+08:00,1,evt-rf-0196-4,0,mm,valid,simulator
DAM-A-RF-01,2026-07-01T16:25:00+08:00,1,evt-rf-0197-0,0.13,mm,valid,simulator
DAM-A-RF-02,2026-07-01T16:25:00+08:00,1,evt-rf-0197-1,0.5,mm,valid,simulator
DAM-A-RF-03,2026-07-01T16:25:00+08:00,1,evt-rf-0197-2,0,mm,valid,simulator
DAM-A-RF-04,2026-07-01T16:25:00+08:00,1,evt-rf-0197-3,0.33,mm,valid,simulator
DAM-A-RF-05,2026-07-01T16:25:00+08:00,1,evt-rf-0197-4,0.03,mm,valid,simulator
DAM-A-RF-01,2026-07-01T16:30:00+08:00,1,evt-rf-0198-0,0.17,mm,valid,simulator
DAM-A-RF-02,2026-07-01T16:30:00+08:00,1,evt-rf-0198-1,0.39,mm,valid,simulator
DAM-A-RF-03,2026-07-01T16:30:00+08:00,1,evt-rf-0198-2,0.47,mm,valid,simulator
DAM-A-RF-04,2026-07-01T16:30:00+08:00,1,evt-rf-0198-3,0.64,mm,valid,simulator
DAM-A-RF-05,2026-07-01T16:30:00+08:00,1,evt-rf-0198-4,0.24,mm,valid,simulator
DAM-A-RF-01,2026-07-01T16:35:00+08:00,1,evt-rf-0199-0,0.14,mm,valid,simulator
DAM-A-RF-02,2026-07-01T16:35:00+08:00,1,evt-rf-0199-1,0.2,mm,valid,simulator
DAM-A-RF-03,2026-07-01T16:35:00+08:00,1,evt-rf-0199-2,0.24,mm,valid,simulator
DAM-A-RF-04,2026-07-01T16:35:00+08:00,1,evt-rf-0199-3,0.56,mm,valid,simulator
DAM-A-RF-05,2026-07-01T16:35:00+08:00,1,evt-rf-0199-4,0.12,mm,valid,simulator
DAM-A-RF-01,2026-07-01T16:40:00+08:00,1,evt-rf-0200-0,0.2,mm,valid,simulator
DAM-A-RF-02,2026-07-01T16:40:00+08:00,1,evt-rf-0200-1,0.59,mm,valid,simulator
DAM-A-RF-03,2026-07-01T16:40:00+08:00,1,evt-rf-0200-2,0.06,mm,valid,simulator
DAM-A-RF-04,2026-07-01T16:40:00+08:00,1,evt-rf-0200-3,0.67,mm,valid,simulator
DAM-A-RF-05,2026-07-01T16:40:00+08:00,1,evt-rf-0200-4,0.4,mm,valid,simulator
DAM-A-RF-01,2026-07-01T16:45:00+08:00,1,evt-rf-0201-0,0.4,mm,valid,simulator
DAM-A-RF-02,2026-07-01T16:45:00+08:00,1,evt-rf-0201-1,0.2,mm,valid,simulator
DAM-A-RF-03,2026-07-01T16:45:00+08:00,1,evt-rf-0201-2,0,mm,valid,simulator
DAM-A-RF-04,2026-07-01T16:45:00+08:00,1,evt-rf-0201-3,0,mm,valid,simulator
DAM-A-RF-05,2026-07-01T16:45:00+08:00,1,evt-rf-0201-4,0.26,mm,valid,simulator
DAM-A-RF-01,2026-07-01T16:50:00+08:00,1,evt-rf-0202-0,0,mm,valid,simulator
DAM-A-RF-02,2026-07-01T16:50:00+08:00,1,evt-rf-0202-1,0,mm,valid,simulator
DAM-A-RF-03,2026-07-01T16:50:00+08:00,1,evt-rf-0202-2,0.04,mm,valid,simulator
DAM-A-RF-04,2026-07-01T16:50:00+08:00,1,evt-rf-0202-3,0,mm,valid,simulator
DAM-A-RF-05,2026-07-01T16:50:00+08:00,1,evt-rf-0202-4,0.25,mm,valid,simulator
DAM-A-RF-01,2026-07-01T16:55:00+08:00,1,evt-rf-0203-0,0.3,mm,valid,simulator
DAM-A-RF-02,2026-07-01T16:55:00+08:00,1,evt-rf-0203-1,0.29,mm,valid,simulator
DAM-A-RF-03,2026-07-01T16:55:00+08:00,1,evt-rf-0203-2,0.46,mm,valid,simulator
DAM-A-RF-04,2026-07-01T16:55:00+08:00,1,evt-rf-0203-3,0.33,mm,valid,simulator
DAM-A-RF-05,2026-07-01T16:55:00+08:00,1,evt-rf-0203-4,0.37,mm,valid,simulator
DAM-A-RF-01,2026-07-01T17:00:00+08:00,1,evt-rf-0204-0,0.33,mm,valid,simulator
DAM-A-RF-02,2026-07-01T17:00:00+08:00,1,evt-rf-0204-1,0,mm,valid,simulator
DAM-A-RF-03,2026-07-01T17:00:00+08:00,1,evt-rf-0204-2,0.56,mm,valid,simulator
DAM-A-RF-04,2026-07-01T17:00:00+08:00,1,evt-rf-0204-3,0,mm,valid,simulator
DAM-A-RF-05,2026-07-01T17:00:00+08:00,1,evt-rf-0204-4,0.23,mm,valid,simulator
DAM-A-RF-01,2026-07-01T17:05:00+08:00,1,evt-rf-0205-0,0,mm,valid,simulator
DAM-A-RF-02,2026-07-01T17:05:00+08:00,1,evt-rf-0205-1,0.68,mm,valid,simulator
DAM-A-RF-03,2026-07-01T17:05:00+08:00,1,evt-rf-0205-2,0.15,mm,valid,simulator
DAM-A-RF-04,2026-07-01T17:05:00+08:00,1,evt-rf-0205-3,0.14,mm,valid,simulator
DAM-A-RF-05,2026-07-01T17:05:00+08:00,1,evt-rf-0205-4,0.32,mm,valid,simulator
DAM-A-RF-01,2026-07-01T17:10:00+08:00,1,evt-rf-0206-0,0.28,mm,valid,simulator
DAM-A-RF-02,2026-07-01T17:10:00+08:00,1,evt-rf-0206-1,0.16,mm,valid,simulator
DAM-A-RF-03,2026-07-01T17:10:00+08:00,1,evt-rf-0206-2,0,mm,valid,simulator
DAM-A-RF-04,2026-07-01T17:10:00+08:00,1,evt-rf-0206-3,0.17,mm,valid,simulator
DAM-A-RF-05,2026-07-01T17:10:00+08:00,1,evt-rf-0206-4,0.31,mm,valid,simulator
DAM-A-RF-01,2026-07-01T17:15:00+08:00,1,evt-rf-0207-0,0.49,mm,valid,simulator
DAM-A-RF-02,2026-07-01T17:15:00+08:00,1,evt-rf-0207-1,0.67,mm,valid,simulator
DAM-A-RF-03,2026-07-01T17:15:00+08:00,1,evt-rf-0207-2,0.7,mm,valid,simulator
DAM-A-RF-04,2026-07-01T17:15:00+08:00,1,evt-rf-0207-3,0.34,mm,valid,simulator
DAM-A-RF-05,2026-07-01T17:15:00+08:00,1,evt-rf-0207-4,0,mm,valid,simulator
DAM-A-RF-01,2026-07-01T17:20:00+08:00,1,evt-rf-0208-0,0,mm,valid,simulator
DAM-A-RF-02,2026-07-01T17:20:00+08:00,1,evt-rf-0208-1,0.1,mm,valid,simulator
DAM-A-RF-03,2026-07-01T17:20:00+08:00,1,evt-rf-0208-2,0.54,mm,valid,simulator
DAM-A-RF-04,2026-07-01T17:20:00+08:00,1,evt-rf-0208-3,0.01,mm,valid,simulator
DAM-A-RF-05,2026-07-01T17:20:00+08:00,1,evt-rf-0208-4,0.03,mm,valid,simulator
DAM-A-RF-01,2026-07-01T17:25:00+08:00,1,evt-rf-0209-0,0.3,mm,valid,simulator
DAM-A-RF-02,2026-07-01T17:25:00+08:00,1,evt-rf-0209-1,0.37,mm,valid,simulator
DAM-A-RF-03,2026-07-01T17:25:00+08:00,1,evt-rf-0209-2,0,mm,valid,simulator
DAM-A-RF-04,2026-07-01T17:25:00+08:00,1,evt-rf-0209-3,0.38,mm,valid,simulator
DAM-A-RF-05,2026-07-01T17:25:00+08:00,1,evt-rf-0209-4,0.73,mm,valid,simulator
DAM-A-RF-01,2026-07-01T17:30:00+08:00,1,evt-rf-0210-0,0.21,mm,valid,simulator
DAM-A-RF-02,2026-07-01T17:30:00+08:00,1,evt-rf-0210-1,0,mm,valid,simulator
DAM-A-RF-03,2026-07-01T17:30:00+08:00,1,evt-rf-0210-2,0.45,mm,valid,simulator
DAM-A-RF-04,2026-07-01T17:30:00+08:00,1,evt-rf-0210-3,0.3,mm,valid,simulator
DAM-A-RF-05,2026-07-01T17:30:00+08:00,1,evt-rf-0210-4,0.89,mm,valid,simulator
DAM-A-RF-01,2026-07-01T17:35:00+08:00,1,evt-rf-0211-0,0.28,mm,valid,simulator
DAM-A-RF-02,2026-07-01T17:35:00+08:00,1,evt-rf-0211-1,0,mm,valid,simulator
DAM-A-RF-03,2026-07-01T17:35:00+08:00,1,evt-rf-0211-2,0,mm,valid,simulator
DAM-A-RF-04,2026-07-01T17:35:00+08:00,1,evt-rf-0211-3,0.6,mm,valid,simulator
DAM-A-RF-05,2026-07-01T17:35:00+08:00,1,evt-rf-0211-4,0.26,mm,valid,simulator
DAM-A-RF-01,2026-07-01T17:40:00+08:00,1,evt-rf-0212-0,0.09,mm,valid,simulator
DAM-A-RF-02,2026-07-01T17:40:00+08:00,1,evt-rf-0212-1,0.15,mm,valid,simulator
DAM-A-RF-03,2026-07-01T17:40:00+08:00,1,evt-rf-0212-2,0.46,mm,valid,simulator
DAM-A-RF-04,2026-07-01T17:40:00+08:00,1,evt-rf-0212-3,0.7,mm,valid,simulator
DAM-A-RF-05,2026-07-01T17:40:00+08:00,1,evt-rf-0212-4,0,mm,valid,simulator
DAM-A-RF-01,2026-07-01T17:45:00+08:00,1,evt-rf-0213-0,0,mm,valid,simulator
DAM-A-RF-02,2026-07-01T17:45:00+08:00,1,evt-rf-0213-1,0.03,mm,valid,simulator
DAM-A-RF-03,2026-07-01T17:45:00+08:00,1,evt-rf-0213-2,0.28,mm,valid,simulator
DAM-A-RF-04,2026-07-01T17:45:00+08:00,1,evt-rf-0213-3,0.16,mm,valid,simulator
DAM-A-RF-05,2026-07-01T17:45:00+08:00,1,evt-rf-0213-4,0,mm,valid,simulator
DAM-A-RF-01,2026-07-01T17:50:00+08:00,1,evt-rf-0214-0,0.24,mm,valid,simulator
DAM-A-RF-02,2026-07-01T17:50:00+08:00,1,evt-rf-0214-1,0.12,mm,valid,simulator
DAM-A-RF-03,2026-07-01T17:50:00+08:00,1,evt-rf-0214-2,0,mm,valid,simulator
DAM-A-RF-04,2026-07-01T17:50:00+08:00,1,evt-rf-0214-3,0,mm,valid,simulator
DAM-A-RF-05,2026-07-01T17:50:00+08:00,1,evt-rf-0214-4,0.14,mm,valid,simulator
DAM-A-RF-01,2026-07-01T17:55:00+08:00,1,evt-rf-0215-0,0.46,mm,valid,simulator
DAM-A-RF-02,2026-07-01T17:55:00+08:00,1,evt-rf-0215-1,0,mm,valid,simulator
DAM-A-RF-03,2026-07-01T17:55:00+08:00,1,evt-rf-0215-2,0.03,mm,valid,simulator
DAM-A-RF-04,2026-07-01T17:55:00+08:00,1,evt-rf-0215-3,0.43,mm,valid,simulator
DAM-A-RF-05,2026-07-01T17:55:00+08:00,1,evt-rf-0215-4,0,mm,valid,simulator
DAM-A-RF-01,2026-07-01T18:00:00+08:00,1,evt-rf-0216-0,0.58,mm,valid,simulator
DAM-A-RF-02,2026-07-01T18:00:00+08:00,1,evt-rf-0216-1,0,mm,valid,simulator
DAM-A-RF-03,2026-07-01T18:00:00+08:00,1,evt-rf-0216-2,0.21,mm,valid,simulator
DAM-A-RF-04,2026-07-01T18:00:00+08:00,1,evt-rf-0216-3,0,mm,valid,simulator
DAM-A-RF-05,2026-07-01T18:00:00+08:00,1,evt-rf-0216-4,1.22,mm,valid,simulator
DAM-A-RF-01,2026-07-01T18:05:00+08:00,1,evt-rf-0217-0,0,mm,valid,simulator
DAM-A-RF-02,2026-07-01T18:05:00+08:00,1,evt-rf-0217-1,0.09,mm,valid,simulator
DAM-A-RF-03,2026-07-01T18:05:00+08:00,1,evt-rf-0217-2,0.23,mm,valid,simulator
DAM-A-RF-04,2026-07-01T18:05:00+08:00,1,evt-rf-0217-3,0.07,mm,valid,simulator
DAM-A-RF-05,2026-07-01T18:05:00+08:00,1,evt-rf-0217-4,0.05,mm,valid,simulator
DAM-A-RF-01,2026-07-01T18:10:00+08:00,1,evt-rf-0218-0,0.52,mm,valid,simulator
DAM-A-RF-02,2026-07-01T18:10:00+08:00,1,evt-rf-0218-1,0.26,mm,valid,simulator
DAM-A-RF-03,2026-07-01T18:10:00+08:00,1,evt-rf-0218-2,0.4,mm,valid,simulator
DAM-A-RF-04,2026-07-01T18:10:00+08:00,1,evt-rf-0218-3,0.7,mm,valid,simulator
DAM-A-RF-05,2026-07-01T18:10:00+08:00,1,evt-rf-0218-4,0.01,mm,valid,simulator
DAM-A-RF-01,2026-07-01T18:15:00+08:00,1,evt-rf-0219-0,0.39,mm,valid,simulator
DAM-A-RF-02,2026-07-01T18:15:00+08:00,1,evt-rf-0219-1,0.17,mm,valid,simulator
DAM-A-RF-03,2026-07-01T18:15:00+08:00,1,evt-rf-0219-2,0.39,mm,valid,simulator
DAM-A-RF-04,2026-07-01T18:15:00+08:00,1,evt-rf-0219-3,0.03,mm,valid,simulator
DAM-A-RF-05,2026-07-01T18:15:00+08:00,1,evt-rf-0219-4,0.32,mm,valid,simulator
DAM-A-RF-01,2026-07-01T18:20:00+08:00,1,evt-rf-0220-0,0.78,mm,valid,simulator
DAM-A-RF-02,2026-07-01T18:20:00+08:00,1,evt-rf-0220-1,0,mm,valid,simulator
DAM-A-RF-03,2026-07-01T18:20:00+08:00,1,evt-rf-0220-2,0,mm,valid,simulator
DAM-A-RF-04,2026-07-01T18:20:00+08:00,1,evt-rf-0220-3,0,mm,valid,simulator
DAM-A-RF-05,2026-07-01T18:20:00+08:00,1,evt-rf-0220-4,0.18,mm,valid,simulator
DAM-A-RF-01,2026-07-01T18:25:00+08:00,1,evt-rf-0221-0,0,mm,valid,simulator
DAM-A-RF-02,2026-07-01T18:25:00+08:00,1,evt-rf-0221-1,0,mm,valid,simulator
DAM-A-RF-03,2026-07-01T18:25:00+08:00,1,evt-rf-0221-2,0.73,mm,valid,simulator
DAM-A-RF-04,2026-07-01T18:25:00+08:00,1,evt-rf-0221-3,0.6,mm,valid,simulator
DAM-A-RF-05,2026-07-01T18:25:00+08:00,1,evt-rf-0221-4,0,mm,valid,simulator
DAM-A-RF-01,2026-07-01T18:30:00+08:00,1,evt-rf-0222-0,8.45,mm,valid,simulator
DAM-A-RF-02,2026-07-01T18:30:00+08:00,1,evt-rf-0222-1,8.35,mm,valid,simulator
DAM-A-RF-03,2026-07-01T18:30:00+08:00,1,evt-rf-0222-2,8.55,mm,valid,simulator
DAM-A-RF-04,2026-07-01T18:30:00+08:00,1,evt-rf-0222-3,8.32,mm,valid,simulator
DAM-A-RF-05,2026-07-01T18:30:00+08:00,1,evt-rf-0222-4,8.38,mm,valid,simulator
DAM-A-RF-01,2026-07-01T18:35:00+08:00,1,evt-rf-0223-0,0,mm,valid,simulator
DAM-A-RF-02,2026-07-01T18:35:00+08:00,1,evt-rf-0223-1,0.34,mm,valid,simulator
DAM-A-RF-03,2026-07-01T18:35:00+08:00,1,evt-rf-0223-2,0.18,mm,valid,simulator
DAM-A-RF-04,2026-07-01T18:35:00+08:00,1,evt-rf-0223-3,0.06,mm,valid,simulator
DAM-A-RF-05,2026-07-01T18:35:00+08:00,1,evt-rf-0223-4,0,mm,valid,simulator
DAM-A-RF-01,2026-07-01T18:40:00+08:00,1,evt-rf-0224-0,0.44,mm,valid,simulator
DAM-A-RF-02,2026-07-01T18:40:00+08:00,1,evt-rf-0224-1,0,mm,valid,simulator
DAM-A-RF-03,2026-07-01T18:40:00+08:00,1,evt-rf-0224-2,0.1,mm,valid,simulator
DAM-A-RF-04,2026-07-01T18:40:00+08:00,1,evt-rf-0224-3,0.27,mm,valid,simulator
DAM-A-RF-05,2026-07-01T18:40:00+08:00,1,evt-rf-0224-4,0,mm,valid,simulator
DAM-A-RF-01,2026-07-01T18:45:00+08:00,1,evt-rf-0225-0,0.19,mm,valid,simulator
DAM-A-RF-02,2026-07-01T18:45:00+08:00,1,evt-rf-0225-1,0.08,mm,valid,simulator
DAM-A-RF-03,2026-07-01T18:45:00+08:00,1,evt-rf-0225-2,0.15,mm,valid,simulator
DAM-A-RF-04,2026-07-01T18:45:00+08:00,1,evt-rf-0225-3,0,mm,valid,simulator
DAM-A-RF-05,2026-07-01T18:45:00+08:00,1,evt-rf-0225-4,0.48,mm,valid,simulator
DAM-A-RF-01,2026-07-01T18:50:00+08:00,1,evt-rf-0226-0,0.37,mm,valid,simulator
DAM-A-RF-02,2026-07-01T18:50:00+08:00,1,evt-rf-0226-1,0.09,mm,valid,simulator
DAM-A-RF-03,2026-07-01T18:50:00+08:00,1,evt-rf-0226-2,0.08,mm,valid,simulator
DAM-A-RF-04,2026-07-01T18:50:00+08:00,1,evt-rf-0226-3,0.22,mm,valid,simulator
DAM-A-RF-05,2026-07-01T18:50:00+08:00,1,evt-rf-0226-4,0.41,mm,valid,simulator
DAM-A-RF-01,2026-07-01T18:55:00+08:00,1,evt-rf-0227-0,0,mm,valid,simulator
DAM-A-RF-02,2026-07-01T18:55:00+08:00,1,evt-rf-0227-1,0.25,mm,valid,simulator
DAM-A-RF-03,2026-07-01T18:55:00+08:00,1,evt-rf-0227-2,0.43,mm,valid,simulator
DAM-A-RF-04,2026-07-01T18:55:00+08:00,1,evt-rf-0227-3,0.16,mm,valid,simulator
DAM-A-RF-05,2026-07-01T18:55:00+08:00,1,evt-rf-0227-4,0.25,mm,valid,simulator
DAM-A-RF-01,2026-07-01T19:00:00+08:00,1,evt-rf-0228-0,0.51,mm,valid,simulator
DAM-A-RF-02,2026-07-01T19:00:00+08:00,1,evt-rf-0228-1,0,mm,valid,simulator
DAM-A-RF-03,2026-07-01T19:00:00+08:00,1,evt-rf-0228-2,0.53,mm,valid,simulator
DAM-A-RF-04,2026-07-01T19:00:00+08:00,1,evt-rf-0228-3,0.46,mm,valid,simulator
DAM-A-RF-05,2026-07-01T19:00:00+08:00,1,evt-rf-0228-4,0.19,mm,valid,simulator
DAM-A-RF-01,2026-07-01T19:05:00+08:00,1,evt-rf-0229-0,0.52,mm,valid,simulator
DAM-A-RF-02,2026-07-01T19:05:00+08:00,1,evt-rf-0229-1,0.47,mm,valid,simulator
DAM-A-RF-03,2026-07-01T19:05:00+08:00,1,evt-rf-0229-2,0,mm,valid,simulator
DAM-A-RF-04,2026-07-01T19:05:00+08:00,1,evt-rf-0229-3,0.14,mm,valid,simulator
DAM-A-RF-05,2026-07-01T19:05:00+08:00,1,evt-rf-0229-4,0.41,mm,valid,simulator
DAM-A-RF-01,2026-07-01T19:10:00+08:00,1,evt-rf-0230-0,0.44,mm,valid,simulator
DAM-A-RF-02,2026-07-01T19:10:00+08:00,1,evt-rf-0230-1,0,mm,valid,simulator
DAM-A-RF-03,2026-07-01T19:10:00+08:00,1,evt-rf-0230-2,0,mm,valid,simulator
DAM-A-RF-04,2026-07-01T19:10:00+08:00,1,evt-rf-0230-3,0.39,mm,valid,simulator
DAM-A-RF-05,2026-07-01T19:10:00+08:00,1,evt-rf-0230-4,0,mm,valid,simulator
DAM-A-RF-01,2026-07-01T19:15:00+08:00,1,evt-rf-0231-0,0,mm,valid,simulator
DAM-A-RF-02,2026-07-01T19:15:00+08:00,1,evt-rf-0231-1,0,mm,valid,simulator
DAM-A-RF-03,2026-07-01T19:15:00+08:00,1,evt-rf-0231-2,0,mm,valid,simulator
DAM-A-RF-04,2026-07-01T19:15:00+08:00,1,evt-rf-0231-3,0.05,mm,valid,simulator
DAM-A-RF-05,2026-07-01T19:15:00+08:00,1,evt-rf-0231-4,0,mm,valid,simulator
DAM-A-RF-01,2026-07-01T19:20:00+08:00,1,evt-rf-0232-0,0.79,mm,valid,simulator
DAM-A-RF-02,2026-07-01T19:20:00+08:00,1,evt-rf-0232-1,0,mm,valid,simulator
DAM-A-RF-03,2026-07-01T19:20:00+08:00,1,evt-rf-0232-2,0.3,mm,valid,simulator
DAM-A-RF-04,2026-07-01T19:20:00+08:00,1,evt-rf-0232-3,0,mm,valid,simulator
DAM-A-RF-05,2026-07-01T19:20:00+08:00,1,evt-rf-0232-4,0.14,mm,valid,simulator
DAM-A-RF-01,2026-07-01T19:25:00+08:00,1,evt-rf-0233-0,0,mm,valid,simulator
DAM-A-RF-02,2026-07-01T19:25:00+08:00,1,evt-rf-0233-1,0.4,mm,valid,simulator
DAM-A-RF-03,2026-07-01T19:25:00+08:00,1,evt-rf-0233-2,0,mm,valid,simulator
DAM-A-RF-04,2026-07-01T19:25:00+08:00,1,evt-rf-0233-3,0,mm,valid,simulator
DAM-A-RF-05,2026-07-01T19:25:00+08:00,1,evt-rf-0233-4,0.4,mm,valid,simulator
DAM-A-RF-01,2026-07-01T19:30:00+08:00,1,evt-rf-0234-0,0,mm,valid,simulator
DAM-A-RF-02,2026-07-01T19:30:00+08:00,1,evt-rf-0234-1,0.25,mm,valid,simulator
DAM-A-RF-03,2026-07-01T19:30:00+08:00,1,evt-rf-0234-2,0,mm,valid,simulator
DAM-A-RF-04,2026-07-01T19:30:00+08:00,1,evt-rf-0234-3,0.33,mm,valid,simulator
DAM-A-RF-05,2026-07-01T19:30:00+08:00,1,evt-rf-0234-4,0.13,mm,valid,simulator
DAM-A-RF-01,2026-07-01T19:35:00+08:00,1,evt-rf-0235-0,0,mm,valid,simulator
DAM-A-RF-02,2026-07-01T19:35:00+08:00,1,evt-rf-0235-1,0,mm,valid,simulator
DAM-A-RF-03,2026-07-01T19:35:00+08:00,1,evt-rf-0235-2,0,mm,valid,simulator
DAM-A-RF-04,2026-07-01T19:35:00+08:00,1,evt-rf-0235-3,0,mm,valid,simulator
DAM-A-RF-05,2026-07-01T19:35:00+08:00,1,evt-rf-0235-4,0.29,mm,valid,simulator
DAM-A-RF-01,2026-07-01T19:40:00+08:00,1,evt-rf-0236-0,0.47,mm,valid,simulator
DAM-A-RF-02,2026-07-01T19:40:00+08:00,1,evt-rf-0236-1,0.32,mm,valid,simulator
DAM-A-RF-03,2026-07-01T19:40:00+08:00,1,evt-rf-0236-2,0,mm,valid,simulator
DAM-A-RF-04,2026-07-01T19:40:00+08:00,1,evt-rf-0236-3,0.18,mm,valid,simulator
DAM-A-RF-05,2026-07-01T19:40:00+08:00,1,evt-rf-0236-4,0,mm,valid,simulator
DAM-A-RF-01,2026-07-01T19:45:00+08:00,1,evt-rf-0237-0,0.12,mm,valid,simulator
DAM-A-RF-02,2026-07-01T19:45:00+08:00,1,evt-rf-0237-1,0.01,mm,valid,simulator
DAM-A-RF-03,2026-07-01T19:45:00+08:00,1,evt-rf-0237-2,0.07,mm,valid,simulator
DAM-A-RF-04,2026-07-01T19:45:00+08:00,1,evt-rf-0237-3,0.19,mm,valid,simulator
DAM-A-RF-05,2026-07-01T19:45:00+08:00,1,evt-rf-0237-4,0.09,mm,valid,simulator
DAM-A-RF-01,2026-07-01T19:50:00+08:00,1,evt-rf-0238-0,0,mm,valid,simulator
DAM-A-RF-02,2026-07-01T19:50:00+08:00,1,evt-rf-0238-1,0.48,mm,valid,simulator
DAM-A-RF-03,2026-07-01T19:50:00+08:00,1,evt-rf-0238-2,0.32,mm,valid,simulator
DAM-A-RF-04,2026-07-01T19:50:00+08:00,1,evt-rf-0238-3,0.41,mm,valid,simulator
DAM-A-RF-05,2026-07-01T19:50:00+08:00,1,evt-rf-0238-4,0.5,mm,valid,simulator
DAM-A-RF-01,2026-07-01T19:55:00+08:00,1,evt-rf-0239-0,0.15,mm,valid,simulator
DAM-A-RF-02,2026-07-01T19:55:00+08:00,1,evt-rf-0239-1,0.51,mm,valid,simulator
DAM-A-RF-03,2026-07-01T19:55:00+08:00,1,evt-rf-0239-2,0.14,mm,valid,simulator
DAM-A-RF-04,2026-07-01T19:55:00+08:00,1,evt-rf-0239-3,0,mm,valid,simulator
DAM-A-RF-05,2026-07-01T19:55:00+08:00,1,evt-rf-0239-4,0.25,mm,valid,simulator
DAM-A-RF-01,2026-07-01T20:00:00+08:00,1,evt-rf-0240-0,0.34,mm,valid,simulator
DAM-A-RF-02,2026-07-01T20:00:00+08:00,1,evt-rf-0240-1,0.2,mm,valid,simulator
DAM-A-RF-03,2026-07-01T20:00:00+08:00,1,evt-rf-0240-2,0.28,mm,valid,simulator
DAM-A-RF-04,2026-07-01T20:00:00+08:00,1,evt-rf-0240-3,0,mm,valid,simulator
DAM-A-RF-05,2026-07-01T20:00:00+08:00,1,evt-rf-0240-4,0.04,mm,valid,simulator
DAM-A-RF-01,2026-07-01T20:05:00+08:00,1,evt-rf-0241-0,0.36,mm,valid,simulator
DAM-A-RF-02,2026-07-01T20:05:00+08:00,1,evt-rf-0241-1,0.25,mm,valid,simulator
DAM-A-RF-03,2026-07-01T20:05:00+08:00,1,evt-rf-0241-2,0,mm,valid,simulator
DAM-A-RF-04,2026-07-01T20:05:00+08:00,1,evt-rf-0241-3,0,mm,valid,simulator
DAM-A-RF-05,2026-07-01T20:05:00+08:00,1,evt-rf-0241-4,0,mm,valid,simulator
DAM-A-RF-01,2026-07-01T20:10:00+08:00,1,evt-rf-0242-0,0.12,mm,valid,simulator
DAM-A-RF-02,2026-07-01T20:10:00+08:00,1,evt-rf-0242-1,0.19,mm,valid,simulator
DAM-A-RF-03,2026-07-01T20:10:00+08:00,1,evt-rf-0242-2,0,mm,valid,simulator
DAM-A-RF-04,2026-07-01T20:10:00+08:00,1,evt-rf-0242-3,0.29,mm,valid,simulator
DAM-A-RF-05,2026-07-01T20:10:00+08:00,1,evt-rf-0242-4,0.17,mm,valid,simulator
DAM-A-RF-01,2026-07-01T20:15:00+08:00,1,evt-rf-0243-0,0.08,mm,valid,simulator
DAM-A-RF-02,2026-07-01T20:15:00+08:00,1,evt-rf-0243-1,0,mm,valid,simulator
DAM-A-RF-03,2026-07-01T20:15:00+08:00,1,evt-rf-0243-2,0.31,mm,valid,simulator
DAM-A-RF-04,2026-07-01T20:15:00+08:00,1,evt-rf-0243-3,0,mm,valid,simulator
DAM-A-RF-05,2026-07-01T20:15:00+08:00,1,evt-rf-0243-4,0.46,mm,valid,simulator
DAM-A-RF-01,2026-07-01T20:20:00+08:00,1,evt-rf-0244-0,0.2,mm,valid,simulator
DAM-A-RF-02,2026-07-01T20:20:00+08:00,1,evt-rf-0244-1,0.01,mm,valid,simulator
DAM-A-RF-03,2026-07-01T20:20:00+08:00,1,evt-rf-0244-2,0.66,mm,valid,simulator
DAM-A-RF-04,2026-07-01T20:20:00+08:00,1,evt-rf-0244-3,0,mm,valid,simulator
DAM-A-RF-05,2026-07-01T20:20:00+08:00,1,evt-rf-0244-4,0,mm,valid,simulator
DAM-A-RF-01,2026-07-01T20:25:00+08:00,1,evt-rf-0245-0,0.3,mm,valid,simulator
DAM-A-RF-02,2026-07-01T20:25:00+08:00,1,evt-rf-0245-1,0.65,mm,valid,simulator
DAM-A-RF-03,2026-07-01T20:25:00+08:00,1,evt-rf-0245-2,0.53,mm,valid,simulator
DAM-A-RF-04,2026-07-01T20:25:00+08:00,1,evt-rf-0245-3,0,mm,valid,simulator
DAM-A-RF-05,2026-07-01T20:25:00+08:00,1,evt-rf-0245-4,0.52,mm,valid,simulator
DAM-A-RF-01,2026-07-01T20:30:00+08:00,1,evt-rf-0246-0,0.5,mm,valid,simulator
DAM-A-RF-02,2026-07-01T20:30:00+08:00,1,evt-rf-0246-1,0.44,mm,valid,simulator
DAM-A-RF-03,2026-07-01T20:30:00+08:00,1,evt-rf-0246-2,0.47,mm,valid,simulator
DAM-A-RF-04,2026-07-01T20:30:00+08:00,1,evt-rf-0246-3,0,mm,valid,simulator
DAM-A-RF-05,2026-07-01T20:30:00+08:00,1,evt-rf-0246-4,0,mm,valid,simulator
DAM-A-RF-01,2026-07-01T20:35:00+08:00,1,evt-rf-0247-0,0,mm,valid,simulator
DAM-A-RF-02,2026-07-01T20:35:00+08:00,1,evt-rf-0247-1,0.32,mm,valid,simulator
DAM-A-RF-03,2026-07-01T20:35:00+08:00,1,evt-rf-0247-2,0,mm,valid,simulator
DAM-A-RF-04,2026-07-01T20:35:00+08:00,1,evt-rf-0247-3,0.31,mm,valid,simulator
DAM-A-RF-05,2026-07-01T20:35:00+08:00,1,evt-rf-0247-4,0.21,mm,valid,simulator
DAM-A-RF-01,2026-07-01T20:40:00+08:00,1,evt-rf-0248-0,0.87,mm,valid,simulator
DAM-A-RF-02,2026-07-01T20:40:00+08:00,1,evt-rf-0248-1,0.18,mm,valid,simulator
DAM-A-RF-03,2026-07-01T20:40:00+08:00,1,evt-rf-0248-2,0.89,mm,valid,simulator
DAM-A-RF-04,2026-07-01T20:40:00+08:00,1,evt-rf-0248-3,0,mm,valid,simulator
DAM-A-RF-05,2026-07-01T20:40:00+08:00,1,evt-rf-0248-4,0.29,mm,valid,simulator
DAM-A-RF-01,2026-07-01T20:45:00+08:00,1,evt-rf-0249-0,0,mm,valid,simulator
DAM-A-RF-02,2026-07-01T20:45:00+08:00,1,evt-rf-0249-1,0.24,mm,valid,simulator
DAM-A-RF-03,2026-07-01T20:45:00+08:00,1,evt-rf-0249-2,0,mm,valid,simulator
DAM-A-RF-04,2026-07-01T20:45:00+08:00,1,evt-rf-0249-3,0,mm,valid,simulator
DAM-A-RF-05,2026-07-01T20:45:00+08:00,1,evt-rf-0249-4,0,mm,valid,simulator
DAM-A-RF-01,2026-07-01T20:50:00+08:00,1,evt-rf-0250-0,0.14,mm,valid,simulator
DAM-A-RF-02,2026-07-01T20:50:00+08:00,1,evt-rf-0250-1,0,mm,valid,simulator
DAM-A-RF-03,2026-07-01T20:50:00+08:00,1,evt-rf-0250-2,0,mm,valid,simulator
DAM-A-RF-04,2026-07-01T20:50:00+08:00,1,evt-rf-0250-3,0.54,mm,valid,simulator
DAM-A-RF-05,2026-07-01T20:50:00+08:00,1,evt-rf-0250-4,0.18,mm,valid,simulator
DAM-A-RF-01,2026-07-01T20:55:00+08:00,1,evt-rf-0251-0,0.14,mm,valid,simulator
DAM-A-RF-02,2026-07-01T20:55:00+08:00,1,evt-rf-0251-1,0,mm,valid,simulator
DAM-A-RF-03,2026-07-01T20:55:00+08:00,1,evt-rf-0251-2,0,mm,valid,simulator
DAM-A-RF-04,2026-07-01T20:55:00+08:00,1,evt-rf-0251-3,0,mm,valid,simulator
DAM-A-RF-05,2026-07-01T20:55:00+08:00,1,evt-rf-0251-4,0.07,mm,valid,simulator
DAM-A-RF-01,2026-07-01T21:00:00+08:00,1,evt-rf-0252-0,0.02,mm,valid,simulator
DAM-A-RF-02,2026-07-01T21:00:00+08:00,1,evt-rf-0252-1,0.35,mm,valid,simulator
DAM-A-RF-03,2026-07-01T21:00:00+08:00,1,evt-rf-0252-2,0.65,mm,valid,simulator
DAM-A-RF-04,2026-07-01T21:00:00+08:00,1,evt-rf-0252-3,0,mm,valid,simulator
DAM-A-RF-05,2026-07-01T21:00:00+08:00,1,evt-rf-0252-4,0.4,mm,valid,simulator
DAM-A-RF-01,2026-07-01T21:05:00+08:00,1,evt-rf-0253-0,0.12,mm,valid,simulator
DAM-A-RF-02,2026-07-01T21:05:00+08:00,1,evt-rf-0253-1,0,mm,valid,simulator
DAM-A-RF-03,2026-07-01T21:05:00+08:00,1,evt-rf-0253-2,0.17,mm,valid,simulator
DAM-A-RF-04,2026-07-01T21:05:00+08:00,1,evt-rf-0253-3,0.31,mm,valid,simulator
DAM-A-RF-05,2026-07-01T21:05:00+08:00,1,evt-rf-0253-4,0,mm,valid,simulator
DAM-A-RF-01,2026-07-01T21:10:00+08:00,1,evt-rf-0254-0,0.05,mm,valid,simulator
DAM-A-RF-02,2026-07-01T21:10:00+08:00,1,evt-rf-0254-1,0.17,mm,valid,simulator
DAM-A-RF-03,2026-07-01T21:10:00+08:00,1,evt-rf-0254-2,0.57,mm,valid,simulator
DAM-A-RF-04,2026-07-01T21:10:00+08:00,1,evt-rf-0254-3,0,mm,valid,simulator
DAM-A-RF-05,2026-07-01T21:10:00+08:00,1,evt-rf-0254-4,0.13,mm,valid,simulator
DAM-A-RF-01,2026-07-01T21:15:00+08:00,1,evt-rf-0255-0,0.18,mm,valid,simulator
DAM-A-RF-02,2026-07-01T21:15:00+08:00,1,evt-rf-0255-1,0.15,mm,valid,simulator
DAM-A-RF-03,2026-07-01T21:15:00+08:00,1,evt-rf-0255-2,0.51,mm,valid,simulator
DAM-A-RF-04,2026-07-01T21:15:00+08:00,1,evt-rf-0255-3,0.84,mm,valid,simulator
DAM-A-RF-05,2026-07-01T21:15:00+08:00,1,evt-rf-0255-4,0,mm,valid,simulator
DAM-A-RF-01,2026-07-01T21:20:00+08:00,1,evt-rf-0256-0,0,mm,valid,simulator
DAM-A-RF-02,2026-07-01T21:20:00+08:00,1,evt-rf-0256-1,0,mm,valid,simulator
DAM-A-RF-03,2026-07-01T21:20:00+08:00,1,evt-rf-0256-2,0.08,mm,valid,simulator
DAM-A-RF-04,2026-07-01T21:20:00+08:00,1,evt-rf-0256-3,0.21,mm,valid,simulator
DAM-A-RF-05,2026-07-01T21:20:00+08:00,1,evt-rf-0256-4,0.05,mm,valid,simulator
DAM-A-RF-01,2026-07-01T21:25:00+08:00,1,evt-rf-0257-0,0.7,mm,valid,simulator
DAM-A-RF-02,2026-07-01T21:25:00+08:00,1,evt-rf-0257-1,0.19,mm,valid,simulator
DAM-A-RF-03,2026-07-01T21:25:00+08:00,1,evt-rf-0257-2,0.4,mm,valid,simulator
DAM-A-RF-04,2026-07-01T21:25:00+08:00,1,evt-rf-0257-3,0.07,mm,valid,simulator
DAM-A-RF-05,2026-07-01T21:25:00+08:00,1,evt-rf-0257-4,0,mm,valid,simulator
DAM-A-RF-01,2026-07-01T21:30:00+08:00,1,evt-rf-0258-0,0.15,mm,valid,simulator
DAM-A-RF-02,2026-07-01T21:30:00+08:00,1,evt-rf-0258-1,0.55,mm,valid,simulator
DAM-A-RF-03,2026-07-01T21:30:00+08:00,1,evt-rf-0258-2,0.54,mm,valid,simulator
DAM-A-RF-04,2026-07-01T21:30:00+08:00,1,evt-rf-0258-3,0,mm,valid,simulator
DAM-A-RF-05,2026-07-01T21:30:00+08:00,1,evt-rf-0258-4,0.55,mm,valid,simulator
DAM-A-RF-01,2026-07-01T21:35:00+08:00,1,evt-rf-0259-0,8.71,mm,valid,simulator
DAM-A-RF-02,2026-07-01T21:35:00+08:00,1,evt-rf-0259-1,8.14,mm,valid,simulator
DAM-A-RF-03,2026-07-01T21:35:00+08:00,1,evt-rf-0259-2,8.31,mm,valid,simulator
DAM-A-RF-04,2026-07-01T21:35:00+08:00,1,evt-rf-0259-3,8.67,mm,valid,simulator
DAM-A-RF-05,2026-07-01T21:35:00+08:00,1,evt-rf-0259-4,8.41,mm,valid,simulator
DAM-A-RF-01,2026-07-01T21:40:00+08:00,1,evt-rf-0260-0,0.14,mm,valid,simulator
DAM-A-RF-02,2026-07-01T21:40:00+08:00,1,evt-rf-0260-1,0.69,mm,valid,simulator
DAM-A-RF-03,2026-07-01T21:40:00+08:00,1,evt-rf-0260-2,0,mm,valid,simulator
DAM-A-RF-04,2026-07-01T21:40:00+08:00,1,evt-rf-0260-3,0.95,mm,valid,simulator
DAM-A-RF-05,2026-07-01T21:40:00+08:00,1,evt-rf-0260-4,0.6,mm,valid,simulator
DAM-A-RF-01,2026-07-01T21:45:00+08:00,1,evt-rf-0261-0,0.33,mm,valid,simulator
DAM-A-RF-02,2026-07-01T21:45:00+08:00,1,evt-rf-0261-1,0,mm,valid,simulator
DAM-A-RF-03,2026-07-01T21:45:00+08:00,1,evt-rf-0261-2,0.7,mm,valid,simulator
DAM-A-RF-04,2026-07-01T21:45:00+08:00,1,evt-rf-0261-3,0.14,mm,valid,simulator
DAM-A-RF-05,2026-07-01T21:45:00+08:00,1,evt-rf-0261-4,0.19,mm,valid,simulator
DAM-A-RF-01,2026-07-01T21:50:00+08:00,1,evt-rf-0262-0,0.46,mm,valid,simulator
DAM-A-RF-02,2026-07-01T21:50:00+08:00,1,evt-rf-0262-1,0.42,mm,valid,simulator
DAM-A-RF-03,2026-07-01T21:50:00+08:00,1,evt-rf-0262-2,0,mm,valid,simulator
DAM-A-RF-04,2026-07-01T21:50:00+08:00,1,evt-rf-0262-3,0.56,mm,valid,simulator
DAM-A-RF-05,2026-07-01T21:50:00+08:00,1,evt-rf-0262-4,0.43,mm,valid,simulator
DAM-A-RF-01,2026-07-01T21:55:00+08:00,1,evt-rf-0263-0,0.22,mm,valid,simulator
DAM-A-RF-02,2026-07-01T21:55:00+08:00,1,evt-rf-0263-1,0.4,mm,valid,simulator
DAM-A-RF-03,2026-07-01T21:55:00+08:00,1,evt-rf-0263-2,0.22,mm,valid,simulator
DAM-A-RF-04,2026-07-01T21:55:00+08:00,1,evt-rf-0263-3,0.11,mm,valid,simulator
DAM-A-RF-05,2026-07-01T21:55:00+08:00,1,evt-rf-0263-4,0,mm,valid,simulator
DAM-A-RF-01,2026-07-01T22:00:00+08:00,1,evt-rf-0264-0,0.17,mm,valid,simulator
DAM-A-RF-02,2026-07-01T22:00:00+08:00,1,evt-rf-0264-1,0.01,mm,valid,simulator
DAM-A-RF-03,2026-07-01T22:00:00+08:00,1,evt-rf-0264-2,0,mm,valid,simulator
DAM-A-RF-04,2026-07-01T22:00:00+08:00,1,evt-rf-0264-3,0.28,mm,valid,simulator
DAM-A-RF-05,2026-07-01T22:00:00+08:00,1,evt-rf-0264-4,0.15,mm,valid,simulator
DAM-A-RF-01,2026-07-01T22:05:00+08:00,1,evt-rf-0265-0,0.26,mm,valid,simulator
DAM-A-RF-02,2026-07-01T22:05:00+08:00,1,evt-rf-0265-1,0,mm,valid,simulator
DAM-A-RF-03,2026-07-01T22:05:00+08:00,1,evt-rf-0265-2,0.15,mm,valid,simulator
DAM-A-RF-04,2026-07-01T22:05:00+08:00,1,evt-rf-0265-3,0.3,mm,valid,simulator
DAM-A-RF-05,2026-07-01T22:05:00+08:00,1,evt-rf-0265-4,0,mm,valid,simulator
DAM-A-RF-01,2026-07-01T22:10:00+08:00,1,evt-rf-0266-0,0.0,mm,valid,simulator
DAM-A-RF-02,2026-07-01T22:10:00+08:00,1,evt-rf-0266-1,0.0,mm,valid,simulator
DAM-A-RF-03,2026-07-01T22:10:00+08:00,1,evt-rf-0266-2,0.13,mm,valid,simulator
DAM-A-RF-04,2026-07-01T22:10:00+08:00,1,evt-rf-0266-3,0,mm,valid,simulator
DAM-A-RF-05,2026-07-01T22:10:00+08:00,1,evt-rf-0266-4,0,mm,valid,simulator
DAM-A-RF-01,2026-07-01T22:15:00+08:00,1,evt-rf-0267-0,0.48,mm,valid,simulator
DAM-A-RF-02,2026-07-01T22:15:00+08:00,1,evt-rf-0267-1,0.2,mm,valid,simulator
DAM-A-RF-03,2026-07-01T22:15:00+08:00,1,evt-rf-0267-2,0.22,mm,valid,simulator
DAM-A-RF-04,2026-07-01T22:15:00+08:00,1,evt-rf-0267-3,0.21,mm,valid,simulator
DAM-A-RF-05,2026-07-01T22:15:00+08:00,1,evt-rf-0267-4,0.18,mm,valid,simulator
DAM-A-RF-01,2026-07-01T22:20:00+08:00,1,evt-rf-0268-0,0.46,mm,valid,simulator
DAM-A-RF-02,2026-07-01T22:20:00+08:00,1,evt-rf-0268-1,0.18,mm,valid,simulator
DAM-A-RF-03,2026-07-01T22:20:00+08:00,1,evt-rf-0268-2,0.05,mm,valid,simulator
DAM-A-RF-04,2026-07-01T22:20:00+08:00,1,evt-rf-0268-3,0,mm,valid,simulator
DAM-A-RF-05,2026-07-01T22:20:00+08:00,1,evt-rf-0268-4,0.28,mm,valid,simulator
DAM-A-RF-01,2026-07-01T22:25:00+08:00,1,evt-rf-0269-0,0.43,mm,valid,simulator
DAM-A-RF-02,2026-07-01T22:25:00+08:00,1,evt-rf-0269-1,0.55,mm,valid,simulator
DAM-A-RF-03,2026-07-01T22:25:00+08:00,1,evt-rf-0269-2,0.25,mm,valid,simulator
DAM-A-RF-04,2026-07-01T22:25:00+08:00,1,evt-rf-0269-3,0.94,mm,valid,simulator
DAM-A-RF-05,2026-07-01T22:25:00+08:00,1,evt-rf-0269-4,0.42,mm,valid,simulator
DAM-A-RF-01,2026-07-01T22:30:00+08:00,1,evt-rf-0270-0,0.48,mm,valid,simulator
DAM-A-RF-02,2026-07-01T22:30:00+08:00,1,evt-rf-0270-1,0.52,mm,valid,simulator
DAM-A-RF-03,2026-07-01T22:30:00+08:00,1,evt-rf-0270-2,0.18,mm,valid,simulator
DAM-A-RF-04,2026-07-01T22:30:00+08:00,1,evt-rf-0270-3,0.77,mm,valid,simulator
DAM-A-RF-05,2026-07-01T22:30:00+08:00,1,evt-rf-0270-4,0.93,mm,valid,simulator
DAM-A-RF-01,2026-07-01T22:35:00+08:00,1,evt-rf-0271-0,0.39,mm,valid,simulator
DAM-A-RF-02,2026-07-01T22:35:00+08:00,1,evt-rf-0271-1,0,mm,valid,simulator
DAM-A-RF-03,2026-07-01T22:35:00+08:00,1,evt-rf-0271-2,0.22,mm,valid,simulator
DAM-A-RF-04,2026-07-01T22:35:00+08:00,1,evt-rf-0271-3,0.35,mm,valid,simulator
DAM-A-RF-05,2026-07-01T22:35:00+08:00,1,evt-rf-0271-4,0.28,mm,valid,simulator
DAM-A-RF-01,2026-07-01T22:40:00+08:00,1,evt-rf-0272-0,0,mm,valid,simulator
DAM-A-RF-02,2026-07-01T22:40:00+08:00,1,evt-rf-0272-1,0.99,mm,valid,simulator
DAM-A-RF-03,2026-07-01T22:40:00+08:00,1,evt-rf-0272-2,0.25,mm,valid,simulator
DAM-A-RF-04,2026-07-01T22:40:00+08:00,1,evt-rf-0272-3,0,mm,valid,simulator
DAM-A-RF-05,2026-07-01T22:40:00+08:00,1,evt-rf-0272-4,0.2,mm,valid,simulator
DAM-A-RF-01,2026-07-01T22:45:00+08:00,1,evt-rf-0273-0,0.42,mm,valid,simulator
DAM-A-RF-02,2026-07-01T22:45:00+08:00,1,evt-rf-0273-1,0.31,mm,valid,simulator
DAM-A-RF-03,2026-07-01T22:45:00+08:00,1,evt-rf-0273-2,0,mm,valid,simulator
DAM-A-RF-04,2026-07-01T22:45:00+08:00,1,evt-rf-0273-3,0,mm,valid,simulator
DAM-A-RF-05,2026-07-01T22:45:00+08:00,1,evt-rf-0273-4,0.2,mm,valid,simulator
DAM-A-RF-01,2026-07-01T22:50:00+08:00,1,evt-rf-0274-0,0.75,mm,valid,simulator
DAM-A-RF-02,2026-07-01T22:50:00+08:00,1,evt-rf-0274-1,0.45,mm,valid,simulator
DAM-A-RF-03,2026-07-01T22:50:00+08:00,1,evt-rf-0274-2,0.3,mm,valid,simulator
DAM-A-RF-04,2026-07-01T22:50:00+08:00,1,evt-rf-0274-3,0.31,mm,valid,simulator
DAM-A-RF-05,2026-07-01T22:50:00+08:00,1,evt-rf-0274-4,0.3,mm,valid,simulator
DAM-A-RF-01,2026-07-01T22:55:00+08:00,1,evt-rf-0275-0,0.37,mm,valid,simulator
DAM-A-RF-02,2026-07-01T22:55:00+08:00,1,evt-rf-0275-1,0.53,mm,valid,simulator
DAM-A-RF-03,2026-07-01T22:55:00+08:00,1,evt-rf-0275-2,0,mm,valid,simulator
DAM-A-RF-04,2026-07-01T22:55:00+08:00,1,evt-rf-0275-3,0.56,mm,valid,simulator
DAM-A-RF-05,2026-07-01T22:55:00+08:00,1,evt-rf-0275-4,0,mm,valid,simulator
DAM-A-RF-01,2026-07-01T23:00:00+08:00,1,evt-rf-0276-0,0.4,mm,valid,simulator
DAM-A-RF-02,2026-07-01T23:00:00+08:00,1,evt-rf-0276-1,0,mm,valid,simulator
DAM-A-RF-03,2026-07-01T23:00:00+08:00,1,evt-rf-0276-2,0.04,mm,valid,simulator
DAM-A-RF-04,2026-07-01T23:00:00+08:00,1,evt-rf-0276-3,0.3,mm,valid,simulator
DAM-A-RF-05,2026-07-01T23:00:00+08:00,1,evt-rf-0276-4,0.28,mm,valid,simulator
DAM-A-RF-01,2026-07-01T23:05:00+08:00,1,evt-rf-0277-0,0.25,mm,valid,simulator
DAM-A-RF-02,2026-07-01T23:05:00+08:00,1,evt-rf-0277-1,0,mm,valid,simulator
DAM-A-RF-03,2026-07-01T23:05:00+08:00,1,evt-rf-0277-2,0.34,mm,valid,simulator
DAM-A-RF-04,2026-07-01T23:05:00+08:00,1,evt-rf-0277-3,0.09,mm,valid,simulator
DAM-A-RF-05,2026-07-01T23:05:00+08:00,1,evt-rf-0277-4,0,mm,valid,simulator
DAM-A-RF-01,2026-07-01T23:10:00+08:00,1,evt-rf-0278-0,0.3,mm,valid,simulator
DAM-A-RF-02,2026-07-01T23:10:00+08:00,1,evt-rf-0278-1,0.45,mm,valid,simulator
DAM-A-RF-03,2026-07-01T23:10:00+08:00,1,evt-rf-0278-2,0.5,mm,valid,simulator
DAM-A-RF-04,2026-07-01T23:10:00+08:00,1,evt-rf-0278-3,0.18,mm,valid,simulator
DAM-A-RF-05,2026-07-01T23:10:00+08:00,1,evt-rf-0278-4,0.04,mm,valid,simulator
DAM-A-RF-01,2026-07-01T23:15:00+08:00,1,evt-rf-0279-0,0,mm,valid,simulator
DAM-A-RF-02,2026-07-01T23:15:00+08:00,1,evt-rf-0279-1,0,mm,valid,simulator
DAM-A-RF-03,2026-07-01T23:15:00+08:00,1,evt-rf-0279-2,0.58,mm,valid,simulator
DAM-A-RF-04,2026-07-01T23:15:00+08:00,1,evt-rf-0279-3,0.56,mm,valid,simulator
DAM-A-RF-05,2026-07-01T23:15:00+08:00,1,evt-rf-0279-4,0,mm,valid,simulator
DAM-A-RF-01,2026-07-01T23:20:00+08:00,1,evt-rf-0280-0,0.03,mm,valid,simulator
DAM-A-RF-02,2026-07-01T23:20:00+08:00,1,evt-rf-0280-1,0.5,mm,valid,simulator
DAM-A-RF-03,2026-07-01T23:20:00+08:00,1,evt-rf-0280-2,0.02,mm,valid,simulator
DAM-A-RF-04,2026-07-01T23:20:00+08:00,1,evt-rf-0280-3,0.31,mm,valid,simulator
DAM-A-RF-05,2026-07-01T23:20:00+08:00,1,evt-rf-0280-4,0,mm,valid,simulator
DAM-A-RF-01,2026-07-01T23:25:00+08:00,1,evt-rf-0281-0,0.51,mm,valid,simulator
DAM-A-RF-02,2026-07-01T23:25:00+08:00,1,evt-rf-0281-1,0.09,mm,valid,simulator
DAM-A-RF-03,2026-07-01T23:25:00+08:00,1,evt-rf-0281-2,0.17,mm,valid,simulator
DAM-A-RF-04,2026-07-01T23:25:00+08:00,1,evt-rf-0281-3,0.33,mm,valid,simulator
DAM-A-RF-05,2026-07-01T23:25:00+08:00,1,evt-rf-0281-4,0.39,mm,valid,simulator
DAM-A-RF-01,2026-07-01T23:30:00+08:00,1,evt-rf-0282-0,0.63,mm,valid,simulator
DAM-A-RF-02,2026-07-01T23:30:00+08:00,1,evt-rf-0282-1,0,mm,valid,simulator
DAM-A-RF-03,2026-07-01T23:30:00+08:00,1,evt-rf-0282-2,0.21,mm,valid,simulator
DAM-A-RF-04,2026-07-01T23:30:00+08:00,1,evt-rf-0282-3,0.07,mm,valid,simulator
DAM-A-RF-05,2026-07-01T23:30:00+08:00,1,evt-rf-0282-4,0.61,mm,valid,simulator
DAM-A-RF-01,2026-07-01T23:35:00+08:00,1,evt-rf-0283-0,0,mm,valid,simulator
DAM-A-RF-02,2026-07-01T23:35:00+08:00,1,evt-rf-0283-1,0.61,mm,valid,simulator
DAM-A-RF-03,2026-07-01T23:35:00+08:00,1,evt-rf-0283-2,0,mm,valid,simulator
DAM-A-RF-04,2026-07-01T23:35:00+08:00,1,evt-rf-0283-3,0,mm,valid,simulator
DAM-A-RF-05,2026-07-01T23:35:00+08:00,1,evt-rf-0283-4,0.09,mm,valid,simulator
DAM-A-RF-01,2026-07-01T23:40:00+08:00,1,evt-rf-0284-0,0.48,mm,valid,simulator
DAM-A-RF-02,2026-07-01T23:40:00+08:00,1,evt-rf-0284-1,0.14,mm,valid,simulator
DAM-A-RF-03,2026-07-01T23:40:00+08:00,1,evt-rf-0284-2,0.6,mm,valid,simulator
DAM-A-RF-04,2026-07-01T23:40:00+08:00,1,evt-rf-0284-3,0.39,mm,valid,simulator
DAM-A-RF-05,2026-07-01T23:40:00+08:00,1,evt-rf-0284-4,0.75,mm,valid,simulator
DAM-A-RF-01,2026-07-01T23:45:00+08:00,1,evt-rf-0285-0,0,mm,valid,simulator
DAM-A-RF-02,2026-07-01T23:45:00+08:00,1,evt-rf-0285-1,0.28,mm,valid,simulator
DAM-A-RF-03,2026-07-01T23:45:00+08:00,1,evt-rf-0285-2,0.27,mm,valid,simulator
DAM-A-RF-04,2026-07-01T23:45:00+08:00,1,evt-rf-0285-3,0,mm,valid,simulator
DAM-A-RF-05,2026-07-01T23:45:00+08:00,1,evt-rf-0285-4,0,mm,valid,simulator
DAM-A-RF-01,2026-07-01T23:50:00+08:00,1,evt-rf-0286-0,0.4,mm,valid,simulator
DAM-A-RF-02,2026-07-01T23:50:00+08:00,1,evt-rf-0286-1,0.67,mm,valid,simulator
DAM-A-RF-03,2026-07-01T23:50:00+08:00,1,evt-rf-0286-2,0.26,mm,valid,simulator
DAM-A-RF-04,2026-07-01T23:50:00+08:00,1,evt-rf-0286-3,0.25,mm,valid,simulator
DAM-A-RF-05,2026-07-01T23:50:00+08:00,1,evt-rf-0286-4,0.78,mm,valid,simulator
DAM-A-RF-01,2026-07-01T23:55:00+08:00,1,evt-rf-0287-0,0.34,mm,valid,simulator
DAM-A-RF-02,2026-07-01T23:55:00+08:00,1,evt-rf-0287-1,0.07,mm,valid,simulator
DAM-A-RF-03,2026-07-01T23:55:00+08:00,1,evt-rf-0287-2,0.21,mm,valid,simulator
DAM-A-RF-04,2026-07-01T23:55:00+08:00,1,evt-rf-0287-3,0,mm,valid,simulator
DAM-A-RF-05,2026-07-01T23:55:00+08:00,1,evt-rf-0287-4,0.71,mm,valid,simulator
