asset_id,occurred_at,version,event_id,value,unit,quality,source,note
DAM-A-WL-01,2026-07-01T00:00:00+08:00,1,evt-wl-0000-0,164.986,m,valid,simulator,
DAM-A-WL-02,2026-07-01T00:00:00+08:00,1,evt-wl-0000-1,165.088,m,valid,simulator,
DAM-A-WL-03,2026-07-01T00:00:00+08:00,1,evt-wl-0000-2,165.156,m,valid,simulator,
DAM-A-WL-01,2026-07-01T00:05:00+08:00,1,evt-wl-0001-0,165.001,m,valid,simulator,
DAM-A-WL-02,2026-07-01T00:05:00+08:00,1,evt-wl-0001-1,165.092,m,valid,simulator,
DAM-A-WL-03,2026-07-01T00:05:00+08:00,1,evt-wl-0001-2,165.173,m,valid,simulator,
DAM-A-WL-01,2026-07-01T00:10:00+08:00,1,evt-wl-0002-0,165.027,m,valid,simulator,
DAM-A-WL-02,2026-07-01T00:10:00+08:00,1,evt-wl-0002-1,165.122,m,valid,simulator,
DAM-A-WL-03,2026-07-01T00:10:00+08:00,1,evt-wl-0002-2,165.2,m,valid,simulator,
DAM-A-WL-01,2026-07-01T00:15:00+08:00,1,evt-wl-0003-0,165.056,m,valid,simulator,
DAM-A-WL-02,2026-07-01T00:15:00+08:00,1,evt-wl-0003-1,165.135,m,valid,simulator,
DAM-A-WL-03,2026-07-01T00:15:00+08:00,1,evt-wl-0003-2,165.189,m,valid,simulator,
DAM-A-WL-01,2026-07-01T00:20:00+08:00,1,evt-wl-0004-0,165.049,m,valid,simulator,
DAM-A-WL-02,2026-07-01T00:20:00+08:00,1,evt-wl-0004-1,165.142,m,valid,simulator,
DAM-A-WL-03,2026-07-01T00:20:00+08:00,1,evt-wl-0004-2,165.22,m,valid,simulator,
DAM-A-WL-01,2026-07-01T00:25:00+08:00,1,evt-wl-0005-0,165.06,m,valid,simulator,
DAM-A-WL-02,2026-07-01T00:25:00+08:00,1,evt-wl-0005-1,165.163,m,valid,simulator,
DAM-A-WL-03,2026-07-01T00:25:00+08:00,1,evt-wl-0005-2,165.245,m,valid,simulator,
DAM-A-WL-01,2026-07-01T00:30:00+08:00,1,evt-wl-0006-0,165.092,m,valid,simulator,
DAM-A-WL-02,2026-07-01T00:30:00+08:00,1,evt-wl-0006-1,165.163,m,valid,simulator,
DAM-A-WL-03,2026-07-01T00:30:00+08:00,1,evt-wl-0006-2,165.246,m,valid,simulator,
DAM-A-WL-01,2026-07-01T00:35:00+08:00,1,evt-wl-0007-0,165.11,m,valid,simulator,
DAM-A-WL-02,2026-07-01T00:35:00+08:00,1,evt-wl-0007-1,165.192,m,valid,simulator,
DAM-A-WL-03,2026-07-01T00:35:00+08:00,1,evt-wl-0007-2,165.261,m,valid,simulator,
DAM-A-WL-01,2026-07-01T00:40:00+08:00,1,evt-wl-0008-0,165.115,m,valid,simulator,
DAM-A-WL-02,2026-07-01T00:40:00+08:00,1,evt-wl-0008-1,165.202,m,valid,simulator,
DAM-A-WL-03,2026-07-01T00:40:00+08:00,1,evt-wl-0008-2,165.259,m,valid,simulator,
DAM-A-WL-01,2026-07-01T00:45:00+08:00,1,evt-wl-0009-0,165.116,m,valid,simulator,
DAM-A-WL-02,2026-07-01T00:45:00+08:00,1,evt-wl-0009-1,165.195,m,valid,simulator,
DAM-A-WL-03,2026-07-01T00:45:00+08:00,1,evt-wl-0009-2,165.289,m,valid,simulator,
DAM-A-WL-01,2026-07-01T00:50:00+08:00,1,evt-wl-0010-0,165.131,m,valid,simulator,
DAM-A-WL-02,2026-07-01T00:50:00+08:00,1,evt-wl-0010-1,165.228,m,valid,simulator,
DAM-A-WL-03,2026-07-01T00:50:00+08:00,1,evt-wl-0010-2,165.297,m,valid,simulator,
DAM-A-WL-01,2026-07-01T00:55:00+08:00,1,evt-wl-0011-0,165.144,m,valid,simulator,
DAM-A-WL-02,2026-07-01T00:55:00+08:00,1,evt-wl-0011-1,165.227,m,valid,simulator,
DAM-A-WL-03,2026-07-01T00:55:00+08:00,1,evt-wl-0011-2,165.324,m,valid,simulator,
DAM-A-WL-01,2026-07-01T01:00:00+08:00,1,evt-wl-0012-0,165.16,m,valid,simulator,
DAM-A-WL-02,2026-07-01T01:00:00+08:00,1,evt-wl-0012-1,165.263,m,valid,simulator,
DAM-A-WL-03,2026-07-01T01:00:00+08:00,1,evt-wl-0012-2,165.32,m,valid,simulator,
DAM-A-WL-01,2026-07-01T01:05:00+08:00,1,evt-wl-0013-0,165.179,m,valid,simulator,
DAM-A-WL-02,2026-07-01T01:05:00+08:00,1,evt-wl-0013-1,165.269,m,valid,simulator,
DAM-A-WL-03,2026-07-01T01:05:00+08:00,1,evt-wl-0013-2,165.331,m,valid,simulator,
DAM-A-WL-01,2026-07-01T01:10:00+08:00,1,evt-wl-0014-0,165.203,m,valid,simulator,
DAM-A-WL-02,2026-07-01T01:10:00+08:00,1,evt-wl-0014-1,165.286,m,valid,simulator,
DAM-A-WL-03,2026-07-01T01:10:00+08:00,1,evt-wl-0014-2,165.359,m,valid,simulator,
DAM-A-WL-01,2026-07-01T01:15:00+08:00,1,evt-wl-0015-0,165.221,m,valid,simulator,
DAM-A-WL-02,2026-07-01T01:15:00+08:00,1,evt-wl-0015-1,165.279,m,valid,simulator,
DAM-A-WL-03,2026-07-01T01:15:00+08:00,1,evt-wl-0015-2,165.365,m,valid,simulator,
DAM-A-WL-01,2026-07-01T01:20:00+08:00,1,evt-wl-0016-0,165.218,m,valid,simulator,
DAM-A-WL-02,2026-07-01T01:20:00+08:00,1,evt-wl-0016-1,165.315,m,valid,simulator,
DAM-A-WL-03,2026-07-01T01:20:00+08:00,1,evt-wl-0016-2,165.383,m,valid,simulator,
DAM-A-WL-01,2026-07-01T01:25:00+08:00,1,evt-wl-0017-0,165.247,m,valid,simulator,
DAM-A-WL-02,2026-07-01T01:25:00+08:00,1,evt-wl-0017-1,165.329,m,valid,simulator,
DAM-A-WL-03,2026-07-01T01:25:00+08:00,1,evt-wl-0017-2,165.394,m,valid,simulator,
DAM-A-WL-01,2026-07-01T01:30:00+08:00,1,evt-wl-0018-0,165.264,m,valid,simulator,
DAM-A-WL-02,2026-07-01T01:30:00+08:00,1,evt-wl-0018-1,165.332,m,valid,simulator,
DAM-A-WL-03,2026-07-01T01:30:00+08:00,1,evt-wl-0018-2,165.41,m,valid,simulator,
DAM-A-WL-01,2026-07-01T01:35:00+08:00,1,evt-wl-0019-0,165.261,m,valid,simulator,
DAM-A-WL-02,2026-07-01T01:35:00+08:00,1,evt-wl-0019-1,165.337,m,valid,simulator,
DAM-A-WL-03,2026-07-01T01:35:00+08:00,1,evt-wl-0019-2,165.419,m,valid,simulator,
DAM-A-WL-01,2026-07-01T01:40:00+08:00,1,evt-wl-0020-0,165.268,m,valid,simulator,
DAM-A-WL-02,2026-07-01T01:40:00+08:00,1,evt-wl-0020-1,165.367,m,valid,simulator,
DAM-A-WL-03,2026-07-01T01:40:00+08:00,1,evt-wl-0020-2,165.43,m,valid,simulator,
DAM-A-WL-01,2026-07-01T01:45:00+08:00,1,evt-wl-0021-0,165.308,m,valid,simulator,
DAM-A-WL-02,2026-07-01T01:45:00+08:00,1,evt-wl-0021-1,165.385,m,valid,simulator,
DAM-A-WL-03,2026-07-01T01:45:00+08:00,1,evt-wl-0021-2,165.442,m,valid,simulator,
DAM-A-WL-01,2026-07-01T01:50:00+08:00,1,evt-wl-0022-0,165.302,m,valid,simulator,
DAM-A-WL-02,2026-07-01T01:50:00+08:00,1,evt-wl-0022-1,165.388,m,valid,simulator,
DAM-A-WL-03,2026-07-01T01:50:00+08:00,1,evt-wl-0022-2,165.469,m,valid,simulator,
DAM-A-WL-01,2026-07-01T01:55:00+08:00,1,evt-wl-0023-0,165.337,m,valid,simulator,
DAM-A-WL-02,2026-07-01T01:55:00+08:00,1,evt-wl-0023-1,165.411,m,valid,simulator,
DAM-A-WL-03,2026-07-01T01:55:00+08:00,1,evt-wl-0023-2,165.489,m,valid,simulator,
DAM-A-WL-01,2026-07-01T02:00:00+08:00,1,evt-wl-0024-0,165.343,m,valid,simulator,
DAM-A-WL-02,2026-07-01T02:00:00+08:00,1,evt-wl-0024-1,165.431,m,valid,simulator,
DAM-A-WL-03,2026-07-01T02:00:00+08:00,1,evt-wl-0024-2,165.5,m,valid,simulator,
DAM-A-WL-01,2026-07-01T02:05:00+08:00,1,evt-wl-0025-0,165.34,m,valid,simulator,
DAM-A-WL-02,2026-07-01T02:05:00+08:00,1,evt-wl-0025-1,165.437,m,valid,simulator,
DAM-A-WL-03,2026-07-01T02:05:00+08:00,1,evt-wl-0025-2,165.52,m,valid,simulator,
DAM-A-WL-01,2026-07-01T02:10:00+08:00,1,evt-wl-0026-0,165.353,m,valid,simulator,
DAM-A-WL-02,2026-07-01T02:10:00+08:00,1,evt-wl-0026-1,165.457,m,valid,simulator,
DAM-A-WL-03,2026-07-01T02:10:00+08:00,1,evt-wl-0026-2,165.531,m,valid,simulator,
DAM-A-WL-01,2026-07-01T02:15:00+08:00,1,evt-wl-0027-0,165.387,m,valid,simulator,
DAM-A-WL-02,2026-07-01T02:15:00+08:00,1,evt-wl-0027-1,165.471,m,valid,simulator,
DAM-A-WL-03,2026-07-01T02:15:00+08:00,1,evt-wl-0027-2,165.524,m,valid,simulator,
DAM-A-WL-01,2026-07-01T02:20:00+08:00,1,evt-wl-0028-0,165.382,m,valid,simulator,
DAM-A-WL-02,2026-07-01T02:20:00+08:00,1,evt-wl-0028-1,165.471,m,valid,simulator,
DAM-A-WL-03,2026-07-01T02:20:00+08:00,1,evt-wl-0028-2,165.562,m,valid,simulator,
DAM-A-WL-01,2026-07-01T02:25:00+08:00,1,evt-wl-0029-0,165.391,m,valid,simulator,
DAM-A-WL-02,2026-07-01T02:25:00+08:00,1,evt-wl-0029-1,165.491,m,valid,simulator,
DAM-A-WL-03,2026-07-01T02:25:00+08:00,1,evt-wl-0029-2,165.562,m,valid,simulator,
DAM-A-WL-01,2026-07-01T02:30:00+08:00,1,evt-wl-0030-0,165.409,m,valid,simulator,
DAM-A-WL-02,2026-07-01T02:30:00+08:00,1,evt-wl-0030-1,165.498,m,valid,simulator,
DAM-A-WL-03,2026-07-01T02:30:00+08:00,1,evt-wl-0030-2,165.58,m,valid,simulator,
DAM-A-WL-01,2026-07-01T02:35:00+08:00,1,evt-wl-0031-0,165.446,m,valid,simulator,
DAM-A-WL-02,2026-07-01T02:35:00+08:00,1,evt-wl-0031-1,165.505,m,valid,simulator,
DAM-A-WL-03,2026-07-01T02:35:00+08:00,1,evt-wl-0031-2,165.593,m,valid,simulator,
DAM-A-WL-01,2026-07-01T02:40:00+08:00,1,evt-wl-0032-0,165.448,m,valid,simulator,
DAM-A-WL-02,2026-07-01T02:40:00+08:00,1,evt-wl-0032-1,165.536,m,valid,simulator,
DAM-A-WL-03,2026-07-01T02:40:00+08:00,1,evt-wl-0032-2,165.593,m,valid,simulator,
DAM-A-WL-01,2026-07-01T02:45:00+08:00,1,evt-wl-0033-0,165.467,m,valid,simulator,
DAM-A-WL-02,2026-07-01T02:45:00+08:00,1,evt-wl-0033-1,165.538,m,valid,simulator,
DAM-A-WL-03,2026-07-01T02:45:00+08:00,1,evt-wl-0033-2,165.617,m,valid,simulator,
DAM-A-WL-01,2026-07-01T02:50:00+08:00,1,evt-wl-0034-0,165.457,m,valid,simulator,
DAM-A-WL-02,2026-07-01T02:50:00+08:00,1,evt-wl-0034-1,165.56,m,valid,simulator,
DAM-A-WL-03,2026-07-01T02:50:00+08:00,1,evt-wl-0034-2,165.642,m,valid,simulator,
DAM-A-WL-01,2026-07-01T02:55:00+08:00,1,evt-wl-0035-0,165.477,m,valid,simulator,
DAM-A-WL-02,2026-07-01T02:55:00+08:00,1,evt-wl-0035-1,165.566,m,valid,simulator,
DAM-A-WL-03,2026-07-01T02:55:00+08:00,1,evt-wl-0035-2,165.646,m,valid,simulator,
DAM-A-WL-01,2026-07-01T03:00:00+08:00,1,evt-wl-0036-0,165.504,m,valid,simulator,
DAM-A-WL-02,2026-07-01T03:00:00+08:00,1,evt-wl-0036-1,165.581,m,valid,simulator,
DAM-A-WL-03,2026-07-01T03:00:00+08:00,1,evt-wl-0036-2,165.669,m,valid,simulator,
DAM-A-WL-01,2026-07-01T03:05:00+08:00,1,evt-wl-0037-0,,m,missing,simulator,planned communication gap
DAM-A-WL-02,2026-07-01T03:05:00+08:00,1,evt-wl-0037-1,165.586,m,valid,simulator,
DAM-A-WL-03,2026-07-01T03:05:00+08:00,1,evt-wl-0037-2,165.682,m,valid,simulator,
DAM-A-WL-01,2026-07-01T03:10:00+08:00,1,evt-wl-0038-0,165.521,m,valid,simulator,
DAM-A-WL-02,2026-07-01T03:10:00+08:00,1,evt-wl-0038-1,165.595,m,valid,simulator,
DAM-A-WL-03,2026-07-01T03:10:00+08:00,1,evt-wl-0038-2,165.691,m,valid,simulator,
DAM-A-WL-01,2026-07-01T03:15:00+08:00,1,evt-wl-0039-0,165.534,m,valid,simulator,
DAM-A-WL-02,2026-07-01T03:15:00+08:00,1,evt-wl-0039-1,165.62,m,valid,simulator,
DAM-A-WL-03,2026-07-01T03:15:00+08:00,1,evt-wl-0039-2,165.706,m,valid,simulator,
DAM-A-WL-01,2026-07-01T03:20:00+08:00,1,evt-wl-0040-0,165.543,m,valid,simulator,
DAM-A-WL-02,2026-07-01T03:20:00+08:00,1,evt-wl-0040-1,165.64,m,valid,simulator,
DAM-A-WL-03,2026-07-01T03:20:00+08:00,1,evt-wl-0040-2,165.721,m,valid,simulator,
DAM-A-WL-01,2026-07-01T03:25:00+08:00,1,evt-wl-0041-0,165.564,m,valid,simulator,
DAM-A-WL-02,2026-07-01T03:25:00+08:00,1,evt-wl-0041-1,165.657,m,valid,simulator,
DAM-A-WL-03,2026-07-01T03:25:00+08:00,1,evt-wl-0041-2,165.718,m,valid,simulator,
DAM-A-WL-01,2026-07-01T03:30:00+08:00,1,evt-wl-0042-0,165.59,m,valid,simulator,
DAM-A-WL-02,2026-07-01T03:30:00+08:00,1,evt-wl-0042-1,165.664,m,valid,simulator,
DAM-A-WL-03,2026-07-01T03:30:00+08:00,1,evt-wl-0042-2,165.721,m,valid,simulator,
DAM-A-WL-01,2026-07-01T03:35:00+08:00,1,evt-wl-0043-0,165.586,m,valid,simulator,
DAM-A-WL-02,2026-07-01T03:35:00+08:00,1,evt-wl-0043-1,165.674,m,valid,simulator,
DAM-A-WL-03,2026-07-01T03:35:00+08:00,1,evt-wl-0043-2,165.76,m,valid,simulator,
DAM-A-WL-01,2026-07-01T03:40:00+08:00,1,evt-wl-0044-0,165.613,m,valid,simulator,
DAM-A-WL-02,2026-07-01T03:40:00+08:00,1,evt-wl-0044-1,165.668,m,valid,simulator,
DAM-A-WL-03,2026-07-01T03:40:00+08:00,1,evt-wl-0044-2,165.755,m,valid,simulator,
DAM-A-WL-01,2026-07-01T03:45:00+08:00,1,evt-wl-0045-0,165.623,m,valid,simulator,
DAM-A-WL-02,2026-07-01T03:45:00+08:00,1,evt-wl-0045-1,165.68,m,valid,simulator,
DAM-A-WL-03,2026-07-01T03:45:00+08:00,1,evt-wl-0045-2,165.769,m,valid,simulator,
DAM-A-WL-01,2026-07-01T03:50:00+08:00,1,evt-wl-0046-0,165.639,m,valid,simulator,
DAM-A-WL-02,2026-07-01T03:50:00+08:00,1,evt-wl-0046-1,165.702,m,valid,simulator,
DAM-A-WL-03,2026-07-01T03:50:00+08:00,1,evt-wl-0046-2,165.783,m,valid,simulator,
DAM-A-WL-01,2026-07-01T03:55:00+08:00,1,evt-wl-0047-0,165.65,m,valid,simulator,
DAM-A-WL-02,2026-07-01T03:55:00+08:00,1,evt-wl-0047-1,165.709,m,valid,simulator,
DAM-A-WL-03,2026-07-01T03:55:00+08:00,1,evt-wl-0047-2,165.804,m,valid,simulator,
DAM-A-WL-01,2026-07-01T04:00:00+08:00,1,evt-wl-0048-0,165.638,m,valid,simulator,
DAM-A-WL-02,2026-07-01T04:00:00+08:00,1,evt-wl-0048-1,165.723,m,valid,simulator,
DAM-A-WL-03,2026-07-01T04:00:00+08:00,1,evt-wl-0048-2,165.821,m,valid,simulator,
DAM-A-WL-01,2026-07-01T04:05:00+08:00,1,evt-wl-0049-0,165.671,m,valid,simulator,
DAM-A-WL-02,2026-07-01T04:05:00+08:00,1,evt-wl-0049-1,165.732,m,valid,simulator,
DAM-A-WL-03,2026-07-01T04:05:00+08:00,1,evt-wl-0049-2,165.836,m,valid,simulator,
DAM-A-WL-01,2026-07-01T04:10:00+08:00,1,evt-wl-0050-0,165.688,m,valid,simulator,
DAM-A-WL-02,2026-07-01T04:10:00+08:00,1,evt-wl-0050-1,165.767,m,valid,simulator,
DAM-A-WL-03,2026-07-01T04:10:00+08:00,1,evt-wl-0050-2,165.82,m,valid,simulator,
DAM-A-WL-01,2026-07-01T04:15:00+08:00,1,evt-wl-0051-0,165.684,m,valid,simulator,
DAM-A-WL-02,2026-07-01T04:15:00+08:00,1,evt-wl-0051-1,165.763,m,valid,simulator,
DAM-A-WL-03,2026-07-01T04:15:00+08:00,1,evt-wl-0051-2,165.845,m,valid,simulator,
DAM-A-WL-01,2026-07-01T04:20:00+08:00,1,evt-wl-0052-0,165.713,m,valid,simulator,
DAM-A-WL-02,2026-07-01T04:20:00+08:00,1,evt-wl-0052-1,165.776,m,valid,simulator,
DAM-A-WL-03,2026-07-01T04:20:00+08:00,1,evt-wl-0052-2,165.846,m,valid,simulator,
DAM-A-WL-01,2026-07-01T04:25:00+08:00,1,evt-wl-0053-0,165.716,m,valid,simulator,
DAM-A-WL-02,2026-07-01T04:25:00+08:00,1,evt-wl-0053-1,165.781,m,valid,simulator,
DAM-A-WL-03,2026-07-01T04:25:00+08:00,1,evt-wl-0053-2,165.871,m,valid,simulator,
DAM-A-WL-01,2026-07-01T04:30:00+08:00,1,evt-wl-0054-0,165.728,m,valid,simulator,
DAM-A-WL-02,2026-07-01T04:30:00+08:00,1,evt-wl-0054-1,165.803,m,valid,simulator,
DAM-A-WL-03,2026-07-01T04:30:00+08:00,1,evt-wl-0054-2,165.884,m,valid,simulator,
DAM-A-WL-01,2026-07-01T04:35:00+08:00,1,evt-wl-0055-0,165.72,m,valid,simulator,
DAM-A-WL-02,2026-07-01T04:35:00+08:00,1,evt-wl-0055-1,165.815,m,valid,simulator,
DAM-A-WL-03,2026-07-01T04:35:00+08:00,1,evt-wl-0055-2,165.895,m,valid,simulator,
DAM-A-WL-01,2026-07-01T04:40:00+08:00,1,evt-wl-0056-0,165.736,m,valid,simulator,
DAM-A-WL-02,2026-07-01T04:40:00+08:00,1,evt-wl-0056-1,165.825,m,valid,simulator,
DAM-A-WL-03,2026-07-01T04:40:00+08:00,1,evt-wl-0056-2,165.909,m,valid,simulator,
DAM-A-WL-01,2026-07-01T04:45:00+08:00,1,evt-wl-0057-0,165.757,m,valid,simulator,
DAM-A-WL-02,2026-07-01T04:45:00+08:00,1,evt-wl-0057-1,165.844,m,valid,simulator,
DAM-A-WL-03,2026-07-01T04:45:00+08:00,1,evt-wl-0057-2,165.905,m,valid,simulator,
DAM-A-WL-01,2026-07-01T04:50:00+08:00,1,evt-wl-0058-0,165.759,m,valid,simulator,
DAM-A-WL-02,2026-07-01T04:50:00+08:00,1,evt-wl-0058-1,165.861,m,valid,simulator,
DAM-A-WL-03,2026-07-01T04:50:00+08:00,1,evt-wl-0058-2,165.918,m,valid,simulator,
DAM-A-WL-01,2026-07-01T04:55:00+08:00,1,evt-wl-0059-0,165.771,m,valid,simulator,
DAM-A-WL-02,2026-07-01T04:55:00+08:00,1,evt-wl-0059-1,165.856,m,valid,simulator,
DAM-A-WL-03,2026-07-01T04:55:00+08:00,1,evt-wl-0059-2,165.946,m,valid,simulator,
DAM-A-WL-01,2026-07-01T05:00:00+08:00,1,evt-wl-0060-0,165.791,m,valid,simulator,
DAM-A-WL-02,2026-07-01T05:00:00+08:00,1,evt-wl-0060-1,165.885,m,valid,simulator,
DAM-A-WL-03,2026-07-01T05:00:00+08:00,1,evt-wl-0060-2,165.94,m,valid,simulator,
DAM-A-WL-01,2026-07-01T05:05:00+08:00,1,evt-wl-0061-0,165.788,m,valid,simulator,
DAM-A-WL-02,2026-07-01T05:05:00+08:00,1,evt-wl-0061-1,165.894,m,valid,simulator,
DAM-A-WL-03,2026-07-01T05:05:00+08:00,1,evt-wl-0061-2,165.959,m,valid,simulator,
DAM-A-WL-01,2026-07-01T05:10:00+08:00,1,evt-wl-0062-0,165.801,m,valid,simulator,
DAM-A-WL-02,2026-07-01T05:10:00+08:00,1,evt-wl-0062-1,165.907,m,valid,simulator,
DAM-A-WL-03,2026-07-01T05:10:00+08:00,1,evt-wl-0062-2,165.963,m,valid,simulator,
DAM-A-WL-01,2026-07-01T05:15:00+08:00,1,evt-wl-0063-0,165.833,m,valid,simulator,
DAM-A-WL-02,2026-07-01T05:15:00+08:00,1,evt-wl-0063-1,165.911,m,valid,simulator,
DAM-A-WL-03,2026-07-01T05:15:00+08:00,1,evt-wl-0063-2,165.98,m,valid,simulator,
DAM-A-WL-01,2026-07-01T05:20:00+08:00,1,evt-wl-0064-0,165.85,m,valid,simulator,
DAM-A-WL-02,2026-07-01T05:20:00+08:00,1,evt-wl-0064-1,165.907,m,valid,simulator,
DAM-A-WL-03,2026-07-01T05:20:00+08:00,1,evt-wl-0064-2,166.0,m,valid,simulator,
DAM-A-WL-01,2026-07-01T05:25:00+08:00,1,evt-wl-0065-0,165.848,m,valid,simulator,
DAM-A-WL-02,2026-07-01T05:25:00+08:00,1,evt-wl-0065-1,165.928,m,valid,simulator,
DAM-A-WL-03,2026-07-01T05:25:00+08:00,1,evt-wl-0065-2,166.001,m,valid,simulator,
DAM-A-WL-01,2026-07-01T05:30:00+08:00,1,evt-wl-0066-0,165.85,m,valid,simulator,
DAM-A-WL-02,2026-07-01T05:30:00+08:00,1,evt-wl-0066-1,165.923,m,valid,simulator,
DAM-A-WL-03,2026-07-01T05:30:00+08:00,1,evt-wl-0066-2,166.033,m,valid,simulator,
DAM-A-WL-01,2026-07-01T05:35:00+08:00,1,evt-wl-0067-0,165.858,m,valid,simulator,
DAM-A-WL-02,2026-07-01T05:35:00+08:00,1,evt-wl-0067-1,165.941,m,valid,simulator,
DAM-A-WL-03,2026-07-01T05:35:00+08:00,1,evt-wl-0067-2,166.019,m,valid,simulator,
DAM-A-WL-01,2026-07-01T05:40:00+08:00,1,evt-wl-0068-0,165.879,m,valid,simulator,
DAM-A-WL-02,2026-07-01T05:40:00+08:00,1,evt-wl-0068-1,165.965,m,valid,simulator,
DAM-A-WL-03,2026-07-01T05:40:00+08:00,1,evt-wl-0068-2,166.051,m,valid,simulator,
DAM-A-WL-01,2026-07-01T05:45:00+08:00,1,evt-wl-0069-0,165.89,m,valid,simulator,
DAM-A-WL-02,2026-07-01T05:45:00+08:00,1,evt-wl-0069-1,165.971,m,valid,simulator,
DAM-A-WL-03,2026-07-01T05:45:00+08:00,1,evt-wl-0069-2,166.037,m,valid,simulator,
DAM-A-WL-01,2026-07-01T05:50:00+08:00,1,evt-wl-0070-0,165.896,m,valid,simulator,
DAM-A-WL-02,2026-07-01T05:50:00+08:00,1,evt-wl-0070-1,165.976,m,valid,simulator,
DAM-A-WL-03,2026-07-01T05:50:00+08:00,1,evt-wl-0070-2,166.055,m,valid,simulator,
DAM-A-WL-01,2026-07-01T05:55:00+08:00,1,evt-wl-0071-0,165.911,m,valid,simulator,
DAM-A-WL-02,2026-07-01T05:55:00+08:00,1,evt-wl-0071-1,165.977,m,valid,simulator,
DAM-A-WL-03,2026-07-01T05:55:00+08:00,1,evt-wl-0071-2,166.071,m,valid,simulator,
DAM-A-WL-01,2026-07-01T06:00:00+08:00,1,evt-wl-0072-0,165.911,m,valid,simulator,
DAM-A-WL-02,2026-07-01T06:00:00+08:00,1,evt-wl-0072-1,166.009,m,valid,simulator,
DAM-A-WL-03,2026-07-01T06:00:00+08:00,1,evt-wl-0072-2,166.093,m,valid,simulator,
DAM-A-WL-01,2026-07-01T06:05:00+08:00,1,evt-wl-0073-0,165.917,m,valid,simulator,
DAM-A-WL-02,2026-07-01T06:05:00+08:00,1,evt-wl-0073-1,166.014,m,valid,simulator,
DAM-A-WL-03,2026-07-01T06:05:00+08:00,1,evt-wl-0073-2,166.086,m,valid,simulator,
DAM-A-WL-01,2026-07-01T06:10:00+08:00,1,evt-wl-0074-0,165.933,m,valid,simulator,
DAM-A-WL-02,2026-07-01T06:10:00+08:00,1,evt-wl-0074-1,166.015,m,valid,simulator,
DAM-A-WL-03,2026-07-01T06:10:00+08:00,1,evt-wl-0074-2,166.092,m,valid,simulator,
DAM-A-WL-01,2026-07-01T06:15:00+08:00,1,evt-wl-0075-0,165.951,m,valid,simulator,
DAM-A-WL-02,2026-07-01T06:15:00+08:00,1,evt-wl-0075-1,166.028,m,valid,simulator,
DAM-A-WL-03,2026-07-01T06:15:00+08:00,1,evt-wl-0075-2,166.116,m,valid,simulator,
DAM-A-WL-01,2026-07-01T06:20:00+08:00,1,evt-wl-0076-0,165.965,m,valid,simulator,
DAM-A-WL-02,2026-07-01T06:20:00+08:00,1,evt-wl-0076-1,166.054,m,valid,simulator,
DAM-A-WL-03,2026-07-01T06:20:00+08:00,1,evt-wl-0076-2,166.116,m,valid,simulator,
DAM-A-WL-01,2026-07-01T06:25:00+08:00,1,evt-wl-0077-0,165.967,m,valid,simulator,
DAM-A-WL-02,2026-07-01T06:25:00+08:00,1,evt-wl-0077-1,166.056,m,valid,simulator,
DAM-A-WL-03,2026-07-01T06:25:00+08:00,1,evt-wl-0077-2,166.131,m,valid,simulator,
DAM-A-WL-01,2026-07-01T06:30:00+08:00,1,evt-wl-0078-0,165.984,m,valid,simulator,
DAM-A-WL-02,2026-07-01T06:30:00+08:00,1,evt-wl-0078-1,166.057,m,valid,simulator,
DAM-A-WL-03,2026-07-01T06:30:00+08:00,1,evt-wl-0078-2,166.15,m,valid,simulator,
DAM-A-WL-01,2026-07-01T06:35:00+08:00,1,evt-wl-0079-0,165.998,m,valid,simulator,
DAM-A-WL-02,2026-07-01T06:35:00+08:00,1,evt-wl-0079-1,166.074,m,valid,simulator,
DAM-A-WL-03,2026-07-01T06:35:00+08:00,1,evt-wl-0079-2,166.136,m,valid,simulator,
DAM-A-WL-01,2026-07-01T06:40:00+08:00,1,evt-wl-0080-0,165.986,m,valid,simulator,
DAM-A-WL-02,2026-07-01T06:40:00+08:00,1,evt-wl-0080-1,166.075,m,valid,simulator,
DAM-A-WL-03,2026-07-01T06:40:00+08:00,1,evt-wl-0080-2,166.162,m,valid,simulator,
DAM-A-WL-01,2026-07-01T06:45:00+08:00,1,evt-wl-0081-0,165.995,m,valid,simulator,
DAM-A-WL-02,2026-07-01T06:45:00+08:00,1,evt-wl-0081-1,166.081,m,valid,simulator,
DAM-A-WL-03,2026-07-01T06:45:00+08:00,1,evt-wl-0081-2,166.182,m,valid,simulator,
DAM-A-WL-01,2026-07-01T06:50:00+08:00,1,evt-wl-0082-0,166.013,m,valid,simulator,
DAM-A-WL-02,2026-07-01T06:50:00+08:00,1,evt-wl-0082-1,166.094,m,valid,simulator,
DAM-A-WL-03,2026-07-01T06:50:00+08:00,1,evt-wl-0082-2,166.165,m,valid,simulator,
DAM-A-WL-01,2026-07-01T06:55:00+08:00,1,evt-wl-0083-0,166.017,m,valid,simulator,
DAM-A-WL-02,2026-07-01T06:55:00+08:00,1,evt-wl-0083-1,166.103,m,valid,simulator,
DAM-A-WL-03,2026-07-01T06:55:00+08:00,1,evt-wl-0083-2,166.181,m,valid,simulator,
DAM-A-WL-01,2026-07-01T07:00:00+08:00,1,evt-wl-0084-0,166.022,m,valid,simulator,
DAM-A-WL-02,2026-07-01T07:00:00+08:00,1,evt-wl-0084-1,166.101,m,valid,simulator,
DAM-A-WL-03,2026-07-01T07:00:00+08:00,1,evt-wl-0084-2,166.182,m,valid,simulator,
DAM-A-WL-01,2026-07-01T07:05:00+08:00,1,evt-wl-0085-0,166.035,m,valid,simulator,
DAM-A-WL-02,2026-07-01T07:05:00+08:00,1,evt-wl-0085-1,166.121,m,valid,simulator,
DAM-A-WL-03,2026-07-01T07:05:00+08:00,1,evt-wl-0085-2,166.206,m,valid,simulator,
DAM-A-WL-01,2026-07-01T07:10:00+08:00,1,evt-wl-0086-0,166.053,m,valid,simulator,
DAM-A-WL-02,2026-07-01T07:10:00+08:00,1,evt-wl-0086-1,166.125,m,valid,simulator,
DAM-A-WL-03,2026-07-01T07:10:00+08:00,1,evt-wl-0086-2,166.219,m,valid,simulator,
DAM-A-WL-01,2026-07-01T07:15:00+08:00,1,evt-wl-0087-0,166.071,m,valid,simulator,
DAM-A-WL-02,2026-07-01T07:15:00+08:00,1,evt-wl-0087-1,166.141,m,valid,simulator,
DAM-A-WL-03,2026-07-01T07:15:00+08:00,1,evt-wl-0087-2,166.222,m,valid,simulator,
DAM-A-WL-01,2026-07-01T07:20:00+08:00,1,evt-wl-0088-0,166.072,m,valid,simulator,
DAM-A-WL-02,2026-07-01T07:20:00+08:00,1,evt-wl-0088-1,166.142,m,valid,simulator,
DAM-A-WL-03,2026-07-01T07:20:00+08:00,1,evt-wl-0088-2,166.231,m,valid,simulator,
DAM-A-WL-01,2026-07-01T07:25:00+08:00,1,evt-wl-0089-0,166.074,m,valid,simulator,
DAM-A-WL-02,2026-07-01T07:25:00+08:00,1,evt-wl-0089-1,166.15,m,valid,simulator,
DAM-A-WL-03,2026-07-01T07:25:00+08:00,1,evt-wl-0089-2,166.231,m,valid,simulator,
DAM-A-WL-01,2026-07-01T07:30:00+08:00,1,evt-wl-0090-0,166.073,m,valid,simulator,
DAM-A-WL-02,2026-07-01T07:30:00+08:00,1,evt-wl-0090-1,166.174,m,valid,simulator,
DAM-A-WL-03,2026-07-01T07:30:00+08:00,1,evt-wl-0090-2,166.249,m,valid,simulator,
DAM-A-WL-01,2026-07-01T07:35:00+08:00,1,evt-wl-0091-0,166.086,m,valid,simulator,
DAM-A-WL-02,2026-07-01T07:35:00+08:00,1,evt-wl-0091-1,166.165,m,valid,simulator,
DAM-A-WL-03,2026-07-01T07:35:00+08:00,1,evt-wl-0091-2,166.253,m,valid,simulator,
DAM-A-WL-01,2026-07-01T07:40:00+08:00,1,evt-wl-0092-0,166.106,m,valid,simulator,
DAM-A-WL-02,2026-07-01T07:40:00+08:00,1,evt-wl-0092-1,166.178,m,valid,simulator,
DAM-A-WL-03,2026-07-01T07:40:00+08:00,1,evt-wl-0092-2,166.274,m,valid,simulator,
DAM-A-WL-01,2026-07-01T07:45:00+08:00,1,evt-wl-0093-0,166.122,m,valid,simulator,
DAM-A-WL-02,2026-07-01T07:45:00+08:00,1,evt-wl-0093-1,166.187,m,valid,simulator,
DAM-A-WL-03,2026-07-01T07:45:00+08:00,1,evt-wl-0093-2,166.271,m,valid,simulator,
DAM-A-WL-01,2026-07-01T07:50:00+08:00,1,evt-wl-0094-0,166.117,m,valid,simulator,
DAM-A-WL-02,2026-07-01T07:50:00+08:00,1,evt-wl-0094-1,166.199,m,valid,simulator,
DAM-A-WL-03,2026-07-01T07:50:00+08:00,1,evt-wl-0094-2,166.277,m,valid,simulator,
DAM-A-WL-01,2026-07-01T07:55:00+08:00,1,evt-wl-0095-0,166.117,m,valid,simulator,
DAM-A-WL-02,2026-07-01T07:55:00+08:00,1,evt-wl-0095-1,166.216,m,valid,simulator,
DAM-A-WL-03,2026-07-01T07:55:00+08:00,1,evt-wl-0095-2,166.287,m,valid,simulator,
DAM-A-WL-01,2026-07-01T08:00:00+08:00,1,evt-wl-0096-0,166.122,m,valid,simulator,
DAM-A-WL-02,2026-07-01T08:00:00+08:00,1,evt-wl-0096-1,166.208,m,valid,simulator,
DAM-A-WL-03,2026-07-01T08:00:00+08:00,1,evt-wl-0096-2,166.286,m,valid,simulator,
DAM-A-WL-01,2026-07-01T08:05:00+08:00,1,evt-wl-0097-0,166.123,m,valid,simulator,
DAM-A-WL-02,2026-07-01T08:05:00+08:00,1,evt-wl-0097-1,166.205,m,valid,simulator,
DAM-A-WL-03,2026-07-01T08:05:00+08:00,1,evt-wl-0097-2,166.291,m,valid,simulator,
DAM-A-WL-01,2026-07-01T08:10:00+08:00,1,evt-wl-0098-0,166.155,m,valid,simulator,
DAM-A-WL-02,2026-07-01T08:10:00+08:00,1,evt-wl-0098-1,166.223,m,valid,simulator,
DAM-A-WL-03,2026-07-01T08:10:00+08:00,1,evt-wl-0098-2,166.314,m,valid,simulator,
DAM-A-WL-01,2026-07-01T08:15:00+08:00,1,evt-wl-0099-0,166.149,m,valid,simulator,
DAM-A-WL-02,2026-07-01T08:15:00+08:00,1,evt-wl-0099-1,166.234,m,valid,simulator,
DAM-A-WL-03,2026-07-01T08:15:00+08:00,1,evt-wl-0099-2,166.31,m,valid,simulator,
DAM-A-WL-01,2026-07-01T08:20:00+08:00,1,evt-wl-0100-0,166.15,m,valid,simulator,
DAM-A-WL-02,2026-07-01T08:20:00+08:00,1,evt-wl-0100-1,166.248,m,valid,simulator,
DAM-A-WL-03,2026-07-01T08:20:00+08:00,1,evt-wl-0100-2,166.317,m,valid,simulator,
DAM-A-WL-01,2026-07-01T08:25:00+08:00,1,evt-wl-0101-0,166.167,m,valid,simulator,
DAM-A-WL-02,2026-07-01T08:25:00+08:00,1,evt-wl-0101-1,166.256,m,valid,simulator,
DAM-A-WL-03,2026-07-01T08:25:00+08:00,1,evt-wl-0101-2,166.339,m,valid,simulator,
DAM-A-WL-01,2026-07-01T08:30:00+08:00,1,evt-wl-0102-0,166.169,m,valid,simulator,
DAM-A-WL-02,2026-07-01T08:30:00+08:00,1,evt-wl-0102-1,166.264,m,valid,simulator,
DAM-A-WL-03,2026-07-01T08:30:00+08:00,1,evt-wl-0102-2,166.344,m,valid,simulator,
DAM-A-WL-01,2026-07-01T08:35:00+08:00,1,evt-wl-0103-0,166.165,m,valid,simulator,
DAM-A-WL-02,2026-07-01T08:35:00+08:00,1,evt-wl-0103-1,166.249,m,valid,simulator,
DAM-A-WL-03,2026-07-01T08:35:00+08:00,1,evt-wl-0103-2,166.328,m,valid,simulator,
DAM-A-WL-01,2026-07-01T08:40:00+08:00,1,evt-wl-0104-0,166.198,m,valid,simulator,
DAM-A-WL-02,2026-07-01T08:40:00+08:00,1,evt-wl-0104-1,166.275,m,valid,simulator,
DAM-A-WL-03,2026-07-01T08:40:00+08:00,1,evt-wl-0104-2,166.336,m,valid,simulator,
DAM-A-WL-01,2026-07-01T08:45:00+08:00,1,evt-wl-0105-0,166.201,m,valid,simulator,
DAM-A-WL-02,2026-07-01T08:45:00+08:00,1,evt-wl-0105-1,166.278,m,valid,simulator,
DAM-A-WL-03,2026-07-01T08:45:00+08:00,1,evt-wl-0105-2,166.356,m,valid,simulator,
DAM-A-WL-01,2026-07-01T08:50:00+08:00,1,evt-wl-0106-0,166.207,m,valid,simulator,
DAM-A-WL-02,2026-07-01T08:50:00+08:00,1,evt-wl-0106-1,166.288,m,valid,simulator,
DAM-A-WL-03,2026-07-01T08:50:00+08:00,1,evt-wl-0106-2,166.366,m,valid,simulator,
DAM-A-WL-01,2026-07-01T08:55:00+08:00,1,evt-wl-0107-0,166.2,m,valid,simulator,
DAM-A-WL-02,2026-07-01T08:55:00+08:00,1,evt-wl-0107-1,166.277,m,valid,simulator,
DAM-A-WL-03,2026-07-01T08:55:00+08:00,1,evt-wl-0107-2,166.365,m,valid,simulator,
DAM-A-WL-01,2026-07-01T09:00:00+08:00,1,evt-wl-0108-0,166.208,m,valid,simulator,
DAM-A-WL-02,2026-07-01T09:00:00+08:00,1,evt-wl-0108-1,166.295,m,valid,simulator,
DAM-A-WL-03,2026-07-01T09:00:00+08:00,1,evt-wl-0108-2,166.363,m,valid,simulator,
DAM-A-WL-01,2026-07-01T09:05:00+08:00,1,evt-wl-0109-0,166.228,m,valid,simulator,
DAM-A-WL-02,2026-07-01T09:05:00+08:00,1,evt-wl-0109-1,166.295,m,valid,simulator,
DAM-A-WL-03,2026-07-01T09:05:00+08:00,1,evt-wl-0109-2,166.368,m,valid,simulator,
DAM-A-WL-01,2026-07-01T09:10:00+08:00,1,evt-wl-0110-0,166.223,m,valid,simulator,
DAM-A-WL-02,2026-07-01T09:10:00+08:00,1,evt-wl-0110-1,166.298,m,valid,simulator,
DAM-A-WL-03,2026-07-01T09:10:00+08:00,1,evt-wl-0110-2,166.391,m,valid,simulator,
DAM-A-WL-01,2026-07-01T09:15:00+08:00,1,evt-wl-0111-0,166.229,m,valid,simulator,
DAM-A-WL-02,2026-07-01T09:15:00+08:00,1,evt-wl-0111-1,166.313,m,valid,simulator,
DAM-A-WL-03,2026-07-01T09:15:00+08:00,1,evt-wl-0111-2,166.389,m,valid,simulator,
DAM-A-WL-01,2026-07-01T09:20:00+08:00,1,evt-wl-0112-0,166.223,m,valid,simulator,
DAM-A-WL-02,2026-07-01T09:20:00+08:00,1,evt-wl-0112-1,166.315,m,valid,simulator,
DAM-A-WL-03,2026-07-01T09:20:00+08:00,1,evt-wl-0112-2,166.38,m,valid,simulator,
DAM-A-WL-01,2026-07-01T09:25:00+08:00,1,evt-wl-0113-0,166.227,m,valid,simulator,
DAM-A-WL-02,2026-07-01T09:25:00+08:00,1,evt-wl-0113-1,166.325,m,valid,simulator,
DAM-A-WL-03,2026-07-01T09:25:00+08:00,1,evt-wl-0113-2,166.401,m,valid,simulator,
DAM-A-WL-01,2026-07-01T09:30:00+08:00,1,evt-wl-0114-0,166.246,m,valid,simulator,
DAM-A-WL-02,2026-07-01T09:30:00+08:00,1,evt-wl-0114-1,166.323,m,valid,simulator,
DAM-A-WL-03,2026-07-01T09:30:00+08:00,1,evt-wl-0114-2,166.392,m,valid,simulator,
DAM-A-WL-01,2026-07-01T09:35:00+08:00,1,evt-wl-0115-0,166.237,m,valid,simulator,
DAM-A-WL-02,2026-07-01T09:35:00+08:00,1,evt-wl-0115-1,166.311,m,valid,simulator,
DAM-A-WL-03,2026-07-01T09:35:00+08:00,1,evt-wl-0115-2,166.397,m,valid,simulator,
DAM-A-WL-01,2026-07-01T09:40:00+08:00,1,evt-wl-0116-0,166.244,m,valid,simulator,
DAM-A-WL-02,2026-07-01T09:40:00+08:00,1,evt-wl-0116-1,166.328,m,valid,simulator,
DAM-A-WL-03,2026-07-01T09:40:00+08:00,1,evt-wl-0116-2,166.408,m,valid,simulator,
DAM-A-WL-01,2026-07-01T09:45:00+08:00,1,evt-wl-0117-0,166.245,m,valid,simulator,
DAM-A-WL-02,2026-07-01T09:45:00+08:00,1,evt-wl-0117-1,166.343,m,valid,simulator,
DAM-A-WL-03,2026-07-01T09:45:00+08:00,1,evt-wl-0117-2,166.417,m,valid,simulator,
DAM-A-WL-01,2026-07-01T09:50:00+08:00,1,evt-wl-0118-0,166.257,m,valid,simulator,
DAM-A-WL-02,2026-07-01T09:50:00+08:00,1,evt-wl-0118-1,166.328,m,valid,simulator,
DAM-A-WL-03,2026-07-01T09:50:00+08:00,1,evt-wl-0118-2,166.426,m,valid,simulator,
DAM-A-WL-01,2026-07-01T09:55:00+08:00,1,evt-wl-0119-0,166.266,m,valid,simulator,
DAM-A-WL-02,2026-07-01T09:55:00+08:00,1,evt-wl-0119-1,166.35,m,valid,simulator,
DAM-A-WL-03,2026-07-01T09:55:00+08:00,1,evt-wl-0119-2,166.424,m,valid,simulator,
DAM-A-WL-01,2026-07-01T10:00:00+08:00,1,evt-wl-0120-0,166.254,m,valid,simulator,
DAM-A-WL-02,2026-07-01T10:00:00+08:00,1,evt-wl-0120-1,166.361,m,valid,simulator,
DAM-A-WL-03,2026-07-01T10:00:00+08:00,1,evt-wl-0120-2,166.412,m,valid,simulator,
DAM-A-WL-01,2026-07-01T10:05:00+08:00,1,evt-wl-0121-0,166.263,m,valid,simulator,
DAM-A-WL-02,2026-07-01T10:05:00+08:00,1,evt-wl-0121-1,166.355,m,valid,simulator,
DAM-A-WL-03,2026-07-01T10:05:00+08:00,1,evt-wl-0121-2,166.443,m,valid,simulator,
DAM-A-WL-01,2026-07-01T10:10:00+08:00,1,evt-wl-0122-0,166.267,m,valid,simulator,
DAM-A-WL-02,2026-07-01T10:10:00+08:00,1,evt-wl-0122-1,166.364,m,valid,simulator,
DAM-A-WL-03,2026-07-01T10:10:00+08:00,1,evt-wl-0122-2,166.427,m,valid,simulator,
DAM-A-WL-01,2026-07-01T10:15:00+08:00,1,evt-wl-0123-0,166.288,m,valid,simulator,
DAM-A-WL-02,2026-07-01T10:15:00+08:00,1,evt-wl-0123-1,166.353,m,valid,simulator,
DAM-A-WL-03,2026-07-01T10:15:00+08:00,1,evt-wl-0123-2,166.442,m,valid,simulator,
DAM-A-WL-01,2026-07-01T10:20:00+08:00,1,evt-wl-0124-0,166.284,m,valid,simulator,
DAM-A-WL-02,2026-07-01T10:20:00+08:00,1,evt-wl-0124-1,166.361,m,valid,simulator,
DAM-A-WL-03,2026-07-01T10:20:00+08:00,1,evt-wl-0124-2,166.451,m,valid,simulator,
DAM-A-WL-01,2026-07-01T10:25:00+08:00,1,evt-wl-0125-0,166.272,m,valid,simulator,
DAM-A-WL-02,2026-07-01T10:25:00+08:00,1,evt-wl-0125-1,166.357,m,valid,simulator,
DAM-A-WL-03,2026-07-01T10:25:00+08:00,1,evt-wl-0125-2,166.433,m,valid,simulator,
DAM-A-WL-01,2026-07-01T10:30:00+08:00,1,evt-wl-0126-0,166.283,m,valid,simulator,
DAM-A-WL-02,2026-07-01T10:30:00+08:00,1,evt-wl-0126-1,166.361,m,valid,simulator,
DAM-A-WL-03,2026-07-01T10:30:00+08:00,1,evt-wl-0126-2,166.442,m,valid,simulator,
DAM-A-WL-01,2026-07-01T10:35:00+08:00,1,evt-wl-0127-0,166.285,m,valid,simulator,
DAM-A-WL-02,2026-07-01T10:35:00+08:00,1,evt-wl-0127-1,166.384,m,valid,simulator,
DAM-A-WL-03,2026-07-01T10:35:00+08:00,1,evt-wl-0127-2,166.463,m,valid,simulator,
DAM-A-WL-01,2026-07-01T10:40:00+08:00,1,evt-wl-0128-0,166.303,m,valid,simulator,
DAM-A-WL-02,2026-07-01T10:40:00+08:00,1,evt-wl-0128-1,166.376,m,valid,simulator,
DAM-A-WL-03,2026-07-01T10:40:00+08:00,1,evt-wl-0128-2,166.454,m,valid,simulator,
DAM-A-WL-01,2026-07-01T10:45:00+08:00,1,evt-wl-0129-0,166.3,m,valid,simulator,
DAM-A-WL-02,2026-07-01T10:45:00+08:00,1,evt-wl-0129-1,166.373,m,valid,simulator,
DAM-A-WL-03,2026-07-01T10:45:00+08:00,1,evt-wl-0129-2,166.456,m,valid,simulator,
DAM-A-WL-01,2026-07-01T10:50:00+08:00,1,evt-wl-0130-0,166.292,m,valid,simulator,
DAM-A-WL-02,2026-07-01T10:50:00+08:00,1,evt-wl-0130-1,166.378,m,valid,simulator,
DAM-A-WL-03,2026-07-01T10:50:00+08:00,1,evt-wl-0130-2,166.45,m,valid,simulator,
DAM-A-WL-01,2026-07-01T10:55:00+08:00,1,evt-wl-0131-0,166.302,m,valid,simulator,
DAM-A-WL-02,2026-07-01T10:55:00+08:00,1,evt-wl-0131-1,166.373,m,valid,simulator,
DAM-A-WL-03,2026-07-01T10:55:00+08:00,1,evt-wl-0131-2,166.459,m,valid,simulator,
DAM-A-WL-01,2026-07-01T11:00:00+08:00,1,evt-wl-0132-0,166.312,m,valid,simulator,
DAM-A-WL-02,2026-07-01T11:00:00+08:00,1,evt-wl-0132-1,166.391,m,valid,simulator,
DAM-A-WL-03,2026-07-01T11:00:00+08:00,1,evt-wl-0132-2,166.451,m,valid,simulator,
DAM-A-WL-01,2026-07-01T11:05:00+08:00,1,evt-wl-0133-0,166.308,m,valid,simulator,
DAM-A-WL-02,2026-07-01T11:05:00+08:00,1,evt-wl-0133-1,166.394,m,valid,simulator,
DAM-A-WL-03,2026-07-01T11:05:00+08:00,1,evt-wl-0133-2,166.469,m,valid,simulator,
DAM-A-WL-01,2026-07-01T11:10:00+08:00,1,evt-wl-0134-0,166.298,m,valid,simulator,
DAM-A-WL-02,2026-07-01T11:10:00+08:00,1,evt-wl-0134-1,166.373,m,valid,simulator,
DAM-A-WL-03,2026-07-01T11:10:00+08:00,1,evt-wl-0134-2,166.454,m,valid,simulator,
DAM-A-WL-01,2026-07-01T11:15:00+08:00,1,evt-wl-0135-0,166.313,m,valid,simulator,
DAM-A-WL-02,2026-07-01T11:15:00+08:00,1,evt-wl-0135-1,166.381,m,valid,simulator,
DAM-A-WL-03,2026-07-01T11:15:00+08:00,1,evt-wl-0135-2,166.474,m,valid,simulator,
DAM-A-WL-01,2026-07-01T11:20:00+08:00,1,evt-wl-0136-0,166.308,m,valid,simulator,
DAM-A-WL-02,2026-07-01T11:20:00+08:00,1,evt-wl-0136-1,166.394,m,valid,simulator,
DAM-A-WL-03,2026-07-01T11:20:00+08:00,1,evt-wl-0136-2,166.469,m,valid,simulator,
DAM-A-WL-01,2026-07-01T11:25:00+08:00,1,evt-wl-0137-0,166.301,m,valid,simulator,
DAM-A-WL-02,2026-07-01T11:25:00+08:00,1,evt-wl-0137-1,166.382,m,valid,simulator,
DAM-A-WL-03,2026-07-01T11:25:00+08:00,1,evt-wl-0137-2,166.473,m,valid,simulator,
DAM-A-WL-01,2026-07-01T11:30:00+08:00,1,evt-wl-0138-0,166.309,m,valid,simulator,
DAM-A-WL-02,2026-07-01T11:30:00+08:00,1,evt-wl-0138-1,166.406,m,valid,simulator,
DAM-A-WL-03,2026-07-01T11:30:00+08:00,1,evt-wl-0138-2,166.473,m,valid,simulator,
DAM-A-WL-01,2026-07-01T11:35:00+08:00,1,evt-wl-0139-0,166.315,m,valid,simulator,
DAM-A-WL-02,2026-07-01T11:35:00+08:00,1,evt-wl-0139-1,166.405,m,valid,simulator,
DAM-A-WL-03,2026-07-01T11:35:00+08:00,1,evt-wl-0139-2,166.486,m,valid,simulator,
DAM-A-WL-01,2026-07-01T11:40:00+08:00,1,evt-wl-0140-0,166.317,m,valid,simulator,
DAM-A-WL-02,2026-07-01T11:40:00+08:00,1,evt-wl-0140-1,166.409,m,valid,simulator,
DAM-A-WL-03,2026-07-01T11:40:00+08:00,1,evt-wl-0140-2,166.477,m,valid,simulator,
DAM-A-WL-01,2026-07-01T11:45:00+08:00,1,evt-wl-0141-0,166.328,m,valid,simulator,
DAM-A-WL-02,2026-07-01T11:45:00+08:00,1,evt-wl-0141-1,166.405,m,valid,simulator,
DAM-A-WL-03,2026-07-01T11:45:00+08:00,1,evt-wl-0141-2,166.479,m,valid,simulator,
DAM-A-WL-01,2026-07-01T11:50:00+08:00,1,evt-wl-0142-0,166.322,m,valid,simulator,
DAM-A-WL-02,2026-07-01T11:50:00+08:00,1,evt-wl-0142-1,166.411,m,valid,simulator,
DAM-A-WL-03,2026-07-01T11:50:00+08:00,1,evt-wl-0142-2,166.47,m,valid,simulator,
DAM-A-WL-01,2026-07-01T11:55:00+08:00,1,evt-wl-0143-0,166.305,m,valid,simulator,
DAM-A-WL-02,2026-07-01T11:55:00+08:00,1,evt-wl-0143-1,166.385,m,valid,simulator,
DAM-A-WL-03,2026-07-01T11:55:00+08:00,1,evt-wl-0143-2,166.467,m,valid,simulator,
DAM-A-WL-01,2026-07-01T12:00:00+08:00,1,evt-wl-0144-0,166.332,m,valid,simulator,
DAM-A-WL-02,2026-07-01T12:00:00+08:00,1,evt-wl-0144-1,166.387,m,valid,simulator,
DAM-A-WL-03,2026-07-01T12:00:00+08:00,1,evt-wl-0144-2,166.477,m,valid,simulator,
DAM-A-WL-01,2026-07-01T12:05:00+08:00,1,evt-wl-0145-0,166.31,m,valid,simulator,
DAM-A-WL-02,2026-07-01T12:05:00+08:00,1,evt-wl-0145-1,166.408,m,valid,simulator,
DAM-A-WL-03,2026-07-01T12:05:00+08:00,1,evt-wl-0145-2,166.466,m,valid,simulator,
DAM-A-WL-01,2026-07-01T12:10:00+08:00,1,evt-wl-0146-0,166.335,m,valid,simulator,
DAM-A-WL-02,2026-07-01T12:10:00+08:00,1,evt-wl-0146-1,166.412,m,valid,simulator,
DAM-A-WL-03,2026-07-01T12:10:00+08:00,1,evt-wl-0146-2,166.495,m,valid,simulator,
DAM-A-WL-01,2026-07-01T12:15:00+08:00,1,evt-wl-0147-0,166.316,m,valid,simulator,
DAM-A-WL-02,2026-07-01T12:15:00+08:00,1,evt-wl-0147-1,166.388,m,valid,simulator,
DAM-A-WL-03,2026-07-01T12:15:00+08:00,1,evt-wl-0147-2,166.482,m,valid,simulator,
DAM-A-WL-01,2026-07-01T12:20:00+08:00,1,evt-wl-0148-0,166.31,m,valid,simulator,
DAM-A-WL-02,2026-07-01T12:20:00+08:00,1,evt-wl-0148-1,166.391,m,valid,simulator,
DAM-A-WL-03,2026-07-01T12:20:00+08:00,1,evt-wl-0148-2,166.475,m,valid,simulator,
DAM-A-WL-01,2026-07-01T12:25:00+08:00,1,evt-wl-0149-0,166.313,m,valid,simulator,
DAM-A-WL-02,2026-07-01T12:25:00+08:00,1,evt-wl-0149-1,166.39,m,valid,simulator,
DAM-A-WL-03,2026-07-01T12:25:00+08:00,1,evt-wl-0149-2,166.492,m,valid,simulator,
DAM-A-WL-01,2026-07-01T12:30:00+08:00,1,evt-wl-0150-0,166.309,m,valid,simulator,
DAM-A-WL-02,2026-07-01T12:30:00+08:00,1,evt-wl-0150-1,166.401,m,valid,simulator,
DAM-A-WL-03,2026-07-01T12:30:00+08:00,1,evt-wl-0150-2,166.492,m,valid,simulator,
DAM-A-WL-01,2026-07-01T12:35:00+08:00,1,evt-wl-0151-0,166.329,m,valid,simulator,
DAM-A-WL-02,2026-07-01T12:35:00+08:00,1,evt-wl-0151-1,166.393,m,valid,simulator,
DAM-A-WL-03,2026-07-01T12:35:00+08:00,1,evt-wl-0151-2,166.483,m,valid,simulator,
DAM-A-WL-01,2026-07-01T12:40:00+08:00,1,evt-wl-0152-0,166.315,m,valid,simulator,
DAM-A-WL-02,2026-07-01T12:40:00+08:00,1,evt-wl-0152-1,166.409,m,valid,simulator,
DAM-A-WL-03,2026-07-01T12:40:00+08:00,1,evt-wl-0152-2,166.488,m,valid,simulator,
DAM-A-WL-01,2026-07-01T12:45:00+08:00,1,evt-wl-0153-0,166.306,m,valid,simulator,
DAM-A-WL-02,2026-07-01T12:45:00+08:00,1,evt-wl-0153-1,166.402,m,valid,simulator,
DAM-A-WL-03,2026-07-01T12:45:00+08:00,1,evt-wl-0153-2,166.487,m,valid,simulator,
DAM-A-WL-01,2026-07-01T12:50:00+08:00,1,evt-wl-0154-0,166.318,m,valid,simulator,
DAM-A-WL-02,2026-07-01T12:50:00+08:00,1,evt-wl-0154-1,166.403,m,valid,simulator,
DAM-A-WL-03,2026-07-01T12:50:00+08:00,1,evt-wl-0154-2,166.484,m,valid,simulator,
DAM-A-WL-01,2026-07-01T12:55:00+08:00,1,evt-wl-0155-0,166.328,m,valid,simulator,
DAM-A-WL-02,2026-07-01T12:55:00+08:00,1,evt-wl-0155-1,166.396,m,valid,simulator,
DAM-A-WL-03,2026-07-01T12:55:00+08:00,1,evt-wl-0155-2,166.467,m,valid,simulator,
DAM-A-WL-01,2026-07-01T13:00:00+08:00,1,evt-wl-0156-0,166.317,m,valid,simulator,
DAM-A-WL-02,2026-07-01T13:00:00+08:00,1,evt-wl-0156-1,166.382,m,valid,simulator,
DAM-A-WL-03,2026-07-01T13:00:00+08:00,1,evt-wl-0156-2,166.476,m,valid,simulator,
DAM-A-WL-01,2026-07-01T13:05:00+08:00,1,evt-wl-0157-0,166.314,m,valid,simulator,
DAM-A-WL-02,2026-07-01T13:05:00+08:00,1,evt-wl-0157-1,166.402,m,valid,simulator,
DAM-A-WL-03,2026-07-01T13:05:00+08:00,1,evt-wl-0157-2,166.481,m,valid,simulator,
DAM-A-WL-01,2026-07-01T13:10:00+08:00,1,evt-wl-0158-0,166.304,m,valid,simulator,
DAM-A-WL-02,2026-07-01T13:10:00+08:00,1,evt-wl-0158-1,166.391,m,valid,simulator,
DAM-A-WL-03,2026-07-01T13:10:00+08:00,1,evt-wl-0158-2,166.467,m,valid,simulator,
DAM-A-WL-01,2026-07-01T13:15:00+08:00,1,evt-wl-0159-0,166.305,m,valid,simulator,
DAM-A-WL-02,2026-07-01T13:15:00+08:00,1,evt-wl-0159-1,166.397,m,valid,simulator,
DAM-A-WL-03,2026-07-01T13:15:00+08:00,1,evt-wl-0159-2,166.462,m,valid,simulator,
DAM-A-WL-01,2026-07-01T13:20:00+08:00,1,evt-wl-0160-0,166.301,m,valid,simulator,
DAM-A-WL-02,2026-07-01T13:20:00+08:00,1,evt-wl-0160-1,166.379,m,valid,simulator,
DAM-A-WL-03,2026-07-01T13:20:00+08:00,1,evt-wl-0160-2,166.462,m,valid,simulator,
DAM-A-WL-01,2026-07-01T13:25:00+08:00,1,evt-wl-0161-0,166.301,m,valid,simulator,
DAM-A-WL-02,2026-07-01T13:25:00+08:00,1,evt-wl-0161-1,166.379,m,valid,simulator,
DAM-A-WL-03,2026-07-01T13:25:00+08:00,1,evt-wl-0161-2,166.47,m,valid,simulator,
DAM-A-WL-01,2026-07-01T13:30:00+08:00,1,evt-wl-0162-0,166.3,m,valid,simulator,
DAM-A-WL-02,2026-07-01T13:30:00+08:00,1,evt-wl-0162-1,166.389,m,valid,simulator,
DAM-A-WL-03,2026-07-01T13:30:00+08:00,1,evt-wl-0162-2,166.472,m,valid,simulator,
DAM-A-WL-01,2026-07-01T13:35:00+08:00,1,evt-wl-0163-0,166.306,m,valid,simulator,
DAM-A-WL-02,2026-07-01T13:35:00+08:00,1,evt-wl-0163-1,166.369,m,valid,simulator,
DAM-A-WL-03,2026-07-01T13:35:00+08:00,1,evt-wl-0163-2,166.466,m,valid,simulator,
DAM-A-WL-01,2026-07-01T13:40:00+08:00,1,evt-wl-0164-0,166.303,m,valid,simulator,
DAM-A-WL-02,2026-07-01T13:40:00+08:00,1,evt-wl-0164-1,166.373,m,valid,simulator,
DAM-A-WL-03,2026-07-01T13:40:00+08:00,1,evt-wl-0164-2,166.468,m,valid,simulator,
DAM-A-WL-01,2026-07-01T13:45:00+08:00,1,evt-wl-0165-0,166.287,m,valid,simulator,
DAM-A-WL-02,2026-07-01T13:45:00+08:00,1,evt-wl-0165-1,166.384,m,valid,simulator,
DAM-A-WL-03,2026-07-01T13:45:00+08:00,1,evt-wl-0165-2,166.456,m,valid,simulator,
DAM-A-WL-01,2026-07-01T13:50:00+08:00,1,evt-wl-0166-0,166.306,m,valid,simulator,
DAM-A-WL-02,2026-07-01T13:50:00+08:00,1,evt-wl-0166-1,166.377,m,valid,simulator,
DAM-A-WL-03,2026-07-01T13:50:00+08:00,1,evt-wl-0166-2,166.466,m,valid,simulator,
DAM-A-WL-01,2026-07-01T13:55:00+08:00,1,evt-wl-0167-0,166.284,m,valid,simulator,
DAM-A-WL-02,2026-07-01T13:55:00+08:00,1,evt-wl-0167-1,166.36,m,valid,simulator,
DAM-A-WL-03,2026-07-01T13:55:00+08:00,1,evt-wl-0167-2,166.459,m,valid,simulator,
DAM-A-WL-01,2026-07-01T14:00:00+08:00,1,evt-wl-0168-0,166.274,m,valid,simulator,
DAM-A-WL-02,2026-07-01T14:00:00+08:00,1,evt-wl-0168-1,166.38,m,valid,simulator,
DAM-A-WL-03,2026-07-01T14:00:00+08:00,1,evt-wl-0168-2,166.439,m,valid,simulator,
DAM-A-WL-01,2026-07-01T14:05:00+08:00,1,evt-wl-0169-0,166.271,m,valid,simulator,
DAM-A-WL-02,2026-07-01T14:05:00+08:00,1,evt-wl-0169-1,166.372,m,valid,simulator,
DAM-A-WL-03,2026-07-01T14:05:00+08:00,1,evt-wl-0169-2,166.433,m,valid,simulator,
DAM-A-WL-01,2026-07-01T14:10:00+08:00,1,evt-wl-0170-0,166.291,m,valid,simulator,
DAM-A-WL-02,2026-07-01T14:10:00+08:00,1,evt-wl-0170-1,166.374,m,valid,simulator,
DAM-A-WL-03,2026-07-01T14:10:00+08:00,1,evt-wl-0170-2,166.434,m,valid,simulator,
DAM-A-WL-01,2026-07-01T14:15:00+08:00,1,evt-wl-0171-0,166.288,m,valid,simulator,
DAM-A-WL-02,2026-07-01T14:15:00+08:00,1,evt-wl-0171-1,166.368,m,valid,simulator,
DAM-A-WL-03,2026-07-01T14:15:00+08:00,1,evt-wl-0171-2,166.435,m,valid,simulator,
DAM-A-WL-01,2026-07-01T14:20:00+08:00,1,evt-wl-0172-0,166.28,m,valid,simulator,
DAM-A-WL-02,2026-07-01T14:20:00+08:00,1,evt-wl-0172-1,166.36,m,valid,simulator,
DAM-A-WL-03,2026-07-01T14:20:00+08:00,1,evt-wl-0172-2,166.448,m,valid,simulator,
DAM-A-WL-01,2026-07-01T14:25:00+08:00,1,evt-wl-0173-0,166.282,m,valid,simulator,
DAM-A-WL-02,2026-07-01T14:25:00+08:00,1,evt-wl-0173-1,166.366,m,valid,simulator,
DAM-A-WL-03,2026-07-01T14:25:00+08:00,1,evt-wl-0173-2,166.444,m,valid,simulator,
DAM-A-WL-01,2026-07-01T14:30:00+08:00,1,evt-wl-0174-0,166.279,m,valid,simulator,
DAM-A-WL-02,2026-07-01T14:30:00+08:00,1,evt-wl-0174-1,166.359,m,valid,simulator,
DAM-A-WL-03,2026-07-01T14:30:00+08:00,1,evt-wl-0174-2,166.421,m,valid,simulator,
DAM-A-WL-01,2026-07-01T14:35:00+08:00,1,evt-wl-0175-0,166.274,m,valid,simulator,
DAM-A-WL-02,2026-07-01T14:35:00+08:00,1,evt-wl-0175-1,166.329,m,valid,simulator,
DAM-A-WL-03,2026-07-01T14:35:00+08:00,1,evt-wl-0175-2,166.409,m,valid,simulator,
DAM-A-WL-01,2026-07-01T14:40:00+08:00,1,evt-wl-0176-0,166.251,m,valid,simulator,
DAM-A-WL-02,2026-07-01T14:40:00+08:00,1,evt-wl-0176-1,166.329,m,valid,simulator,
DAM-A-WL-03,2026-07-01T14:40:00+08:00,1,evt-wl-0176-2,166.419,m,valid,simulator,
DAM-A-WL-01,2026-07-01T14:45:00+08:00,1,evt-wl-0177-0,166.241,m,valid,simulator,
DAM-A-WL-02,2026-07-01T14:45:00+08:00,1,evt-wl-0177-1,166.331,m,valid,simulator,
DAM-A-WL-03,2026-07-01T14:45:00+08:00,1,evt-wl-0177-2,166.408,m,valid,simulator,
DAM-A-WL-01,2026-07-01T14:50:00+08:00,1,evt-wl-0178-0,166.251,m,valid,simulator,
DAM-A-WL-02,2026-07-01T14:50:00+08:00,1,evt-wl-0178-1,166.34,m,valid,simulator,
DAM-A-WL-03,2026-07-01T14:50:00+08:00,1,evt-wl-0178-2,166.404,m,valid,simulator,
DAM-A-WL-01,2026-07-01T14:55:00+08:00,1,evt-wl-0179-0,166.235,m,valid,simulator,
DAM-A-WL-02,2026-07-01T14:55:00+08:00,1,evt-wl-0179-1,166.329,m,valid,simulator,
DAM-A-WL-03,2026-07-01T14:55:00+08:00,1,evt-wl-0179-2,166.419,m,valid,simulator,
DAM-A-WL-01,2026-07-01T15:00:00+08:00,1,evt-wl-0180-0,166.244,m,valid,simulator,
DAM-A-WL-02,2026-07-01T15:00:00+08:00,1,evt-wl-0180-1,166.328,m,valid,simulator,
DAM-A-WL-03,2026-07-01T15:00:00+08:00,1,evt-wl-0180-2,166.392,m,valid,simulator,
DAM-A-WL-01,2026-07-01T15:05:00+08:00,1,evt-wl-0181-0,166.237,m,valid,simulator,
DAM-A-WL-02,2026-07-01T15:05:00+08:00,1,evt-wl-0181-1,166.313,m,valid,simulator,
DAM-A-WL-03,2026-07-01T15:05:00+08:00,1,evt-wl-0181-2,166.387,m,valid,simulator,
DAM-A-WL-01,2026-07-01T15:10:00+08:00,1,evt-wl-0182-0,166.227,m,valid,simulator,
DAM-A-WL-02,2026-07-01T15:10:00+08:00,1,evt-wl-0182-1,166.316,m,valid,simulator,
DAM-A-WL-03,2026-07-01T15:10:00+08:00,1,evt-wl-0182-2,166.383,m,valid,simulator,
DAM-A-WL-01,2026-07-01T15:15:00+08:00,1,evt-wl-0183-0,166.213,m,valid,simulator,
DAM-A-WL-02,2026-07-01T15:15:00+08:00,1,evt-wl-0183-1,166.312,m,valid,simulator,
DAM-A-WL-03,2026-07-01T15:15:00+08:00,1,evt-wl-0183-2,166.401,m,valid,simulator,
DAM-A-WL-01,2026-07-01T15:20:00+08:00,1,evt-wl-0184-0,166.221,m,valid,simulator,
DAM-A-WL-02,2026-07-01T15:20:00+08:00,1,evt-wl-0184-1,166.289,m,valid,simulator,
DAM-A-WL-03,2026-07-01T15:20:00+08:00,1,evt-wl-0184-2,166.376,m,valid,simulator,
DAM-A-WL-01,2026-07-01T15:25:00+08:00,1,evt-wl-0185-0,166.213,m,valid,simulator,
DAM-A-WL-02,2026-07-01T15:25:00+08:00,1,evt-wl-0185-1,166.288,m,valid,simulator,
DAM-A-WL-03,2026-07-01T15:25:00+08:00,1,evt-wl-0185-2,166.365,m,valid,simulator,
DAM-A-WL-01,2026-07-01T15:30:00+08:00,1,evt-wl-0186-0,166.224,m,valid,simulator,
DAM-A-WL-02,2026-07-01T15:30:00+08:00,1,evt-wl-0186-1,166.284,m,valid,simulator,
DAM-A-WL-03,2026-07-01T15:30:00+08:00,1,evt-wl-0186-2,166.382,m,valid,simulator,
DAM-A-WL-01,2026-07-01T15:35:00+08:00,1,evt-wl-0187-0,166.203,m,valid,simulator,
DAM-A-WL-02,2026-07-01T15:35:00+08:00,1,evt-wl-0187-1,166.285,m,valid,simulator,
DAM-A-WL-03,2026-07-01T15:35:00+08:00,1,evt-wl-0187-2,166.378,m,valid,simulator,
DAM-A-WL-01,2026-07-01T15:40:00+08:00,1,evt-wl-0188-0,166.194,m,valid,simulator,
DAM-A-WL-02,2026-07-01T15:40:00+08:00,1,evt-wl-0188-1,166.286,m,valid,simulator,
DAM-A-WL-03,2026-07-01T15:40:00+08:00,1,evt-wl-0188-2,166.354,m,valid,simulator,
DAM-A-WL-01,2026-07-01T15:45:00+08:00,1,evt-wl-0189-0,166.187,m,valid,simulator,
DAM-A-WL-02,2026-07-01T15:45:00+08:00,1,evt-wl-0189-1,166.279,m,valid,simulator,
DAM-A-WL-03,2026-07-01T15:45:00+08:00,1,evt-wl-0189-2,166.35,m,valid,simulator,
DAM-A-WL-01,2026-07-01T15:50:00+08:00,1,evt-wl-0190-0,166.178,m,valid,simulator,
DAM-A-WL-02,2026-07-01T15:50:00+08:00,1,evt-wl-0190-1,166.253,m,valid,simulator,
DAM-A-WL-03,2026-07-01T15:50:00+08:00,1,evt-wl-0190-2,166.345,m,valid,simulator,
DAM-A-WL-01,2026-07-01T15:55:00+08:00,1,evt-wl-0191-0,166.172,m,valid,simulator,
DAM-A-WL-02,2026-07-01T15:55:00+08:00,1,evt-wl-0191-1,166.259,m,valid,simulator,
DAM-A-WL-03,2026-07-01T15:55:00+08:00,1,evt-wl-0191-2,166.341,m,valid,simulator,
DAM-A-WL-01,2026-07-01T16:00:00+08:00,1,evt-wl-0192-0,166.173,m,valid,simulator,
DAM-A-WL-02,2026-07-01T16:00:00+08:00,1,evt-wl-0192-1,166.242,m,valid,simulator,
DAM-A-WL-03,2026-07-01T16:00:00+08:00,1,evt-wl-0192-2,166.342,m,valid,simulator,
DAM-A-WL-01,2026-07-01T16:05:00+08:00,1,evt-wl-0193-0,166.182,m,valid,simulator,
DAM-A-WL-02,2026-07-01T16:05:00+08:00,1,evt-wl-0193-1,166.239,m,valid,simulator,
DAM-A-WL-03,2026-07-01T16:05:00+08:00,1,evt-wl-0193-2,166.336,m,valid,simulator,
DAM-A-WL-01,2026-07-01T16:10:00+08:00,1,evt-wl-0194-0,166.164,m,valid,simulator,
DAM-A-WL-02,2026-07-01T16:10:00+08:00,1,evt-wl-0194-1,166.246,m,valid,simulator,
DAM-A-WL-03,2026-07-01T16:10:00+08:00,1,evt-wl-0194-2,166.333,m,valid,simulator,
DAM-A-WL-01,2026-07-01T16:15:00+08:00,1,evt-wl-0195-0,166.156,m,valid,simulator,
DAM-A-WL-02,2026-07-01T16:15:00+08:00,1,evt-wl-0195-1,166.247,m,valid,simulator,
DAM-A-WL-03,2026-07-01T16:15:00+08:00,1,evt-wl-0195-2,166.328,m,valid,simulator,
DAM-A-WL-01,2026-07-01T16:20:00+08:00,1,evt-wl-0196-0,166.142,m,valid,simulator,
DAM-A-WL-02,2026-07-01T16:20:00+08:00,1,evt-wl-0196-1,166.224,m,valid,simulator,
DAM-A-WL-03,2026-07-01T16:20:00+08:00,1,evt-wl-0196-2,166.321,m,valid,simulator,
DAM-A-WL-01,2026-07-01T16:25:00+08:00,1,evt-wl-0197-0,166.155,m,valid,simulator,
DAM-A-WL-02,2026-07-01T16:25:00+08:00,1,evt-wl-0197-1,166.212,m,valid,simulator,
DAM-A-WL-03,2026-07-01T16:25:00+08:00,1,evt-wl-0197-2,166.309,m,valid,simulator,
DAM-A-WL-01,2026-07-01T16:30:00+08:00,1,evt-wl-0198-0,166.134,m,valid,simulator,
DAM-A-WL-02,2026-07-01T16:30:00+08:00,1,evt-wl-0198-1,166.226,m,valid,simulator,
DAM-A-WL-03,2026-07-01T16:30:00+08:00,1,evt-wl-0198-2,166.297,m,valid,simulator,
DAM-A-WL-01,2026-07-01T16:35:00+08:00,1,evt-wl-0199-0,166.142,m,valid,simulator,
DAM-A-WL-02,2026-07-01T16:35:00+08:00,1,evt-wl-0199-1,166.203,m,valid,simulator,
DAM-A-WL-03,2026-07-01T16:35:00+08:00,1,evt-wl-0199-2,166.282,m,valid,simulator,
DAM-A-WL-01,2026-07-01T16:40:00+08:00,1,evt-wl-0200-0,166.112,m,valid,simulator,
DAM-A-WL-02,2026-07-01T16:40:00+08:00,1,evt-wl-0200-1,166.203,m,valid,simulator,
DAM-A-WL-03,2026-07-01T16:40:00+08:00,1,evt-wl-0200-2,166.27,m,valid,simulator,
DAM-A-WL-01,2026-07-01T16:45:00+08:00,1,evt-wl-0201-0,166.112,m,valid,simulator,
DAM-A-WL-02,2026-07-01T16:45:00+08:00,1,evt-wl-0201-1,166.183,m,valid,simulator,
DAM-A-WL-03,2026-07-01T16:45:00+08:00,1,evt-wl-0201-2,166.269,m,valid,simulator,
DAM-A-WL-01,2026-07-01T16:50:00+08:00,1,evt-wl-0202-0,166.119,m,valid,simulator,
DAM-A-WL-02,2026-07-01T16:50:00+08:00,1,evt-wl-0202-1,166.19,m,valid,simulator,
DAM-A-WL-03,2026-07-01T16:50:00+08:00,1,evt-wl-0202-2,166.273,m,valid,simulator,
DAM-A-WL-01,2026-07-01T16:55:00+08:00,1,evt-wl-0203-0,166.106,m,valid,simulator,
DAM-A-WL-02,2026-07-01T16:55:00+08:00,1,evt-wl-0203-1,166.176,m,valid,simulator,
DAM-A-WL-03,2026-07-01T16:55:00+08:00,1,evt-wl-0203-2,166.251,m,valid,simulator,
DAM-A-WL-01,2026-07-01T17:00:00+08:00,1,evt-wl-0204-0,166.082,m,valid,simulator,
DAM-A-WL-02,2026-07-01T17:00:00+08:00,1,evt-wl-0204-1,166.158,m,valid,simulator,
DAM-A-WL-03,2026-07-01T17:00:00+08:00,1,evt-wl-0204-2,166.244,m,valid,simulator,
DAM-A-WL-01,2026-07-01T17:05:00+08:00,1,evt-wl-0205-0,166.095,m,valid,simulator,
DAM-A-WL-02,2026-07-01T17:05:00+08:00,1,evt-wl-0205-1,166.152,m,valid,simulator,
DAM-A-WL-03,2026-07-01T17:05:00+08:00,1,evt-wl-0205-2,166.239,m,valid,simulator,
DAM-A-WL-01,2026-07-01T17:10:00+08:00,1,evt-wl-0206-0,166.089,m,valid,simulator,
DAM-A-WL-02,2026-07-01T17:10:00+08:00,1,evt-wl-0206-1,166.152,m,valid,simulator,
DAM-A-WL-03,2026-07-01T17:10:00+08:00,1,evt-wl-0206-2,166.229,m,valid,simulator,
DAM-A-WL-01,2026-07-01T17:15:00+08:00,1,evt-wl-0207-0,166.075,m,valid,simulator,
DAM-A-WL-02,2026-07-01T17:15:00+08:00,1,evt-wl-0207-1,166.152,m,valid,simulator,
DAM-A-WL-03,2026-07-01T17:15:00+08:00,1,evt-wl-0207-2,166.213,m,valid,simulator,
DAM-A-WL-01,2026-07-01T17:20:00+08:00,1,evt-wl-0208-0,166.069,m,valid,simulator,
DAM-A-WL-02,2026-07-01T17:20:00+08:00,1,evt-wl-0208-1,166.142,m,valid,simulator,
DAM-A-WL-03,2026-07-01T17:20:00+08:00,1,evt-wl-0208-2,166.217,m,valid,simulator,
DAM-A-WL-01,2026-07-01T17:25:00+08:00,1,evt-wl-0209-0,166.044,m,valid,simulator,
DAM-A-WL-02,2026-07-01T17:25:00+08:00,1,evt-wl-0209-1,166.146,m,valid,simulator,
DAM-A-WL-03,2026-07-01T17:25:00+08:00,1,evt-wl-0209-2,166.213,m,valid,simulator,
DAM-A-WL-01,2026-07-01T17:30:00+08:00,1,evt-wl-0210-0,166.045,m,valid,simulator,
DAM-A-WL-02,2026-07-01T17:30:00+08:00,1,evt-wl-0210-1,166.124,m,valid,simulator,
DAM-A-WL-03,2026-07-01T17:30:00+08:00,1,evt-wl-0210-2,166.197,m,valid,simulator,
DAM-A-WL-01,2026-07-01T17:35:00+08:00,1,evt-wl-0211-0,166.038,m,valid,simulator,
DAM-A-WL-02,2026-07-01T17:35:00+08:00,1,evt-wl-0211-1,173.2,m,suspect,simulator,above physical range
DAM-A-WL-03,2026-07-01T17:35:00+08:00,1,evt-wl-0211-2,166.2,m,valid,simulator,
DAM-A-WL-01,2026-07-01T17:40:00+08:00,1,evt-wl-0212-0,166.039,m,valid,simulator,
DAM-A-WL-02,2026-07-01T17:40:00+08:00,1,evt-wl-0212-1,166.118,m,valid,simulator,
DAM-A-WL-03,2026-07-01T17:40:00+08:00,1,evt-wl-0212-2,166.191,m,valid,simulator,
DAM-A-WL-01,2026-07-01T17:45:00+08:00,1,evt-wl-0213-0,166.027,m,valid,simulator,
DAM-A-WL-02,2026-07-01T17:45:00+08:00,1,evt-wl-0213-1,166.104,m,valid,simulator,
DAM-A-WL-03,2026-07-01T17:45:00+08:00,1,evt-wl-0213-2,166.192,m,valid,simulator,
DAM-A-WL-01,2026-07-01T17:50:00+08:00,1,evt-wl-0214-0,166.019,m,valid,simulator,
DAM-A-WL-02,2026-07-01T17:50:00+08:00,1,evt-wl-0214-1,166.076,m,valid,simulator,
DAM-A-WL-03,2026-07-01T17:50:00+08:00,1,evt-wl-0214-2,166.165,m,valid,simulator,
DAM-A-WL-01,2026-07-01T17:55:00+08:00,1,evt-wl-0215-0,165.988,m,valid,simulator,
DAM-A-WL-02,2026-07-01T17:55:00+08:00,1,evt-wl-0215-1,166.065,m,valid,simulator,
DAM-A-WL-03,2026-07-01T17:55:00+08:00,1,evt-wl-0215-2,166.169,m,valid,simulator,
DAM-A-WL-01,2026-07-01T18:00:00+08:00,1,evt-wl-0216-0,165.994,m,valid,simulator,
DAM-A-WL-02,2026-07-01T18:00:00+08:00,1,evt-wl-0216-1,166.07,m,valid,simulator,
DAM-A-WL-03,2026-07-01T18:00:00+08:00,1,evt-wl-0216-2,166.138,m,valid,simulator,
DAM-A-WL-01,2026-07-01T18:05:00+08:00,1,evt-wl-0217-0,165.995,m,valid,simulator,
DAM-A-WL-02,2026-07-01T18:05:00+08:00,1,evt-wl-0217-1,166.077,m,valid,simulator,
DAM-A-WL-03,2026-07-01T18:05:00+08:00,1,evt-wl-0217-2,166.142,m,valid,simulator,
DAM-A-WL-01,2026-07-01T18:10:00+08:00,1,evt-wl-0218-0,165.973,m,valid,simulator,
DAM-A-WL-02,2026-07-01T18:10:00+08:00,1,evt-wl-0218-1,166.064,m,valid,simulator,
DAM-A-WL-03,2026-07-01T18:10:00+08:00,1,evt-wl-0218-2,166.134,m,valid,simulator,
DAM-A-WL-01,2026-07-01T18:15:00+08:00,1,evt-wl-0219-0,165.955,m,valid,simulator,
DAM-A-WL-02,2026-07-01T18:15:00+08:00,1,evt-wl-0219-1,166.051,m,valid,simulator,
DAM-A-WL-03,2026-07-01T18:15:00+08:00,1,evt-wl-0219-2,166.121,m,valid,simulator,
DAM-A-WL-01,2026-07-01T18:20:00+08:00,1,evt-wl-0220-0,165.967,m,valid,simulator,
DAM-A-WL-02,2026-07-01T18:20:00+08:00,1,evt-wl-0220-1,166.033,m,valid,simulator,
DAM-A-WL-03,2026-07-01T18:20:00+08:00,1,evt-wl-0220-2,166.114,m,valid,simulator,
DAM-A-WL-01,2026-07-01T18:25:00+08:00,1,evt-wl-0221-0,165.931,m,valid,simulator,
DAM-A-WL-02,2026-07-01T18:25:00+08:00,1,evt-wl-0221-1,166.018,m,valid,simulator,
DAM-A-WL-03,2026-07-01T18:25:00+08:00,1,evt-wl-0221-2,166.118,m,valid,simulator,
DAM-A-WL-01,2026-07-01T18:30:00+08:00,1,evt-wl-0222-0,165.935,m,valid,simulator,
DAM-A-WL-02,2026-07-01T18:30:00+08:00,1,evt-wl-0222-1,166.022,m,valid,simulator,
DAM-A-WL-03,2026-07-01T18:30:00+08:00,1,evt-wl-0222-2,166.105,m,valid,simulator,
DAM-A-WL-01,2026-07-01T18:35:00+08:00,1,evt-wl-0223-0,165.92,m,valid,simulator,
DAM-A-WL-02,2026-07-01T18:35:00+08:00,1,evt-wl-0223-1,165.993,m,valid,simulator,
DAM-A-WL-03,2026-07-01T18:35:00+08:00,1,evt-wl-0223-2,166.091,m,valid,simulator,
DAM-A-WL-01,2026-07-01T18:40:00+08:00,1,evt-wl-0224-0,165.905,m,valid,simulator,
DAM-A-WL-02,2026-07-01T18:40:00+08:00,1,evt-wl-0224-1,165.981,m,valid,simulator,
DAM-A-WL-03,2026-07-01T18:40:00+08:00,1,evt-wl-0224-2,166.061,m,valid,simulator,
DAM-A-WL-01,2026-07-01T18:45:00+08:00,1,evt-wl-0225-0,165.907,m,valid,simulator,
DAM-A-WL-02,2026-07-01T18:45:00+08:00,1,evt-wl-0225-1,165.997,m,valid,simulator,
DAM-A-WL-03,2026-07-01T18:45:00+08:00,1,evt-wl-0225-2,166.072,m,valid,simulator,
DAM-A-WL-01,2026-07-01T18:50:00+08:00,1,evt-wl-0226-0,165.91,m,valid,simulator,
DAM-A-WL-02,2026-07-01T18:50:00+08:00,1,evt-wl-0226-1,165.975,m,valid,simulator,
DAM-A-WL-03,2026-07-01T18:50:00+08:00,1,evt-wl-0226-2,166.041,m,valid,simulator,
DAM-A-WL-01,2026-07-01T18:55:00+08:00,1,evt-wl-0227-0,165.887,m,valid,simulator,
DAM-A-WL-02,2026-07-01T18:55:00+08:00,1,evt-wl-0227-1,165.979,m,valid,simulator,
DAM-A-WL-03,2026-07-01T18:55:00+08:00,1,evt-wl-0227-2,166.044,m,valid,simulator,
DAM-A-WL-01,2026-07-01T19:00:00+08:00,1,evt-wl-0228-0,165.863,m,valid,simulator,
DAM-A-WL-02,2026-07-01T19:00:00+08:00,1,evt-wl-0228-1,165.943,m,valid,simulator,
DAM-A-WL-03,2026-07-01T19:00:00+08:00,1,evt-wl-0228-2,166.05,m,valid,simulator,
DAM-A-WL-01,2026-07-01T19:05:00+08:00,1,evt-wl-0229-0,165.871,m,valid,simulator,
DAM-A-WL-02,2026-07-01T19:05:00+08:00,1,evt-wl-0229-1,165.952,m,valid,simulator,
DAM-A-WL-03,2026-07-01T19:05:00+08:00,1,evt-wl-0229-2,166.037,m,valid,simulator,
DAM-A-WL-01,2026-07-01T19:10:00+08:00,1,evt-wl-0230-0,165.843,m,valid,simulator,
DAM-A-WL-02,2026-07-01T19:10:00+08:00,1,evt-wl-0230-1,165.931,m,valid,simulator,
DAM-A-WL-03,2026-07-01T19:10:00+08:00,1,evt-wl-0230-2,166.006,m,valid,simulator,
DAM-A-WL-01,2026-07-01T19:15:00+08:00,1,evt-wl-0231-0,165.847,m,valid,simulator,
DAM-A-WL-02,2026-07-01T19:15:00+08:00,1,evt-wl-0231-1,165.919,m,valid,simulator,
DAM-A-WL-03,2026-07-01T19:15:00+08:00,1,evt-wl-0231-2,166.008,m,valid,simulator,
DAM-A-WL-01,2026-07-01T19:20:00+08:00,1,evt-wl-0232-0,165.835,m,valid,simulator,
DAM-A-WL-02,2026-07-01T19:20:00+08:00,1,evt-wl-0232-1,165.92,m,valid,simulator,
DAM-A-WL-03,2026-07-01T19:20:00+08:00,1,evt-wl-0232-2,165.998,m,valid,simulator,
DAM-A-WL-01,2026-07-01T19:25:00+08:00,1,evt-wl-0233-0,165.817,m,valid,simulator,
DAM-A-WL-02,2026-07-01T19:25:00+08:00,1,evt-wl-0233-1,165.894,m,valid,simulator,
DAM-A-WL-03,2026-07-01T19:25:00+08:00,1,evt-wl-0233-2,165.985,m,valid,simulator,
DAM-A-WL-01,2026-07-01T19:30:00+08:00,1,evt-wl-0234-0,165.8,m,valid,simulator,
DAM-A-WL-02,2026-07-01T19:30:00+08:00,1,evt-wl-0234-1,165.881,m,valid,simulator,
DAM-A-WL-03,2026-07-01T19:30:00+08:00,1,evt-wl-0234-2,165.976,m,valid,simulator,
DAM-A-WL-01,2026-07-01T19:35:00+08:00,1,evt-wl-0235-0,165.793,m,valid,simulator,
DAM-A-WL-02,2026-07-01T19:35:00+08:00,1,evt-wl-0235-1,165.873,m,valid,simulator,
DAM-A-WL-03,2026-07-01T19:35:00+08:00,1,evt-wl-0235-2,165.954,m,valid,simulator,
DAM-A-WL-01,2026-07-01T19:40:00+08:00,1,evt-wl-0236-0,165.797,m,valid,simulator,
DAM-A-WL-02,2026-07-01T19:40:00+08:00,1,evt-wl-0236-1,165.864,m,valid,simulator,
DAM-A-WL-03,2026-07-01T19:40:00+08:00,1,evt-wl-0236-2,165.951,m,valid,simulator,
DAM-A-WL-01,2026-07-01T19:45:00+08:00,1,evt-wl-0237-0,165.774,m,valid,simulator,
DAM-A-WL-02,2026-07-01T19:45:00+08:00,1,evt-wl-0237-1,165.865,m,valid,simulator,
DAM-A-WL-03,2026-07-01T19:45:00+08:00,1,evt-wl-0237-2,165.932,m,valid,simulator,
DAM-A-WL-01,2026-07-01T19:50:00+08:00,1,evt-wl-0238-0,165.765,m,valid,simulator,
DAM-A-WL-02,2026-07-01T19:50:00+08:00,1,evt-wl-0238-1,165.845,m,valid,simulator,
DAM-A-WL-03,2026-07-01T19:50:00+08:00,1,evt-wl-0238-2,165.941,m,valid,simulator,
DAM-A-WL-01,2026-07-01T19:55:00+08:00,1,evt-wl-0239-0,165.758,m,valid,simulator,
DAM-A-WL-02,2026-07-01T19:55:00+08:00,1,evt-wl-0239-1,165.831,m,valid,simulator,
DAM-A-WL-03,2026-07-01T19:55:00+08:00,1,evt-wl-0239-2,165.927,m,valid,simulator,
DAM-A-WL-01,2026-07-01T20:00:00+08:00,1,evt-wl-0240-0,165.737,m,valid,simulator,
DAM-A-WL-02,2026-07-01T20:00:00+08:00,1,evt-wl-0240-1,165.821,m,valid,simulator,
DAM-A-WL-03,2026-07-01T20:00:00+08:00,1,evt-wl-0240-2,165.9,m,valid,simulator,
DAM-A-WL-01,2026-07-01T20:05:00+08:00,1,evt-wl-0241-0,165.752,m,valid,simulator,
DAM-A-WL-02,2026-07-01T20:05:00+08:00,1,evt-wl-0241-1,165.817,m,valid,simulator,
DAM-A-WL-03,2026-07-01T20:05:00+08:00,1,evt-wl-0241-2,165.894,m,valid,simulator,
DAM-A-WL-01,2026-07-01T20:10:00+08:00,1,evt-wl-0242-0,165.714,m,valid,simulator,
DAM-A-WL-02,2026-07-01T20:10:00+08:00,1,evt-wl-0242-1,165.811,m,valid,simulator,
DAM-A-WL-03,2026-07-01T20:10:00+08:00,1,evt-wl-0242-2,165.882,m,valid,simulator,
DAM-A-WL-01,2026-07-01T20:15:00+08:00,1,evt-wl-0243-0,165.711,m,valid,simulator,
DAM-A-WL-02,2026-07-01T20:15:00+08:00,1,evt-wl-0243-1,165.805,m,valid,simulator,
DAM-A-WL-03,2026-07-01T20:15:00+08:00,1,evt-wl-0243-2,165.882,m,valid,simulator,
DAM-A-WL-01,2026-07-01T20:20:00+08:00,1,evt-wl-0244-0,165.711,m,valid,simulator,
DAM-A-WL-02,2026-07-01T20:20:00+08:00,1,evt-wl-0244-1,165.774,m,valid,simulator,
DAM-A-WL-03,2026-07-01T20:20:00+08:00,1,evt-wl-0244-2,165.856,m,valid,simulator,
DAM-A-WL-01,2026-07-01T20:25:00+08:00,1,evt-wl-0245-0,165.695,m,valid,simulator,
DAM-A-WL-02,2026-07-01T20:25:00+08:00,1,evt-wl-0245-1,165.775,m,valid,simulator,
DAM-A-WL-03,2026-07-01T20:25:00+08:00,1,evt-wl-0245-2,165.851,m,valid,simulator,
DAM-A-WL-01,2026-07-01T20:30:00+08:00,1,evt-wl-0246-0,165.69,m,valid,simulator,
DAM-A-WL-02,2026-07-01T20:30:00+08:00,1,evt-wl-0246-1,165.757,m,valid,simulator,
DAM-A-WL-03,2026-07-01T20:30:00+08:00,1,evt-wl-0246-2,165.833,m,valid,simulator,
DAM-A-WL-01,2026-07-01T20:35:00+08:00,1,evt-wl-0247-0,165.673,m,valid,simulator,
DAM-A-WL-02,2026-07-01T20:35:00+08:00,1,evt-wl-0247-1,165.741,m,valid,simulator,
DAM-A-WL-03,2026-07-01T20:35:00+08:00,1,evt-wl-0247-2,165.841,m,valid,simulator,
DAM-A-WL-01,2026-07-01T20:40:00+08:00,1,evt-wl-0248-0,165.663,m,valid,simulator,
DAM-A-WL-02,2026-07-01T20:40:00+08:00,1,evt-wl-0248-1,165.731,m,valid,simulator,
DAM-A-WL-03,2026-07-01T20:40:00+08:00,1,evt-wl-0248-2,165.812,m,valid,simulator,
DAM-A-WL-01,2026-07-01T20:45:00+08:00,1,evt-wl-0249-0,165.644,m,valid,simulator,
DAM-A-WL-02,2026-07-01T20:45:00+08:00,1,evt-wl-0249-1,165.741,m,valid,simulator,
DAM-A-WL-03,2026-07-01T20:45:00+08:00,1,evt-wl-0249-2,165.801,m,valid,simulator,
DAM-A-WL-01,2026-07-01T20:50:00+08:00,1,evt-wl-0250-0,165.626,m,valid,simulator,
DAM-A-WL-02,2026-07-01T20:50:00+08:00,1,evt-wl-0250-1,165.727,m,valid,simulator,
DAM-A-WL-03,2026-07-01T20:50:00+08:00,1,evt-wl-0250-2,165.793,m,valid,simulator,
DAM-A-WL-01,2026-07-01T20:55:00+08:00,1,evt-wl-0251-0,165.626,m,valid,simulator,
DAM-A-WL-02,2026-07-01T20:55:00+08:00,1,evt-wl-0251-1,165.712,m,valid,simulator,
DAM-A-WL-03,2026-07-01T20:55:00+08:00,1,evt-wl-0251-2,165.79,m,valid,simulator,
DAM-A-WL-01,2026-07-01T21:00:00+08:00,1,evt-wl-0252-0,165.625,m,valid,simulator,
DAM-A-WL-02,2026-07-01T21:00:00+08:00,1,evt-wl-0252-1,165.702,m,valid,simulator,
DAM-A-WL-03,2026-07-01T21:00:00+08:00,1,evt-wl-0252-2,165.761,m,valid,simulator,
DAM-A-WL-01,2026-07-01T21:05:00+08:00,1,evt-wl-0253-0,165.592,m,valid,simulator,
DAM-A-WL-02,2026-07-01T21:05:00+08:00,1,evt-wl-0253-1,165.684,m,valid,simulator,
DAM-A-WL-03,2026-07-01T21:05:00+08:00,1,evt-wl-0253-2,165.76,m,valid,simulator,
DAM-A-WL-01,2026-07-01T21:10:00+08:00,1,evt-wl-0254-0,165.586,m,valid,simulator,
DAM-A-WL-02,2026-07-01T21:10:00+08:00,1,evt-wl-0254-1,165.675,m,valid,simulator,
DAM-A-WL-03,2026-07-01T21:10:00+08:00,1,evt-wl-0254-2,165.737,m,valid,simulator,
DAM-A-WL-01,2026-07-01T21:15:00+08:00,1,evt-wl-0255-0,165.573,m,valid,simulator,
DAM-A-WL-02,2026-07-01T21:15:00+08:00,1,evt-wl-0255-1,165.67,m,valid,simulator,
DAM-A-WL-03,2026-07-01T21:15:00+08:00,1,evt-wl-0255-2,165.744,m,valid,simulator,
DAM-A-WL-01,2026-07-01T21:20:00+08:00,1,evt-wl-0256-0,165.561,m,valid,simulator,
DAM-A-WL-02,2026-07-01T21:20:00+08:00,1,evt-wl-0256-1,165.658,m,valid,simulator,
DAM-A-WL-03,2026-07-01T21:20:00+08:00,1,evt-wl-0256-2,165.72,m,valid,simulator,
DAM-A-WL-01,2026-07-01T21:25:00+08:00,1,evt-wl-0257-0,165.539,m,valid,simulator,
DAM-A-WL-02,2026-07-01T21:25:00+08:00,1,evt-wl-0257-1,165.64,m,valid,simulator,
DAM-A-WL-03,2026-07-01T21:25:00+08:00,1,evt-wl-0257-2,165.703,m,valid,simulator,
DAM-A-WL-01,2026-07-01T21:30:00+08:00,1,evt-wl-0258-0,165.532,m,valid,simulator,
DAM-A-WL-02,2026-07-01T21:30:00+08:00,1,evt-wl-0258-1,165.615,m,valid,simulator,
DAM-A-WL-03,2026-07-01T21:30:00+08:00,1,evt-wl-0258-2,165.712,m,valid,simulator,
DAM-A-WL-01,2026-07-01T21:35:00+08:00,1,evt-wl-0259-0,165.526,m,valid,simulator,
DAM-A-WL-02,2026-07-01T21:35:00+08:00,1,evt-wl-0259-1,165.619,m,valid,simulator,
DAM-A-WL-03,2026-07-01T21:35:00+08:00,1,evt-wl-0259-2,165.689,m,valid,simulator,
DAM-A-WL-01,2026-07-01T21:40:00+08:00,1,evt-wl-0260-0,165.512,m,valid,simulator,
DAM-A-WL-02,2026-07-01T21:40:00+08:00,1,evt-wl-0260-1,165.598,m,valid,simulator,
DAM-A-WL-03,2026-07-01T21:40:00+08:00,1,evt-wl-0260-2,165.672,m,valid,simulator,
DAM-A-WL-01,2026-07-01T21:45:00+08:00,1,evt-wl-0261-0,165.518,m,valid,simulator,
DAM-A-WL-02,2026-07-01T21:45:00+08:00,1,evt-wl-0261-1,165.573,m,valid,simulator,
DAM-A-WL-03,2026-07-01T21:45:00+08:00,1,evt-wl-0261-2,165.679,m,valid,simulator,
DAM-A-WL-01,2026-07-01T21:50:00+08:00,1,evt-wl-0262-0,165.491,m,valid,simulator,
DAM-A-WL-02,2026-07-01T21:50:00+08:00,1,evt-wl-0262-1,165.563,m,valid,simulator,
DAM-A-WL-03,2026-07-01T21:50:00+08:00,1,evt-wl-0262-2,165.656,m,valid,simulator,
DAM-A-WL-01,2026-07-01T21:55:00+08:00,1,evt-wl-0263-0,165.467,m,valid,simulator,
DAM-A-WL-02,2026-07-01T21:55:00+08:00,1,evt-wl-0263-1,165.554,m,valid,simulator,
DAM-A-WL-03,2026-07-01T21:55:00+08:00,1,evt-wl-0263-2,165.642,m,valid,simulator,
DAM-A-WL-01,2026-07-01T22:00:00+08:00,1,evt-wl-0264-0,165.48,m,valid,simulator,
DAM-A-WL-02,2026-07-01T22:00:00+08:00,1,evt-wl-0264-1,165.555,m,valid,simulator,
DAM-A-WL-03,2026-07-01T22:00:00+08:00,1,evt-wl-0264-2,165.635,m,valid,simulator,
DAM-A-WL-01,2026-07-01T22:05:00+08:00,1,evt-wl-0265-0,165.454,m,valid,simulator,
DAM-A-WL-02,2026-07-01T22:05:00+08:00,1,evt-wl-0265-1,165.534,m,valid,simulator,
DAM-A-WL-03,2026-07-01T22:05:00+08:00,1,evt-wl-0265-2,165.619,m,valid,simulator,
DAM-A-WL-01,2026-07-01T22:10:00+08:00,1,evt-wl-0266-0,165.437,m,valid,simulator,
DAM-A-WL-02,2026-07-01T22:10:00+08:00,1,evt-wl-0266-1,165.529,m,valid,simulator,
DAM-A-WL-03,2026-07-01T22:10:00+08:00,1,evt-wl-0266-2,165.603,m,valid,simulator,
DAM-A-WL-01,2026-07-01T22:15:00+08:00,1,evt-wl-0267-0,165.445,m,valid,simulator,
DAM-A-WL-02,2026-07-01T22:15:00+08:00,1,evt-wl-0267-1,165.5,m,valid,simulator,
DAM-A-WL-03,2026-07-01T22:15:00+08:00,1,evt-wl-0267-2,165.6,m,valid,simulator,
DAM-A-WL-01,2026-07-01T22:20:00+08:00,1,evt-wl-0268-0,165.434,m,valid,simulator,
DAM-A-WL-02,2026-07-01T22:20:00+08:00,1,evt-wl-0268-1,165.501,m,valid,simulator,
DAM-A-WL-03,2026-07-01T22:20:00+08:00,1,evt-wl-0268-2,165.584,m,valid,simulator,
DAM-A-WL-01,2026-07-01T22:25:00+08:00,1,evt-wl-0269-0,165.42,m,valid,simulator,
DAM-A-WL-02,2026-07-01T22:25:00+08:00,1,evt-wl-0269-1,165.501,m,valid,simulator,
DAM-A-WL-03,2026-07-01T22:25:00+08:00,1,evt-wl-0269-2,165.553,m,valid,simulator,
DAM-A-WL-01,2026-07-01T22:30:00+08:00,1,evt-wl-0270-0,165.403,m,valid,simulator,
DAM-A-WL-02,2026-07-01T22:30:00+08:00,1,evt-wl-0270-1,165.46,m,valid,simulator,
DAM-A-WL-03,2026-07-01T22:30:00+08:00,1,evt-wl-0270-2,165.562,m,valid,simulator,
DAM-A-WL-01,2026-07-01T22:35:00+08:00,1,evt-wl-0271-0,165.379,m,valid,simulator,
DAM-A-WL-02,2026-07-01T22:35:00+08:00,1,evt-wl-0271-1,165.458,m,valid,simulator,
DAM-A-WL-03,2026-07-01T22:35:00+08:00,1,evt-wl-0271-2,165.535,m,valid,simulator,
DAM-A-WL-01,2026-07-01T22:40:00+08:00,1,evt-wl-0272-0,165.379,m,valid,simulator,
DAM-A-WL-02,2026-07-01T22:40:00+08:00,1,evt-wl-0272-1,165.457,m,valid,simulator,
DAM-A-WL-03,2026-07-01T22:40:00+08:00,1,evt-wl-0272-2,165.537,m,valid,simulator,
DAM-A-WL-01,2026-07-01T22:45:00+08:00,1,evt-wl-0273-0,165.348,m,valid,simulator,
DAM-A-WL-02,2026-07-01T22:45:00+08:00,1,evt-wl-0273-1,165.437,m,valid,simulator,
DAM-A-WL-03,2026-07-01T22:45:00+08:00,1,evt-wl-0273-2,165.504,m,valid,simulator,
DAM-A-WL-01,2026-07-01T22:50:00+08:00,1,evt-wl-0274-0,165.33,m,valid,simulator,
DAM-A-WL-02,2026-07-01T22:50:00+08:00,1,evt-wl-0274-1,165.439,m,valid,simulator,
DAM-A-WL-03,2026-07-01T22:50:00+08:00,1,evt-wl-0274-2,165.513,m,valid,simulator,
DAM-A-WL-01,2026-07-01T22:55:00+08:00,1,evt-wl-0275-0,165.334,m,valid,simulator,
DAM-A-WL-02,2026-07-01T22:55:00+08:00,1,evt-wl-0275-1,165.408,m,valid,simulator,
DAM-A-WL-03,2026-07-01T22:55:00+08:00,1,evt-wl-0275-2,165.482,m,valid,simulator,
DAM-A-WL-01,2026-07-01T23:00:00+08:00,1,evt-wl-0276-0,165.316,m,valid,simulator,
DAM-A-WL-02,2026-07-01T23:00:00+08:00,1,evt-wl-0276-1,165.386,m,valid,simulator,
DAM-A-WL-03,2026-07-01T23:00:00+08:00,1,evt-wl-0276-2,165.467,m,valid,simulator,
DAM-A-WL-01,2026-07-01T23:05:00+08:00,1,evt-wl-0277-0,165.318,m,valid,simulator,
DAM-A-WL-02,2026-07-01T23:05:00+08:00,1,evt-wl-0277-1,165.4,m,valid,simulator,
DAM-A-WL-03,2026-07-01T23:05:00+08:00,1,evt-wl-0277-2,165.455,m,valid,simulator,
DAM-A-WL-01,2026-07-01T23:10:00+08:00,1,evt-wl-0278-0,165.281,m,valid,simulator,
DAM-A-WL-02,2026-07-01T23:10:00+08:00,1,evt-wl-0278-1,165.376,m,valid,simulator,
DAM-A-WL-03,2026-07-01T23:10:00+08:00,1,evt-wl-0278-2,165.46,m,valid,simulator,
DAM-A-WL-01,2026-07-01T23:15:00+08:00,1,evt-wl-0279-0,165.293,m,valid,simulator,
DAM-A-WL-02,2026-07-01T23:15:00+08:00,1,evt-wl-0279-1,165.365,m,valid,simulator,
DAM-A-WL-03,2026-07-01T23:15:00+08:00,1,evt-wl-0279-2,165.432,m,valid,simulator,
DAM-A-WL-01,2026-07-01T23:20:00+08:00,1,evt-wl-0280-0,165.28,m,valid,simulator,
DAM-A-WL-02,2026-07-01T23:20:00+08:00,1,evt-wl-0280-1,165.347,m,valid,simulator,
DAM-A-WL-03,2026-07-01T23:20:00+08:00,1,evt-wl-0280-2,165.424,m,valid,simulator,
DAM-A-WL-01,2026-07-01T23:25:00+08:00,1,evt-wl-0281-0,165.25,m,valid,simulator,
DAM-A-WL-02,2026-07-01T23:25:00+08:00,1,evt-wl-0281-1,165.34,m,valid,simulator,
DAM-A-WL-03,2026-07-01T23:25:00+08:00,1,evt-wl-0281-2,165.424,m,valid,simulator,
DAM-A-WL-01,2026-07-01T23:30:00+08:00,1,evt-wl-0282-0,165.23,m,valid,simulator,
DAM-A-WL-02,2026-07-01T23:30:00+08:00,1,evt-wl-0282-1,165.316,m,valid,simulator,
DAM-A-WL-03,2026-07-01T23:30:00+08:00,1,evt-wl-0282-2,165.4,m,valid,simulator,
DAM-A-WL-01,2026-07-01T23:35:00+08:00,1,evt-wl-0283-0,165.238,m,valid,simulator,
DAM-A-WL-02,2026-07-01T23:35:00+08:00,1,evt-wl-0283-1,165.327,m,valid,simulator,
DAM-A-WL-03,2026-07-01T23:35:00+08:00,1,evt-wl-0283-2,165.398,m,valid,simulator,
DAM-A-WL-01,2026-07-01T23:40:00+08:00,1,evt-wl-0284-0,165.234,m,valid,simulator,
DAM-A-WL-02,2026-07-01T23:40:00+08:00,1,evt-wl-0284-1,165.296,m,valid,simulator,
DAM-A-WL-03,2026-07-01T23:40:00+08:00,1,evt-wl-0284-2,165.384,m,valid,simulator,
DAM-A-WL-01,2026-07-01T23:45:00+08:00,1,evt-wl-0285-0,165.198,m,valid,simulator,
DAM-A-WL-02,2026-07-01T23:45:00+08:00,1,evt-wl-0285-1,165.277,m,valid,simulator,
DAM-A-WL-03,2026-07-01T23:45:00+08:00,1,evt-wl-0285-2,165.381,m,valid,simulator,
DAM-A-WL-01,2026-07-01T23:50:00+08:00,1,evt-wl-0286-0,165.18,m,valid,simulator,
DAM-A-WL-02,2026-07-01T23:50:00+08:00,1,evt-wl-0286-1,165.266,m,valid,simulator,
DAM-A-WL-03,2026-07-01T23:50:00+08:00,1,evt-wl-0286-2,165.345,m,valid,simulator,
DAM-A-WL-01,2026-07-01T23:55:00+08:00,1,evt-wl-0287-0,165.197,m,valid,simulator,
DAM-A-WL-02,2026-07-01T23:55:00+08:00,1,evt-wl-0287-1,165.268,m,valid,simulator,
DAM-A-WL-03,2026-07-01T23:55:00+08:00,1,evt-wl-0287-2,165.33,m,valid,simulator,
DAM-A-WL-01,2026-07-02T00:00:00+08:00,1,evt-wl-0288-0,165.164,m,valid,simulator,
DAM-A-WL-02,2026-07-02T00:00:00+08:00,1,evt-wl-0288-1,165.247,m,valid,simulator,
DAM-A-WL-03,2026-07-02T00:00:00+08:00,1,evt-wl-0288-2,165.316,m,valid,simulator,
DAM-A-WL-01,2026-07-02T00:05:00+08:00,1,evt-wl-0289-0,165.159,m,valid,simulator,
DAM-A-WL-02,2026-07-02T00:05:00+08:00,1,evt-wl-0289-1,165.234,m,valid,simulator,
DAM-A-WL-03,2026-07-02T00:05:00+08:00,1,evt-wl-0289-2,165.313,m,valid,simulator,
DAM-A-WL-01,2026-07-02T00:10:00+08:00,1,evt-wl-0290-0,165.141,m,valid,simulator,
DAM-A-WL-02,2026-07-02T00:10:00+08:00,1,evt-wl-0290-1,165.219,m,valid,simulator,
DAM-A-WL-03,2026-07-02T00:10:00+08:00,1,evt-wl-0290-2,165.3,m,valid,simulator,
DAM-A-WL-01,2026-07-02T00:15:00+08:00,1,evt-wl-0291-0,165.139,m,valid,simulator,
DAM-A-WL-02,2026-07-02T00:15:00+08:00,1,evt-wl-0291-1,165.208,m,valid,simulator,
DAM-A-WL-03,2026-07-02T00:15:00+08:00,1,evt-wl-0291-2,165.3,m,valid,simulator,
DAM-A-WL-01,2026-07-02T00:20:00+08:00,1,evt-wl-0292-0,165.125,m,valid,simulator,
DAM-A-WL-02,2026-07-02T00:20:00+08:00,1,evt-wl-0292-1,165.214,m,valid,simulator,
DAM-A-WL-03,2026-07-02T00:20:00+08:00,1,evt-wl-0292-2,165.29,m,valid,simulator,
DAM-A-WL-01,2026-07-02T00:25:00+08:00,1,evt-wl-0293-0,165.115,m,valid,simulator,
DAM-A-WL-02,2026-07-02T00:25:00+08:00,1,evt-wl-0293-1,165.182,m,valid,simulator,
DAM-A-WL-03,2026-07-02T00:25:00+08:00,1,evt-wl-0293-2,165.274,m,valid,simulator,
DAM-A-WL-01,2026-07-02T00:30:00+08:00,1,evt-wl-0294-0,165.097,m,valid,simulator,
DAM-A-WL-02,2026-07-02T00:30:00+08:00,1,evt-wl-0294-1,165.186,m,valid,simulator,
DAM-A-WL-03,2026-07-02T00:30:00+08:00,1,evt-wl-0294-2,165.256,m,valid,simulator,
DAM-A-WL-01,2026-07-02T00:35:00+08:00,1,evt-wl-0295-0,165.092,m,valid,simulator,
DAM-A-WL-02,2026-07-02T00:35:00+08:00,1,evt-wl-0295-1,165.152,m,valid,simulator,
DAM-A-WL-03,2026-07-02T00:35:00+08:00,1,evt-wl-0295-2,165.235,m,valid,simulator,
DAM-A-WL-01,2026-07-02T00:40:00+08:00,1,evt-wl-0296-0,165.07,m,valid,simulator,
DAM-A-WL-02,2026-07-02T00:40:00+08:00,1,evt-wl-0296-1,165.161,m,valid,simulator,
DAM-A-WL-03,2026-07-02T00:40:00+08:00,1,evt-wl-0296-2,165.22,m,valid,simulator,
DAM-A-WL-01,2026-07-02T00:45:00+08:00,1,evt-wl-0297-0,165.064,m,valid,simulator,
DAM-A-WL-02,2026-07-02T00:45:00+08:00,1,evt-wl-0297-1,165.139,m,valid,simulator,
DAM-A-WL-03,2026-07-02T00:45:00+08:00,1,evt-wl-0297-2,165.213,m,valid,simulator,
DAM-A-WL-01,2026-07-02T00:50:00+08:00,1,evt-wl-0298-0,165.06,m,valid,simulator,
DAM-A-WL-02,2026-07-02T00:50:00+08:00,1,evt-wl-0298-1,165.112,m,valid,simulator,
DAM-A-WL-03,2026-07-02T00:50:00+08:00,1,evt-wl-0298-2,165.217,m,valid,simulator,
DAM-A-WL-01,2026-07-02T00:55:00+08:00,1,evt-wl-0299-0,165.041,m,valid,simulator,
DAM-A-WL-02,2026-07-02T00:55:00+08:00,1,evt-wl-0299-1,165.119,m,valid,simulator,
DAM-A-WL-03,2026-07-02T00:55:00+08:00,1,evt-wl-0299-2,165.194,m,valid,simulator,
DAM-A-WL-01,2026-07-02T01:00:00+08:00,1,evt-wl-0300-0,165.033,m,valid,simulator,
DAM-A-WL-02,2026-07-02T01:00:00+08:00,1,evt-wl-0300-1,165.114,m,valid,simulator,
DAM-A-WL-03,2026-07-02T01:00:00+08:00,1,evt-wl-0300-2,165.189,m,valid,simulator,
DAM-A-WL-01,2026-07-02T01:05:00+08:00,1,evt-wl-0301-0,165.0,m,valid,simulator,
DAM-A-WL-02,2026-07-02T01:05:00+08:00,1,evt-wl-0301-1,165.093,m,valid,simulator,
DAM-A-WL-03,2026-07-02T01:05:00+08:00,1,evt-wl-0301-2,165.184,m,valid,simulator,
DAM-A-WL-01,2026-07-02T01:10:00+08:00,1,evt-wl-0302-0,164.999,m,valid,simulator,
DAM-A-WL-02,2026-07-02T01:10:00+08:00,1,evt-wl-0302-1,165.085,m,valid,simulator,
DAM-A-WL-03,2026-07-02T01:10:00+08:00,1,evt-wl-0302-2,165.16,m,valid,simulator,
DAM-A-WL-01,2026-07-02T01:15:00+08:00,1,evt-wl-0303-0,164.985,m,valid,simulator,
DAM-A-WL-02,2026-07-02T01:15:00+08:00,1,evt-wl-0303-1,165.051,m,valid,simulator,
DAM-A-WL-03,2026-07-02T01:15:00+08:00,1,evt-wl-0303-2,165.152,m,valid,simulator,
DAM-A-WL-01,2026-07-02T01:20:00+08:00,1,evt-wl-0304-0,164.973,m,valid,simulator,
DAM-A-WL-02,2026-07-02T01:20:00+08:00,1,evt-wl-0304-1,165.063,m,valid,simulator,
DAM-A-WL-03,2026-07-02T01:20:00+08:00,1,evt-wl-0304-2,165.127,m,valid,simulator,
DAM-A-WL-01,2026-07-02T01:25:00+08:00,1,evt-wl-0305-0,164.973,m,valid,simulator,
DAM-A-WL-02,2026-07-02T01:25:00+08:00,1,evt-wl-0305-1,165.049,m,valid,simulator,
DAM-A-WL-03,2026-07-02T01:25:00+08:00,1,evt-wl-0305-2,165.117,m,valid,simulator,
DAM-A-WL-01,2026-07-02T01:30:00+08:00,1,evt-wl-0306-0,164.953,m,valid,simulator,
DAM-A-WL-02,2026-07-02T01:30:00+08:00,1,evt-wl-0306-1,165.04,m,valid,simulator,
DAM-A-WL-03,2026-07-02T01:30:00+08:00,1,evt-wl-0306-2,165.094,m,valid,simulator,
DAM-A-WL-01,2026-07-02T01:35:00+08:00,1,evt-wl-0307-0,164.938,m,valid,simulator,
DAM-A-WL-02,2026-07-02T01:35:00+08:00,1,evt-wl-0307-1,165.024,m,valid,simulator,
DAM-A-WL-03,2026-07-02T01:35:00+08:00,1,evt-wl-0307-2,165.083,m,valid,simulator,
DAM-A-WL-01,2026-07-02T01:40:00+08:00,1,evt-wl-0308-0,164.915,m,valid,simulator,
DAM-A-WL-02,2026-07-02T01:40:00+08:00,1,evt-wl-0308-1,164.997,m,valid,simulator,
DAM-A-WL-03,2026-07-02T01:40:00+08:00,1,evt-wl-0308-2,165.095,m,valid,simulator,
DAM-A-WL-01,2026-07-02T01:45:00+08:00,1,evt-wl-0309-0,164.912,m,valid,simulator,
DAM-A-WL-02,2026-07-02T01:45:00+08:00,1,evt-wl-0309-1,164.993,m,valid,simulator,
DAM-A-WL-03,2026-07-02T01:45:00+08:00,1,evt-wl-0309-2,165.071,m,valid,simulator,
DAM-A-WL-01,2026-07-02T01:50:00+08:00,1,evt-wl-0310-0,164.902,m,valid,simulator,
DAM-A-WL-02,2026-07-02T01:50:00+08:00,1,evt-wl-0310-1,164.977,m,valid,simulator,
DAM-A-WL-03,2026-07-02T01:50:00+08:00,1,evt-wl-0310-2,165.071,m,valid,simulator,
DAM-A-WL-01,2026-07-02T01:55:00+08:00,1,evt-wl-0311-0,164.897,m,valid,simulator,
DAM-A-WL-02,2026-07-02T01:55:00+08:00,1,evt-wl-0311-1,164.969,m,valid,simulator,
DAM-A-WL-03,2026-07-02T01:55:00+08:00,1,evt-wl-0311-2,165.04,m,valid,simulator,
DAM-A-WL-01,2026-07-02T02:00:00+08:00,1,evt-wl-0312-0,164.884,m,valid,simulator,
DAM-A-WL-02,2026-07-02T02:00:00+08:00,1,evt-wl-0312-1,164.951,m,valid,simulator,
DAM-A-WL-03,2026-07-02T02:00:00+08:00,1,evt-wl-0312-2,165.039,m,valid,simulator,
DAM-A-WL-01,2026-07-02T02:05:00+08:00,1,evt-wl-0313-0,164.872,m,valid,simulator,
DAM-A-WL-02,2026-07-02T02:05:00+08:00,1,evt-wl-0313-1,164.939,m,valid,simulator,
DAM-A-WL-03,2026-07-02T02:05:00+08:00,1,evt-wl-0313-2,165.032,m,valid,simulator,
DAM-A-WL-01,2026-07-02T02:10:00+08:00,1,evt-wl-0314-0,164.868,m,valid,simulator,
DAM-A-WL-02,2026-07-02T02:10:00+08:00,1,evt-wl-0314-1,164.929,m,valid,simulator,
DAM-A-WL-03,2026-07-02T02:10:00+08:00,1,evt-wl-0314-2,165.027,m,valid,simulator,
DAM-A-WL-01,2026-07-02T02:15:00+08:00,1,evt-wl-0315-0,164.837,m,valid,simulator,
DAM-A-WL-02,2026-07-02T02:15:00+08:00,1,evt-wl-0315-1,164.91,m,valid,simulator,
DAM-A-WL-03,2026-07-02T02:15:00+08:00,1,evt-wl-0315-2,165.008,m,valid,simulator,
DAM-A-WL-01,2026-07-02T02:20:00+08:00,1,evt-wl-0316-0,164.818,m,valid,simulator,
DAM-A-WL-02,2026-07-02T02:20:00+08:00,1,evt-wl-0316-1,164.902,m,valid,simulator,
DAM-A-WL-03,2026-07-02T02:20:00+08:00,1,evt-wl-0316-2,164.986,m,valid,simulator,
DAM-A-WL-01,2026-07-02T02:25:00+08:00,1,evt-wl-0317-0,164.814,m,valid,simulator,
DAM-A-WL-02,2026-07-02T02:25:00+08:00,1,evt-wl-0317-1,164.891,m,valid,simulator,
DAM-A-WL-03,2026-07-02T02:25:00+08:00,1,evt-wl-0317-2,164.968,m,valid,simulator,
DAM-A-WL-01,2026-07-02T02:30:00+08:00,1,evt-wl-0318-0,164.819,m,valid,simulator,
DAM-A-WL-02,2026-07-02T02:30:00+08:00,1,evt-wl-0318-1,164.892,m,valid,simulator,
DAM-A-WL-03,2026-07-02T02:30:00+08:00,1,evt-wl-0318-2,164.954,m,valid,simulator,
DAM-A-WL-01,2026-07-02T02:35:00+08:00,1,evt-wl-0319-0,164.805,m,valid,simulator,
DAM-A-WL-02,2026-07-02T02:35:00+08:00,1,evt-wl-0319-1,164.865,m,valid,simulator,
DAM-A-WL-03,2026-07-02T02:35:00+08:00,1,evt-wl-0319-2,164.965,m,valid,simulator,
DAM-A-WL-01,2026-07-02T02:40:00+08:00,1,evt-wl-0320-0,164.791,m,valid,simulator,
DAM-A-WL-02,2026-07-02T02:40:00+08:00,1,evt-wl-0320-1,164.85,m,valid,simulator,
DAM-A-WL-03,2026-07-02T02:40:00+08:00,1,evt-wl-0320-2,164.939,m,valid,simulator,
DAM-A-WL-01,2026-07-02T02:45:00+08:00,1,evt-wl-0321-0,164.785,m,valid,simulator,
DAM-A-WL-02,2026-07-02T02:45:00+08:00,1,evt-wl-0321-1,164.841,m,valid,simulator,
DAM-A-WL-03,2026-07-02T02:45:00+08:00,1,evt-wl-0321-2,164.92,m,valid,simulator,
DAM-A-WL-01,2026-07-02T02:50:00+08:00,1,evt-wl-0322-0,164.773,m,valid,simulator,
DAM-A-WL-02,2026-07-02T02:50:00+08:00,1,evt-wl-0322-1,164.838,m,valid,simulator,
DAM-A-WL-03,2026-07-02T02:50:00+08:00,1,evt-wl-0322-2,164.93,m,valid,simulator,
DAM-A-WL-01,2026-07-02T02:55:00+08:00,1,evt-wl-0323-0,164.738,m,valid,simulator,
DAM-A-WL-02,2026-07-02T02:55:00+08:00,1,evt-wl-0323-1,164.823,m,valid,simulator,
DAM-A-WL-03,2026-07-02T02:55:00+08:00,1,evt-wl-0323-2,164.905,m,valid,simulator,
DAM-A-WL-01,2026-07-02T03:00:00+08:00,1,evt-wl-0324-0,164.74,m,valid,simulator,
DAM-A-WL-02,2026-07-02T03:00:00+08:00,1,evt-wl-0324-1,164.816,m,valid,simulator,
DAM-A-WL-03,2026-07-02T03:00:00+08:00,1,evt-wl-0324-2,164.9,m,valid,simulator,
DAM-A-WL-01,2026-07-02T03:05:00+08:00,1,evt-wl-0325-0,164.721,m,valid,simulator,
DAM-A-WL-02,2026-07-02T03:05:00+08:00,1,evt-wl-0325-1,164.818,m,valid,simulator,
DAM-A-WL-03,2026-07-02T03:05:00+08:00,1,evt-wl-0325-2,164.894,m,valid,simulator,
DAM-A-WL-01,2026-07-02T03:10:00+08:00,1,evt-wl-0326-0,164.732,m,valid,simulator,
DAM-A-WL-02,2026-07-02T03:10:00+08:00,1,evt-wl-0326-1,164.794,m,valid,simulator,
DAM-A-WL-03,2026-07-02T03:10:00+08:00,1,evt-wl-0326-2,164.868,m,valid,simulator,
DAM-A-WL-01,2026-07-02T03:15:00+08:00,1,evt-wl-0327-0,164.703,m,valid,simulator,
DAM-A-WL-02,2026-07-02T03:15:00+08:00,1,evt-wl-0327-1,164.772,m,valid,simulator,
DAM-A-WL-03,2026-07-02T03:15:00+08:00,1,evt-wl-0327-2,164.878,m,valid,simulator,
DAM-A-WL-01,2026-07-02T03:20:00+08:00,1,evt-wl-0328-0,164.706,m,valid,simulator,
DAM-A-WL-02,2026-07-02T03:20:00+08:00,1,evt-wl-0328-1,164.761,m,valid,simulator,
DAM-A-WL-03,2026-07-02T03:20:00+08:00,1,evt-wl-0328-2,164.848,m,valid,simulator,
DAM-A-WL-01,2026-07-02T03:25:00+08:00,1,evt-wl-0329-0,164.696,m,valid,simulator,
DAM-A-WL-02,2026-07-02T03:25:00+08:00,1,evt-wl-0329-1,164.775,m,valid,simulator,
DAM-A-WL-03,2026-07-02T03:25:00+08:00,1,evt-wl-0329-2,164.837,m,valid,simulator,
DAM-A-WL-01,2026-07-02T03:30:00+08:00,1,evt-wl-0330-0,164.672,m,valid,simulator,
DAM-A-WL-02,2026-07-02T03:30:00+08:00,1,evt-wl-0330-1,164.767,m,valid,simulator,
DAM-A-WL-03,2026-07-02T03:30:00+08:00,1,evt-wl-0330-2,164.839,m,valid,simulator,
DAM-A-WL-01,2026-07-02T03:35:00+08:00,1,evt-wl-0331-0,164.672,m,valid,simulator,
DAM-A-WL-02,2026-07-02T03:35:00+08:00,1,evt-wl-0331-1,164.745,m,valid,simulator,
DAM-A-WL-03,2026-07-02T03:35:00+08:00,1,evt-wl-0331-2,164.817,m,valid,simulator,
DAM-A-WL-01,2026-07-02T03:40:00+08:00,1,evt-wl-0332-0,164.639,m,valid,simulator,
DAM-A-WL-02,2026-07-02T03:40:00+08:00,1,evt-wl-0332-1,164.729,m,valid,simulator,
DAM-A-WL-03,2026-07-02T03:40:00+08:00,1,evt-wl-0332-2,164.825,m,valid,simulator,
DAM-A-WL-01,2026-07-02T03:45:00+08:00,1,evt-wl-0333-0,164.645,m,valid,simulator,
DAM-A-WL-02,2026-07-02T03:45:00+08:00,1,evt-wl-0333-1,164.729,m,valid,simulator,
DAM-A-WL-03,2026-07-02T03:45:00+08:00,1,evt-wl-0333-2,164.788,m,valid,simulator,
DAM-A-WL-01,2026-07-02T03:50:00+08:00,1,evt-wl-0334-0,164.626,m,valid,simulator,
DAM-A-WL-02,2026-07-02T03:50:00+08:00,1,evt-wl-0334-1,164.718,m,valid,simulator,
DAM-A-WL-03,2026-07-02T03:50:00+08:00,1,evt-wl-0334-2,164.786,m,valid,simulator,
DAM-A-WL-01,2026-07-02T03:55:00+08:00,1,evt-wl-0335-0,164.623,m,valid,simulator,
DAM-A-WL-02,2026-07-02T03:55:00+08:00,1,evt-wl-0335-1,164.711,m,valid,simulator,
DAM-A-WL-03,2026-07-02T03:55:00+08:00,1,evt-wl-0335-2,164.769,m,valid,simulator,
DAM-A-WL-01,2026-07-02T04:00:00+08:00,1,evt-wl-0336-0,164.604,m,valid,simulator,
DAM-A-WL-02,2026-07-02T04:00:00+08:00,1,evt-wl-0336-1,164.691,m,valid,simulator,
DAM-A-WL-03,2026-07-02T04:00:00+08:00,1,evt-wl-0336-2,164.78,m,valid,simulator,
DAM-A-WL-01,2026-07-02T04:05:00+08:00,1,evt-wl-0337-0,164.603,m,valid,simulator,
DAM-A-WL-02,2026-07-02T04:05:00+08:00,1,evt-wl-0337-1,164.689,m,valid,simulator,
DAM-A-WL-03,2026-07-02T04:05:00+08:00,1,evt-wl-0337-2,164.751,m,valid,simulator,
DAM-A-WL-01,2026-07-02T04:10:00+08:00,1,evt-wl-0338-0,164.577,m,valid,simulator,
DAM-A-WL-02,2026-07-02T04:10:00+08:00,1,evt-wl-0338-1,164.656,m,valid,simulator,
DAM-A-WL-03,2026-07-02T04:10:00+08:00,1,evt-wl-0338-2,164.748,m,valid,simulator,
DAM-A-WL-01,2026-07-02T04:15:00+08:00,1,evt-wl-0339-0,164.588,m,valid,simulator,
DAM-A-WL-02,2026-07-02T04:15:00+08:00,1,evt-wl-0339-1,164.659,m,valid,simulator,
DAM-A-WL-03,2026-07-02T04:15:00+08:00,1,evt-wl-0339-2,164.742,m,valid,simulator,
DAM-A-WL-01,2026-07-02T04:20:00+08:00,1,evt-wl-0340-0,164.575,m,valid,simulator,
DAM-A-WL-02,2026-07-02T04:20:00+08:00,1,evt-wl-0340-1,164.648,m,valid,simulator,
DAM-A-WL-03,2026-07-02T04:20:00+08:00,1,evt-wl-0340-2,164.741,m,valid,simulator,
DAM-A-WL-01,2026-07-02T04:25:00+08:00,1,evt-wl-0341-0,164.55,m,valid,simulator,
DAM-A-WL-02,2026-07-02T04:25:00+08:00,1,evt-wl-0341-1,164.654,m,valid,simulator,
DAM-A-WL-03,2026-07-02T04:25:00+08:00,1,evt-wl-0341-2,164.708,m,valid,simulator,
DAM-A-WL-01,2026-07-02T04:30:00+08:00,1,evt-wl-0342-0,164.539,m,valid,simulator,
DAM-A-WL-02,2026-07-02T04:30:00+08:00,1,evt-wl-0342-1,164.631,m,valid,simulator,
DAM-A-WL-03,2026-07-02T04:30:00+08:00,1,evt-wl-0342-2,164.718,m,valid,simulator,
DAM-A-WL-01,2026-07-02T04:35:00+08:00,1,evt-wl-0343-0,164.539,m,valid,simulator,
DAM-A-WL-02,2026-07-02T04:35:00+08:00,1,evt-wl-0343-1,164.617,m,valid,simulator,
DAM-A-WL-03,2026-07-02T04:35:00+08:00,1,evt-wl-0343-2,164.701,m,valid,simulator,
DAM-A-WL-01,2026-07-02T04:40:00+08:00,1,evt-wl-0344-0,164.535,m,valid,simulator,
DAM-A-WL-02,2026-07-02T04:40:00+08:00,1,evt-wl-0344-1,164.611,m,valid,simulator,
DAM-A-WL-03,2026-07-02T04:40:00+08:00,1,evt-wl-0344-2,164.686,m,valid,simulator,
DAM-A-WL-01,2026-07-02T04:45:00+08:00,1,evt-wl-0345-0,164.533,m,valid,simulator,
DAM-A-WL-02,2026-07-02T04:45:00+08:00,1,evt-wl-0345-1,164.607,m,valid,simulator,
DAM-A-WL-03,2026-07-02T04:45:00+08:00,1,evt-wl-0345-2,164.682,m,valid,simulator,
DAM-A-WL-01,2026-07-02T04:50:00+08:00,1,evt-wl-0346-0,164.524,m,valid,simulator,
DAM-A-WL-02,2026-07-02T04:50:00+08:00,1,evt-wl-0346-1,164.607,m,valid,simulator,
DAM-A-WL-03,2026-07-02T04:50:00+08:00,1,evt-wl-0346-2,164.663,m,valid,simulator,
DAM-A-WL-01,2026-07-02T04:55:00+08:00,1,evt-wl-0347-0,164.492,m,valid,simulator,
DAM-A-WL-02,2026-07-02T04:55:00+08:00,1,evt-wl-0347-1,164.584,m,valid,simulator,
DAM-A-WL-03,2026-07-02T04:55:00+08:00,1,evt-wl-0347-2,164.652,m,valid,simulator,
DAM-A-WL-01,2026-07-02T05:00:00+08:00,1,evt-wl-0348-0,164.486,m,valid,simulator,
DAM-A-WL-02,2026-07-02T05:00:00+08:00,1,evt-wl-0348-1,164.562,m,valid,simulator,
DAM-A-WL-03,2026-07-02T05:00:00+08:00,1,evt-wl-0348-2,164.662,m,valid,simulator,
DAM-A-WL-01,2026-07-02T05:05:00+08:00,1,evt-wl-0349-0,164.495,m,valid,simulator,
DAM-A-WL-02,2026-07-02T05:05:00+08:00,1,evt-wl-0349-1,164.57,m,valid,simulator,
DAM-A-WL-03,2026-07-02T05:05:00+08:00,1,evt-wl-0349-2,164.652,m,valid,simulator,
DAM-A-WL-01,2026-07-02T05:10:00+08:00,1,evt-wl-0350-0,164.48,m,valid,simulator,
DAM-A-WL-02,2026-07-02T05:10:00+08:00,1,evt-wl-0350-1,164.56,m,valid,simulator,
DAM-A-WL-03,2026-07-02T05:10:00+08:00,1,evt-wl-0350-2,164.644,m,valid,simulator,
DAM-A-WL-01,2026-07-02T05:15:00+08:00,1,evt-wl-0351-0,164.473,m,valid,simulator,
DAM-A-WL-02,2026-07-02T05:15:00+08:00,1,evt-wl-0351-1,164.562,m,valid,simulator,
DAM-A-WL-03,2026-07-02T05:15:00+08:00,1,evt-wl-0351-2,164.63,m,valid,simulator,
DAM-A-WL-01,2026-07-02T05:20:00+08:00,1,evt-wl-0352-0,164.465,m,valid,simulator,
DAM-A-WL-02,2026-07-02T05:20:00+08:00,1,evt-wl-0352-1,164.55,m,valid,simulator,
DAM-A-WL-03,2026-07-02T05:20:00+08:00,1,evt-wl-0352-2,164.63,m,valid,simulator,
DAM-A-WL-01,2026-07-02T05:25:00+08:00,1,evt-wl-0353-0,164.445,m,valid,simulator,
DAM-A-WL-02,2026-07-02T05:25:00+08:00,1,evt-wl-0353-1,164.521,m,valid,simulator,
DAM-A-WL-03,2026-07-02T05:25:00+08:00,1,evt-wl-0353-2,164.617,m,valid,simulator,
DAM-A-WL-01,2026-07-02T05:30:00+08:00,1,evt-wl-0354-0,164.454,m,valid,simulator,
DAM-A-WL-02,2026-07-02T05:30:00+08:00,1,evt-wl-0354-1,164.519,m,valid,simulator,
DAM-A-WL-03,2026-07-02T05:30:00+08:00,1,evt-wl-0354-2,164.603,m,valid,simulator,
DAM-A-WL-01,2026-07-02T05:35:00+08:00,1,evt-wl-0355-0,164.437,m,valid,simulator,
DAM-A-WL-02,2026-07-02T05:35:00+08:00,1,evt-wl-0355-1,164.524,m,valid,simulator,
DAM-A-WL-03,2026-07-02T05:35:00+08:00,1,evt-wl-0355-2,164.603,m,valid,simulator,
DAM-A-WL-01,2026-07-02T05:40:00+08:00,1,evt-wl-0356-0,164.415,m,valid,simulator,
DAM-A-WL-02,2026-07-02T05:40:00+08:00,1,evt-wl-0356-1,164.499,m,valid,simulator,
DAM-A-WL-03,2026-07-02T05:40:00+08:00,1,evt-wl-0356-2,164.597,m,valid,simulator,
DAM-A-WL-01,2026-07-02T05:45:00+08:00,1,evt-wl-0357-0,164.402,m,valid,simulator,
DAM-A-WL-02,2026-07-02T05:45:00+08:00,1,evt-wl-0357-1,164.482,m,valid,simulator,
DAM-A-WL-03,2026-07-02T05:45:00+08:00,1,evt-wl-0357-2,164.587,m,valid,simulator,
DAM-A-WL-01,2026-07-02T05:50:00+08:00,1,evt-wl-0358-0,164.397,m,valid,simulator,
DAM-A-WL-02,2026-07-02T05:50:00+08:00,1,evt-wl-0358-1,164.491,m,valid,simulator,
DAM-A-WL-03,2026-07-02T05:50:00+08:00,1,evt-wl-0358-2,164.56,m,valid,simulator,
DAM-A-WL-01,2026-07-02T05:55:00+08:00,1,evt-wl-0359-0,164.413,m,valid,simulator,
DAM-A-WL-02,2026-07-02T05:55:00+08:00,1,evt-wl-0359-1,164.479,m,valid,simulator,
DAM-A-WL-03,2026-07-02T05:55:00+08:00,1,evt-wl-0359-2,164.556,m,valid,simulator,
DAM-A-WL-01,2026-07-02T06:00:00+08:00,1,evt-wl-0360-0,164.393,m,valid,simulator,
DAM-A-WL-02,2026-07-02T06:00:00+08:00,1,evt-wl-0360-1,164.469,m,valid,simulator,
DAM-A-WL-03,2026-07-02T06:00:00+08:00,1,evt-wl-0360-2,164.562,m,valid,simulator,
DAM-A-WL-01,2026-07-02T06:05:00+08:00,1,evt-wl-0361-0,164.37,m,valid,simulator,
DAM-A-WL-02,2026-07-02T06:05:00+08:00,1,evt-wl-0361-1,164.474,m,valid,simulator,
DAM-A-WL-03,2026-07-02T06:05:00+08:00,1,evt-wl-0361-2,164.53,m,valid,simulator,
DAM-A-WL-01,2026-07-02T06:10:00+08:00,1,evt-wl-0362-0,164.371,m,valid,simulator,
DAM-A-WL-02,2026-07-02T06:10:00+08:00,1,evt-wl-0362-1,164.462,m,valid,simulator,
DAM-A-WL-03,2026-07-02T06:10:00+08:00,1,evt-wl-0362-2,164.524,m,valid,simulator,
DAM-A-WL-01,2026-07-02T06:15:00+08:00,1,evt-wl-0363-0,164.369,m,valid,simulator,
DAM-A-WL-02,2026-07-02T06:15:00+08:00,1,evt-wl-0363-1,164.45,m,valid,simulator,
DAM-A-WL-03,2026-07-02T06:15:00+08:00,1,evt-wl-0363-2,164.534,m,valid,simulator,
DAM-A-WL-01,2026-07-02T06:20:00+08:00,1,evt-wl-0364-0,164.361,m,valid,simulator,
DAM-A-WL-02,2026-07-02T06:20:00+08:00,1,evt-wl-0364-1,164.448,m,valid,simulator,
DAM-A-WL-03,2026-07-02T06:20:00+08:00,1,evt-wl-0364-2,164.527,m,valid,simulator,
DAM-A-WL-01,2026-07-02T06:25:00+08:00,1,evt-wl-0365-0,164.363,m,valid,simulator,
DAM-A-WL-02,2026-07-02T06:25:00+08:00,1,evt-wl-0365-1,164.445,m,valid,simulator,
DAM-A-WL-03,2026-07-02T06:25:00+08:00,1,evt-wl-0365-2,164.52,m,valid,simulator,
DAM-A-WL-01,2026-07-02T06:30:00+08:00,1,evt-wl-0366-0,164.353,m,valid,simulator,
DAM-A-WL-02,2026-07-02T06:30:00+08:00,1,evt-wl-0366-1,164.44,m,valid,simulator,
DAM-A-WL-03,2026-07-02T06:30:00+08:00,1,evt-wl-0366-2,164.51,m,valid,simulator,
DAM-A-WL-01,2026-07-02T06:35:00+08:00,1,evt-wl-0367-0,164.35,m,valid,simulator,
DAM-A-WL-02,2026-07-02T06:35:00+08:00,1,evt-wl-0367-1,164.431,m,valid,simulator,
DAM-A-WL-03,2026-07-02T06:35:00+08:00,1,evt-wl-0367-2,164.51,m,valid,simulator,
DAM-A-WL-01,2026-07-02T06:40:00+08:00,1,evt-wl-0368-0,164.334,m,valid,simulator,
DAM-A-WL-02,2026-07-02T06:40:00+08:00,1,evt-wl-0368-1,164.399,m,valid,simulator,
DAM-A-WL-03,2026-07-02T06:40:00+08:00,1,evt-wl-0368-2,164.496,m,valid,simulator,
DAM-A-WL-01,2026-07-02T06:45:00+08:00,1,evt-wl-0369-0,164.326,m,valid,simulator,
DAM-A-WL-02,2026-07-02T06:45:00+08:00,1,evt-wl-0369-1,164.393,m,valid,simulator,
DAM-A-WL-03,2026-07-02T06:45:00+08:00,1,evt-wl-0369-2,164.479,m,valid,simulator,
DAM-A-WL-01,2026-07-02T06:50:00+08:00,1,evt-wl-0370-0,164.321,m,valid,simulator,
DAM-A-WL-02,2026-07-02T06:50:00+08:00,1,evt-wl-0370-1,164.411,m,valid,simulator,
DAM-A-WL-03,2026-07-02T06:50:00+08:00,1,evt-wl-0370-2,164.466,m,valid,simulator,
DAM-A-WL-01,2026-07-02T06:55:00+08:00,1,evt-wl-0371-0,164.315,m,valid,simulator,
DAM-A-WL-02,2026-07-02T06:55:00+08:00,1,evt-wl-0371-1,164.386,m,valid,simulator,
DAM-A-WL-03,2026-07-02T06:55:00+08:00,1,evt-wl-0371-2,164.474,m,valid,simulator,
DAM-A-WL-01,2026-07-02T07:00:00+08:00,1,evt-wl-0372-0,164.292,m,valid,simulator,
DAM-A-WL-02,2026-07-02T07:00:00+08:00,1,evt-wl-0372-1,164.383,m,valid,simulator,
DAM-A-WL-03,2026-07-02T07:00:00+08:00,1,evt-wl-0372-2,164.455,m,valid,simulator,
DAM-A-WL-01,2026-07-02T07:05:00+08:00,1,evt-wl-0373-0,164.302,m,valid,simulator,
DAM-A-WL-02,2026-07-02T07:05:00+08:00,1,evt-wl-0373-1,164.372,m,valid,simulator,
DAM-A-WL-03,2026-07-02T07:05:00+08:00,1,evt-wl-0373-2,164.459,m,valid,simulator,
DAM-A-WL-01,2026-07-02T07:10:00+08:00,1,evt-wl-0374-0,164.291,m,valid,simulator,
DAM-A-WL-02,2026-07-02T07:10:00+08:00,1,evt-wl-0374-1,164.38,m,valid,simulator,
DAM-A-WL-03,2026-07-02T07:10:00+08:00,1,evt-wl-0374-2,164.468,m,valid,simulator,
DAM-A-WL-01,2026-07-02T07:15:00+08:00,1,evt-wl-0375-0,164.285,m,valid,simulator,
DAM-A-WL-02,2026-07-02T07:15:00+08:00,1,evt-wl-0375-1,164.363,m,valid,simulator,
DAM-A-WL-03,2026-07-02T07:15:00+08:00,1,evt-wl-0375-2,164.437,m,valid,simulator,
DAM-A-WL-01,2026-07-02T07:20:00+08:00,1,evt-wl-0376-0,164.29,m,valid,simulator,
DAM-A-WL-02,2026-07-02T07:20:00+08:00,1,evt-wl-0376-1,164.351,m,valid,simulator,
DAM-A-WL-03,2026-07-02T07:20:00+08:00,1,evt-wl-0376-2,164.446,m,valid,simulator,
DAM-A-WL-01,2026-07-02T07:25:00+08:00,1,evt-wl-0377-0,164.273,m,valid,simulator,
DAM-A-WL-02,2026-07-02T07:25:00+08:00,1,evt-wl-0377-1,164.345,m,valid,simulator,
DAM-A-WL-03,2026-07-02T07:25:00+08:00,1,evt-wl-0377-2,164.432,m,valid,simulator,
DAM-A-WL-01,2026-07-02T07:30:00+08:00,1,evt-wl-0378-0,164.273,m,valid,simulator,
DAM-A-WL-02,2026-07-02T07:30:00+08:00,1,evt-wl-0378-1,164.348,m,valid,simulator,
DAM-A-WL-03,2026-07-02T07:30:00+08:00,1,evt-wl-0378-2,164.428,m,valid,simulator,
DAM-A-WL-01,2026-07-02T07:35:00+08:00,1,evt-wl-0379-0,164.265,m,valid,simulator,
DAM-A-WL-02,2026-07-02T07:35:00+08:00,1,evt-wl-0379-1,164.336,m,valid,simulator,
DAM-A-WL-03,2026-07-02T07:35:00+08:00,1,evt-wl-0379-2,164.413,m,valid,simulator,
DAM-A-WL-01,2026-07-02T07:40:00+08:00,1,evt-wl-0380-0,164.263,m,valid,simulator,
DAM-A-WL-02,2026-07-02T07:40:00+08:00,1,evt-wl-0380-1,164.33,m,valid,simulator,
DAM-A-WL-03,2026-07-02T07:40:00+08:00,1,evt-wl-0380-2,164.428,m,valid,simulator,
DAM-A-WL-01,2026-07-02T07:45:00+08:00,1,evt-wl-0381-0,164.24,m,valid,simulator,
DAM-A-WL-02,2026-07-02T07:45:00+08:00,1,evt-wl-0381-1,164.328,m,valid,simulator,
DAM-A-WL-03,2026-07-02T07:45:00+08:00,1,evt-wl-0381-2,164.424,m,valid,simulator,
DAM-A-WL-01,2026-07-02T07:50:00+08:00,1,evt-wl-0382-0,164.26,m,valid,simulator,
DAM-A-WL-02,2026-07-02T07:50:00+08:00,1,evt-wl-0382-1,164.342,m,valid,simulator,
DAM-A-WL-03,2026-07-02T07:50:00+08:00,1,evt-wl-0382-2,164.414,m,valid,simulator,
DAM-A-WL-01,2026-07-02T07:55:00+08:00,1,evt-wl-0383-0,164.253,m,valid,simulator,
DAM-A-WL-02,2026-07-02T07:55:00+08:00,1,evt-wl-0383-1,164.326,m,valid,simulator,
DAM-A-WL-03,2026-07-02T07:55:00+08:00,1,evt-wl-0383-2,164.394,m,valid,simulator,
DAM-A-WL-01,2026-07-02T08:00:00+08:00,1,evt-wl-0384-0,164.236,m,valid,simulator,
DAM-A-WL-02,2026-07-02T08:00:00+08:00,1,evt-wl-0384-1,164.332,m,valid,simulator,
DAM-A-WL-03,2026-07-02T08:00:00+08:00,1,evt-wl-0384-2,164.408,m,valid,simulator,
DAM-A-WL-01,2026-07-02T08:05:00+08:00,1,evt-wl-0385-0,164.229,m,valid,simulator,
DAM-A-WL-02,2026-07-02T08:05:00+08:00,1,evt-wl-0385-1,164.301,m,valid,simulator,
DAM-A-WL-03,2026-07-02T08:05:00+08:00,1,evt-wl-0385-2,164.392,m,valid,simulator,
DAM-A-WL-01,2026-07-02T08:10:00+08:00,1,evt-wl-0386-0,164.215,m,valid,simulator,
DAM-A-WL-02,2026-07-02T08:10:00+08:00,1,evt-wl-0386-1,164.303,m,valid,simulator,
DAM-A-WL-03,2026-07-02T08:10:00+08:00,1,evt-wl-0386-2,164.403,m,valid,simulator,
DAM-A-WL-01,2026-07-02T08:15:00+08:00,1,evt-wl-0387-0,164.218,m,valid,simulator,
DAM-A-WL-02,2026-07-02T08:15:00+08:00,1,evt-wl-0387-1,164.303,m,valid,simulator,
DAM-A-WL-03,2026-07-02T08:15:00+08:00,1,evt-wl-0387-2,164.383,m,valid,simulator,
DAM-A-WL-01,2026-07-02T08:20:00+08:00,1,evt-wl-0388-0,164.225,m,valid,simulator,
DAM-A-WL-02,2026-07-02T08:20:00+08:00,1,evt-wl-0388-1,164.312,m,valid,simulator,
DAM-A-WL-03,2026-07-02T08:20:00+08:00,1,evt-wl-0388-2,164.38,m,valid,simulator,
DAM-A-WL-01,2026-07-02T08:25:00+08:00,1,evt-wl-0389-0,164.203,m,valid,simulator,
DAM-A-WL-02,2026-07-02T08:25:00+08:00,1,evt-wl-0389-1,164.291,m,valid,simulator,
DAM-A-WL-03,2026-07-02T08:25:00+08:00,1,evt-wl-0389-2,164.378,m,valid,simulator,
DAM-A-WL-01,2026-07-02T08:30:00+08:00,1,evt-wl-0390-0,164.205,m,valid,simulator,
DAM-A-WL-02,2026-07-02T08:30:00+08:00,1,evt-wl-0390-1,164.289,m,valid,simulator,
DAM-A-WL-03,2026-07-02T08:30:00+08:00,1,evt-wl-0390-2,164.377,m,valid,simulator,
DAM-A-WL-01,2026-07-02T08:35:00+08:00,1,evt-wl-0391-0,164.192,m,valid,simulator,
DAM-A-WL-02,2026-07-02T08:35:00+08:00,1,evt-wl-0391-1,164.281,m,valid,simulator,
DAM-A-WL-03,2026-07-02T08:35:00+08:00,1,evt-wl-0391-2,164.37,m,valid,simulator,
DAM-A-WL-01,2026-07-02T08:40:00+08:00,1,evt-wl-0392-0,164.204,m,valid,simulator,
DAM-A-WL-02,2026-07-02T08:40:00+08:00,1,evt-wl-0392-1,164.289,m,valid,simulator,
DAM-A-WL-03,2026-07-02T08:40:00+08:00,1,evt-wl-0392-2,164.372,m,valid,simulator,
DAM-A-WL-01,2026-07-02T08:45:00+08:00,1,evt-wl-0393-0,164.196,m,valid,simulator,
DAM-A-WL-02,2026-07-02T08:45:00+08:00,1,evt-wl-0393-1,164.287,m,valid,simulator,
DAM-A-WL-03,2026-07-02T08:45:00+08:00,1,evt-wl-0393-2,164.367,m,valid,simulator,
DAM-A-WL-01,2026-07-02T08:50:00+08:00,1,evt-wl-0394-0,164.197,m,valid,simulator,
DAM-A-WL-02,2026-07-02T08:50:00+08:00,1,evt-wl-0394-1,164.264,m,valid,simulator,
DAM-A-WL-03,2026-07-02T08:50:00+08:00,1,evt-wl-0394-2,164.363,m,valid,simulator,
DAM-A-WL-01,2026-07-02T08:55:00+08:00,1,evt-wl-0395-0,164.185,m,valid,simulator,
DAM-A-WL-02,2026-07-02T08:55:00+08:00,1,evt-wl-0395-1,164.278,m,valid,simulator,
DAM-A-WL-03,2026-07-02T08:55:00+08:00,1,evt-wl-0395-2,164.346,m,valid,simulator,
DAM-A-WL-01,2026-07-02T09:00:00+08:00,1,evt-wl-0396-0,164.181,m,valid,simulator,
DAM-A-WL-02,2026-07-02T09:00:00+08:00,1,evt-wl-0396-1,164.283,m,valid,simulator,
DAM-A-WL-03,2026-07-02T09:00:00+08:00,1,evt-wl-0396-2,164.343,m,valid,simulator,
DAM-A-WL-01,2026-07-02T09:05:00+08:00,1,evt-wl-0397-0,164.195,m,valid,simulator,
DAM-A-WL-02,2026-07-02T09:05:00+08:00,1,evt-wl-0397-1,164.266,m,valid,simulator,
DAM-A-WL-03,2026-07-02T09:05:00+08:00,1,evt-wl-0397-2,164.341,m,valid,simulator,
DAM-A-WL-01,2026-07-02T09:10:00+08:00,1,evt-wl-0398-0,164.168,m,valid,simulator,
DAM-A-WL-02,2026-07-02T09:10:00+08:00,1,evt-wl-0398-1,164.268,m,valid,simulator,
DAM-A-WL-03,2026-07-02T09:10:00+08:00,1,evt-wl-0398-2,164.352,m,valid,simulator,
DAM-A-WL-01,2026-07-02T09:15:00+08:00,1,evt-wl-0399-0,164.164,m,valid,simulator,
DAM-A-WL-02,2026-07-02T09:15:00+08:00,1,evt-wl-0399-1,164.251,m,valid,simulator,
DAM-A-WL-03,2026-07-02T09:15:00+08:00,1,evt-wl-0399-2,164.351,m,valid,simulator,
DAM-A-WL-01,2026-07-02T09:20:00+08:00,1,evt-wl-0400-0,164.181,m,valid,simulator,
DAM-A-WL-02,2026-07-02T09:20:00+08:00,1,evt-wl-0400-1,164.251,m,valid,simulator,
DAM-A-WL-03,2026-07-02T09:20:00+08:00,1,evt-wl-0400-2,164.343,m,valid,simulator,
DAM-A-WL-01,2026-07-02T09:25:00+08:00,1,evt-wl-0401-0,164.184,m,valid,simulator,
DAM-A-WL-02,2026-07-02T09:25:00+08:00,1,evt-wl-0401-1,164.258,m,valid,simulator,
DAM-A-WL-03,2026-07-02T09:25:00+08:00,1,evt-wl-0401-2,164.341,m,valid,simulator,
DAM-A-WL-01,2026-07-02T09:30:00+08:00,1,evt-wl-0402-0,164.159,m,valid,simulator,
DAM-A-WL-02,2026-07-02T09:30:00+08:00,1,evt-wl-0402-1,164.244,m,valid,simulator,
DAM-A-WL-03,2026-07-02T09:30:00+08:00,1,evt-wl-0402-2,164.337,m,valid,simulator,
DAM-A-WL-01,2026-07-02T09:35:00+08:00,1,evt-wl-0403-0,164.18,m,valid,simulator,
DAM-A-WL-02,2026-07-02T09:35:00+08:00,1,evt-wl-0403-1,164.255,m,valid,simulator,
DAM-A-WL-03,2026-07-02T09:35:00+08:00,1,evt-wl-0403-2,164.319,m,valid,simulator,
DAM-A-WL-01,2026-07-02T09:40:00+08:00,1,evt-wl-0404-0,164.172,m,valid,simulator,
DAM-A-WL-02,2026-07-02T09:40:00+08:00,1,evt-wl-0404-1,164.239,m,valid,simulator,
DAM-A-WL-03,2026-07-02T09:40:00+08:00,1,evt-wl-0404-2,164.32,m,valid,simulator,
DAM-A-WL-01,2026-07-02T09:45:00+08:00,1,evt-wl-0405-0,164.172,m,valid,simulator,
DAM-A-WL-02,2026-07-02T09:45:00+08:00,1,evt-wl-0405-1,164.257,m,valid,simulator,
DAM-A-WL-03,2026-07-02T09:45:00+08:00,1,evt-wl-0405-2,164.319,m,valid,simulator,
DAM-A-WL-01,2026-07-02T09:50:00+08:00,1,evt-wl-0406-0,164.167,m,valid,simulator,
DAM-A-WL-02,2026-07-02T09:50:00+08:00,1,evt-wl-0406-1,164.257,m,valid,simulator,
DAM-A-WL-03,2026-07-02T09:50:00+08:00,1,evt-wl-0406-2,164.337,m,valid,simulator,
DAM-A-WL-01,2026-07-02T09:55:00+08:00,1,evt-wl-0407-0,164.163,m,valid,simulator,
DAM-A-WL-02,2026-07-02T09:55:00+08:00,1,evt-wl-0407-1,164.254,m,valid,simulator,
DAM-A-WL-03,2026-07-02T09:55:00+08:00,1,evt-wl-0407-2,164.323,m,valid,simulator,
DAM-A-WL-01,2026-07-02T10:00:00+08:00,1,evt-wl-0408-0,164.16,m,valid,simulator,
DAM-A-WL-02,2026-07-02T10:00:00+08:00,1,evt-wl-0408-1,164.229,m,valid,simulator,
DAM-A-WL-03,2026-07-02T10:00:00+08:00,1,evt-wl-0408-2,164.313,m,valid,simulator,
DAM-A-WL-01,2026-07-02T10:05:00+08:00,1,evt-wl-0409-0,164.157,m,valid,simulator,
DAM-A-WL-02,2026-07-02T10:05:00+08:00,1,evt-wl-0409-1,164.242,m,valid,simulator,
DAM-A-WL-03,2026-07-02T10:05:00+08:00,1,evt-wl-0409-2,164.319,m,valid,simulator,
DAM-A-WL-01,2026-07-02T10:10:00+08:00,1,evt-wl-0410-0,164.171,m,valid,simulator,
DAM-A-WL-02,2026-07-02T10:10:00+08:00,1,evt-wl-0410-1,164.241,m,valid,simulator,
DAM-A-WL-03,2026-07-02T10:10:00+08:00,1,evt-wl-0410-2,164.33,m,valid,simulator,
DAM-A-WL-01,2026-07-02T10:15:00+08:00,1,evt-wl-0411-0,164.165,m,valid,simulator,
DAM-A-WL-02,2026-07-02T10:15:00+08:00,1,evt-wl-0411-1,164.226,m,valid,simulator,
DAM-A-WL-03,2026-07-02T10:15:00+08:00,1,evt-wl-0411-2,164.318,m,valid,simulator,
DAM-A-WL-01,2026-07-02T10:20:00+08:00,1,evt-wl-0412-0,164.167,m,valid,simulator,
DAM-A-WL-02,2026-07-02T10:20:00+08:00,1,evt-wl-0412-1,164.223,m,valid,simulator,
DAM-A-WL-03,2026-07-02T10:20:00+08:00,1,evt-wl-0412-2,164.304,m,valid,simulator,
DAM-A-WL-01,2026-07-02T10:25:00+08:00,1,evt-wl-0413-0,164.164,m,valid,simulator,
DAM-A-WL-02,2026-07-02T10:25:00+08:00,1,evt-wl-0413-1,164.238,m,valid,simulator,
DAM-A-WL-03,2026-07-02T10:25:00+08:00,1,evt-wl-0413-2,164.322,m,valid,simulator,
DAM-A-WL-01,2026-07-02T10:30:00+08:00,1,evt-wl-0414-0,164.149,m,valid,simulator,
DAM-A-WL-02,2026-07-02T10:30:00+08:00,1,evt-wl-0414-1,164.24,m,valid,simulator,
DAM-A-WL-03,2026-07-02T10:30:00+08:00,1,evt-wl-0414-2,164.305,m,valid,simulator,
DAM-A-WL-01,2026-07-02T10:35:00+08:00,1,evt-wl-0415-0,164.163,m,valid,simulator,
DAM-A-WL-02,2026-07-02T10:35:00+08:00,1,evt-wl-0415-1,164.221,m,valid,simulator,
DAM-A-WL-03,2026-07-02T10:35:00+08:00,1,evt-wl-0415-2,164.309,m,valid,simulator,
DAM-A-WL-01,2026-07-02T10:40:00+08:00,1,evt-wl-0416-0,164.14,m,valid,simulator,
DAM-A-WL-02,2026-07-02T10:40:00+08:00,1,evt-wl-0416-1,164.247,m,valid,simulator,
DAM-A-WL-03,2026-07-02T10:40:00+08:00,1,evt-wl-0416-2,164.31,m,valid,simulator,
DAM-A-WL-01,2026-07-02T10:45:00+08:00,1,evt-wl-0417-0,164.159,m,valid,simulator,
DAM-A-WL-02,2026-07-02T10:45:00+08:00,1,evt-wl-0417-1,164.227,m,valid,simulator,
DAM-A-WL-03,2026-07-02T10:45:00+08:00,1,evt-wl-0417-2,164.326,m,valid,simulator,
DAM-A-WL-01,2026-07-02T10:50:00+08:00,1,evt-wl-0418-0,164.166,m,valid,simulator,
DAM-A-WL-02,2026-07-02T10:50:00+08:00,1,evt-wl-0418-1,164.238,m,valid,simulator,
DAM-A-WL-03,2026-07-02T10:50:00+08:00,1,evt-wl-0418-2,164.298,m,valid,simulator,
DAM-A-WL-01,2026-07-02T10:55:00+08:00,1,evt-wl-0419-0,164.147,m,valid,simulator,
DAM-A-WL-02,2026-07-02T10:55:00+08:00,1,evt-wl-0419-1,164.235,m,valid,simulator,
DAM-A-WL-03,2026-07-02T10:55:00+08:00,1,evt-wl-0419-2,164.301,m,valid,simulator,
DAM-A-WL-01,2026-07-02T11:00:00+08:00,1,evt-wl-0420-0,164.149,m,valid,simulator,
DAM-A-WL-02,2026-07-02T11:00:00+08:00,1,evt-wl-0420-1,164.221,m,valid,simulator,
DAM-A-WL-03,2026-07-02T11:00:00+08:00,1,evt-wl-0420-2,164.304,m,valid,simulator,
DAM-A-WL-01,2026-07-02T11:05:00+08:00,1,evt-wl-0421-0,164.158,m,valid,simulator,
DAM-A-WL-02,2026-07-02T11:05:00+08:00,1,evt-wl-0421-1,164.237,m,valid,simulator,
DAM-A-WL-03,2026-07-02T11:05:00+08:00,1,evt-wl-0421-2,164.315,m,valid,simulator,
DAM-A-WL-01,2026-07-02T11:10:00+08:00,1,evt-wl-0422-0,164.159,m,valid,simulator,
DAM-A-WL-02,2026-07-02T11:10:00+08:00,1,evt-wl-0422-1,164.235,m,valid,simulator,
DAM-A-WL-03,2026-07-02T11:10:00+08:00,1,evt-wl-0422-2,164.316,m,valid,simulator,
DAM-A-WL-01,2026-07-02T11:15:00+08:00,1,evt-wl-0423-0,164.155,m,valid,simulator,
DAM-A-WL-02,2026-07-02T11:15:00+08:00,1,evt-wl-0423-1,164.242,m,valid,simulator,
DAM-A-WL-03,2026-07-02T11:15:00+08:00,1,evt-wl-0423-2,164.31,m,valid,simulator,
DAM-A-WL-01,2026-07-02T11:20:00+08:00,1,evt-wl-0424-0,164.158,m,valid,simulator,
DAM-A-WL-02,2026-07-02T11:20:00+08:00,1,evt-wl-0424-1,164.219,m,valid,simulator,
DAM-A-WL-03,2026-07-02T11:20:00+08:00,1,evt-wl-0424-2,164.319,m,valid,simulator,
DAM-A-WL-01,2026-07-02T11:25:00+08:00,1,evt-wl-0425-0,164.154,m,valid,simulator,
DAM-A-WL-02,2026-07-02T11:25:00+08:00,1,evt-wl-0425-1,164.244,m,valid,simulator,
DAM-A-WL-03,2026-07-02T11:25:00+08:00,1,evt-wl-0425-2,164.329,m,valid,simulator,
DAM-A-WL-01,2026-07-02T11:30:00+08:00,1,evt-wl-0426-0,164.141,m,valid,simulator,
DAM-A-WL-02,2026-07-02T11:30:00+08:00,1,evt-wl-0426-1,164.231,m,valid,simulator,
DAM-A-WL-03,2026-07-02T11:30:00+08:00,1,evt-wl-0426-2,164.309,m,valid,simulator,
DAM-A-WL-01,2026-07-02T11:35:00+08:00,1,evt-wl-0427-0,164.153,m,valid,simulator,
DAM-A-WL-02,2026-07-02T11:35:00+08:00,1,evt-wl-0427-1,164.228,m,valid,simulator,
DAM-A-WL-03,2026-07-02T11:35:00+08:00,1,evt-wl-0427-2,164.314,m,valid,simulator,
DAM-A-WL-01,2026-07-02T11:40:00+08:00,1,evt-wl-0428-0,164.151,m,valid,simulator,
DAM-A-WL-02,2026-07-02T11:40:00+08:00,1,evt-wl-0428-1,164.224,m,valid,simulator,
DAM-A-WL-03,2026-07-02T11:40:00+08:00,1,evt-wl-0428-2,164.308,m,valid,simulator,
DAM-A-WL-01,2026-07-02T11:45:00+08:00,1,evt-wl-0429-0,164.158,m,valid,simulator,
DAM-A-WL-02,2026-07-02T11:45:00+08:00,1,evt-wl-0429-1,164.248,m,valid,simulator,
DAM-A-WL-03,2026-07-02T11:45:00+08:00,1,evt-wl-0429-2,164.32,m,valid,simulator,
DAM-A-WL-01,2026-07-02T11:50:00+08:00,1,evt-wl-0430-0,164.151,m,valid,simulator,
DAM-A-WL-02,2026-07-02T11:50:00+08:00,1,evt-wl-0430-1,164.237,m,valid,simulator,
DAM-A-WL-03,2026-07-02T11:50:00+08:00,1,evt-wl-0430-2,164.325,m,valid,simulator,
DAM-A-WL-01,2026-07-02T11:55:00+08:00,1,evt-wl-0431-0,164.159,m,valid,simulator,
DAM-A-WL-02,2026-07-02T11:55:00+08:00,1,evt-wl-0431-1,164.249,m,valid,simulator,
DAM-A-WL-03,2026-07-02T11:55:00+08:00,1,evt-wl-0431-2,164.313,m,valid,simulator,
DAM-A-WL-01,2026-07-02T12:00:00+08:00,1,evt-wl-0432-0,164.169,m,valid,simulator,
DAM-A-WL-02,2026-07-02T12:00:00+08:00,1,evt-wl-0432-1,164.25,m,valid,simulator,
DAM-A-WL-03,2026-07-02T12:00:00+08:00,1,evt-wl-0432-2,164.323,m,valid,simulator,
DAM-A-WL-01,2026-07-02T12:05:00+08:00,1,evt-wl-0433-0,164.167,m,valid,simulator,
DAM-A-WL-02,2026-07-02T12:05:00+08:00,1,evt-wl-0433-1,164.238,m,valid,simulator,
DAM-A-WL-03,2026-07-02T12:05:00+08:00,1,evt-wl-0433-2,164.334,m,valid,simulator,
DAM-A-WL-01,2026-07-02T12:10:00+08:00,1,evt-wl-0434-0,164.166,m,valid,simulator,
DAM-A-WL-02,2026-07-02T12:10:00+08:00,1,evt-wl-0434-1,164.256,m,valid,simulator,
DAM-A-WL-03,2026-07-02T12:10:00+08:00,1,evt-wl-0434-2,164.322,m,valid,simulator,
DAM-A-WL-01,2026-07-02T12:15:00+08:00,1,evt-wl-0435-0,164.161,m,valid,simulator,
DAM-A-WL-02,2026-07-02T12:15:00+08:00,1,evt-wl-0435-1,164.258,m,valid,simulator,
DAM-A-WL-03,2026-07-02T12:15:00+08:00,1,evt-wl-0435-2,164.323,m,valid,simulator,
DAM-A-WL-01,2026-07-02T12:20:00+08:00,1,evt-wl-0436-0,164.178,m,valid,simulator,
DAM-A-WL-02,2026-07-02T12:20:00+08:00,1,evt-wl-0436-1,164.268,m,valid,simulator,
DAM-A-WL-03,2026-07-02T12:20:00+08:00,1,evt-wl-0436-2,164.344,m,valid,simulator,
DAM-A-WL-01,2026-07-02T12:25:00+08:00,1,evt-wl-0437-0,164.176,m,valid,simulator,
DAM-A-WL-02,2026-07-02T12:25:00+08:00,1,evt-wl-0437-1,164.261,m,valid,simulator,
DAM-A-WL-03,2026-07-02T12:25:00+08:00,1,evt-wl-0437-2,164.341,m,valid,simulator,
DAM-A-WL-01,2026-07-02T12:30:00+08:00,1,evt-wl-0438-0,164.173,m,valid,simulator,
DAM-A-WL-02,2026-07-02T12:30:00+08:00,1,evt-wl-0438-1,164.258,m,valid,simulator,
DAM-A-WL-03,2026-07-02T12:30:00+08:00,1,evt-wl-0438-2,164.352,m,valid,simulator,
DAM-A-WL-01,2026-07-02T12:35:00+08:00,1,evt-wl-0439-0,164.169,m,valid,simulator,
DAM-A-WL-02,2026-07-02T12:35:00+08:00,1,evt-wl-0439-1,164.257,m,valid,simulator,
DAM-A-WL-03,2026-07-02T12:35:00+08:00,1,evt-wl-0439-2,164.357,m,valid,simulator,
DAM-A-WL-01,2026-07-02T12:40:00+08:00,1,evt-wl-0440-0,164.19,m,valid,simulator,
DAM-A-WL-02,2026-07-02T12:40:00+08:00,1,evt-wl-0440-1,164.27,m,valid,simulator,
DAM-A-WL-03,2026-07-02T12:40:00+08:00,1,evt-wl-0440-2,164.335,m,valid,simulator,
DAM-A-WL-01,2026-07-02T12:45:00+08:00,1,evt-wl-0441-0,164.176,m,valid,simulator,
DAM-A-WL-02,2026-07-02T12:45:00+08:00,1,evt-wl-0441-1,164.264,m,valid,simulator,
DAM-A-WL-03,2026-07-02T12:45:00+08:00,1,evt-wl-0441-2,164.343,m,valid,simulator,
DAM-A-WL-01,2026-07-02T12:50:00+08:00,1,evt-wl-0442-0,164.204,m,valid,simulator,
DAM-A-WL-02,2026-07-02T12:50:00+08:00,1,evt-wl-0442-1,164.273,m,valid,simulator,
DAM-A-WL-03,2026-07-02T12:50:00+08:00,1,evt-wl-0442-2,164.342,m,valid,simulator,
DAM-A-WL-01,2026-07-02T12:55:00+08:00,1,evt-wl-0443-0,164.197,m,valid,simulator,
DAM-A-WL-02,2026-07-02T12:55:00+08:00,1,evt-wl-0443-1,164.279,m,valid,simulator,
DAM-A-WL-03,2026-07-02T12:55:00+08:00,1,evt-wl-0443-2,164.369,m,valid,simulator,
DAM-A-WL-01,2026-07-02T13:00:00+08:00,1,evt-wl-0444-0,164.202,m,valid,simulator,
DAM-A-WL-02,2026-07-02T13:00:00+08:00,1,evt-wl-0444-1,164.287,m,valid,simulator,
DAM-A-WL-03,2026-07-02T13:00:00+08:00,1,evt-wl-0444-2,164.358,m,valid,simulator,
DAM-A-WL-01,2026-07-02T13:05:00+08:00,1,evt-wl-0445-0,164.209,m,valid,simulator,
DAM-A-WL-02,2026-07-02T13:05:00+08:00,1,evt-wl-0445-1,164.28,m,valid,simulator,
DAM-A-WL-03,2026-07-02T13:05:00+08:00,1,evt-wl-0445-2,164.363,m,valid,simulator,
DAM-A-WL-01,2026-07-02T13:10:00+08:00,1,evt-wl-0446-0,164.216,m,valid,simulator,
DAM-A-WL-02,2026-07-02T13:10:00+08:00,1,evt-wl-0446-1,164.274,m,valid,simulator,
DAM-A-WL-03,2026-07-02T13:10:00+08:00,1,evt-wl-0446-2,164.361,m,valid,simulator,
DAM-A-WL-01,2026-07-02T13:15:00+08:00,1,evt-wl-0447-0,164.222,m,valid,simulator,
DAM-A-WL-02,2026-07-02T13:15:00+08:00,1,evt-wl-0447-1,164.283,m,valid,simulator,
DAM-A-WL-03,2026-07-02T13:15:00+08:00,1,evt-wl-0447-2,164.364,m,valid,simulator,
DAM-A-WL-01,2026-07-02T13:20:00+08:00,1,evt-wl-0448-0,164.221,m,valid,simulator,
DAM-A-WL-02,2026-07-02T13:20:00+08:00,1,evt-wl-0448-1,164.284,m,valid,simulator,
DAM-A-WL-03,2026-07-02T13:20:00+08:00,1,evt-wl-0448-2,164.37,m,valid,simulator,
DAM-A-WL-01,2026-07-02T13:25:00+08:00,1,evt-wl-0449-0,164.233,m,valid,simulator,
DAM-A-WL-02,2026-07-02T13:25:00+08:00,1,evt-wl-0449-1,164.297,m,valid,simulator,
DAM-A-WL-03,2026-07-02T13:25:00+08:00,1,evt-wl-0449-2,164.378,m,valid,simulator,
DAM-A-WL-01,2026-07-02T13:30:00+08:00,1,evt-wl-0450-0,164.225,m,valid,simulator,
DAM-A-WL-02,2026-07-02T13:30:00+08:00,1,evt-wl-0450-1,164.311,m,valid,simulator,
DAM-A-WL-03,2026-07-02T13:30:00+08:00,1,evt-wl-0450-2,164.395,m,valid,simulator,
DAM-A-WL-01,2026-07-02T13:35:00+08:00,1,evt-wl-0451-0,164.228,m,valid,simulator,
DAM-A-WL-02,2026-07-02T13:35:00+08:00,1,evt-wl-0451-1,164.312,m,valid,simulator,
DAM-A-WL-03,2026-07-02T13:35:00+08:00,1,evt-wl-0451-2,164.39,m,valid,simulator,
DAM-A-WL-01,2026-07-02T13:40:00+08:00,1,evt-wl-0452-0,164.235,m,valid,simulator,
DAM-A-WL-02,2026-07-02T13:40:00+08:00,1,evt-wl-0452-1,164.314,m,valid,simulator,
DAM-A-WL-03,2026-07-02T13:40:00+08:00,1,evt-wl-0452-2,164.397,m,valid,simulator,
DAM-A-WL-01,2026-07-02T13:45:00+08:00,1,evt-wl-0453-0,164.243,m,valid,simulator,
DAM-A-WL-02,2026-07-02T13:45:00+08:00,1,evt-wl-0453-1,164.318,m,valid,simulator,
DAM-A-WL-03,2026-07-02T13:45:00+08:00,1,evt-wl-0453-2,164.409,m,valid,simulator,
DAM-A-WL-01,2026-07-02T13:50:00+08:00,1,evt-wl-0454-0,164.23,m,valid,simulator,
DAM-A-WL-02,2026-07-02T13:50:00+08:00,1,evt-wl-0454-1,164.33,m,valid,simulator,
DAM-A-WL-03,2026-07-02T13:50:00+08:00,1,evt-wl-0454-2,164.402,m,valid,simulator,
DAM-A-WL-01,2026-07-02T13:55:00+08:00,1,evt-wl-0455-0,164.242,m,valid,simulator,
DAM-A-WL-02,2026-07-02T13:55:00+08:00,1,evt-wl-0455-1,164.325,m,valid,simulator,
DAM-A-WL-03,2026-07-02T13:55:00+08:00,1,evt-wl-0455-2,164.421,m,valid,simulator,
DAM-A-WL-01,2026-07-02T14:00:00+08:00,1,evt-wl-0456-0,164.268,m,valid,simulator,
DAM-A-WL-02,2026-07-02T14:00:00+08:00,1,evt-wl-0456-1,164.334,m,valid,simulator,
DAM-A-WL-03,2026-07-02T14:00:00+08:00,1,evt-wl-0456-2,164.404,m,valid,simulator,
DAM-A-WL-01,2026-07-02T14:05:00+08:00,1,evt-wl-0457-0,164.268,m,valid,simulator,
DAM-A-WL-02,2026-07-02T14:05:00+08:00,1,evt-wl-0457-1,164.352,m,valid,simulator,
DAM-A-WL-03,2026-07-02T14:05:00+08:00,1,evt-wl-0457-2,164.409,m,valid,simulator,
DAM-A-WL-01,2026-07-02T14:10:00+08:00,1,evt-wl-0458-0,164.269,m,valid,simulator,
DAM-A-WL-02,2026-07-02T14:10:00+08:00,1,evt-wl-0458-1,164.337,m,valid,simulator,
DAM-A-WL-03,2026-07-02T14:10:00+08:00,1,evt-wl-0458-2,164.426,m,valid,simulator,
DAM-A-WL-01,2026-07-02T14:15:00+08:00,1,evt-wl-0459-0,164.279,m,valid,simulator,
DAM-A-WL-02,2026-07-02T14:15:00+08:00,1,evt-wl-0459-1,164.364,m,valid,simulator,
DAM-A-WL-03,2026-07-02T14:15:00+08:00,1,evt-wl-0459-2,164.44,m,valid,simulator,
DAM-A-WL-01,2026-07-02T14:20:00+08:00,1,evt-wl-0460-0,164.292,m,valid,simulator,
DAM-A-WL-02,2026-07-02T14:20:00+08:00,1,evt-wl-0460-1,164.365,m,valid,simulator,
DAM-A-WL-03,2026-07-02T14:20:00+08:00,1,evt-wl-0460-2,164.426,m,valid,simulator,
DAM-A-WL-01,2026-07-02T14:25:00+08:00,1,evt-wl-0461-0,164.285,m,valid,simulator,
DAM-A-WL-02,2026-07-02T14:25:00+08:00,1,evt-wl-0461-1,164.353,m,valid,simulator,
DAM-A-WL-03,2026-07-02T14:25:00+08:00,1,evt-wl-0461-2,164.457,m,valid,simulator,
DAM-A-WL-01,2026-07-02T14:30:00+08:00,1,evt-wl-0462-0,164.278,m,valid,simulator,
DAM-A-WL-02,2026-07-02T14:30:00+08:00,1,evt-wl-0462-1,164.355,m,valid,simulator,
DAM-A-WL-03,2026-07-02T14:30:00+08:00,1,evt-wl-0462-2,164.45,m,valid,simulator,
DAM-A-WL-01,2026-07-02T14:35:00+08:00,1,evt-wl-0463-0,164.31,m,valid,simulator,
DAM-A-WL-02,2026-07-02T14:35:00+08:00,1,evt-wl-0463-1,164.391,m,valid,simulator,
DAM-A-WL-03,2026-07-02T14:35:00+08:00,1,evt-wl-0463-2,164.455,m,valid,simulator,
DAM-A-WL-01,2026-07-02T14:40:00+08:00,1,evt-wl-0464-0,164.302,m,valid,simulator,
DAM-A-WL-02,2026-07-02T14:40:00+08:00,1,evt-wl-0464-1,164.376,m,valid,simulator,
DAM-A-WL-03,2026-07-02T14:40:00+08:00,1,evt-wl-0464-2,164.461,m,valid,simulator,
DAM-A-WL-01,2026-07-02T14:45:00+08:00,1,evt-wl-0465-0,164.304,m,valid,simulator,
DAM-A-WL-02,2026-07-02T14:45:00+08:00,1,evt-wl-0465-1,164.384,m,valid,simulator,
DAM-A-WL-03,2026-07-02T14:45:00+08:00,1,evt-wl-0465-2,164.458,m,valid,simulator,
DAM-A-WL-01,2026-07-02T14:50:00+08:00,1,evt-wl-0466-0,164.316,m,valid,simulator,
DAM-A-WL-02,2026-07-02T14:50:00+08:00,1,evt-wl-0466-1,164.395,m,valid,simulator,
DAM-A-WL-03,2026-07-02T14:50:00+08:00,1,evt-wl-0466-2,164.473,m,valid,simulator,
DAM-A-WL-01,2026-07-02T14:55:00+08:00,1,evt-wl-0467-0,164.327,m,valid,simulator,
DAM-A-WL-02,2026-07-02T14:55:00+08:00,1,evt-wl-0467-1,164.407,m,valid,simulator,
DAM-A-WL-03,2026-07-02T14:55:00+08:00,1,evt-wl-0467-2,164.489,m,valid,simulator,
DAM-A-WL-01,2026-07-02T15:00:00+08:00,1,evt-wl-0468-0,164.337,m,valid,simulator,
DAM-A-WL-02,2026-07-02T15:00:00+08:00,1,evt-wl-0468-1,164.409,m,valid,simulator,
DAM-A-WL-03,2026-07-02T15:00:00+08:00,1,evt-wl-0468-2,164.502,m,valid,simulator,
DAM-A-WL-01,2026-07-02T15:05:00+08:00,1,evt-wl-0469-0,164.339,m,valid,simulator,
DAM-A-WL-02,2026-07-02T15:05:00+08:00,1,evt-wl-0469-1,164.426,m,valid,simulator,
DAM-A-WL-03,2026-07-02T15:05:00+08:00,1,evt-wl-0469-2,164.507,m,valid,simulator,
DAM-A-WL-01,2026-07-02T15:10:00+08:00,1,evt-wl-0470-0,164.344,m,valid,simulator,
DAM-A-WL-02,2026-07-02T15:10:00+08:00,1,evt-wl-0470-1,164.421,m,valid,simulator,
DAM-A-WL-03,2026-07-02T15:10:00+08:00,1,evt-wl-0470-2,164.509,m,valid,simulator,
DAM-A-WL-01,2026-07-02T15:15:00+08:00,1,evt-wl-0471-0,164.35,m,valid,simulator,
DAM-A-WL-02,2026-07-02T15:15:00+08:00,1,evt-wl-0471-1,164.434,m,valid,simulator,
DAM-A-WL-03,2026-07-02T15:15:00+08:00,1,evt-wl-0471-2,164.511,m,valid,simulator,
DAM-A-WL-01,2026-07-02T15:20:00+08:00,1,evt-wl-0472-0,164.369,m,valid,simulator,
DAM-A-WL-02,2026-07-02T15:20:00+08:00,1,evt-wl-0472-1,164.454,m,valid,simulator,
DAM-A-WL-03,2026-07-02T15:20:00+08:00,1,evt-wl-0472-2,164.523,m,valid,simulator,
DAM-A-WL-01,2026-07-02T15:25:00+08:00,1,evt-wl-0473-0,164.353,m,valid,simulator,
DAM-A-WL-02,2026-07-02T15:25:00+08:00,1,evt-wl-0473-1,164.438,m,valid,simulator,
DAM-A-WL-03,2026-07-02T15:25:00+08:00,1,evt-wl-0473-2,164.521,m,valid,simulator,
DAM-A-WL-01,2026-07-02T15:30:00+08:00,1,evt-wl-0474-0,164.37,m,valid,simulator,
DAM-A-WL-02,2026-07-02T15:30:00+08:00,1,evt-wl-0474-1,164.453,m,valid,simulator,
DAM-A-WL-03,2026-07-02T15:30:00+08:00,1,evt-wl-0474-2,164.532,m,valid,simulator,
DAM-A-WL-01,2026-07-02T15:35:00+08:00,1,evt-wl-0475-0,164.391,m,valid,simulator,
DAM-A-WL-02,2026-07-02T15:35:00+08:00,1,evt-wl-0475-1,164.478,m,valid,simulator,
DAM-A-WL-03,2026-07-02T15:35:00+08:00,1,evt-wl-0475-2,164.533,m,valid,simulator,
DAM-A-WL-01,2026-07-02T15:40:00+08:00,1,evt-wl-0476-0,164.384,m,valid,simulator,
DAM-A-WL-02,2026-07-02T15:40:00+08:00,1,evt-wl-0476-1,164.475,m,valid,simulator,
DAM-A-WL-03,2026-07-02T15:40:00+08:00,1,evt-wl-0476-2,164.537,m,valid,simulator,
DAM-A-WL-01,2026-07-02T15:45:00+08:00,1,evt-wl-0477-0,164.391,m,valid,simulator,
DAM-A-WL-02,2026-07-02T15:45:00+08:00,1,evt-wl-0477-1,164.481,m,valid,simulator,
DAM-A-WL-03,2026-07-02T15:45:00+08:00,1,evt-wl-0477-2,164.565,m,valid,simulator,
DAM-A-WL-01,2026-07-02T15:50:00+08:00,1,evt-wl-0478-0,164.413,m,valid,simulator,
DAM-A-WL-02,2026-07-02T15:50:00+08:00,1,evt-wl-0478-1,164.477,m,valid,simulator,
DAM-A-WL-03,2026-07-02T15:50:00+08:00,1,evt-wl-0478-2,164.578,m,valid,simulator,
DAM-A-WL-01,2026-07-02T15:55:00+08:00,1,evt-wl-0479-0,164.414,m,valid,simulator,
DAM-A-WL-02,2026-07-02T15:55:00+08:00,1,evt-wl-0479-1,164.508,m,valid,simulator,
DAM-A-WL-03,2026-07-02T15:55:00+08:00,1,evt-wl-0479-2,164.562,m,valid,simulator,
DAM-A-WL-01,2026-07-02T16:00:00+08:00,1,evt-wl-0480-0,164.438,m,valid,simulator,
DAM-A-WL-02,2026-07-02T16:00:00+08:00,1,evt-wl-0480-1,164.493,m,valid,simulator,
DAM-A-WL-03,2026-07-02T16:00:00+08:00,1,evt-wl-0480-2,164.584,m,valid,simulator,
DAM-A-WL-01,2026-07-02T16:05:00+08:00,1,evt-wl-0481-0,164.422,m,valid,simulator,
DAM-A-WL-02,2026-07-02T16:05:00+08:00,1,evt-wl-0481-1,164.508,m,valid,simulator,
DAM-A-WL-03,2026-07-02T16:05:00+08:00,1,evt-wl-0481-2,164.606,m,valid,simulator,
DAM-A-WL-01,2026-07-02T16:10:00+08:00,1,evt-wl-0482-0,164.452,m,valid,simulator,
DAM-A-WL-02,2026-07-02T16:10:00+08:00,1,evt-wl-0482-1,164.524,m,valid,simulator,
DAM-A-WL-03,2026-07-02T16:10:00+08:00,1,evt-wl-0482-2,164.59,m,valid,simulator,
DAM-A-WL-01,2026-07-02T16:15:00+08:00,1,evt-wl-0483-0,164.455,m,valid,simulator,
DAM-A-WL-02,2026-07-02T16:15:00+08:00,1,evt-wl-0483-1,164.52,m,valid,simulator,
DAM-A-WL-03,2026-07-02T16:15:00+08:00,1,evt-wl-0483-2,164.612,m,valid,simulator,
DAM-A-WL-01,2026-07-02T16:20:00+08:00,1,evt-wl-0484-0,164.467,m,valid,simulator,
DAM-A-WL-02,2026-07-02T16:20:00+08:00,1,evt-wl-0484-1,164.528,m,valid,simulator,
DAM-A-WL-03,2026-07-02T16:20:00+08:00,1,evt-wl-0484-2,164.627,m,valid,simulator,
DAM-A-WL-01,2026-07-02T16:25:00+08:00,1,evt-wl-0485-0,164.483,m,valid,simulator,
DAM-A-WL-02,2026-07-02T16:25:00+08:00,1,evt-wl-0485-1,164.542,m,valid,simulator,
DAM-A-WL-03,2026-07-02T16:25:00+08:00,1,evt-wl-0485-2,164.62,m,valid,simulator,
DAM-A-WL-01,2026-07-02T16:30:00+08:00,1,evt-wl-0486-0,164.48,m,valid,simulator,
DAM-A-WL-02,2026-07-02T16:30:00+08:00,1,evt-wl-0486-1,164.57,m,valid,simulator,
DAM-A-WL-03,2026-07-02T16:30:00+08:00,1,evt-wl-0486-2,164.635,m,valid,simulator,
DAM-A-WL-01,2026-07-02T16:35:00+08:00,1,evt-wl-0487-0,164.476,m,valid,simulator,
DAM-A-WL-02,2026-07-02T16:35:00+08:00,1,evt-wl-0487-1,164.567,m,valid,simulator,
DAM-A-WL-03,2026-07-02T16:35:00+08:00,1,evt-wl-0487-2,164.654,m,valid,simulator,
DAM-A-WL-01,2026-07-02T16:40:00+08:00,1,evt-wl-0488-0,164.493,m,valid,simulator,
DAM-A-WL-02,2026-07-02T16:40:00+08:00,1,evt-wl-0488-1,164.574,m,valid,simulator,
DAM-A-WL-03,2026-07-02T16:40:00+08:00,1,evt-wl-0488-2,164.659,m,valid,simulator,
DAM-A-WL-01,2026-07-02T16:45:00+08:00,1,evt-wl-0489-0,164.494,m,valid,simulator,
DAM-A-WL-02,2026-07-02T16:45:00+08:00,1,evt-wl-0489-1,164.6,m,valid,simulator,
DAM-A-WL-03,2026-07-02T16:45:00+08:00,1,evt-wl-0489-2,164.678,m,valid,simulator,
DAM-A-WL-01,2026-07-02T16:50:00+08:00,1,evt-wl-0490-0,164.523,m,valid,simulator,
DAM-A-WL-02,2026-07-02T16:50:00+08:00,1,evt-wl-0490-1,164.585,m,valid,simulator,
DAM-A-WL-03,2026-07-02T16:50:00+08:00,1,evt-wl-0490-2,164.685,m,valid,simulator,
DAM-A-WL-01,2026-07-02T16:55:00+08:00,1,evt-wl-0491-0,164.535,m,valid,simulator,
DAM-A-WL-02,2026-07-02T16:55:00+08:00,1,evt-wl-0491-1,164.615,m,valid,simulator,
DAM-A-WL-03,2026-07-02T16:55:00+08:00,1,evt-wl-0491-2,164.691,m,valid,simulator,
DAM-A-WL-01,2026-07-02T17:00:00+08:00,1,evt-wl-0492-0,164.538,m,valid,simulator,
DAM-A-WL-02,2026-07-02T17:00:00+08:00,1,evt-wl-0492-1,164.602,m,valid,simulator,
DAM-A-WL-03,2026-07-02T17:00:00+08:00,1,evt-wl-0492-2,164.691,m,valid,simulator,
DAM-A-WL-01,2026-07-02T17:05:00+08:00,1,evt-wl-0493-0,164.548,m,valid,simulator,
DAM-A-WL-02,2026-07-02T17:05:00+08:00,1,evt-wl-0493-1,164.628,m,valid,simulator,
DAM-A-WL-03,2026-07-02T17:05:00+08:00,1,evt-wl-0493-2,164.699,m,valid,simulator,
DAM-A-WL-01,2026-07-02T17:10:00+08:00,1,evt-wl-0494-0,164.545,m,valid,simulator,
DAM-A-WL-02,2026-07-02T17:10:00+08:00,1,evt-wl-0494-1,164.648,m,valid,simulator,
DAM-A-WL-03,2026-07-02T17:10:00+08:00,1,evt-wl-0494-2,164.71,m,valid,simulator,
DAM-A-WL-01,2026-07-02T17:15:00+08:00,1,evt-wl-0495-0,164.552,m,valid,simulator,
DAM-A-WL-02,2026-07-02T17:15:00+08:00,1,evt-wl-0495-1,164.647,m,valid,simulator,
DAM-A-WL-03,2026-07-02T17:15:00+08:00,1,evt-wl-0495-2,164.726,m,valid,simulator,
DAM-A-WL-01,2026-07-02T17:20:00+08:00,1,evt-wl-0496-0,164.584,m,valid,simulator,
DAM-A-WL-02,2026-07-02T17:20:00+08:00,1,evt-wl-0496-1,164.668,m,valid,simulator,
DAM-A-WL-03,2026-07-02T17:20:00+08:00,1,evt-wl-0496-2,164.735,m,valid,simulator,
DAM-A-WL-01,2026-07-02T17:25:00+08:00,1,evt-wl-0497-0,164.576,m,valid,simulator,
DAM-A-WL-02,2026-07-02T17:25:00+08:00,1,evt-wl-0497-1,164.661,m,valid,simulator,
DAM-A-WL-03,2026-07-02T17:25:00+08:00,1,evt-wl-0497-2,164.753,m,valid,simulator,
DAM-A-WL-01,2026-07-02T17:30:00+08:00,1,evt-wl-0498-0,164.587,m,valid,simulator,
DAM-A-WL-02,2026-07-02T17:30:00+08:00,1,evt-wl-0498-1,164.671,m,valid,simulator,
DAM-A-WL-03,2026-07-02T17:30:00+08:00,1,evt-wl-0498-2,164.759,m,valid,simulator,
DAM-A-WL-01,2026-07-02T17:35:00+08:00,1,evt-wl-0499-0,164.599,m,valid,simulator,
DAM-A-WL-02,2026-07-02T17:35:00+08:00,1,evt-wl-0499-1,164.697,m,valid,simulator,
DAM-A-WL-03,2026-07-02T17:35:00+08:00,1,evt-wl-0499-2,164.78,m,valid,simulator,
DAM-A-WL-01,2026-07-02T17:40:00+08:00,1,evt-wl-0500-0,164.63,m,valid,simulator,
DAM-A-WL-02,2026-07-02T17:40:00+08:00,1,evt-wl-0500-1,164.711,m,valid,simulator,
DAM-A-WL-03,2026-07-02T17:40:00+08:00,1,evt-wl-0500-2,164.774,m,valid,simulator,
DAM-A-WL-01,2026-07-02T17:45:00+08:00,1,evt-wl-0501-0,164.643,m,valid,simulator,
DAM-A-WL-02,2026-07-02T17:45:00+08:00,1,evt-wl-0501-1,164.722,m,valid,simulator,
DAM-A-WL-03,2026-07-02T17:45:00+08:00,1,evt-wl-0501-2,164.801,m,valid,simulator,
DAM-A-WL-01,2026-07-02T17:50:00+08:00,1,evt-wl-0502-0,164.645,m,valid,simulator,
DAM-A-WL-02,2026-07-02T17:50:00+08:00,1,evt-wl-0502-1,164.727,m,valid,simulator,
DAM-A-WL-03,2026-07-02T17:50:00+08:00,1,evt-wl-0502-2,164.79,m,valid,simulator,
DAM-A-WL-01,2026-07-02T17:55:00+08:00,1,evt-wl-0503-0,164.658,m,valid,simulator,
DAM-A-WL-02,2026-07-02T17:55:00+08:00,1,evt-wl-0503-1,164.742,m,valid,simulator,
DAM-A-WL-03,2026-07-02T17:55:00+08:00,1,evt-wl-0503-2,164.821,m,valid,simulator,
DAM-A-WL-01,2026-07-02T18:00:00+08:00,1,evt-wl-0504-0,164.672,m,valid,simulator,
DAM-A-WL-02,2026-07-02T18:00:00+08:00,1,evt-wl-0504-1,164.74,m,valid,simulator,
DAM-A-WL-03,2026-07-02T18:00:00+08:00,1,evt-wl-0504-2,164.809,m,valid,simulator,
DAM-A-WL-01,2026-07-02T18:05:00+08:00,1,evt-wl-0505-0,164.678,m,valid,simulator,
DAM-A-WL-02,2026-07-02T18:05:00+08:00,1,evt-wl-0505-1,164.756,m,valid,simulator,
DAM-A-WL-03,2026-07-02T18:05:00+08:00,1,evt-wl-0505-2,164.82,m,valid,simulator,
DAM-A-WL-01,2026-07-02T18:10:00+08:00,1,evt-wl-0506-0,164.7,m,valid,simulator,
DAM-A-WL-02,2026-07-02T18:10:00+08:00,1,evt-wl-0506-1,164.777,m,valid,simulator,
DAM-A-WL-03,2026-07-02T18:10:00+08:00,1,evt-wl-0506-2,164.837,m,valid,simulator,
DAM-A-WL-01,2026-07-02T18:15:00+08:00,1,evt-wl-0507-0,164.703,m,valid,simulator,
DAM-A-WL-02,2026-07-02T18:15:00+08:00,1,evt-wl-0507-1,164.782,m,valid,simulator,
DAM-A-WL-03,2026-07-02T18:15:00+08:00,1,evt-wl-0507-2,164.868,m,valid,simulator,
DAM-A-WL-01,2026-07-02T18:20:00+08:00,1,evt-wl-0508-0,164.711,m,valid,simulator,
DAM-A-WL-02,2026-07-02T18:20:00+08:00,1,evt-wl-0508-1,164.779,m,valid,simulator,
DAM-A-WL-03,2026-07-02T18:20:00+08:00,1,evt-wl-0508-2,164.861,m,valid,simulator,
DAM-A-WL-01,2026-07-02T18:25:00+08:00,1,evt-wl-0509-0,164.721,m,valid,simulator,
DAM-A-WL-02,2026-07-02T18:25:00+08:00,1,evt-wl-0509-1,164.815,m,valid,simulator,
DAM-A-WL-03,2026-07-02T18:25:00+08:00,1,evt-wl-0509-2,164.886,m,valid,simulator,
DAM-A-WL-01,2026-07-02T18:30:00+08:00,1,evt-wl-0510-0,164.74,m,valid,simulator,
DAM-A-WL-02,2026-07-02T18:30:00+08:00,1,evt-wl-0510-1,164.802,m,valid,simulator,
DAM-A-WL-03,2026-07-02T18:30:00+08:00,1,evt-wl-0510-2,164.877,m,valid,simulator,
DAM-A-WL-01,2026-07-02T18:35:00+08:00,1,evt-wl-0511-0,164.753,m,valid,simulator,
DAM-A-WL-02,2026-07-02T18:35:00+08:00,1,evt-wl-0511-1,164.81,m,valid,simulator,
DAM-A-WL-03,2026-07-02T18:35:00+08:00,1,evt-wl-0511-2,164.889,m,valid,simulator,
DAM-A-WL-01,2026-07-02T18:40:00+08:00,1,evt-wl-0512-0,164.751,m,valid,simulator,
DAM-A-WL-02,2026-07-02T18:40:00+08:00,1,evt-wl-0512-1,164.842,m,valid,simulator,
DAM-A-WL-03,2026-07-02T18:40:00+08:00,1,evt-wl-0512-2,148.0,m,suspect,simulator,abrupt jump from previous sample
DAM-A-WL-01,2026-07-02T18:45:00+08:00,1,evt-wl-0513-0,164.768,m,valid,simulator,
DAM-A-WL-02,2026-07-02T18:45:00+08:00,1,evt-wl-0513-1,164.857,m,valid,simulator,
DAM-A-WL-03,2026-07-02T18:45:00+08:00,1,evt-wl-0513-2,164.928,m,valid,simulator,
DAM-A-WL-01,2026-07-02T18:50:00+08:00,1,evt-wl-0514-0,164.778,m,valid,simulator,
DAM-A-WL-02,2026-07-02T18:50:00+08:00,1,evt-wl-0514-1,164.856,m,valid,simulator,
DAM-A-WL-03,2026-07-02T18:50:00+08:00,1,evt-wl-0514-2,164.925,m,valid,simulator,
DAM-A-WL-01,2026-07-02T18:55:00+08:00,1,evt-wl-0515-0,164.79,m,valid,simulator,
DAM-A-WL-02,2026-07-02T18:55:00+08:00,1,evt-wl-0515-1,164.882,m,valid,simulator,
DAM-A-WL-03,2026-07-02T18:55:00+08:00,1,evt-wl-0515-2,164.964,m,valid,simulator,
DAM-A-WL-01,2026-07-02T19:00:00+08:00,1,evt-wl-0516-0,164.806,m,valid,simulator,
DAM-A-WL-02,2026-07-02T19:00:00+08:00,1,evt-wl-0516-1,164.897,m,valid,simulator,
DAM-A-WL-03,2026-07-02T19:00:00+08:00,1,evt-wl-0516-2,164.962,m,valid,simulator,
DAM-A-WL-01,2026-07-02T19:05:00+08:00,1,evt-wl-0517-0,164.816,m,valid,simulator,
DAM-A-WL-02,2026-07-02T19:05:00+08:00,1,evt-wl-0517-1,164.91,m,valid,simulator,
DAM-A-WL-03,2026-07-02T19:05:00+08:00,1,evt-wl-0517-2,164.988,m,valid,simulator,
DAM-A-WL-01,2026-07-02T19:10:00+08:00,1,evt-wl-0518-0,164.813,m,valid,simulator,
DAM-A-WL-02,2026-07-02T19:10:00+08:00,1,evt-wl-0518-1,164.909,m,valid,simulator,
DAM-A-WL-03,2026-07-02T19:10:00+08:00,1,evt-wl-0518-2,164.976,m,valid,simulator,
DAM-A-WL-01,2026-07-02T19:15:00+08:00,1,evt-wl-0519-0,164.849,m,valid,simulator,
DAM-A-WL-02,2026-07-02T19:15:00+08:00,1,evt-wl-0519-1,164.928,m,valid,simulator,
DAM-A-WL-03,2026-07-02T19:15:00+08:00,1,evt-wl-0519-2,164.987,m,valid,simulator,
DAM-A-WL-01,2026-07-02T19:20:00+08:00,1,evt-wl-0520-0,164.848,m,valid,simulator,
DAM-A-WL-02,2026-07-02T19:20:00+08:00,1,evt-wl-0520-1,164.948,m,valid,simulator,
DAM-A-WL-03,2026-07-02T19:20:00+08:00,1,evt-wl-0520-2,165.017,m,valid,simulator,
DAM-A-WL-01,2026-07-02T19:25:00+08:00,1,evt-wl-0521-0,164.878,m,valid,simulator,
DAM-A-WL-02,2026-07-02T19:25:00+08:00,1,evt-wl-0521-1,164.939,m,valid,simulator,
DAM-A-WL-03,2026-07-02T19:25:00+08:00,1,evt-wl-0521-2,165.028,m,valid,simulator,
DAM-A-WL-01,2026-07-02T19:30:00+08:00,1,evt-wl-0522-0,164.889,m,valid,simulator,
DAM-A-WL-02,2026-07-02T19:30:00+08:00,1,evt-wl-0522-1,164.963,m,valid,simulator,
DAM-A-WL-03,2026-07-02T19:30:00+08:00,1,evt-wl-0522-2,165.044,m,valid,simulator,
DAM-A-WL-01,2026-07-02T19:35:00+08:00,1,evt-wl-0523-0,164.892,m,valid,simulator,
DAM-A-WL-02,2026-07-02T19:35:00+08:00,1,evt-wl-0523-1,164.96,m,valid,simulator,
DAM-A-WL-03,2026-07-02T19:35:00+08:00,1,evt-wl-0523-2,165.039,m,valid,simulator,
DAM-A-WL-01,2026-07-02T19:40:00+08:00,1,evt-wl-0524-0,164.918,m,valid,simulator,
DAM-A-WL-02,2026-07-02T19:40:00+08:00,1,evt-wl-0524-1,164.994,m,valid,simulator,
DAM-A-WL-03,2026-07-02T19:40:00+08:00,1,evt-wl-0524-2,165.07,m,valid,simulator,
DAM-A-WL-01,2026-07-02T19:45:00+08:00,1,evt-wl-0525-0,164.912,m,valid,simulator,
DAM-A-WL-02,2026-07-02T19:45:00+08:00,1,evt-wl-0525-1,164.984,m,valid,simulator,
DAM-A-WL-03,2026-07-02T19:45:00+08:00,1,evt-wl-0525-2,165.08,m,valid,simulator,
DAM-A-WL-01,2026-07-02T19:50:00+08:00,1,evt-wl-0526-0,164.924,m,valid,simulator,
DAM-A-WL-02,2026-07-02T19:50:00+08:00,1,evt-wl-0526-1,165.022,m,valid,simulator,
DAM-A-WL-03,2026-07-02T19:50:00+08:00,1,evt-wl-0526-2,165.1,m,valid,simulator,
DAM-A-WL-01,2026-07-02T19:55:00+08:00,1,evt-wl-0527-0,164.946,m,valid,simulator,
DAM-A-WL-02,2026-07-02T19:55:00+08:00,1,evt-wl-0527-1,165.032,m,valid,simulator,
DAM-A-WL-03,2026-07-02T19:55:00+08:00,1,evt-wl-0527-2,165.096,m,valid,simulator,
DAM-A-WL-01,2026-07-02T20:00:00+08:00,1,evt-wl-0528-0,164.965,m,valid,simulator,
DAM-A-WL-02,2026-07-02T20:00:00+08:00,1,evt-wl-0528-1,165.03,m,valid,simulator,
DAM-A-WL-03,2026-07-02T20:00:00+08:00,1,evt-wl-0528-2,165.13,m,valid,simulator,
DAM-A-WL-01,2026-07-02T20:05:00+08:00,1,evt-wl-0529-0,164.974,m,valid,simulator,
DAM-A-WL-02,2026-07-02T20:05:00+08:00,1,evt-wl-0529-1,165.038,m,valid,simulator,
DAM-A-WL-03,2026-07-02T20:05:00+08:00,1,evt-wl-0529-2,165.119,m,valid,simulator,
DAM-A-WL-01,2026-07-02T20:10:00+08:00,1,evt-wl-0530-0,164.994,m,valid,simulator,
DAM-A-WL-02,2026-07-02T20:10:00+08:00,1,evt-wl-0530-1,165.067,m,valid,simulator,
DAM-A-WL-03,2026-07-02T20:10:00+08:00,1,evt-wl-0530-2,165.148,m,valid,simulator,
DAM-A-WL-01,2026-07-02T20:15:00+08:00,1,evt-wl-0531-0,164.998,m,valid,simulator,
DAM-A-WL-02,2026-07-02T20:15:00+08:00,1,evt-wl-0531-1,165.073,m,valid,simulator,
DAM-A-WL-03,2026-07-02T20:15:00+08:00,1,evt-wl-0531-2,165.155,m,valid,simulator,
DAM-A-WL-01,2026-07-02T20:20:00+08:00,1,evt-wl-0532-0,165.018,m,valid,simulator,
DAM-A-WL-02,2026-07-02T20:20:00+08:00,1,evt-wl-0532-1,165.076,m,valid,simulator,
DAM-A-WL-03,2026-07-02T20:20:00+08:00,1,evt-wl-0532-2,165.157,m,valid,simulator,
DAM-A-WL-01,2026-07-02T20:25:00+08:00,1,evt-wl-0533-0,165.011,m,valid,simulator,
DAM-A-WL-02,2026-07-02T20:25:00+08:00,1,evt-wl-0533-1,165.105,m,valid,simulator,
DAM-A-WL-03,2026-07-02T20:25:00+08:00,1,evt-wl-0533-2,165.17,m,valid,simulator,
DAM-A-WL-01,2026-07-02T20:30:00+08:00,1,evt-wl-0534-0,165.043,m,valid,simulator,
DAM-A-WL-02,2026-07-02T20:30:00+08:00,1,evt-wl-0534-1,165.128,m,valid,simulator,
DAM-A-WL-03,2026-07-02T20:30:00+08:00,1,evt-wl-0534-2,165.204,m,valid,simulator,
DAM-A-WL-01,2026-07-02T20:35:00+08:00,1,evt-wl-0535-0,165.038,m,valid,simulator,
DAM-A-WL-02,2026-07-02T20:35:00+08:00,1,evt-wl-0535-1,165.135,m,valid,simulator,
DAM-A-WL-03,2026-07-02T20:35:00+08:00,1,evt-wl-0535-2,165.201,m,valid,simulator,
DAM-A-WL-01,2026-07-02T20:40:00+08:00,1,evt-wl-0536-0,165.064,m,valid,simulator,
DAM-A-WL-02,2026-07-02T20:40:00+08:00,1,evt-wl-0536-1,165.146,m,valid,simulator,
DAM-A-WL-03,2026-07-02T20:40:00+08:00,1,evt-wl-0536-2,165.222,m,valid,simulator,
DAM-A-WL-01,2026-07-02T20:45:00+08:00,1,evt-wl-0537-0,165.061,m,valid,simulator,
DAM-A-WL-02,2026-07-02T20:45:00+08:00,1,evt-wl-0537-1,165.165,m,valid,simulator,
DAM-A-WL-03,2026-07-02T20:45:00+08:00,1,evt-wl-0537-2,165.243,m,valid,simulator,
DAM-A-WL-01,2026-07-02T20:50:00+08:00,1,evt-wl-0538-0,165.08,m,valid,simulator,
DAM-A-WL-02,2026-07-02T20:50:00+08:00,1,evt-wl-0538-1,165.162,m,valid,simulator,
DAM-A-WL-03,2026-07-02T20:50:00+08:00,1,evt-wl-0538-2,165.257,m,valid,simulator,
DAM-A-WL-01,2026-07-02T20:55:00+08:00,1,evt-wl-0539-0,165.105,m,valid,simulator,
DAM-A-WL-02,2026-07-02T20:55:00+08:00,1,evt-wl-0539-1,165.189,m,valid,simulator,
DAM-A-WL-03,2026-07-02T20:55:00+08:00,1,evt-wl-0539-2,165.267,m,valid,simulator,
DAM-A-WL-01,2026-07-02T21:00:00+08:00,1,evt-wl-0540-0,165.116,m,valid,simulator,
DAM-A-WL-02,2026-07-02T21:00:00+08:00,1,evt-wl-0540-1,165.192,m,valid,simulator,
DAM-A-WL-03,2026-07-02T21:00:00+08:00,1,evt-wl-0540-2,165.269,m,valid,simulator,
DAM-A-WL-01,2026-07-02T21:05:00+08:00,1,evt-wl-0541-0,165.118,m,valid,simulator,
DAM-A-WL-02,2026-07-02T21:05:00+08:00,1,evt-wl-0541-1,165.213,m,valid,simulator,
DAM-A-WL-03,2026-07-02T21:05:00+08:00,1,evt-wl-0541-2,165.293,m,valid,simulator,
DAM-A-WL-01,2026-07-02T21:10:00+08:00,1,evt-wl-0542-0,165.133,m,valid,simulator,
DAM-A-WL-02,2026-07-02T21:10:00+08:00,1,evt-wl-0542-1,165.233,m,valid,simulator,
DAM-A-WL-03,2026-07-02T21:10:00+08:00,1,evt-wl-0542-2,165.293,m,valid,simulator,
DAM-A-WL-01,2026-07-02T21:15:00+08:00,1,evt-wl-0543-0,165.167,m,valid,simulator,
DAM-A-WL-02,2026-07-02T21:15:00+08:00,1,evt-wl-0543-1,165.242,m,valid,simulator,
DAM-A-WL-03,2026-07-02T21:15:00+08:00,1,evt-wl-0543-2,165.316,m,valid,simulator,
DAM-A-WL-01,2026-07-02T21:20:00+08:00,1,evt-wl-0544-0,165.162,m,valid,simulator,
DAM-A-WL-02,2026-07-02T21:20:00+08:00,1,evt-wl-0544-1,165.255,m,valid,simulator,
DAM-A-WL-03,2026-07-02T21:20:00+08:00,1,evt-wl-0544-2,165.322,m,valid,simulator,
DAM-A-WL-01,2026-07-02T21:25:00+08:00,1,evt-wl-0545-0,165.177,m,valid,simulator,
DAM-A-WL-02,2026-07-02T21:25:00+08:00,1,evt-wl-0545-1,165.269,m,valid,simulator,
DAM-A-WL-03,2026-07-02T21:25:00+08:00,1,evt-wl-0545-2,165.343,m,valid,simulator,
DAM-A-WL-01,2026-07-02T21:30:00+08:00,1,evt-wl-0546-0,165.201,m,valid,simulator,
DAM-A-WL-02,2026-07-02T21:30:00+08:00,1,evt-wl-0546-1,165.283,m,valid,simulator,
DAM-A-WL-03,2026-07-02T21:30:00+08:00,1,evt-wl-0546-2,165.348,m,valid,simulator,
DAM-A-WL-01,2026-07-02T21:35:00+08:00,1,evt-wl-0547-0,165.222,m,valid,simulator,
DAM-A-WL-02,2026-07-02T21:35:00+08:00,1,evt-wl-0547-1,165.279,m,valid,simulator,
DAM-A-WL-03,2026-07-02T21:35:00+08:00,1,evt-wl-0547-2,165.365,m,valid,simulator,
DAM-A-WL-01,2026-07-02T21:40:00+08:00,1,evt-wl-0548-0,165.238,m,valid,simulator,
DAM-A-WL-02,2026-07-02T21:40:00+08:00,1,evt-wl-0548-1,165.318,m,valid,simulator,
DAM-A-WL-03,2026-07-02T21:40:00+08:00,1,evt-wl-0548-2,165.389,m,valid,simulator,
DAM-A-WL-01,2026-07-02T21:45:00+08:00,1,evt-wl-0549-0,165.231,m,valid,simulator,
DAM-A-WL-02,2026-07-02T21:45:00+08:00,1,evt-wl-0549-1,165.305,m,valid,simulator,
DAM-A-WL-03,2026-07-02T21:45:00+08:00,1,evt-wl-0549-2,165.398,m,valid,simulator,
DAM-A-WL-01,2026-07-02T21:50:00+08:00,1,evt-wl-0550-0,165.255,m,valid,simulator,
DAM-A-WL-02,2026-07-02T21:50:00+08:00,1,evt-wl-0550-1,165.344,m,valid,simulator,
DAM-A-WL-03,2026-07-02T21:50:00+08:00,1,evt-wl-0550-2,165.409,m,valid,simulator,
DAM-A-WL-01,2026-07-02T21:55:00+08:00,1,evt-wl-0551-0,165.253,m,valid,simulator,
DAM-A-WL-02,2026-07-02T21:55:00+08:00,1,evt-wl-0551-1,165.353,m,valid,simulator,
DAM-A-WL-03,2026-07-02T21:55:00+08:00,1,evt-wl-0551-2,165.415,m,valid,simulator,
DAM-A-WL-01,2026-07-02T22:00:00+08:00,1,evt-wl-0552-0,165.286,m,valid,simulator,
DAM-A-WL-02,2026-07-02T22:00:00+08:00,1,evt-wl-0552-1,165.361,m,valid,simulator,
DAM-A-WL-03,2026-07-02T22:00:00+08:00,1,evt-wl-0552-2,165.455,m,valid,simulator,
DAM-A-WL-01,2026-07-02T22:05:00+08:00,1,evt-wl-0553-0,165.309,m,valid,simulator,
DAM-A-WL-02,2026-07-02T22:05:00+08:00,1,evt-wl-0553-1,165.383,m,valid,simulator,
DAM-A-WL-03,2026-07-02T22:05:00+08:00,1,evt-wl-0553-2,165.453,m,valid,simulator,
DAM-A-WL-01,2026-07-02T22:10:00+08:00,1,evt-wl-0554-0,165.323,m,valid,simulator,
DAM-A-WL-02,2026-07-02T22:10:00+08:00,1,evt-wl-0554-1,165.4,m,valid,simulator,
DAM-A-WL-03,2026-07-02T22:10:00+08:00,1,evt-wl-0554-2,165.465,m,valid,simulator,
DAM-A-WL-01,2026-07-02T22:15:00+08:00,1,evt-wl-0555-0,165.311,m,valid,simulator,
DAM-A-WL-02,2026-07-02T22:15:00+08:00,1,evt-wl-0555-1,165.403,m,valid,simulator,
DAM-A-WL-03,2026-07-02T22:15:00+08:00,1,evt-wl-0555-2,165.493,m,valid,simulator,
DAM-A-WL-01,2026-07-02T22:20:00+08:00,1,evt-wl-0556-0,165.344,m,valid,simulator,
DAM-A-WL-02,2026-07-02T22:20:00+08:00,1,evt-wl-0556-1,165.432,m,valid,simulator,
DAM-A-WL-03,2026-07-02T22:20:00+08:00,1,evt-wl-0556-2,165.496,m,valid,simulator,
DAM-A-WL-01,2026-07-02T22:25:00+08:00,1,evt-wl-0557-0,165.363,m,valid,simulator,
DAM-A-WL-02,2026-07-02T22:25:00+08:00,1,evt-wl-0557-1,165.429,m,valid,simulator,
DAM-A-WL-03,2026-07-02T22:25:00+08:00,1,evt-wl-0557-2,165.515,m,valid,simulator,
DAM-A-WL-01,2026-07-02T22:30:00+08:00,1,evt-wl-0558-0,165.355,m,valid,simulator,
DAM-A-WL-02,2026-07-02T22:30:00+08:00,1,evt-wl-0558-1,165.434,m,valid,simulator,
DAM-A-WL-03,2026-07-02T22:30:00+08:00,1,evt-wl-0558-2,165.511,m,valid,simulator,
DAM-A-WL-01,2026-07-02T22:35:00+08:00,1,evt-wl-0559-0,165.374,m,valid,simulator,
DAM-A-WL-02,2026-07-02T22:35:00+08:00,1,evt-wl-0559-1,165.454,m,valid,simulator,
DAM-A-WL-03,2026-07-02T22:35:00+08:00,1,evt-wl-0559-2,165.532,m,valid,simulator,
DAM-A-WL-01,2026-07-02T22:40:00+08:00,1,evt-wl-0560-0,165.383,m,valid,simulator,
DAM-A-WL-02,2026-07-02T22:40:00+08:00,1,evt-wl-0560-1,165.468,m,valid,simulator,
DAM-A-WL-03,2026-07-02T22:40:00+08:00,1,evt-wl-0560-2,165.559,m,valid,simulator,
DAM-A-WL-01,2026-07-02T22:45:00+08:00,1,evt-wl-0561-0,165.412,m,valid,simulator,
DAM-A-WL-02,2026-07-02T22:45:00+08:00,1,evt-wl-0561-1,165.483,m,valid,simulator,
DAM-A-WL-03,2026-07-02T22:45:00+08:00,1,evt-wl-0561-2,165.562,m,valid,simulator,
DAM-A-WL-01,2026-07-02T22:50:00+08:00,1,evt-wl-0562-0,165.436,m,valid,simulator,
DAM-A-WL-02,2026-07-02T22:50:00+08:00,1,evt-wl-0562-1,165.503,m,valid,simulator,
DAM-A-WL-03,2026-07-02T22:50:00+08:00,1,evt-wl-0562-2,165.583,m,valid,simulator,
DAM-A-WL-01,2026-07-02T22:55:00+08:00,1,evt-wl-0563-0,165.442,m,valid,simulator,
DAM-A-WL-02,2026-07-02T22:55:00+08:00,1,evt-wl-0563-1,165.52,m,valid,simulator,
DAM-A-WL-03,2026-07-02T22:55:00+08:00,1,evt-wl-0563-2,165.598,m,valid,simulator,
DAM-A-WL-01,2026-07-02T23:00:00+08:00,1,evt-wl-0564-0,165.463,m,valid,simulator,
DAM-A-WL-02,2026-07-02T23:00:00+08:00,1,evt-wl-0564-1,165.543,m,valid,simulator,
DAM-A-WL-03,2026-07-02T23:00:00+08:00,1,evt-wl-0564-2,165.603,m,valid,simulator,
DAM-A-WL-01,2026-07-02T23:05:00+08:00,1,evt-wl-0565-0,165.467,m,valid,simulator,
DAM-A-WL-02,2026-07-02T23:05:00+08:00,1,evt-wl-0565-1,165.533,m,valid,simulator,
DAM-A-WL-03,2026-07-02T23:05:00+08:00,1,evt-wl-0565-2,165.63,m,valid,simulator,
DAM-A-WL-01,2026-07-02T23:10:00+08:00,1,evt-wl-0566-0,165.482,m,valid,simulator,
DAM-A-WL-02,2026-07-02T23:10:00+08:00,1,evt-wl-0566-1,165.553,m,valid,simulator,
DAM-A-WL-03,2026-07-02T23:10:00+08:00,1,evt-wl-0566-2,165.635,m,valid,simulator,
DAM-A-WL-01,2026-07-02T23:15:00+08:00,1,evt-wl-0567-0,165.499,m,valid,simulator,
DAM-A-WL-02,2026-07-02T23:15:00+08:00,1,evt-wl-0567-1,165.587,m,valid,simulator,
DAM-A-WL-03,2026-07-02T23:15:00+08:00,1,evt-wl-0567-2,165.643,m,valid,simulator,
DAM-A-WL-01,2026-07-02T23:20:00+08:00,1,evt-wl-0568-0,165.518,m,valid,simulator,
DAM-A-WL-02,2026-07-02T23:20:00+08:00,1,evt-wl-0568-1,165.592,m,valid,simulator,
DAM-A-WL-03,2026-07-02T23:20:00+08:00,1,evt-wl-0568-2,165.658,m,valid,simulator,
DAM-A-WL-01,2026-07-02T23:25:00+08:00,1,evt-wl-0569-0,165.525,m,valid,simulator,
DAM-A-WL-02,2026-07-02T23:25:00+08:00,1,evt-wl-0569-1,165.594,m,valid,simulator,
DAM-A-WL-03,2026-07-02T23:25:00+08:00,1,evt-wl-0569-2,165.681,m,valid,simulator,
DAM-A-WL-01,2026-07-02T23:30:00+08:00,1,evt-wl-0570-0,165.534,m,valid,simulator,
DAM-A-WL-02,2026-07-02T23:30:00+08:00,1,evt-wl-0570-1,165.623,m,valid,simulator,
DAM-A-WL-03,2026-07-02T23:30:00+08:00,1,evt-wl-0570-2,165.687,m,valid,simulator,
DAM-A-WL-01,2026-07-02T23:35:00+08:00,1,evt-wl-0571-0,165.535,m,valid,simulator,
DAM-A-WL-02,2026-07-02T23:35:00+08:00,1,evt-wl-0571-1,165.615,m,valid,simulator,
DAM-A-WL-03,2026-07-02T23:35:00+08:00,1,evt-wl-0571-2,165.72,m,valid,simulator,
DAM-A-WL-01,2026-07-02T23:40:00+08:00,1,evt-wl-0572-0,165.553,m,valid,simulator,
DAM-A-WL-02,2026-07-02T23:40:00+08:00,1,evt-wl-0572-1,165.635,m,valid,simulator,
DAM-A-WL-03,2026-07-02T23:40:00+08:00,1,evt-wl-0572-2,165.724,m,valid,simulator,
DAM-A-WL-01,2026-07-02T23:45:00+08:00,1,evt-wl-0573-0,165.581,m,valid,simulator,
DAM-A-WL-02,2026-07-02T23:45:00+08:00,1,evt-wl-0573-1,165.664,m,valid,simulator,
DAM-A-WL-03,2026-07-02T23:45:00+08:00,1,evt-wl-0573-2,165.752,m,valid,simulator,
DAM-A-WL-01,2026-07-02T23:50:00+08:00,1,evt-wl-0574-0,165.591,m,valid,simulator,
DAM-A-WL-02,2026-07-02T23:50:00+08:00,1,evt-wl-0574-1,165.664,m,valid,simulator,
DAM-A-WL-03,2026-07-02T23:50:00+08:00,1,evt-wl-0574-2,165.761,m,valid,simulator,
DAM-A-WL-01,2026-07-02T23:55:00+08:00,1,evt-wl-0575-0,165.607,m,valid,simulator,
DAM-A-WL-02,2026-07-02T23:55:00+08:00,1,evt-wl-0575-1,165.672,m,valid,simulator,
DAM-A-WL-03,2026-07-02T23:55:00+08:00,1,evt-wl-0575-2,165.763,m,valid,simulator,
DAM-A-WL-01,2026-07-03T00:00:00+08:00,1,evt-wl-0576-0,165.629,m,valid,simulator,
DAM-A-WL-02,2026-07-03T00:00:00+08:00,1,evt-wl-0576-1,165.704,m,valid,simulator,
DAM-A-WL-03,2026-07-03T00:00:00+08:00,1,evt-wl-0576-2,165.772,m,valid,simulator,
DAM-A-WL-01,2026-07-03T00:05:00+08:00,1,evt-wl-0577-0,165.633,m,valid,simulator,
DAM-A-WL-02,2026-07-03T00:05:00+08:00,1,evt-wl-0577-1,165.716,m,valid,simulator,
DAM-A-WL-03,2026-07-03T00:05:00+08:00,1,evt-wl-0577-2,165.787,m,valid,simulator,
DAM-A-WL-01,2026-07-03T00:10:00+08:00,1,evt-wl-0578-0,165.652,m,valid,simulator,
DAM-A-WL-02,2026-07-03T00:10:00+08:00,1,evt-wl-0578-1,165.718,m,valid,simulator,
DAM-A-WL-03,2026-07-03T00:10:00+08:00,1,evt-wl-0578-2,165.815,m,valid,simulator,
DAM-A-WL-01,2026-07-03T00:15:00+08:00,1,evt-wl-0579-0,165.666,m,valid,simulator,
DAM-A-WL-02,2026-07-03T00:15:00+08:00,1,evt-wl-0579-1,165.751,m,valid,simulator,
DAM-A-WL-03,2026-07-03T00:15:00+08:00,1,evt-wl-0579-2,165.831,m,valid,simulator,
DAM-A-WL-01,2026-07-03T00:20:00+08:00,1,evt-wl-0580-0,165.668,m,valid,simulator,
DAM-A-WL-02,2026-07-03T00:20:00+08:00,1,evt-wl-0580-1,165.754,m,valid,simulator,
DAM-A-WL-03,2026-07-03T00:20:00+08:00,1,evt-wl-0580-2,165.825,m,valid,simulator,
DAM-A-WL-01,2026-07-03T00:25:00+08:00,1,evt-wl-0581-0,165.682,m,valid,simulator,
DAM-A-WL-02,2026-07-03T00:25:00+08:00,1,evt-wl-0581-1,165.78,m,valid,simulator,
DAM-A-WL-03,2026-07-03T00:25:00+08:00,1,evt-wl-0581-2,165.865,m,valid,simulator,
DAM-A-WL-01,2026-07-03T00:30:00+08:00,1,evt-wl-0582-0,165.709,m,valid,simulator,
DAM-A-WL-02,2026-07-03T00:30:00+08:00,1,evt-wl-0582-1,165.793,m,valid,simulator,
DAM-A-WL-03,2026-07-03T00:30:00+08:00,1,evt-wl-0582-2,165.873,m,valid,simulator,
DAM-A-WL-01,2026-07-03T00:35:00+08:00,1,evt-wl-0583-0,165.705,m,valid,simulator,
DAM-A-WL-02,2026-07-03T00:35:00+08:00,1,evt-wl-0583-1,165.792,m,valid,simulator,
DAM-A-WL-03,2026-07-03T00:35:00+08:00,1,evt-wl-0583-2,165.88,m,valid,simulator,
DAM-A-WL-01,2026-07-03T00:40:00+08:00,1,evt-wl-0584-0,165.72,m,valid,simulator,
DAM-A-WL-02,2026-07-03T00:40:00+08:00,1,evt-wl-0584-1,165.807,m,valid,simulator,
DAM-A-WL-03,2026-07-03T00:40:00+08:00,1,evt-wl-0584-2,165.903,m,valid,simulator,
DAM-A-WL-01,2026-07-03T00:45:00+08:00,1,evt-wl-0585-0,165.739,m,valid,simulator,
DAM-A-WL-02,2026-07-03T00:45:00+08:00,1,evt-wl-0585-1,165.819,m,valid,simulator,
DAM-A-WL-03,2026-07-03T00:45:00+08:00,1,evt-wl-0585-2,165.896,m,valid,simulator,
DAM-A-WL-01,2026-07-03T00:50:00+08:00,1,evt-wl-0586-0,165.764,m,valid,simulator,
DAM-A-WL-02,2026-07-03T00:50:00+08:00,1,evt-wl-0586-1,165.844,m,valid,simulator,
DAM-A-WL-03,2026-07-03T00:50:00+08:00,1,evt-wl-0586-2,165.925,m,valid,simulator,
DAM-A-WL-01,2026-07-03T00:55:00+08:00,1,evt-wl-0587-0,165.774,m,valid,simulator,
DAM-A-WL-02,2026-07-03T00:55:00+08:00,1,evt-wl-0587-1,165.861,m,valid,simulator,
DAM-A-WL-03,2026-07-03T00:55:00+08:00,1,evt-wl-0587-2,165.947,m,valid,simulator,
DAM-A-WL-01,2026-07-03T01:00:00+08:00,1,evt-wl-0588-0,165.787,m,valid,simulator,
DAM-A-WL-02,2026-07-03T01:00:00+08:00,1,evt-wl-0588-1,165.88,m,valid,simulator,
DAM-A-WL-03,2026-07-03T01:00:00+08:00,1,evt-wl-0588-2,165.945,m,valid,simulator,
DAM-A-WL-01,2026-07-03T01:05:00+08:00,1,evt-wl-0589-0,165.816,m,valid,simulator,
DAM-A-WL-02,2026-07-03T01:05:00+08:00,1,evt-wl-0589-1,165.895,m,valid,simulator,
DAM-A-WL-03,2026-07-03T01:05:00+08:00,1,evt-wl-0589-2,165.964,m,valid,simulator,
DAM-A-WL-01,2026-07-03T01:10:00+08:00,1,evt-wl-0590-0,165.805,m,valid,simulator,
DAM-A-WL-02,2026-07-03T01:10:00+08:00,1,evt-wl-0590-1,165.884,m,valid,simulator,
DAM-A-WL-03,2026-07-03T01:10:00+08:00,1,evt-wl-0590-2,165.966,m,valid,simulator,
DAM-A-WL-01,2026-07-03T01:15:00+08:00,1,evt-wl-0591-0,165.834,m,valid,simulator,
DAM-A-WL-02,2026-07-03T01:15:00+08:00,1,evt-wl-0591-1,165.904,m,valid,simulator,
DAM-A-WL-03,2026-07-03T01:15:00+08:00,1,evt-wl-0591-2,165.991,m,valid,simulator,
DAM-A-WL-01,2026-07-03T01:20:00+08:00,1,evt-wl-0592-0,165.85,m,valid,simulator,
DAM-A-WL-02,2026-07-03T01:20:00+08:00,1,evt-wl-0592-1,165.922,m,valid,simulator,
DAM-A-WL-03,2026-07-03T01:20:00+08:00,1,evt-wl-0592-2,166.015,m,valid,simulator,
DAM-A-WL-01,2026-07-03T01:25:00+08:00,1,evt-wl-0593-0,165.852,m,valid,simulator,
DAM-A-WL-02,2026-07-03T01:25:00+08:00,1,evt-wl-0593-1,165.93,m,valid,simulator,
DAM-A-WL-03,2026-07-03T01:25:00+08:00,1,evt-wl-0593-2,166.026,m,valid,simulator,
DAM-A-WL-01,2026-07-03T01:30:00+08:00,1,evt-wl-0594-0,165.87,m,valid,simulator,
DAM-A-WL-02,2026-07-03T01:30:00+08:00,1,evt-wl-0594-1,165.952,m,valid,simulator,
DAM-A-WL-03,2026-07-03T01:30:00+08:00,1,evt-wl-0594-2,166.016,m,valid,simulator,
DAM-A-WL-01,2026-07-03T01:35:00+08:00,1,evt-wl-0595-0,165.892,m,valid,simulator,
DAM-A-WL-02,2026-07-03T01:35:00+08:00,1,evt-wl-0595-1,165.97,m,valid,simulator,
DAM-A-WL-03,2026-07-03T01:35:00+08:00,1,evt-wl-0595-2,166.054,m,valid,simulator,
DAM-A-WL-01,2026-07-03T01:40:00+08:00,1,evt-wl-0596-0,165.9,m,valid,simulator,
DAM-A-WL-02,2026-07-03T01:40:00+08:00,1,evt-wl-0596-1,165.987,m,valid,simulator,
DAM-A-WL-03,2026-07-03T01:40:00+08:00,1,evt-wl-0596-2,166.068,m,valid,simulator,
DAM-A-WL-01,2026-07-03T01:45:00+08:00,1,evt-wl-0597-0,165.914,m,valid,simulator,
DAM-A-WL-02,2026-07-03T01:45:00+08:00,1,evt-wl-0597-1,165.98,m,valid,simulator,
DAM-A-WL-03,2026-07-03T01:45:00+08:00,1,evt-wl-0597-2,166.065,m,valid,simulator,
DAM-A-WL-01,2026-07-03T01:50:00+08:00,1,evt-wl-0598-0,165.923,m,valid,simulator,
DAM-A-WL-02,2026-07-03T01:50:00+08:00,1,evt-wl-0598-1,166.0,m,valid,simulator,
DAM-A-WL-03,2026-07-03T01:50:00+08:00,1,evt-wl-0598-2,166.093,m,valid,simulator,
DAM-A-WL-01,2026-07-03T01:55:00+08:00,1,evt-wl-0599-0,165.94,m,valid,simulator,
DAM-A-WL-02,2026-07-03T01:55:00+08:00,1,evt-wl-0599-1,166.013,m,valid,simulator,
DAM-A-WL-03,2026-07-03T01:55:00+08:00,1,evt-wl-0599-2,166.095,m,valid,simulator,
DAM-A-WL-01,2026-07-03T02:00:00+08:00,1,evt-wl-0600-0,165.952,m,valid,simulator,
DAM-A-WL-02,2026-07-03T02:00:00+08:00,1,evt-wl-0600-1,166.015,m,valid,simulator,
DAM-A-WL-03,2026-07-03T02:00:00+08:00,1,evt-wl-0600-2,166.114,m,valid,simulator,
DAM-A-WL-01,2026-07-03T02:05:00+08:00,1,evt-wl-0601-0,165.971,m,valid,simulator,
DAM-A-WL-02,2026-07-03T02:05:00+08:00,1,evt-wl-0601-1,166.048,m,valid,simulator,
DAM-A-WL-03,2026-07-03T02:05:00+08:00,1,evt-wl-0601-2,166.119,m,valid,simulator,
DAM-A-WL-01,2026-07-03T02:10:00+08:00,1,evt-wl-0602-0,165.986,m,valid,simulator,
DAM-A-WL-02,2026-07-03T02:10:00+08:00,1,evt-wl-0602-1,166.046,m,valid,simulator,
DAM-A-WL-03,2026-07-03T02:10:00+08:00,1,evt-wl-0602-2,166.139,m,valid,simulator,
DAM-A-WL-01,2026-07-03T02:15:00+08:00,1,evt-wl-0603-0,165.992,m,valid,simulator,
DAM-A-WL-02,2026-07-03T02:15:00+08:00,1,evt-wl-0603-1,166.056,m,valid,simulator,
DAM-A-WL-03,2026-07-03T02:15:00+08:00,1,evt-wl-0603-2,166.152,m,valid,simulator,
DAM-A-WL-01,2026-07-03T02:20:00+08:00,1,evt-wl-0604-0,166.006,m,valid,simulator,
DAM-A-WL-02,2026-07-03T02:20:00+08:00,1,evt-wl-0604-1,166.074,m,valid,simulator,
DAM-A-WL-03,2026-07-03T02:20:00+08:00,1,evt-wl-0604-2,166.164,m,valid,simulator,
DAM-A-WL-01,2026-07-03T02:25:00+08:00,1,evt-wl-0605-0,166.015,m,valid,simulator,
DAM-A-WL-02,2026-07-03T02:25:00+08:00,1,evt-wl-0605-1,166.082,m,valid,simulator,
DAM-A-WL-03,2026-07-03T02:25:00+08:00,1,evt-wl-0605-2,166.162,m,valid,simulator,
DAM-A-WL-01,2026-07-03T02:30:00+08:00,1,evt-wl-0606-0,166.041,m,valid,simulator,
DAM-A-WL-02,2026-07-03T02:30:00+08:00,1,evt-wl-0606-1,166.122,m,valid,simulator,
DAM-A-WL-03,2026-07-03T02:30:00+08:00,1,evt-wl-0606-2,166.191,m,valid,simulator,
DAM-A-WL-01,2026-07-03T02:35:00+08:00,1,evt-wl-0607-0,166.037,m,valid,simulator,
DAM-A-WL-02,2026-07-03T02:35:00+08:00,1,evt-wl-0607-1,166.111,m,valid,simulator,
DAM-A-WL-03,2026-07-03T02:35:00+08:00,1,evt-wl-0607-2,166.206,m,valid,simulator,
DAM-A-WL-01,2026-07-03T02:40:00+08:00,1,evt-wl-0608-0,166.043,m,valid,simulator,
DAM-A-WL-02,2026-07-03T02:40:00+08:00,1,evt-wl-0608-1,166.132,m,valid,simulator,
DAM-A-WL-03,2026-07-03T02:40:00+08:00,1,evt-wl-0608-2,166.208,m,valid,simulator,
DAM-A-WL-01,2026-07-03T02:45:00+08:00,1,evt-wl-0609-0,166.052,m,valid,simulator,
DAM-A-WL-02,2026-07-03T02:45:00+08:00,1,evt-wl-0609-1,166.139,m,valid,simulator,
DAM-A-WL-03,2026-07-03T02:45:00+08:00,1,evt-wl-0609-2,166.213,m,valid,simulator,
DAM-A-WL-01,2026-07-03T02:50:00+08:00,1,evt-wl-0610-0,166.071,m,valid,simulator,
DAM-A-WL-02,2026-07-03T02:50:00+08:00,1,evt-wl-0610-1,166.145,m,valid,simulator,
DAM-A-WL-03,2026-07-03T02:50:00+08:00,1,evt-wl-0610-2,166.251,m,valid,simulator,
DAM-A-WL-01,2026-07-03T02:55:00+08:00,1,evt-wl-0611-0,166.082,m,valid,simulator,
DAM-A-WL-02,2026-07-03T02:55:00+08:00,1,evt-wl-0611-1,166.18,m,valid,simulator,
DAM-A-WL-03,2026-07-03T02:55:00+08:00,1,evt-wl-0611-2,166.258,m,valid,simulator,
DAM-A-WL-01,2026-07-03T03:00:00+08:00,1,evt-wl-0612-0,166.092,m,valid,simulator,
DAM-A-WL-02,2026-07-03T03:00:00+08:00,1,evt-wl-0612-1,166.183,m,valid,simulator,
DAM-A-WL-03,2026-07-03T03:00:00+08:00,1,evt-wl-0612-2,166.252,m,valid,simulator,
DAM-A-WL-01,2026-07-03T03:05:00+08:00,1,evt-wl-0613-0,166.118,m,valid,simulator,
DAM-A-WL-02,2026-07-03T03:05:00+08:00,1,evt-wl-0613-1,166.202,m,valid,simulator,
DAM-A-WL-03,2026-07-03T03:05:00+08:00,1,evt-wl-0613-2,166.279,m,valid,simulator,
DAM-A-WL-01,2026-07-03T03:10:00+08:00,1,evt-wl-0614-0,166.124,m,valid,simulator,
DAM-A-WL-02,2026-07-03T03:10:00+08:00,1,evt-wl-0614-1,166.22,m,valid,simulator,
DAM-A-WL-03,2026-07-03T03:10:00+08:00,1,evt-wl-0614-2,166.283,m,valid,simulator,
DAM-A-WL-01,2026-07-03T03:15:00+08:00,1,evt-wl-0615-0,166.146,m,valid,simulator,
DAM-A-WL-02,2026-07-03T03:15:00+08:00,1,evt-wl-0615-1,166.215,m,valid,simulator,
DAM-A-WL-03,2026-07-03T03:15:00+08:00,1,evt-wl-0615-2,166.288,m,valid,simulator,
DAM-A-WL-01,2026-07-03T03:20:00+08:00,1,evt-wl-0616-0,166.14,m,valid,simulator,
DAM-A-WL-02,2026-07-03T03:20:00+08:00,1,evt-wl-0616-1,166.229,m,valid,simulator,
DAM-A-WL-03,2026-07-03T03:20:00+08:00,1,evt-wl-0616-2,166.305,m,valid,simulator,
DAM-A-WL-01,2026-07-03T03:25:00+08:00,1,evt-wl-0617-0,166.174,m,valid,simulator,
DAM-A-WL-02,2026-07-03T03:25:00+08:00,1,evt-wl-0617-1,166.232,m,valid,simulator,
DAM-A-WL-03,2026-07-03T03:25:00+08:00,1,evt-wl-0617-2,166.311,m,valid,simulator,
DAM-A-WL-01,2026-07-03T03:30:00+08:00,1,evt-wl-0618-0,166.173,m,valid,simulator,
DAM-A-WL-02,2026-07-03T03:30:00+08:00,1,evt-wl-0618-1,166.265,m,valid,simulator,
DAM-A-WL-03,2026-07-03T03:30:00+08:00,1,evt-wl-0618-2,166.343,m,valid,simulator,
DAM-A-WL-01,2026-07-03T03:35:00+08:00,1,evt-wl-0619-0,166.182,m,valid,simulator,
DAM-A-WL-02,2026-07-03T03:35:00+08:00,1,evt-wl-0619-1,166.264,m,valid,simulator,
DAM-A-WL-03,2026-07-03T03:35:00+08:00,1,evt-wl-0619-2,166.358,m,valid,simulator,
DAM-A-WL-01,2026-07-03T03:40:00+08:00,1,evt-wl-0620-0,166.206,m,valid,simulator,
DAM-A-WL-02,2026-07-03T03:40:00+08:00,1,evt-wl-0620-1,166.28,m,valid,simulator,
DAM-A-WL-03,2026-07-03T03:40:00+08:00,1,evt-wl-0620-2,166.365,m,valid,simulator,
DAM-A-WL-01,2026-07-03T03:45:00+08:00,1,evt-wl-0621-0,166.207,m,valid,simulator,
DAM-A-WL-02,2026-07-03T03:45:00+08:00,1,evt-wl-0621-1,166.293,m,valid,simulator,
DAM-A-WL-03,2026-07-03T03:45:00+08:00,1,evt-wl-0621-2,166.363,m,valid,simulator,
DAM-A-WL-01,2026-07-03T03:50:00+08:00,1,evt-wl-0622-0,166.231,m,valid,simulator,
DAM-A-WL-02,2026-07-03T03:50:00+08:00,1,evt-wl-0622-1,166.29,m,valid,simulator,
DAM-A-WL-03,2026-07-03T03:50:00+08:00,1,evt-wl-0622-2,166.388,m,valid,simulator,
DAM-A-WL-01,2026-07-03T03:55:00+08:00,1,evt-wl-0623-0,166.247,m,valid,simulator,
DAM-A-WL-02,2026-07-03T03:55:00+08:00,1,evt-wl-0623-1,166.313,m,valid,simulator,
DAM-A-WL-03,2026-07-03T03:55:00+08:00,1,evt-wl-0623-2,166.381,m,valid,simulator,
DAM-A-WL-01,2026-07-03T04:00:00+08:00,1,evt-wl-0624-0,166.236,m,valid,simulator,
DAM-A-WL-02,2026-07-03T04:00:00+08:00,1,evt-wl-0624-1,166.32,m,valid,simulator,
DAM-A-WL-03,2026-07-03T04:00:00+08:00,1,evt-wl-0624-2,166.403,m,valid,simulator,
DAM-A-WL-01,2026-07-03T04:05:00+08:00,1,evt-wl-0625-0,166.263,m,valid,simulator,
DAM-A-WL-02,2026-07-03T04:05:00+08:00,1,evt-wl-0625-1,166.336,m,valid,simulator,
DAM-A-WL-03,2026-07-03T04:05:00+08:00,1,evt-wl-0625-2,166.418,m,valid,simulator,
DAM-A-WL-01,2026-07-03T04:10:00+08:00,1,evt-wl-0626-0,166.275,m,valid,simulator,
DAM-A-WL-02,2026-07-03T04:10:00+08:00,1,evt-wl-0626-1,166.363,m,valid,simulator,
DAM-A-WL-03,2026-07-03T04:10:00+08:00,1,evt-wl-0626-2,166.443,m,valid,simulator,
DAM-A-WL-01,2026-07-03T04:15:00+08:00,1,evt-wl-0627-0,166.27,m,valid,simulator,
DAM-A-WL-02,2026-07-03T04:15:00+08:00,1,evt-wl-0627-1,166.369,m,valid,simulator,
DAM-A-WL-03,2026-07-03T04:15:00+08:00,1,evt-wl-0627-2,166.432,m,valid,simulator,
DAM-A-WL-01,2026-07-03T04:20:00+08:00,1,evt-wl-0628-0,166.304,m,valid,simulator,
DAM-A-WL-02,2026-07-03T04:20:00+08:00,1,evt-wl-0628-1,166.385,m,valid,simulator,
DAM-A-WL-03,2026-07-03T04:20:00+08:00,1,evt-wl-0628-2,166.438,m,valid,simulator,
DAM-A-WL-01,2026-07-03T04:25:00+08:00,1,evt-wl-0629-0,166.297,m,valid,simulator,
DAM-A-WL-02,2026-07-03T04:25:00+08:00,1,evt-wl-0629-1,166.392,m,valid,simulator,
DAM-A-WL-03,2026-07-03T04:25:00+08:00,1,evt-wl-0629-2,166.47,m,valid,simulator,
DAM-A-WL-01,2026-07-03T04:30:00+08:00,1,evt-wl-0630-0,166.299,m,valid,simulator,
DAM-A-WL-02,2026-07-03T04:30:00+08:00,1,evt-wl-0630-1,166.388,m,valid,simulator,
DAM-A-WL-03,2026-07-03T04:30:00+08:00,1,evt-wl-0630-2,166.476,m,valid,simulator,
DAM-A-WL-01,2026-07-03T04:35:00+08:00,1,evt-wl-0631-0,166.324,m,valid,simulator,
DAM-A-WL-02,2026-07-03T04:35:00+08:00,1,evt-wl-0631-1,166.413,m,valid,simulator,
DAM-A-WL-03,2026-07-03T04:35:00+08:00,1,evt-wl-0631-2,166.482,m,valid,simulator,
DAM-A-WL-01,2026-07-03T04:40:00+08:00,1,evt-wl-0632-0,166.321,m,valid,simulator,
DAM-A-WL-02,2026-07-03T04:40:00+08:00,1,evt-wl-0632-1,166.421,m,valid,simulator,
DAM-A-WL-03,2026-07-03T04:40:00+08:00,1,evt-wl-0632-2,166.5,m,valid,simulator,
DAM-A-WL-01,2026-07-03T04:45:00+08:00,1,evt-wl-0633-0,166.353,m,valid,simulator,
DAM-A-WL-02,2026-07-03T04:45:00+08:00,1,evt-wl-0633-1,166.428,m,valid,simulator,
DAM-A-WL-03,2026-07-03T04:45:00+08:00,1,evt-wl-0633-2,166.515,m,valid,simulator,
DAM-A-WL-01,2026-07-03T04:50:00+08:00,1,evt-wl-0634-0,166.351,m,valid,simulator,
DAM-A-WL-02,2026-07-03T04:50:00+08:00,1,evt-wl-0634-1,166.426,m,valid,simulator,
DAM-A-WL-03,2026-07-03T04:50:00+08:00,1,evt-wl-0634-2,166.528,m,valid,simulator,
DAM-A-WL-01,2026-07-03T04:55:00+08:00,1,evt-wl-0635-0,166.379,m,valid,simulator,
DAM-A-WL-02,2026-07-03T04:55:00+08:00,1,evt-wl-0635-1,166.449,m,valid,simulator,
DAM-A-WL-03,2026-07-03T04:55:00+08:00,1,evt-wl-0635-2,166.524,m,valid,simulator,
DAM-A-WL-01,2026-07-03T05:00:00+08:00,1,evt-wl-0636-0,166.378,m,valid,simulator,
DAM-A-WL-02,2026-07-03T05:00:00+08:00,1,evt-wl-0636-1,166.444,m,valid,simulator,
DAM-A-WL-03,2026-07-03T05:00:00+08:00,1,evt-wl-0636-2,166.548,m,valid,simulator,
DAM-A-WL-01,2026-07-03T05:05:00+08:00,1,evt-wl-0637-0,166.376,m,valid,simulator,
DAM-A-WL-02,2026-07-03T05:05:00+08:00,1,evt-wl-0637-1,166.459,m,valid,simulator,
DAM-A-WL-03,2026-07-03T05:05:00+08:00,1,evt-wl-0637-2,166.536,m,valid,simulator,
DAM-A-WL-01,2026-07-03T05:10:00+08:00,1,evt-wl-0638-0,166.402,m,valid,simulator,
DAM-A-WL-02,2026-07-03T05:10:00+08:00,1,evt-wl-0638-1,166.485,m,valid,simulator,
DAM-A-WL-03,2026-07-03T05:10:00+08:00,1,evt-wl-0638-2,166.561,m,valid,simulator,
DAM-A-WL-01,2026-07-03T05:15:00+08:00,1,evt-wl-0639-0,166.399,m,valid,simulator,
DAM-A-WL-02,2026-07-03T05:15:00+08:00,1,evt-wl-0639-1,166.495,m,valid,simulator,
DAM-A-WL-03,2026-07-03T05:15:00+08:00,1,evt-wl-0639-2,166.574,m,valid,simulator,
DAM-A-WL-01,2026-07-03T05:20:00+08:00,1,evt-wl-0640-0,166.425,m,valid,simulator,
DAM-A-WL-02,2026-07-03T05:20:00+08:00,1,evt-wl-0640-1,166.497,m,valid,simulator,
DAM-A-WL-03,2026-07-03T05:20:00+08:00,1,evt-wl-0640-2,166.588,m,valid,simulator,
DAM-A-WL-01,2026-07-03T05:25:00+08:00,1,evt-wl-0641-0,166.427,m,valid,simulator,
DAM-A-WL-02,2026-07-03T05:25:00+08:00,1,evt-wl-0641-1,166.505,m,valid,simulator,
DAM-A-WL-03,2026-07-03T05:25:00+08:00,1,evt-wl-0641-2,166.577,m,valid,simulator,
DAM-A-WL-01,2026-07-03T05:30:00+08:00,1,evt-wl-0642-0,166.434,m,valid,simulator,
DAM-A-WL-02,2026-07-03T05:30:00+08:00,1,evt-wl-0642-1,166.515,m,valid,simulator,
DAM-A-WL-03,2026-07-03T05:30:00+08:00,1,evt-wl-0642-2,166.605,m,valid,simulator,
DAM-A-WL-01,2026-07-03T05:35:00+08:00,1,evt-wl-0643-0,166.44,m,valid,simulator,
DAM-A-WL-02,2026-07-03T05:35:00+08:00,1,evt-wl-0643-1,166.531,m,valid,simulator,
DAM-A-WL-03,2026-07-03T05:35:00+08:00,1,evt-wl-0643-2,166.595,m,valid,simulator,
DAM-A-WL-01,2026-07-03T05:40:00+08:00,1,evt-wl-0644-0,166.454,m,valid,simulator,
DAM-A-WL-02,2026-07-03T05:40:00+08:00,1,evt-wl-0644-1,166.544,m,valid,simulator,
DAM-A-WL-03,2026-07-03T05:40:00+08:00,1,evt-wl-0644-2,166.615,m,valid,simulator,
DAM-A-WL-01,2026-07-03T05:45:00+08:00,1,evt-wl-0645-0,166.471,m,valid,simulator,
DAM-A-WL-02,2026-07-03T05:45:00+08:00,1,evt-wl-0645-1,166.544,m,valid,simulator,
DAM-A-WL-03,2026-07-03T05:45:00+08:00,1,evt-wl-0645-2,166.62,m,valid,simulator,
DAM-A-WL-01,2026-07-03T05:50:00+08:00,1,evt-wl-0646-0,166.468,m,valid,simulator,
DAM-A-WL-02,2026-07-03T05:50:00+08:00,1,evt-wl-0646-1,166.557,m,valid,simulator,
DAM-A-WL-03,2026-07-03T05:50:00+08:00,1,evt-wl-0646-2,166.637,m,valid,simulator,
DAM-A-WL-01,2026-07-03T05:55:00+08:00,1,evt-wl-0647-0,166.495,m,valid,simulator,
DAM-A-WL-02,2026-07-03T05:55:00+08:00,1,evt-wl-0647-1,166.569,m,valid,simulator,
DAM-A-WL-03,2026-07-03T05:55:00+08:00,1,evt-wl-0647-2,166.632,m,valid,simulator,
DAM-A-WL-01,2026-07-03T06:00:00+08:00,1,evt-wl-0648-0,166.497,m,valid,simulator,
DAM-A-WL-02,2026-07-03T06:00:00+08:00,1,evt-wl-0648-1,166.574,m,valid,simulator,
DAM-A-WL-03,2026-07-03T06:00:00+08:00,1,evt-wl-0648-2,166.661,m,valid,simulator,
DAM-A-WL-01,2026-07-03T06:05:00+08:00,1,evt-wl-0649-0,166.503,m,valid,simulator,
DAM-A-WL-02,2026-07-03T06:05:00+08:00,1,evt-wl-0649-1,166.59,m,valid,simulator,
DAM-A-WL-03,2026-07-03T06:05:00+08:00,1,evt-wl-0649-2,166.65,m,valid,simulator,
DAM-A-WL-01,2026-07-03T06:10:00+08:00,1,evt-wl-0650-0,166.517,m,valid,simulator,
DAM-A-WL-02,2026-07-03T06:10:00+08:00,1,evt-wl-0650-1,166.58,m,valid,simulator,
DAM-A-WL-03,2026-07-03T06:10:00+08:00,1,evt-wl-0650-2,166.657,m,valid,simulator,
DAM-A-WL-01,2026-07-03T06:15:00+08:00,1,evt-wl-0651-0,166.509,m,valid,simulator,
DAM-A-WL-02,2026-07-03T06:15:00+08:00,1,evt-wl-0651-1,166.61,m,valid,simulator,
DAM-A-WL-03,2026-07-03T06:15:00+08:00,1,evt-wl-0651-2,166.665,m,valid,simulator,
DAM-A-WL-01,2026-07-03T06:20:00+08:00,1,evt-wl-0652-0,166.517,m,valid,simulator,
DAM-A-WL-02,2026-07-03T06:20:00+08:00,1,evt-wl-0652-1,166.605,m,valid,simulator,
DAM-A-WL-03,2026-07-03T06:20:00+08:00,1,evt-wl-0652-2,166.698,m,valid,simulator,
DAM-A-WL-01,2026-07-03T06:25:00+08:00,1,evt-wl-0653-0,166.53,m,valid,simulator,
DAM-A-WL-02,2026-07-03T06:25:00+08:00,1,evt-wl-0653-1,166.63,m,valid,simulator,
DAM-A-WL-03,2026-07-03T06:25:00+08:00,1,evt-wl-0653-2,166.693,m,valid,simulator,
DAM-A-WL-01,2026-07-03T06:30:00+08:00,1,evt-wl-0654-0,166.541,m,valid,simulator,
DAM-A-WL-02,2026-07-03T06:30:00+08:00,1,evt-wl-0654-1,166.622,m,valid,simulator,
DAM-A-WL-03,2026-07-03T06:30:00+08:00,1,evt-wl-0654-2,166.697,m,valid,simulator,
DAM-A-WL-01,2026-07-03T06:35:00+08:00,1,evt-wl-0655-0,166.546,m,valid,simulator,
DAM-A-WL-02,2026-07-03T06:35:00+08:00,1,evt-wl-0655-1,166.636,m,valid,simulator,
DAM-A-WL-03,2026-07-03T06:35:00+08:00,1,evt-wl-0655-2,166.7,m,valid,simulator,
DAM-A-WL-01,2026-07-03T06:40:00+08:00,1,evt-wl-0656-0,166.55,m,valid,simulator,
DAM-A-WL-02,2026-07-03T06:40:00+08:00,1,evt-wl-0656-1,166.633,m,valid,simulator,
DAM-A-WL-03,2026-07-03T06:40:00+08:00,1,evt-wl-0656-2,166.72,m,valid,simulator,
DAM-A-WL-01,2026-07-03T06:45:00+08:00,1,evt-wl-0657-0,166.556,m,valid,simulator,
DAM-A-WL-02,2026-07-03T06:45:00+08:00,1,evt-wl-0657-1,166.648,m,valid,simulator,
DAM-A-WL-03,2026-07-03T06:45:00+08:00,1,evt-wl-0657-2,166.717,m,valid,simulator,
DAM-A-WL-01,2026-07-03T06:50:00+08:00,1,evt-wl-0658-0,166.561,m,valid,simulator,
DAM-A-WL-02,2026-07-03T06:50:00+08:00,1,evt-wl-0658-1,166.662,m,valid,simulator,
DAM-A-WL-03,2026-07-03T06:50:00+08:00,1,evt-wl-0658-2,166.744,m,valid,simulator,
DAM-A-WL-01,2026-07-03T06:55:00+08:00,1,evt-wl-0659-0,166.573,m,valid,simulator,
DAM-A-WL-02,2026-07-03T06:55:00+08:00,1,evt-wl-0659-1,166.678,m,valid,simulator,
DAM-A-WL-03,2026-07-03T06:55:00+08:00,1,evt-wl-0659-2,166.752,m,valid,simulator,
DAM-A-WL-01,2026-07-03T07:00:00+08:00,1,evt-wl-0660-0,166.587,m,valid,simulator,
DAM-A-WL-02,2026-07-03T07:00:00+08:00,1,evt-wl-0660-1,166.665,m,valid,simulator,
DAM-A-WL-03,2026-07-03T07:00:00+08:00,1,evt-wl-0660-2,166.748,m,valid,simulator,
DAM-A-WL-01,2026-07-03T07:05:00+08:00,1,evt-wl-0661-0,166.607,m,valid,simulator,
DAM-A-WL-02,2026-07-03T07:05:00+08:00,1,evt-wl-0661-1,166.689,m,valid,simulator,
DAM-A-WL-03,2026-07-03T07:05:00+08:00,1,evt-wl-0661-2,166.76,m,valid,simulator,
DAM-A-WL-01,2026-07-03T07:10:00+08:00,1,evt-wl-0662-0,166.611,m,valid,simulator,
DAM-A-WL-02,2026-07-03T07:10:00+08:00,1,evt-wl-0662-1,166.674,m,valid,simulator,
DAM-A-WL-03,2026-07-03T07:10:00+08:00,1,evt-wl-0662-2,166.767,m,valid,simulator,
DAM-A-WL-01,2026-07-03T07:15:00+08:00,1,evt-wl-0663-0,166.6,m,valid,simulator,
DAM-A-WL-02,2026-07-03T07:15:00+08:00,1,evt-wl-0663-1,166.684,m,valid,simulator,
DAM-A-WL-03,2026-07-03T07:15:00+08:00,1,evt-wl-0663-2,166.771,m,valid,simulator,
DAM-A-WL-01,2026-07-03T07:20:00+08:00,1,evt-wl-0664-0,166.631,m,valid,simulator,
DAM-A-WL-02,2026-07-03T07:20:00+08:00,1,evt-wl-0664-1,166.707,m,valid,simulator,
DAM-A-WL-03,2026-07-03T07:20:00+08:00,1,evt-wl-0664-2,166.769,m,valid,simulator,
DAM-A-WL-01,2026-07-03T07:25:00+08:00,1,evt-wl-0665-0,166.641,m,valid,simulator,
DAM-A-WL-02,2026-07-03T07:25:00+08:00,1,evt-wl-0665-1,166.709,m,valid,simulator,
DAM-A-WL-03,2026-07-03T07:25:00+08:00,1,evt-wl-0665-2,166.788,m,valid,simulator,
DAM-A-WL-01,2026-07-03T07:30:00+08:00,1,evt-wl-0666-0,166.626,m,valid,simulator,
DAM-A-WL-02,2026-07-03T07:30:00+08:00,1,evt-wl-0666-1,166.715,m,valid,simulator,
DAM-A-WL-03,2026-07-03T07:30:00+08:00,1,evt-wl-0666-2,166.78,m,valid,simulator,
DAM-A-WL-01,2026-07-03T07:35:00+08:00,1,evt-wl-0667-0,166.638,m,valid,simulator,
DAM-A-WL-02,2026-07-03T07:35:00+08:00,1,evt-wl-0667-1,166.706,m,valid,simulator,
DAM-A-WL-03,2026-07-03T07:35:00+08:00,1,evt-wl-0667-2,166.788,m,valid,simulator,
DAM-A-WL-01,2026-07-03T07:40:00+08:00,1,evt-wl-0668-0,166.648,m,valid,simulator,
DAM-A-WL-02,2026-07-03T07:40:00+08:00,1,evt-wl-0668-1,166.72,m,valid,simulator,
DAM-A-WL-03,2026-07-03T07:40:00+08:00,1,evt-wl-0668-2,166.799,m,valid,simulator,
DAM-A-WL-01,2026-07-03T07:45:00+08:00,1,evt-wl-0669-0,166.647,m,valid,simulator,
DAM-A-WL-02,2026-07-03T07:45:00+08:00,1,evt-wl-0669-1,166.718,m,valid,simulator,
DAM-A-WL-03,2026-07-03T07:45:00+08:00,1,evt-wl-0669-2,166.802,m,valid,simulator,
DAM-A-WL-01,2026-07-03T07:50:00+08:00,1,evt-wl-0670-0,166.657,m,valid,simulator,
DAM-A-WL-02,2026-07-03T07:50:00+08:00,1,evt-wl-0670-1,166.735,m,valid,simulator,
DAM-A-WL-03,2026-07-03T07:50:00+08:00,1,evt-wl-0670-2,166.815,m,valid,simulator,
DAM-A-WL-01,2026-07-03T07:55:00+08:00,1,evt-wl-0671-0,166.654,m,valid,simulator,
DAM-A-WL-02,2026-07-03T07:55:00+08:00,1,evt-wl-0671-1,166.76,m,valid,simulator,
DAM-A-WL-03,2026-07-03T07:55:00+08:00,1,evt-wl-0671-2,166.829,m,valid,simulator,
DAM-A-WL-01,2026-07-03T08:00:00+08:00,1,evt-wl-0672-0,166.668,m,valid,simulator,
DAM-A-WL-02,2026-07-03T08:00:00+08:00,1,evt-wl-0672-1,166.759,m,valid,simulator,
DAM-A-WL-03,2026-07-03T08:00:00+08:00,1,evt-wl-0672-2,166.818,m,valid,simulator,
DAM-A-WL-01,2026-07-03T08:05:00+08:00,1,evt-wl-0673-0,166.676,m,valid,simulator,
DAM-A-WL-02,2026-07-03T08:05:00+08:00,1,evt-wl-0673-1,166.751,m,valid,simulator,
DAM-A-WL-03,2026-07-03T08:05:00+08:00,1,evt-wl-0673-2,166.843,m,valid,simulator,
DAM-A-WL-01,2026-07-03T08:10:00+08:00,1,evt-wl-0674-0,166.68,m,valid,simulator,
DAM-A-WL-02,2026-07-03T08:10:00+08:00,1,evt-wl-0674-1,166.762,m,valid,simulator,
DAM-A-WL-03,2026-07-03T08:10:00+08:00,1,evt-wl-0674-2,166.85,m,valid,simulator,
DAM-A-WL-01,2026-07-03T08:15:00+08:00,1,evt-wl-0675-0,166.695,m,valid,simulator,
DAM-A-WL-02,2026-07-03T08:15:00+08:00,1,evt-wl-0675-1,166.768,m,valid,simulator,
DAM-A-WL-03,2026-07-03T08:15:00+08:00,1,evt-wl-0675-2,166.847,m,valid,simulator,
DAM-A-WL-01,2026-07-03T08:20:00+08:00,1,evt-wl-0676-0,166.704,m,valid,simulator,
DAM-A-WL-02,2026-07-03T08:20:00+08:00,1,evt-wl-0676-1,166.779,m,valid,simulator,
DAM-A-WL-03,2026-07-03T08:20:00+08:00,1,evt-wl-0676-2,166.841,m,valid,simulator,
DAM-A-WL-01,2026-07-03T08:25:00+08:00,1,evt-wl-0677-0,166.705,m,valid,simulator,
DAM-A-WL-02,2026-07-03T08:25:00+08:00,1,evt-wl-0677-1,166.767,m,valid,simulator,
DAM-A-WL-03,2026-07-03T08:25:00+08:00,1,evt-wl-0677-2,166.848,m,valid,simulator,
DAM-A-WL-01,2026-07-03T08:30:00+08:00,1,evt-wl-0678-0,166.703,m,valid,simulator,
DAM-A-WL-02,2026-07-03T08:30:00+08:00,1,evt-wl-0678-1,166.777,m,valid,simulator,
DAM-A-WL-03,2026-07-03T08:30:00+08:00,1,evt-wl-0678-2,166.877,m,valid,simulator,
DAM-A-WL-01,2026-07-03T08:35:00+08:00,1,evt-wl-0679-0,166.697,m,valid,simulator,
DAM-A-WL-02,2026-07-03T08:35:00+08:00,1,evt-wl-0679-1,166.8,m,valid,simulator,
DAM-A-WL-03,2026-07-03T08:35:00+08:00,1,evt-wl-0679-2,166.861,m,valid,simulator,
DAM-A-WL-01,2026-07-03T08:40:00+08:00,1,evt-wl-0680-0,166.726,m,valid,simulator,
DAM-A-WL-02,2026-07-03T08:40:00+08:00,1,evt-wl-0680-1,166.787,m,valid,simulator,
DAM-A-WL-03,2026-07-03T08:40:00+08:00,1,evt-wl-0680-2,166.865,m,valid,simulator,
DAM-A-WL-01,2026-07-03T08:45:00+08:00,1,evt-wl-0681-0,166.729,m,valid,simulator,
DAM-A-WL-02,2026-07-03T08:45:00+08:00,1,evt-wl-0681-1,166.787,m,valid,simulator,
DAM-A-WL-03,2026-07-03T08:45:00+08:00,1,evt-wl-0681-2,166.879,m,valid,simulator,
DAM-A-WL-01,2026-07-03T08:50:00+08:00,1,evt-wl-0682-0,166.709,m,valid,simulator,
DAM-A-WL-02,2026-07-03T08:50:00+08:00,1,evt-wl-0682-1,166.811,m,valid,simulator,
DAM-A-WL-03,2026-07-03T08:50:00+08:00,1,evt-wl-0682-2,166.876,m,valid,simulator,
DAM-A-WL-01,2026-07-03T08:55:00+08:00,1,evt-wl-0683-0,166.729,m,valid,simulator,
DAM-A-WL-02,2026-07-03T08:55:00+08:00,1,evt-wl-0683-1,166.797,m,valid,simulator,
DAM-A-WL-03,2026-07-03T08:55:00+08:00,1,evt-wl-0683-2,166.899,m,valid,simulator,
DAM-A-WL-01,2026-07-03T09:00:00+08:00,1,evt-wl-0684-0,166.728,m,valid,simulator,
DAM-A-WL-02,2026-07-03T09:00:00+08:00,1,evt-wl-0684-1,166.816,m,valid,simulator,
DAM-A-WL-03,2026-07-03T09:00:00+08:00,1,evt-wl-0684-2,166.898,m,valid,simulator,
DAM-A-WL-01,2026-07-03T09:05:00+08:00,1,evt-wl-0685-0,166.734,m,valid,simulator,
DAM-A-WL-02,2026-07-03T09:05:00+08:00,1,evt-wl-0685-1,166.822,m,valid,simulator,
DAM-A-WL-03,2026-07-03T09:05:00+08:00,1,evt-wl-0685-2,166.911,m,valid,simulator,
DAM-A-WL-01,2026-07-03T09:10:00+08:00,1,evt-wl-0686-0,166.749,m,valid,simulator,
DAM-A-WL-02,2026-07-03T09:10:00+08:00,1,evt-wl-0686-1,166.815,m,valid,simulator,
DAM-A-WL-03,2026-07-03T09:10:00+08:00,1,evt-wl-0686-2,166.894,m,valid,simulator,
DAM-A-WL-01,2026-07-03T09:15:00+08:00,1,evt-wl-0687-0,166.739,m,valid,simulator,
DAM-A-WL-02,2026-07-03T09:15:00+08:00,1,evt-wl-0687-1,166.827,m,valid,simulator,
DAM-A-WL-03,2026-07-03T09:15:00+08:00,1,evt-wl-0687-2,166.895,m,valid,simulator,
DAM-A-WL-01,2026-07-03T09:20:00+08:00,1,evt-wl-0688-0,166.759,m,valid,simulator,
DAM-A-WL-02,2026-07-03T09:20:00+08:00,1,evt-wl-0688-1,166.83,m,valid,simulator,
DAM-A-WL-03,2026-07-03T09:20:00+08:00,1,evt-wl-0688-2,166.918,m,valid,simulator,
DAM-A-WL-01,2026-07-03T09:25:00+08:00,1,evt-wl-0689-0,166.741,m,valid,simulator,
DAM-A-WL-02,2026-07-03T09:25:00+08:00,1,evt-wl-0689-1,166.842,m,valid,simulator,
DAM-A-WL-03,2026-07-03T09:25:00+08:00,1,evt-wl-0689-2,166.922,m,valid,simulator,
DAM-A-WL-01,2026-07-03T09:30:00+08:00,1,evt-wl-0690-0,166.749,m,valid,simulator,
DAM-A-WL-02,2026-07-03T09:30:00+08:00,1,evt-wl-0690-1,166.831,m,valid,simulator,
DAM-A-WL-03,2026-07-03T09:30:00+08:00,1,evt-wl-0690-2,166.923,m,valid,simulator,
DAM-A-WL-01,2026-07-03T09:35:00+08:00,1,evt-wl-0691-0,166.77,m,valid,simulator,
DAM-A-WL-02,2026-07-03T09:35:00+08:00,1,evt-wl-0691-1,166.85,m,valid,simulator,
DAM-A-WL-03,2026-07-03T09:35:00+08:00,1,evt-wl-0691-2,166.927,m,valid,simulator,
DAM-A-WL-01,2026-07-03T09:40:00+08:00,1,evt-wl-0692-0,166.774,m,valid,simulator,
DAM-A-WL-02,2026-07-03T09:40:00+08:00,1,evt-wl-0692-1,166.842,m,valid,simulator,
DAM-A-WL-03,2026-07-03T09:40:00+08:00,1,evt-wl-0692-2,166.918,m,valid,simulator,
DAM-A-WL-01,2026-07-03T09:45:00+08:00,1,evt-wl-0693-0,166.749,m,valid,simulator,
DAM-A-WL-02,2026-07-03T09:45:00+08:00,1,evt-wl-0693-1,166.845,m,valid,simulator,
DAM-A-WL-03,2026-07-03T09:45:00+08:00,1,evt-wl-0693-2,166.928,m,valid,simulator,
DAM-A-WL-01,2026-07-03T09:50:00+08:00,1,evt-wl-0694-0,166.765,m,valid,simulator,
DAM-A-WL-02,2026-07-03T09:50:00+08:00,1,evt-wl-0694-1,166.849,m,valid,simulator,
DAM-A-WL-03,2026-07-03T09:50:00+08:00,1,evt-wl-0694-2,166.938,m,valid,simulator,
DAM-A-WL-01,2026-07-03T09:55:00+08:00,1,evt-wl-0695-0,166.783,m,valid,simulator,
DAM-A-WL-02,2026-07-03T09:55:00+08:00,1,evt-wl-0695-1,166.862,m,valid,simulator,
DAM-A-WL-03,2026-07-03T09:55:00+08:00,1,evt-wl-0695-2,166.933,m,valid,simulator,
DAM-A-WL-01,2026-07-03T10:00:00+08:00,1,evt-wl-0696-0,166.771,m,valid,simulator,
DAM-A-WL-02,2026-07-03T10:00:00+08:00,1,evt-wl-0696-1,166.854,m,valid,simulator,
DAM-A-WL-03,2026-07-03T10:00:00+08:00,1,evt-wl-0696-2,166.918,m,valid,simulator,
DAM-A-WL-01,2026-07-03T10:05:00+08:00,1,evt-wl-0697-0,166.786,m,valid,simulator,
DAM-A-WL-02,2026-07-03T10:05:00+08:00,1,evt-wl-0697-1,166.864,m,valid,simulator,
DAM-A-WL-03,2026-07-03T10:05:00+08:00,1,evt-wl-0697-2,166.925,m,valid,simulator,
DAM-A-WL-01,2026-07-03T10:10:00+08:00,1,evt-wl-0698-0,166.786,m,valid,simulator,
DAM-A-WL-02,2026-07-03T10:10:00+08:00,1,evt-wl-0698-1,166.854,m,valid,simulator,
DAM-A-WL-03,2026-07-03T10:10:00+08:00,1,evt-wl-0698-2,166.944,m,valid,simulator,
DAM-A-WL-01,2026-07-03T10:15:00+08:00,1,evt-wl-0699-0,166.783,m,valid,simulator,
DAM-A-WL-02,2026-07-03T10:15:00+08:00,1,evt-wl-0699-1,166.863,m,valid,simulator,
DAM-A-WL-03,2026-07-03T10:15:00+08:00,1,evt-wl-0699-2,166.938,m,valid,simulator,
DAM-A-WL-01,2026-07-03T10:20:00+08:00,1,evt-wl-0700-0,166.792,m,valid,simulator,
DAM-A-WL-02,2026-07-03T10:20:00+08:00,1,evt-wl-0700-1,166.861,m,valid,simulator,
DAM-A-WL-03,2026-07-03T10:20:00+08:00,1,evt-wl-0700-2,166.942,m,valid,simulator,
DAM-A-WL-01,2026-07-03T10:25:00+08:00,1,evt-wl-0701-0,166.787,m,valid,simulator,
DAM-A-WL-02,2026-07-03T10:25:00+08:00,1,evt-wl-0701-1,166.872,m,valid,simulator,
DAM-A-WL-03,2026-07-03T10:25:00+08:00,1,evt-wl-0701-2,166.95,m,valid,simulator,
DAM-A-WL-01,2026-07-03T10:30:00+08:00,1,evt-wl-0702-0,166.781,m,valid,simulator,
DAM-A-WL-02,2026-07-03T10:30:00+08:00,1,evt-wl-0702-1,166.857,m,valid,simulator,
DAM-A-WL-03,2026-07-03T10:30:00+08:00,1,evt-wl-0702-2,166.931,m,valid,simulator,
DAM-A-WL-01,2026-07-03T10:35:00+08:00,1,evt-wl-0703-0,166.784,m,valid,simulator,
DAM-A-WL-02,2026-07-03T10:35:00+08:00,1,evt-wl-0703-1,166.879,m,valid,simulator,
DAM-A-WL-03,2026-07-03T10:35:00+08:00,1,evt-wl-0703-2,166.952,m,valid,simulator,
DAM-A-WL-01,2026-07-03T10:40:00+08:00,1,evt-wl-0704-0,166.795,m,valid,simulator,
DAM-A-WL-02,2026-07-03T10:40:00+08:00,1,evt-wl-0704-1,166.858,m,valid,simulator,
DAM-A-WL-03,2026-07-03T10:40:00+08:00,1,evt-wl-0704-2,166.949,m,valid,simulator,
DAM-A-WL-01,2026-07-03T10:45:00+08:00,1,evt-wl-0705-0,166.788,m,valid,simulator,
DAM-A-WL-02,2026-07-03T10:45:00+08:00,1,evt-wl-0705-1,166.863,m,valid,simulator,
DAM-A-WL-03,2026-07-03T10:45:00+08:00,1,evt-wl-0705-2,166.96,m,valid,simulator,
DAM-A-WL-01,2026-07-03T10:50:00+08:00,1,evt-wl-0706-0,166.791,m,valid,simulator,
DAM-A-WL-02,2026-07-03T10:50:00+08:00,1,evt-wl-0706-1,166.871,m,valid,simulator,
DAM-A-WL-03,2026-07-03T10:50:00+08:00,1,evt-wl-0706-2,166.934,m,valid,simulator,
DAM-A-WL-01,2026-07-03T10:55:00+08:00,1,evt-wl-0707-0,166.796,m,valid,simulator,
DAM-A-WL-02,2026-07-03T10:55:00+08:00,1,evt-wl-0707-1,166.86,m,valid,simulator,
DAM-A-WL-03,2026-07-03T10:55:00+08:00,1,evt-wl-0707-2,166.947,m,valid,simulator,
DAM-A-WL-01,2026-07-03T11:00:00+08:00,1,evt-wl-0708-0,166.805,m,valid,simulator,
DAM-A-WL-02,2026-07-03T11:00:00+08:00,1,evt-wl-0708-1,166.866,m,valid,simulator,
DAM-A-WL-03,2026-07-03T11:00:00+08:00,1,evt-wl-0708-2,166.957,m,valid,simulator,
DAM-A-WL-01,2026-07-03T11:05:00+08:00,1,evt-wl-0709-0,166.791,m,valid,simulator,
DAM-A-WL-02,2026-07-03T11:05:00+08:00,1,evt-wl-0709-1,166.86,m,valid,simulator,
DAM-A-WL-03,2026-07-03T11:05:00+08:00,1,evt-wl-0709-2,166.94,m,valid,simulator,
DAM-A-WL-01,2026-07-03T11:10:00+08:00,1,evt-wl-0710-0,166.802,m,valid,simulator,
DAM-A-WL-02,2026-07-03T11:10:00+08:00,1,evt-wl-0710-1,166.886,m,valid,simulator,
DAM-A-WL-03,2026-07-03T11:10:00+08:00,1,evt-wl-0710-2,166.944,m,valid,simulator,
DAM-A-WL-01,2026-07-03T11:15:00+08:00,1,evt-wl-0711-0,166.795,m,valid,simulator,
DAM-A-WL-02,2026-07-03T11:15:00+08:00,1,evt-wl-0711-1,166.875,m,valid,simulator,
DAM-A-WL-03,2026-07-03T11:15:00+08:00,1,evt-wl-0711-2,166.943,m,valid,simulator,
DAM-A-WL-01,2026-07-03T11:20:00+08:00,1,evt-wl-0712-0,166.778,m,valid,simulator,
DAM-A-WL-02,2026-07-03T11:20:00+08:00,1,evt-wl-0712-1,166.874,m,valid,simulator,
DAM-A-WL-03,2026-07-03T11:20:00+08:00,1,evt-wl-0712-2,166.939,m,valid,simulator,
DAM-A-WL-01,2026-07-03T11:25:00+08:00,1,evt-wl-0713-0,166.78,m,valid,simulator,
DAM-A-WL-02,2026-07-03T11:25:00+08:00,1,evt-wl-0713-1,166.865,m,valid,simulator,
DAM-A-WL-03,2026-07-03T11:25:00+08:00,1,evt-wl-0713-2,166.939,m,valid,simulator,
DAM-A-WL-01,2026-07-03T11:30:00+08:00,1,evt-wl-0714-0,166.785,m,valid,simulator,
DAM-A-WL-02,2026-07-03T11:30:00+08:00,1,evt-wl-0714-1,166.862,m,valid,simulator,
DAM-A-WL-03,2026-07-03T11:30:00+08:00,1,evt-wl-0714-2,166.949,m,valid,simulator,
DAM-A-WL-01,2026-07-03T11:35:00+08:00,1,evt-wl-0715-0,166.791,m,valid,simulator,
DAM-A-WL-02,2026-07-03T11:35:00+08:00,1,evt-wl-0715-1,166.858,m,valid,simulator,
DAM-A-WL-03,2026-07-03T11:35:00+08:00,1,evt-wl-0715-2,166.945,m,valid,simulator,
DAM-A-WL-01,2026-07-03T11:40:00+08:00,1,evt-wl-0716-0,166.778,m,valid,simulator,
DAM-A-WL-02,2026-07-03T11:40:00+08:00,1,evt-wl-0716-1,166.865,m,valid,simulator,
DAM-A-WL-03,2026-07-03T11:40:00+08:00,1,evt-wl-0716-2,166.951,m,valid,simulator,
DAM-A-WL-01,2026-07-03T11:45:00+08:00,1,evt-wl-0717-0,166.783,m,valid,simulator,
DAM-A-WL-02,2026-07-03T11:45:00+08:00,1,evt-wl-0717-1,166.885,m,valid,simulator,
DAM-A-WL-03,2026-07-03T11:45:00+08:00,1,evt-wl-0717-2,166.96,m,valid,simulator,
DAM-A-WL-01,2026-07-03T11:50:00+08:00,1,evt-wl-0718-0,166.796,m,valid,simulator,
DAM-A-WL-02,2026-07-03T11:50:00+08:00,1,evt-wl-0718-1,166.874,m,valid,simulator,
DAM-A-WL-03,2026-07-03T11:50:00+08:00,1,evt-wl-0718-2,166.951,m,valid,simulator,
DAM-A-WL-01,2026-07-03T11:55:00+08:00,1,evt-wl-0719-0,166.793,m,valid,simulator,
DAM-A-WL-02,2026-07-03T11:55:00+08:00,1,evt-wl-0719-1,166.877,m,valid,simulator,
DAM-A-WL-03,2026-07-03T11:55:00+08:00,1,evt-wl-0719-2,166.951,m,valid,simulator,
DAM-A-WL-01,2026-07-03T12:00:00+08:00,1,evt-wl-0720-0,166.79,m,valid,simulator,
DAM-A-WL-02,2026-07-03T12:00:00+08:00,1,evt-wl-0720-1,166.872,m,valid,simulator,
DAM-A-WL-03,2026-07-03T12:00:00+08:00,1,evt-wl-0720-2,166.939,m,valid,simulator,
DAM-A-WL-01,2026-07-03T12:05:00+08:00,1,evt-wl-0721-0,166.787,m,valid,simulator,
DAM-A-WL-02,2026-07-03T12:05:00+08:00,1,evt-wl-0721-1,166.87,m,valid,simulator,
DAM-A-WL-03,2026-07-03T12:05:00+08:00,1,evt-wl-0721-2,166.942,m,valid,simulator,
DAM-A-WL-01,2026-07-03T12:10:00+08:00,1,evt-wl-0722-0,166.795,m,valid,simulator,
DAM-A-WL-02,2026-07-03T12:10:00+08:00,1,evt-wl-0722-1,166.871,m,valid,simulator,
DAM-A-WL-03,2026-07-03T12:10:00+08:00,1,evt-wl-0722-2,166.958,m,valid,simulator,
DAM-A-WL-01,2026-07-03T12:15:00+08:00,1,evt-wl-0723-0,166.778,m,valid,simulator,
DAM-A-WL-02,2026-07-03T12:15:00+08:00,1,evt-wl-0723-1,166.858,m,valid,simulator,
DAM-A-WL-03,2026-07-03T12:15:00+08:00,1,evt-wl-0723-2,166.94,m,valid,simulator,
DAM-A-WL-01,2026-07-03T12:20:00+08:00,1,evt-wl-0724-0,166.784,m,valid,simulator,
DAM-A-WL-02,2026-07-03T12:20:00+08:00,1,evt-wl-0724-1,166.873,m,valid,simulator,
DAM-A-WL-03,2026-07-03T12:20:00+08:00,1,evt-wl-0724-2,166.956,m,valid,simulator,
DAM-A-WL-01,2026-07-03T12:25:00+08:00,1,evt-wl-0725-0,166.788,m,valid,simulator,
DAM-A-WL-02,2026-07-03T12:25:00+08:00,1,evt-wl-0725-1,166.854,m,valid,simulator,
DAM-A-WL-03,2026-07-03T12:25:00+08:00,1,evt-wl-0725-2,166.929,m,valid,simulator,
DAM-A-WL-01,2026-07-03T12:30:00+08:00,1,evt-wl-0726-0,166.79,m,valid,simulator,
DAM-A-WL-02,2026-07-03T12:30:00+08:00,1,evt-wl-0726-1,166.854,m,valid,simulator,
DAM-A-WL-03,2026-07-03T12:30:00+08:00,1,evt-wl-0726-2,166.937,m,valid,simulator,
DAM-A-WL-01,2026-07-03T12:35:00+08:00,1,evt-wl-0727-0,166.773,m,valid,simulator,
DAM-A-WL-02,2026-07-03T12:35:00+08:00,1,evt-wl-0727-1,166.861,m,valid,simulator,
DAM-A-WL-03,2026-07-03T12:35:00+08:00,1,evt-wl-0727-2,166.923,m,valid,simulator,
DAM-A-WL-01,2026-07-03T12:40:00+08:00,1,evt-wl-0728-0,166.785,m,valid,simulator,
DAM-A-WL-02,2026-07-03T12:40:00+08:00,1,evt-wl-0728-1,166.861,m,valid,simulator,
DAM-A-WL-03,2026-07-03T12:40:00+08:00,1,evt-wl-0728-2,166.934,m,valid,simulator,
DAM-A-WL-01,2026-07-03T12:45:00+08:00,1,evt-wl-0729-0,166.784,m,valid,simulator,
DAM-A-WL-02,2026-07-03T12:45:00+08:00,1,evt-wl-0729-1,166.839,m,valid,simulator,
DAM-A-WL-03,2026-07-03T12:45:00+08:00,1,evt-wl-0729-2,166.928,m,valid,simulator,
DAM-A-WL-01,2026-07-03T12:50:00+08:00,1,evt-wl-0730-0,166.768,m,valid,simulator,
DAM-A-WL-02,2026-07-03T12:50:00+08:00,1,evt-wl-0730-1,166.853,m,valid,simulator,
DAM-A-WL-03,2026-07-03T12:50:00+08:00,1,evt-wl-0730-2,166.924,m,valid,simulator,
DAM-A-WL-01,2026-07-03T12:55:00+08:00,1,evt-wl-0731-0,166.752,m,valid,simulator,
DAM-A-WL-02,2026-07-03T12:55:00+08:00,1,evt-wl-0731-1,166.835,m,valid,simulator,
DAM-A-WL-03,2026-07-03T12:55:00+08:00,1,evt-wl-0731-2,166.939,m,valid,simulator,
DAM-A-WL-01,2026-07-03T13:00:00+08:00,1,evt-wl-0732-0,166.768,m,valid,simulator,
DAM-A-WL-02,2026-07-03T13:00:00+08:00,1,evt-wl-0732-1,166.849,m,valid,simulator,
DAM-A-WL-03,2026-07-03T13:00:00+08:00,1,evt-wl-0732-2,166.927,m,valid,simulator,
DAM-A-WL-01,2026-07-03T13:05:00+08:00,1,evt-wl-0733-0,166.751,m,valid,simulator,
DAM-A-WL-02,2026-07-03T13:05:00+08:00,1,evt-wl-0733-1,166.832,m,valid,simulator,
DAM-A-WL-03,2026-07-03T13:05:00+08:00,1,evt-wl-0733-2,166.907,m,valid,simulator,
DAM-A-WL-01,2026-07-03T13:10:00+08:00,1,evt-wl-0734-0,166.762,m,valid,simulator,
DAM-A-WL-02,2026-07-03T13:10:00+08:00,1,evt-wl-0734-1,166.841,m,valid,simulator,
DAM-A-WL-03,2026-07-03T13:10:00+08:00,1,evt-wl-0734-2,166.931,m,valid,simulator,
DAM-A-WL-01,2026-07-03T13:15:00+08:00,1,evt-wl-0735-0,166.747,m,valid,simulator,
DAM-A-WL-02,2026-07-03T13:15:00+08:00,1,evt-wl-0735-1,166.84,m,valid,simulator,
DAM-A-WL-03,2026-07-03T13:15:00+08:00,1,evt-wl-0735-2,166.91,m,valid,simulator,
DAM-A-WL-01,2026-07-03T13:20:00+08:00,1,evt-wl-0736-0,166.76,m,valid,simulator,
DAM-A-WL-02,2026-07-03T13:20:00+08:00,1,evt-wl-0736-1,166.844,m,valid,simulator,
DAM-A-WL-03,2026-07-03T13:20:00+08:00,1,evt-wl-0736-2,166.912,m,valid,simulator,
DAM-A-WL-01,2026-07-03T13:25:00+08:00,1,evt-wl-0737-0,166.741,m,valid,simulator,
DAM-A-WL-02,2026-07-03T13:25:00+08:00,1,evt-wl-0737-1,166.824,m,valid,simulator,
DAM-A-WL-03,2026-07-03T13:25:00+08:00,1,evt-wl-0737-2,166.919,m,valid,simulator,
DAM-A-WL-01,2026-07-03T13:30:00+08:00,1,evt-wl-0738-0,166.747,m,valid,simulator,
DAM-A-WL-02,2026-07-03T13:30:00+08:00,1,evt-wl-0738-1,166.825,m,valid,simulator,
DAM-A-WL-03,2026-07-03T13:30:00+08:00,1,evt-wl-0738-2,166.911,m,valid,simulator,
DAM-A-WL-01,2026-07-03T13:35:00+08:00,1,evt-wl-0739-0,166.754,m,valid,simulator,
DAM-A-WL-02,2026-07-03T13:35:00+08:00,1,evt-wl-0739-1,166.825,m,valid,simulator,
DAM-A-WL-03,2026-07-03T13:35:00+08:00,1,evt-wl-0739-2,166.911,m,valid,simulator,
DAM-A-WL-01,2026-07-03T13:40:00+08:00,1,evt-wl-0740-0,166.737,m,valid,simulator,
DAM-A-WL-02,2026-07-03T13:40:00+08:00,1,evt-wl-0740-1,166.807,m,valid,simulator,
DAM-A-WL-03,2026-07-03T13:40:00+08:00,1,evt-wl-0740-2,166.901,m,valid,simulator,
DAM-A-WL-01,2026-07-03T13:45:00+08:00,1,evt-wl-0741-0,166.727,m,valid,simulator,
DAM-A-WL-02,2026-07-03T13:45:00+08:00,1,evt-wl-0741-1,166.801,m,valid,simulator,
DAM-A-WL-03,2026-07-03T13:45:00+08:00,1,evt-wl-0741-2,166.887,m,valid,simulator,
DAM-A-WL-01,2026-07-03T13:50:00+08:00,1,evt-wl-0742-0,166.722,m,valid,simulator,
DAM-A-WL-02,2026-07-03T13:50:00+08:00,1,evt-wl-0742-1,166.818,m,valid,simulator,
DAM-A-WL-03,2026-07-03T13:50:00+08:00,1,evt-wl-0742-2,166.897,m,valid,simulator,
DAM-A-WL-01,2026-07-03T13:55:00+08:00,1,evt-wl-0743-0,166.716,m,valid,simulator,
DAM-A-WL-02,2026-07-03T13:55:00+08:00,1,evt-wl-0743-1,166.793,m,valid,simulator,
DAM-A-WL-03,2026-07-03T13:55:00+08:00,1,evt-wl-0743-2,166.872,m,valid,simulator,
DAM-A-WL-01,2026-07-03T14:00:00+08:00,1,evt-wl-0744-0,166.716,m,valid,simulator,
DAM-A-WL-02,2026-07-03T14:00:00+08:00,1,evt-wl-0744-1,166.81,m,valid,simulator,
DAM-A-WL-03,2026-07-03T14:00:00+08:00,1,evt-wl-0744-2,166.879,m,valid,simulator,
DAM-A-WL-01,2026-07-03T14:05:00+08:00,1,evt-wl-0745-0,166.708,m,valid,simulator,
DAM-A-WL-02,2026-07-03T14:05:00+08:00,1,evt-wl-0745-1,166.804,m,valid,simulator,
DAM-A-WL-03,2026-07-03T14:05:00+08:00,1,evt-wl-0745-2,166.864,m,valid,simulator,
DAM-A-WL-01,2026-07-03T14:10:00+08:00,1,evt-wl-0746-0,166.724,m,valid,simulator,
DAM-A-WL-02,2026-07-03T14:10:00+08:00,1,evt-wl-0746-1,166.803,m,valid,simulator,
DAM-A-WL-03,2026-07-03T14:10:00+08:00,1,evt-wl-0746-2,166.858,m,valid,simulator,
DAM-A-WL-01,2026-07-03T14:15:00+08:00,1,evt-wl-0747-0,166.693,m,valid,simulator,
DAM-A-WL-02,2026-07-03T14:15:00+08:00,1,evt-wl-0747-1,166.778,m,valid,simulator,
DAM-A-WL-03,2026-07-03T14:15:00+08:00,1,evt-wl-0747-2,166.877,m,valid,simulator,
DAM-A-WL-01,2026-07-03T14:20:00+08:00,1,evt-wl-0748-0,166.715,m,valid,simulator,
DAM-A-WL-02,2026-07-03T14:20:00+08:00,1,evt-wl-0748-1,166.789,m,valid,simulator,
DAM-A-WL-03,2026-07-03T14:20:00+08:00,1,evt-wl-0748-2,166.874,m,valid,simulator,
DAM-A-WL-01,2026-07-03T14:25:00+08:00,1,evt-wl-0749-0,166.71,m,valid,simulator,
DAM-A-WL-02,2026-07-03T14:25:00+08:00,1,evt-wl-0749-1,166.77,m,valid,simulator,
DAM-A-WL-03,2026-07-03T14:25:00+08:00,1,evt-wl-0749-2,166.848,m,valid,simulator,
DAM-A-WL-01,2026-07-03T14:30:00+08:00,1,evt-wl-0750-0,166.692,m,valid,simulator,
DAM-A-WL-02,2026-07-03T14:30:00+08:00,1,evt-wl-0750-1,166.77,m,valid,simulator,
DAM-A-WL-03,2026-07-03T14:30:00+08:00,1,evt-wl-0750-2,166.836,m,valid,simulator,
DAM-A-WL-01,2026-07-03T14:35:00+08:00,1,evt-wl-0751-0,166.694,m,valid,simulator,
DAM-A-WL-02,2026-07-03T14:35:00+08:00,1,evt-wl-0751-1,166.764,m,valid,simulator,
DAM-A-WL-03,2026-07-03T14:35:00+08:00,1,evt-wl-0751-2,166.846,m,valid,simulator,
DAM-A-WL-01,2026-07-03T14:40:00+08:00,1,evt-wl-0752-0,166.677,m,valid,simulator,
DAM-A-WL-02,2026-07-03T14:40:00+08:00,1,evt-wl-0752-1,166.758,m,valid,simulator,
DAM-A-WL-03,2026-07-03T14:40:00+08:00,1,evt-wl-0752-2,166.852,m,valid,simulator,
DAM-A-WL-01,2026-07-03T14:45:00+08:00,1,evt-wl-0753-0,166.661,m,valid,simulator,
DAM-A-WL-02,2026-07-03T14:45:00+08:00,1,evt-wl-0753-1,166.76,m,valid,simulator,
DAM-A-WL-03,2026-07-03T14:45:00+08:00,1,evt-wl-0753-2,166.841,m,valid,simulator,
DAM-A-WL-01,2026-07-03T14:50:00+08:00,1,evt-wl-0754-0,166.669,m,valid,simulator,
DAM-A-WL-02,2026-07-03T14:50:00+08:00,1,evt-wl-0754-1,166.737,m,valid,simulator,
DAM-A-WL-03,2026-07-03T14:50:00+08:00,1,evt-wl-0754-2,166.831,m,valid,simulator,
DAM-A-WL-01,2026-07-03T14:55:00+08:00,1,evt-wl-0755-0,166.657,m,valid,simulator,
DAM-A-WL-02,2026-07-03T14:55:00+08:00,1,evt-wl-0755-1,166.753,m,valid,simulator,
DAM-A-WL-03,2026-07-03T14:55:00+08:00,1,evt-wl-0755-2,166.832,m,valid,simulator,
DAM-A-WL-01,2026-07-03T15:00:00+08:00,1,evt-wl-0756-0,166.656,m,valid,simulator,
DAM-A-WL-02,2026-07-03T15:00:00+08:00,1,evt-wl-0756-1,166.728,m,valid,simulator,
DAM-A-WL-03,2026-07-03T15:00:00+08:00,1,evt-wl-0756-2,166.811,m,valid,simulator,
DAM-A-WL-01,2026-07-03T15:05:00+08:00,1,evt-wl-0757-0,166.649,m,valid,simulator,
DAM-A-WL-02,2026-07-03T15:05:00+08:00,1,evt-wl-0757-1,166.739,m,valid,simulator,
DAM-A-WL-03,2026-07-03T15:05:00+08:00,1,evt-wl-0757-2,166.813,m,valid,simulator,
DAM-A-WL-01,2026-07-03T15:10:00+08:00,1,evt-wl-0758-0,166.654,m,valid,simulator,
DAM-A-WL-02,2026-07-03T15:10:00+08:00,1,evt-wl-0758-1,166.717,m,valid,simulator,
DAM-A-WL-03,2026-07-03T15:10:00+08:00,1,evt-wl-0758-2,166.818,m,valid,simulator,
DAM-A-WL-01,2026-07-03T15:15:00+08:00,1,evt-wl-0759-0,166.637,m,valid,simulator,
DAM-A-WL-02,2026-07-03T15:15:00+08:00,1,evt-wl-0759-1,166.707,m,valid,simulator,
DAM-A-WL-03,2026-07-03T15:15:00+08:00,1,evt-wl-0759-2,166.806,m,valid,simulator,
DAM-A-WL-01,2026-07-03T15:20:00+08:00,1,evt-wl-0760-0,166.626,m,valid,simulator,
DAM-A-WL-02,2026-07-03T15:20:00+08:00,1,evt-wl-0760-1,166.725,m,valid,simulator,
DAM-A-WL-03,2026-07-03T15:20:00+08:00,1,evt-wl-0760-2,166.786,m,valid,simulator,
DAM-A-WL-01,2026-07-03T15:25:00+08:00,1,evt-wl-0761-0,166.623,m,valid,simulator,
DAM-A-WL-02,2026-07-03T15:25:00+08:00,1,evt-wl-0761-1,166.708,m,valid,simulator,
DAM-A-WL-03,2026-07-03T15:25:00+08:00,1,evt-wl-0761-2,166.788,m,valid,simulator,
DAM-A-WL-01,2026-07-03T15:30:00+08:00,1,evt-wl-0762-0,166.618,m,valid,simulator,
DAM-A-WL-02,2026-07-03T15:30:00+08:00,1,evt-wl-0762-1,166.689,m,valid,simulator,
DAM-A-WL-03,2026-07-03T15:30:00+08:00,1,evt-wl-0762-2,166.767,m,valid,simulator,
DAM-A-WL-01,2026-07-03T15:35:00+08:00,1,evt-wl-0763-0,166.621,m,valid,simulator,
DAM-A-WL-02,2026-07-03T15:35:00+08:00,1,evt-wl-0763-1,166.679,m,valid,simulator,
DAM-A-WL-03,2026-07-03T15:35:00+08:00,1,evt-wl-0763-2,166.758,m,valid,simulator,
DAM-A-WL-01,2026-07-03T15:40:00+08:00,1,evt-wl-0764-0,166.608,m,valid,simulator,
DAM-A-WL-02,2026-07-03T15:40:00+08:00,1,evt-wl-0764-1,166.694,m,valid,simulator,
DAM-A-WL-03,2026-07-03T15:40:00+08:00,1,evt-wl-0764-2,166.765,m,valid,simulator,
DAM-A-WL-01,2026-07-03T15:45:00+08:00,1,evt-wl-0765-0,166.589,m,valid,simulator,
DAM-A-WL-02,2026-07-03T15:45:00+08:00,1,evt-wl-0765-1,166.681,m,valid,simulator,
DAM-A-WL-03,2026-07-03T15:45:00+08:00,1,evt-wl-0765-2,166.768,m,valid,simulator,
DAM-A-WL-01,2026-07-03T15:50:00+08:00,1,evt-wl-0766-0,166.597,m,valid,simulator,
DAM-A-WL-02,2026-07-03T15:50:00+08:00,1,evt-wl-0766-1,166.679,m,valid,simulator,
DAM-A-WL-03,2026-07-03T15:50:00+08:00,1,evt-wl-0766-2,166.754,m,valid,simulator,
DAM-A-WL-01,2026-07-03T15:55:00+08:00,1,evt-wl-0767-0,166.577,m,valid,simulator,
DAM-A-WL-02,2026-07-03T15:55:00+08:00,1,evt-wl-0767-1,166.663,m,valid,simulator,
DAM-A-WL-03,2026-07-03T15:55:00+08:00,1,evt-wl-0767-2,166.739,m,valid,simulator,
DAM-A-WL-01,2026-07-03T16:00:00+08:00,1,evt-wl-0768-0,166.573,m,valid,simulator,
DAM-A-WL-02,2026-07-03T16:00:00+08:00,1,evt-wl-0768-1,166.653,m,valid,simulator,
DAM-A-WL-03,2026-07-03T16:00:00+08:00,1,evt-wl-0768-2,166.743,m,valid,simulator,
DAM-A-WL-01,2026-07-03T16:05:00+08:00,1,evt-wl-0769-0,166.553,m,valid,simulator,
DAM-A-WL-02,2026-07-03T16:05:00+08:00,1,evt-wl-0769-1,166.66,m,valid,simulator,
DAM-A-WL-03,2026-07-03T16:05:00+08:00,1,evt-wl-0769-2,166.72,m,valid,simulator,
DAM-A-WL-01,2026-07-03T16:10:00+08:00,1,evt-wl-0770-0,166.566,m,valid,simulator,
DAM-A-WL-02,2026-07-03T16:10:00+08:00,1,evt-wl-0770-1,166.627,m,valid,simulator,
DAM-A-WL-03,2026-07-03T16:10:00+08:00,1,evt-wl-0770-2,166.704,m,valid,simulator,
DAM-A-WL-01,2026-07-03T16:15:00+08:00,1,evt-wl-0771-0,166.548,m,valid,simulator,
DAM-A-WL-02,2026-07-03T16:15:00+08:00,1,evt-wl-0771-1,166.646,m,valid,simulator,
DAM-A-WL-03,2026-07-03T16:15:00+08:00,1,evt-wl-0771-2,166.702,m,valid,simulator,
DAM-A-WL-01,2026-07-03T16:20:00+08:00,1,evt-wl-0772-0,166.55,m,valid,simulator,
DAM-A-WL-02,2026-07-03T16:20:00+08:00,1,evt-wl-0772-1,166.618,m,valid,simulator,
DAM-A-WL-03,2026-07-03T16:20:00+08:00,1,evt-wl-0772-2,166.699,m,valid,simulator,
DAM-A-WL-01,2026-07-03T16:25:00+08:00,1,evt-wl-0773-0,166.531,m,valid,simulator,
DAM-A-WL-02,2026-07-03T16:25:00+08:00,1,evt-wl-0773-1,166.609,m,valid,simulator,
DAM-A-WL-03,2026-07-03T16:25:00+08:00,1,evt-wl-0773-2,166.699,m,valid,simulator,
DAM-A-WL-01,2026-07-03T16:30:00+08:00,1,evt-wl-0774-0,166.522,m,valid,simulator,
DAM-A-WL-02,2026-07-03T16:30:00+08:00,1,evt-wl-0774-1,166.598,m,valid,simulator,
DAM-A-WL-03,2026-07-03T16:30:00+08:00,1,evt-wl-0774-2,166.682,m,valid,simulator,
DAM-A-WL-01,2026-07-03T16:35:00+08:00,1,evt-wl-0775-0,166.504,m,valid,simulator,
DAM-A-WL-02,2026-07-03T16:35:00+08:00,1,evt-wl-0775-1,166.598,m,valid,simulator,
DAM-A-WL-03,2026-07-03T16:35:00+08:00,1,evt-wl-0775-2,166.675,m,valid,simulator,
DAM-A-WL-01,2026-07-03T16:40:00+08:00,1,evt-wl-0776-0,166.499,m,valid,simulator,
DAM-A-WL-02,2026-07-03T16:40:00+08:00,1,evt-wl-0776-1,166.586,m,valid,simulator,
DAM-A-WL-03,2026-07-03T16:40:00+08:00,1,evt-wl-0776-2,166.671,m,valid,simulator,
DAM-A-WL-01,2026-07-03T16:45:00+08:00,1,evt-wl-0777-0,166.489,m,valid,simulator,
DAM-A-WL-02,2026-07-03T16:45:00+08:00,1,evt-wl-0777-1,166.575,m,valid,simulator,
DAM-A-WL-03,2026-07-03T16:45:00+08:00,1,evt-wl-0777-2,166.653,m,valid,simulator,
DAM-A-WL-01,2026-07-03T16:50:00+08:00,1,evt-wl-0778-0,166.48,m,valid,simulator,
DAM-A-WL-02,2026-07-03T16:50:00+08:00,1,evt-wl-0778-1,166.564,m,valid,simulator,
DAM-A-WL-03,2026-07-03T16:50:00+08:00,1,evt-wl-0778-2,166.658,m,valid,simulator,
DAM-A-WL-01,2026-07-03T16:55:00+08:00,1,evt-wl-0779-0,166.473,m,valid,simulator,
DAM-A-WL-02,2026-07-03T16:55:00+08:00,1,evt-wl-0779-1,166.561,m,valid,simulator,
DAM-A-WL-03,2026-07-03T16:55:00+08:00,1,evt-wl-0779-2,166.654,m,valid,simulator,
DAM-A-WL-01,2026-07-03T17:00:00+08:00,1,evt-wl-0780-0,166.476,m,valid,simulator,
DAM-A-WL-02,2026-07-03T17:00:00+08:00,1,evt-wl-0780-1,166.55,m,valid,simulator,
DAM-A-WL-03,2026-07-03T17:00:00+08:00,1,evt-wl-0780-2,166.623,m,valid,simulator,
DAM-A-WL-01,2026-07-03T17:05:00+08:00,1,evt-wl-0781-0,166.452,m,valid,simulator,
DAM-A-WL-02,2026-07-03T17:05:00+08:00,1,evt-wl-0781-1,166.55,m,valid,simulator,
DAM-A-WL-03,2026-07-03T17:05:00+08:00,1,evt-wl-0781-2,166.613,m,valid,simulator,
DAM-A-WL-01,2026-07-03T17:10:00+08:00,1,evt-wl-0782-0,166.47,m,valid,simulator,
DAM-A-WL-02,2026-07-03T17:10:00+08:00,1,evt-wl-0782-1,166.55,m,valid,simulator,
DAM-A-WL-03,2026-07-03T17:10:00+08:00,1,evt-wl-0782-2,166.626,m,valid,simulator,
DAM-A-WL-01,2026-07-03T17:15:00+08:00,1,evt-wl-0783-0,166.438,m,valid,simulator,
DAM-A-WL-02,2026-07-03T17:15:00+08:00,1,evt-wl-0783-1,166.523,m,valid,simulator,
DAM-A-WL-03,2026-07-03T17:15:00+08:00,1,evt-wl-0783-2,166.607,m,valid,simulator,
DAM-A-WL-01,2026-07-03T17:20:00+08:00,1,evt-wl-0784-0,166.452,m,valid,simulator,
DAM-A-WL-02,2026-07-03T17:20:00+08:00,1,evt-wl-0784-1,166.523,m,valid,simulator,
DAM-A-WL-03,2026-07-03T17:20:00+08:00,1,evt-wl-0784-2,166.612,m,valid,simulator,
DAM-A-WL-01,2026-07-03T17:25:00+08:00,1,evt-wl-0785-0,166.445,m,valid,simulator,
DAM-A-WL-02,2026-07-03T17:25:00+08:00,1,evt-wl-0785-1,166.512,m,valid,simulator,
DAM-A-WL-03,2026-07-03T17:25:00+08:00,1,evt-wl-0785-2,166.604,m,valid,simulator,
DAM-A-WL-01,2026-07-03T17:30:00+08:00,1,evt-wl-0786-0,166.434,m,valid,simulator,
DAM-A-WL-02,2026-07-03T17:30:00+08:00,1,evt-wl-0786-1,166.5,m,valid,simulator,
DAM-A-WL-03,2026-07-03T17:30:00+08:00,1,evt-wl-0786-2,166.59,m,valid,simulator,
DAM-A-WL-01,2026-07-03T17:35:00+08:00,1,evt-wl-0787-0,166.421,m,valid,simulator,
DAM-A-WL-02,2026-07-03T17:35:00+08:00,1,evt-wl-0787-1,166.498,m,valid,simulator,
DAM-A-WL-03,2026-07-03T17:35:00+08:00,1,evt-wl-0787-2,166.568,m,valid,simulator,
DAM-A-WL-01,2026-07-03T17:40:00+08:00,1,evt-wl-0788-0,166.402,m,valid,simulator,
DAM-A-WL-02,2026-07-03T17:40:00+08:00,1,evt-wl-0788-1,166.47,m,valid,simulator,
DAM-A-WL-03,2026-07-03T17:40:00+08:00,1,evt-wl-0788-2,166.574,m,valid,simulator,
DAM-A-WL-01,2026-07-03T17:45:00+08:00,1,evt-wl-0789-0,166.394,m,valid,simulator,
DAM-A-WL-02,2026-07-03T17:45:00+08:00,1,evt-wl-0789-1,166.485,m,valid,simulator,
DAM-A-WL-03,2026-07-03T17:45:00+08:00,1,evt-wl-0789-2,166.54,m,valid,simulator,
DAM-A-WL-01,2026-07-03T17:50:00+08:00,1,evt-wl-0790-0,166.395,m,valid,simulator,
DAM-A-WL-02,2026-07-03T17:50:00+08:00,1,evt-wl-0790-1,166.45,m,valid,simulator,
DAM-A-WL-03,2026-07-03T17:50:00+08:00,1,evt-wl-0790-2,166.54,m,valid,simulator,
DAM-A-WL-01,2026-07-03T17:55:00+08:00,1,evt-wl-0791-0,166.378,m,valid,simulator,
DAM-A-WL-02,2026-07-03T17:55:00+08:00,1,evt-wl-0791-1,166.464,m,valid,simulator,
DAM-A-WL-03,2026-07-03T17:55:00+08:00,1,evt-wl-0791-2,166.529,m,valid,simulator,
DAM-A-WL-01,2026-07-03T18:00:00+08:00,1,evt-wl-0792-0,166.36,m,valid,simulator,
DAM-A-WL-02,2026-07-03T18:00:00+08:00,1,evt-wl-0792-1,166.439,m,valid,simulator,
DAM-A-WL-03,2026-07-03T18:00:00+08:00,1,evt-wl-0792-2,166.536,m,valid,simulator,
DAM-A-WL-01,2026-07-03T18:05:00+08:00,1,evt-wl-0793-0,166.342,m,valid,simulator,
DAM-A-WL-02,2026-07-03T18:05:00+08:00,1,evt-wl-0793-1,166.434,m,valid,simulator,
DAM-A-WL-03,2026-07-03T18:05:00+08:00,1,evt-wl-0793-2,166.502,m,valid,simulator,
DAM-A-WL-01,2026-07-03T18:10:00+08:00,1,evt-wl-0794-0,166.341,m,valid,simulator,
DAM-A-WL-02,2026-07-03T18:10:00+08:00,1,evt-wl-0794-1,166.421,m,valid,simulator,
DAM-A-WL-03,2026-07-03T18:10:00+08:00,1,evt-wl-0794-2,166.491,m,valid,simulator,
DAM-A-WL-01,2026-07-03T18:15:00+08:00,1,evt-wl-0795-0,166.328,m,valid,simulator,
DAM-A-WL-02,2026-07-03T18:15:00+08:00,1,evt-wl-0795-1,166.398,m,valid,simulator,
DAM-A-WL-03,2026-07-03T18:15:00+08:00,1,evt-wl-0795-2,166.487,m,valid,simulator,
DAM-A-WL-01,2026-07-03T18:20:00+08:00,1,evt-wl-0796-0,166.332,m,valid,simulator,
DAM-A-WL-02,2026-07-03T18:20:00+08:00,1,evt-wl-0796-1,166.4,m,valid,simulator,
DAM-A-WL-03,2026-07-03T18:20:00+08:00,1,evt-wl-0796-2,166.493,m,valid,simulator,
DAM-A-WL-01,2026-07-03T18:25:00+08:00,1,evt-wl-0797-0,166.317,m,valid,simulator,
DAM-A-WL-02,2026-07-03T18:25:00+08:00,1,evt-wl-0797-1,166.384,m,valid,simulator,
DAM-A-WL-03,2026-07-03T18:25:00+08:00,1,evt-wl-0797-2,166.475,m,valid,simulator,
DAM-A-WL-01,2026-07-03T18:30:00+08:00,1,evt-wl-0798-0,166.294,m,valid,simulator,
DAM-A-WL-02,2026-07-03T18:30:00+08:00,1,evt-wl-0798-1,166.382,m,valid,simulator,
DAM-A-WL-03,2026-07-03T18:30:00+08:00,1,evt-wl-0798-2,166.46,m,valid,simulator,
DAM-A-WL-01,2026-07-03T18:35:00+08:00,1,evt-wl-0799-0,166.303,m,valid,simulator,
DAM-A-WL-02,2026-07-03T18:35:00+08:00,1,evt-wl-0799-1,166.362,m,valid,simulator,
DAM-A-WL-03,2026-07-03T18:35:00+08:00,1,evt-wl-0799-2,166.455,m,valid,simulator,
DAM-A-WL-01,2026-07-03T18:40:00+08:00,1,evt-wl-0800-0,166.279,m,valid,simulator,
DAM-A-WL-02,2026-07-03T18:40:00+08:00,1,evt-wl-0800-1,166.355,m,valid,simulator,
DAM-A-WL-03,2026-07-03T18:40:00+08:00,1,evt-wl-0800-2,166.442,m,valid,simulator,
DAM-A-WL-01,2026-07-03T18:45:00+08:00,1,evt-wl-0801-0,166.263,m,valid,simulator,
DAM-A-WL-02,2026-07-03T18:45:00+08:00,1,evt-wl-0801-1,166.363,m,valid,simulator,
DAM-A-WL-03,2026-07-03T18:45:00+08:00,1,evt-wl-0801-2,166.43,m,valid,simulator,
DAM-A-WL-01,2026-07-03T18:50:00+08:00,1,evt-wl-0802-0,166.261,m,valid,simulator,
DAM-A-WL-02,2026-07-03T18:50:00+08:00,1,evt-wl-0802-1,166.333,m,valid,simulator,
DAM-A-WL-03,2026-07-03T18:50:00+08:00,1,evt-wl-0802-2,166.431,m,valid,simulator,
DAM-A-WL-01,2026-07-03T18:55:00+08:00,1,evt-wl-0803-0,166.256,m,valid,simulator,
DAM-A-WL-02,2026-07-03T18:55:00+08:00,1,evt-wl-0803-1,166.329,m,valid,simulator,
DAM-A-WL-03,2026-07-03T18:55:00+08:00,1,evt-wl-0803-2,166.402,m,valid,simulator,
DAM-A-WL-01,2026-07-03T19:00:00+08:00,1,evt-wl-0804-0,166.223,m,valid,simulator,
DAM-A-WL-02,2026-07-03T19:00:00+08:00,1,evt-wl-0804-1,166.326,m,valid,simulator,
DAM-A-WL-03,2026-07-03T19:00:00+08:00,1,evt-wl-0804-2,166.388,m,valid,simulator,
DAM-A-WL-01,2026-07-03T19:05:00+08:00,1,evt-wl-0805-0,166.225,m,valid,simulator,
DAM-A-WL-02,2026-07-03T19:05:00+08:00,1,evt-wl-0805-1,166.31,m,valid,simulator,
DAM-A-WL-03,2026-07-03T19:05:00+08:00,1,evt-wl-0805-2,166.379,m,valid,simulator,
DAM-A-WL-01,2026-07-03T19:10:00+08:00,1,evt-wl-0806-0,166.205,m,valid,simulator,
DAM-A-WL-02,2026-07-03T19:10:00+08:00,1,evt-wl-0806-1,166.29,m,valid,simulator,
DAM-A-WL-03,2026-07-03T19:10:00+08:00,1,evt-wl-0806-2,166.374,m,valid,simulator,
DAM-A-WL-01,2026-07-03T19:15:00+08:00,1,evt-wl-0807-0,166.198,m,valid,simulator,
DAM-A-WL-02,2026-07-03T19:15:00+08:00,1,evt-wl-0807-1,166.283,m,valid,simulator,
DAM-A-WL-03,2026-07-03T19:15:00+08:00,1,evt-wl-0807-2,166.368,m,valid,simulator,
DAM-A-WL-01,2026-07-03T19:20:00+08:00,1,evt-wl-0808-0,166.206,m,valid,simulator,
DAM-A-WL-02,2026-07-03T19:20:00+08:00,1,evt-wl-0808-1,166.287,m,valid,simulator,
DAM-A-WL-03,2026-07-03T19:20:00+08:00,1,evt-wl-0808-2,166.352,m,valid,simulator,
DAM-A-WL-01,2026-07-03T19:25:00+08:00,1,evt-wl-0809-0,166.177,m,valid,simulator,
DAM-A-WL-02,2026-07-03T19:25:00+08:00,1,evt-wl-0809-1,166.258,m,valid,simulator,
DAM-A-WL-03,2026-07-03T19:25:00+08:00,1,evt-wl-0809-2,166.346,m,valid,simulator,
DAM-A-WL-01,2026-07-03T19:30:00+08:00,1,evt-wl-0810-0,166.168,m,valid,simulator,
DAM-A-WL-02,2026-07-03T19:30:00+08:00,1,evt-wl-0810-1,166.262,m,valid,simulator,
DAM-A-WL-03,2026-07-03T19:30:00+08:00,1,evt-wl-0810-2,166.342,m,valid,simulator,
DAM-A-WL-01,2026-07-03T19:35:00+08:00,1,evt-wl-0811-0,166.157,m,valid,simulator,
DAM-A-WL-02,2026-07-03T19:35:00+08:00,1,evt-wl-0811-1,166.246,m,valid,simulator,
DAM-A-WL-03,2026-07-03T19:35:00+08:00,1,evt-wl-0811-2,166.319,m,valid,simulator,
DAM-A-WL-01,2026-07-03T19:40:00+08:00,1,evt-wl-0812-0,166.142,m,valid,simulator,
DAM-A-WL-02,2026-07-03T19:40:00+08:00,1,evt-wl-0812-1,166.218,m,valid,simulator,
DAM-A-WL-03,2026-07-03T19:40:00+08:00,1,evt-wl-0812-2,166.298,m,valid,simulator,
DAM-A-WL-01,2026-07-03T19:45:00+08:00,1,evt-wl-0813-0,166.13,m,valid,simulator,
DAM-A-WL-02,2026-07-03T19:45:00+08:00,1,evt-wl-0813-1,166.205,m,valid,simulator,
DAM-A-WL-03,2026-07-03T19:45:00+08:00,1,evt-wl-0813-2,166.291,m,valid,simulator,
DAM-A-WL-01,2026-07-03T19:50:00+08:00,1,evt-wl-0814-0,166.122,m,valid,simulator,
DAM-A-WL-02,2026-07-03T19:50:00+08:00,1,evt-wl-0814-1,166.206,m,valid,simulator,
DAM-A-WL-03,2026-07-03T19:50:00+08:00,1,evt-wl-0814-2,166.279,m,valid,simulator,
DAM-A-WL-01,2026-07-03T19:55:00+08:00,1,evt-wl-0815-0,166.108,m,valid,simulator,
DAM-A-WL-02,2026-07-03T19:55:00+08:00,1,evt-wl-0815-1,166.181,m,valid,simulator,
DAM-A-WL-03,2026-07-03T19:55:00+08:00,1,evt-wl-0815-2,166.284,m,valid,simulator,
DAM-A-WL-01,2026-07-03T20:00:00+08:00,1,evt-wl-0816-0,166.114,m,valid,simulator,
DAM-A-WL-02,2026-07-03T20:00:00+08:00,1,evt-wl-0816-1,166.191,m,valid,simulator,
DAM-A-WL-03,2026-07-03T20:00:00+08:00,1,evt-wl-0816-2,166.273,m,valid,simulator,
DAM-A-WL-01,2026-07-03T20:05:00+08:00,1,evt-wl-0817-0,166.094,m,valid,simulator,
DAM-A-WL-02,2026-07-03T20:05:00+08:00,1,evt-wl-0817-1,166.18,m,valid,simulator,
DAM-A-WL-03,2026-07-03T20:05:00+08:00,1,evt-wl-0817-2,166.248,m,valid,simulator,
DAM-A-WL-01,2026-07-03T20:10:00+08:00,1,evt-wl-0818-0,166.076,m,valid,simulator,
DAM-A-WL-02,2026-07-03T20:10:00+08:00,1,evt-wl-0818-1,166.172,m,valid,simulator,
DAM-A-WL-03,2026-07-03T20:10:00+08:00,1,evt-wl-0818-2,166.245,m,valid,simulator,
DAM-A-WL-01,2026-07-03T20:15:00+08:00,1,evt-wl-0819-0,166.052,m,valid,simulator,
DAM-A-WL-02,2026-07-03T20:15:00+08:00,1,evt-wl-0819-1,166.133,m,valid,simulator,
DAM-A-WL-03,2026-07-03T20:15:00+08:00,1,evt-wl-0819-2,166.241,m,valid,simulator,
DAM-A-WL-01,2026-07-03T20:20:00+08:00,1,evt-wl-0820-0,166.043,m,valid,simulator,
DAM-A-WL-02,2026-07-03T20:20:00+08:00,1,evt-wl-0820-1,166.146,m,valid,simulator,
DAM-A-WL-03,2026-07-03T20:20:00+08:00,1,evt-wl-0820-2,166.227,m,valid,simulator,
DAM-A-WL-01,2026-07-03T20:25:00+08:00,1,evt-wl-0821-0,166.033,m,valid,simulator,
DAM-A-WL-02,2026-07-03T20:25:00+08:00,1,evt-wl-0821-1,166.108,m,valid,simulator,
DAM-A-WL-03,2026-07-03T20:25:00+08:00,1,evt-wl-0821-2,166.191,m,valid,simulator,
DAM-A-WL-01,2026-07-03T20:30:00+08:00,1,evt-wl-0822-0,166.019,m,valid,simulator,
DAM-A-WL-02,2026-07-03T20:30:00+08:00,1,evt-wl-0822-1,166.116,m,valid,simulator,
DAM-A-WL-03,2026-07-03T20:30:00+08:00,1,evt-wl-0822-2,166.192,m,valid,simulator,
DAM-A-WL-01,2026-07-03T20:35:00+08:00,1,evt-wl-0823-0,166.029,m,valid,simulator,
DAM-A-WL-02,2026-07-03T20:35:00+08:00,1,evt-wl-0823-1,166.085,m,valid,simulator,
DAM-A-WL-03,2026-07-03T20:35:00+08:00,1,evt-wl-0823-2,166.181,m,valid,simulator,
DAM-A-WL-01,2026-07-03T20:40:00+08:00,1,evt-wl-0824-0,165.997,m,valid,simulator,
DAM-A-WL-02,2026-07-03T20:40:00+08:00,1,evt-wl-0824-1,166.091,m,valid,simulator,
DAM-A-WL-03,2026-07-03T20:40:00+08:00,1,evt-wl-0824-2,166.172,m,valid,simulator,
DAM-A-WL-01,2026-07-03T20:45:00+08:00,1,evt-wl-0825-0,165.99,m,valid,simulator,
DAM-A-WL-02,2026-07-03T20:45:00+08:00,1,evt-wl-0825-1,166.064,m,valid,simulator,
DAM-A-WL-03,2026-07-03T20:45:00+08:00,1,evt-wl-0825-2,166.169,m,valid,simulator,
DAM-A-WL-01,2026-07-03T20:50:00+08:00,1,evt-wl-0826-0,165.991,m,valid,simulator,
DAM-A-WL-02,2026-07-03T20:50:00+08:00,1,evt-wl-0826-1,166.074,m,valid,simulator,
DAM-A-WL-03,2026-07-03T20:50:00+08:00,1,evt-wl-0826-2,166.154,m,valid,simulator,
DAM-A-WL-01,2026-07-03T20:55:00+08:00,1,evt-wl-0827-0,165.961,m,valid,simulator,
DAM-A-WL-02,2026-07-03T20:55:00+08:00,1,evt-wl-0827-1,166.04,m,valid,simulator,
DAM-A-WL-03,2026-07-03T20:55:00+08:00,1,evt-wl-0827-2,166.125,m,valid,simulator,
DAM-A-WL-01,2026-07-03T21:00:00+08:00,1,evt-wl-0828-0,165.972,m,valid,simulator,
DAM-A-WL-02,2026-07-03T21:00:00+08:00,1,evt-wl-0828-1,166.041,m,valid,simulator,
DAM-A-WL-03,2026-07-03T21:00:00+08:00,1,evt-wl-0828-2,166.132,m,valid,simulator,
DAM-A-WL-01,2026-07-03T21:05:00+08:00,1,evt-wl-0829-0,165.932,m,valid,simulator,
DAM-A-WL-02,2026-07-03T21:05:00+08:00,1,evt-wl-0829-1,166.018,m,valid,simulator,
DAM-A-WL-03,2026-07-03T21:05:00+08:00,1,evt-wl-0829-2,166.113,m,valid,simulator,
DAM-A-WL-01,2026-07-03T21:10:00+08:00,1,evt-wl-0830-0,165.931,m,valid,simulator,
DAM-A-WL-02,2026-07-03T21:10:00+08:00,1,evt-wl-0830-1,166.016,m,valid,simulator,
DAM-A-WL-03,2026-07-03T21:10:00+08:00,1,evt-wl-0830-2,166.103,m,valid,simulator,
DAM-A-WL-01,2026-07-03T21:15:00+08:00,1,evt-wl-0831-0,165.924,m,valid,simulator,
DAM-A-WL-02,2026-07-03T21:15:00+08:00,1,evt-wl-0831-1,166.01,m,valid,simulator,
DAM-A-WL-03,2026-07-03T21:15:00+08:00,1,evt-wl-0831-2,166.076,m,valid,simulator,
DAM-A-WL-01,2026-07-03T21:20:00+08:00,1,evt-wl-0832-0,165.915,m,valid,simulator,
DAM-A-WL-02,2026-07-03T21:20:00+08:00,1,evt-wl-0832-1,165.981,m,valid,simulator,
DAM-A-WL-03,2026-07-03T21:20:00+08:00,1,evt-wl-0832-2,166.069,m,valid,simulator,
DAM-A-WL-01,2026-07-03T21:25:00+08:00,1,evt-wl-0833-0,165.897,m,valid,simulator,
DAM-A-WL-02,2026-07-03T21:25:00+08:00,1,evt-wl-0833-1,165.968,m,valid,simulator,
DAM-A-WL-03,2026-07-03T21:25:00+08:00,1,evt-wl-0833-2,166.065,m,valid,simulator,
DAM-A-WL-01,2026-07-03T21:30:00+08:00,1,evt-wl-0834-0,165.885,m,valid,simulator,
DAM-A-WL-02,2026-07-03T21:30:00+08:00,1,evt-wl-0834-1,165.965,m,valid,simulator,
DAM-A-WL-03,2026-07-03T21:30:00+08:00,1,evt-wl-0834-2,166.042,m,valid,simulator,
DAM-A-WL-01,2026-07-03T21:35:00+08:00,1,evt-wl-0835-0,165.864,m,valid,simulator,
DAM-A-WL-02,2026-07-03T21:35:00+08:00,1,evt-wl-0835-1,165.94,m,valid,simulator,
DAM-A-WL-03,2026-07-03T21:35:00+08:00,1,evt-wl-0835-2,166.025,m,valid,simulator,
DAM-A-WL-01,2026-07-03T21:40:00+08:00,1,evt-wl-0836-0,165.859,m,valid,simulator,
DAM-A-WL-02,2026-07-03T21:40:00+08:00,1,evt-wl-0836-1,165.936,m,valid,simulator,
DAM-A-WL-03,2026-07-03T21:40:00+08:00,1,evt-wl-0836-2,166.026,m,valid,simulator,
DAM-A-WL-01,2026-07-03T21:45:00+08:00,1,evt-wl-0837-0,165.849,m,valid,simulator,
DAM-A-WL-02,2026-07-03T21:45:00+08:00,1,evt-wl-0837-1,165.94,m,valid,simulator,
DAM-A-WL-03,2026-07-03T21:45:00+08:00,1,evt-wl-0837-2,165.999,m,valid,simulator,
DAM-A-WL-01,2026-07-03T21:50:00+08:00,1,evt-wl-0838-0,165.838,m,valid,simulator,
DAM-A-WL-02,2026-07-03T21:50:00+08:00,1,evt-wl-0838-1,165.927,m,valid,simulator,
DAM-A-WL-03,2026-07-03T21:50:00+08:00,1,evt-wl-0838-2,165.998,m,valid,simulator,
DAM-A-WL-01,2026-07-03T21:55:00+08:00,1,evt-wl-0839-0,165.828,m,valid,simulator,
DAM-A-WL-02,2026-07-03T21:55:00+08:00,1,evt-wl-0839-1,165.893,m,valid,simulator,
DAM-A-WL-03,2026-07-03T21:55:00+08:00,1,evt-wl-0839-2,165.997,m,valid,simulator,
DAM-A-WL-01,2026-07-03T22:00:00+08:00,1,evt-wl-0840-0,165.798,m,valid,simulator,
DAM-A-WL-02,2026-07-03T22:00:00+08:00,1,evt-wl-0840-1,165.901,m,valid,simulator,
DAM-A-WL-03,2026-07-03T22:00:00+08:00,1,evt-wl-0840-2,165.957,m,valid,simulator,
DAM-A-WL-01,2026-07-03T22:05:00+08:00,1,evt-wl-0841-0,165.798,m,valid,simulator,
DAM-A-WL-02,2026-07-03T22:05:00+08:00,1,evt-wl-0841-1,165.87,m,valid,simulator,
DAM-A-WL-03,2026-07-03T22:05:00+08:00,1,evt-wl-0841-2,165.969,m,valid,simulator,
DAM-A-WL-01,2026-07-03T22:10:00+08:00,1,evt-wl-0842-0,165.782,m,valid,simulator,
DAM-A-WL-02,2026-07-03T22:10:00+08:00,1,evt-wl-0842-1,165.873,m,valid,simulator,
DAM-A-WL-03,2026-07-03T22:10:00+08:00,1,evt-wl-0842-2,165.939,m,valid,simulator,
DAM-A-WL-01,2026-07-03T22:15:00+08:00,1,evt-wl-0843-0,165.772,m,valid,simulator,
DAM-A-WL-02,2026-07-03T22:15:00+08:00,1,evt-wl-0843-1,165.866,m,valid,simulator,
DAM-A-WL-03,2026-07-03T22:15:00+08:00,1,evt-wl-0843-2,165.93,m,valid,simulator,
DAM-A-WL-01,2026-07-03T22:20:00+08:00,1,evt-wl-0844-0,165.764,m,valid,simulator,
DAM-A-WL-02,2026-07-03T22:20:00+08:00,1,evt-wl-0844-1,165.843,m,valid,simulator,
DAM-A-WL-03,2026-07-03T22:20:00+08:00,1,evt-wl-0844-2,165.926,m,valid,simulator,
DAM-A-WL-01,2026-07-03T22:25:00+08:00,1,evt-wl-0845-0,165.749,m,valid,simulator,
DAM-A-WL-02,2026-07-03T22:25:00+08:00,1,evt-wl-0845-1,165.826,m,valid,simulator,
DAM-A-WL-03,2026-07-03T22:25:00+08:00,1,evt-wl-0845-2,165.908,m,valid,simulator,
DAM-A-WL-01,2026-07-03T22:30:00+08:00,1,evt-wl-0846-0,165.729,m,valid,simulator,
DAM-A-WL-02,2026-07-03T22:30:00+08:00,1,evt-wl-0846-1,165.804,m,valid,simulator,
DAM-A-WL-03,2026-07-03T22:30:00+08:00,1,evt-wl-0846-2,165.894,m,valid,simulator,
DAM-A-WL-01,2026-07-03T22:35:00+08:00,1,evt-wl-0847-0,165.727,m,valid,simulator,
DAM-A-WL-02,2026-07-03T22:35:00+08:00,1,evt-wl-0847-1,165.791,m,valid,simulator,
DAM-A-WL-03,2026-07-03T22:35:00+08:00,1,evt-wl-0847-2,165.889,m,valid,simulator,
DAM-A-WL-01,2026-07-03T22:40:00+08:00,1,evt-wl-0848-0,165.709,m,valid,simulator,
DAM-A-WL-02,2026-07-03T22:40:00+08:00,1,evt-wl-0848-1,165.792,m,valid,simulator,
DAM-A-WL-03,2026-07-03T22:40:00+08:00,1,evt-wl-0848-2,165.873,m,valid,simulator,
DAM-A-WL-01,2026-07-03T22:45:00+08:00,1,evt-wl-0849-0,165.69,m,valid,simulator,
DAM-A-WL-02,2026-07-03T22:45:00+08:00,1,evt-wl-0849-1,165.767,m,valid,simulator,
DAM-A-WL-03,2026-07-03T22:45:00+08:00,1,evt-wl-0849-2,165.846,m,valid,simulator,
DAM-A-WL-01,2026-07-03T22:50:00+08:00,1,evt-wl-0850-0,165.691,m,valid,simulator,
DAM-A-WL-02,2026-07-03T22:50:00+08:00,1,evt-wl-0850-1,165.753,m,valid,simulator,
DAM-A-WL-03,2026-07-03T22:50:00+08:00,1,evt-wl-0850-2,165.858,m,valid,simulator,
DAM-A-WL-01,2026-07-03T22:55:00+08:00,1,evt-wl-0851-0,165.664,m,valid,simulator,
DAM-A-WL-02,2026-07-03T22:55:00+08:00,1,evt-wl-0851-1,165.749,m,valid,simulator,
DAM-A-WL-03,2026-07-03T22:55:00+08:00,1,evt-wl-0851-2,165.822,m,valid,simulator,
DAM-A-WL-01,2026-07-03T23:00:00+08:00,1,evt-wl-0852-0,165.656,m,valid,simulator,
DAM-A-WL-02,2026-07-03T23:00:00+08:00,1,evt-wl-0852-1,165.754,m,valid,simulator,
DAM-A-WL-03,2026-07-03T23:00:00+08:00,1,evt-wl-0852-2,165.834,m,valid,simulator,
DAM-A-WL-01,2026-07-03T23:05:00+08:00,1,evt-wl-0853-0,165.635,m,valid,simulator,
DAM-A-WL-02,2026-07-03T23:05:00+08:00,1,evt-wl-0853-1,165.728,m,valid,simulator,
DAM-A-WL-03,2026-07-03T23:05:00+08:00,1,evt-wl-0853-2,165.803,m,valid,simulator,
DAM-A-WL-01,2026-07-03T23:10:00+08:00,1,evt-wl-0854-0,165.63,m,valid,simulator,
DAM-A-WL-02,2026-07-03T23:10:00+08:00,1,evt-wl-0854-1,165.713,m,valid,simulator,
DAM-A-WL-03,2026-07-03T23:10:00+08:00,1,evt-wl-0854-2,165.802,m,valid,simulator,
DAM-A-WL-01,2026-07-03T23:15:00+08:00,1,evt-wl-0855-0,165.615,m,valid,simulator,
DAM-A-WL-02,2026-07-03T23:15:00+08:00,1,evt-wl-0855-1,165.696,m,valid,simulator,
DAM-A-WL-03,2026-07-03T23:15:00+08:00,1,evt-wl-0855-2,165.796,m,valid,simulator,
DAM-A-WL-01,2026-07-03T23:20:00+08:00,1,evt-wl-0856-0,165.605,m,valid,simulator,
DAM-A-WL-02,2026-07-03T23:20:00+08:00,1,evt-wl-0856-1,165.688,m,valid,simulator,
DAM-A-WL-03,2026-07-03T23:20:00+08:00,1,evt-wl-0856-2,165.756,m,valid,simulator,
DAM-A-WL-01,2026-07-03T23:25:00+08:00,1,evt-wl-0857-0,165.612,m,valid,simulator,
DAM-A-WL-02,2026-07-03T23:25:00+08:00,1,evt-wl-0857-1,165.674,m,valid,simulator,
DAM-A-WL-03,2026-07-03T23:25:00+08:00,1,evt-wl-0857-2,165.765,m,valid,simulator,
DAM-A-WL-01,2026-07-03T23:30:00+08:00,1,evt-wl-0858-0,165.576,m,valid,simulator,
DAM-A-WL-02,2026-07-03T23:30:00+08:00,1,evt-wl-0858-1,165.666,m,valid,simulator,
DAM-A-WL-03,2026-07-03T23:30:00+08:00,1,evt-wl-0858-2,165.749,m,valid,simulator,
DAM-A-WL-01,2026-07-03T23:35:00+08:00,1,evt-wl-0859-0,165.559,m,valid,simulator,
DAM-A-WL-02,2026-07-03T23:35:00+08:00,1,evt-wl-0859-1,165.663,m,valid,simulator,
DAM-A-WL-03,2026-07-03T23:35:00+08:00,1,evt-wl-0859-2,165.725,m,valid,simulator,
DAM-A-WL-01,2026-07-03T23:40:00+08:00,1,evt-wl-0860-0,165.55,m,valid,simulator,
DAM-A-WL-02,2026-07-03T23:40:00+08:00,1,evt-wl-0860-1,165.652,m,valid,simulator,
DAM-A-WL-03,2026-07-03T23:40:00+08:00,1,evt-wl-0860-2,165.71,m,valid,simulator,
DAM-A-WL-01,2026-07-03T23:45:00+08:00,1,evt-wl-0861-0,165.548,m,valid,simulator,
DAM-A-WL-02,2026-07-03T23:45:00+08:00,1,evt-wl-0861-1,165.635,m,valid,simulator,
DAM-A-WL-03,2026-07-03T23:45:00+08:00,1,evt-wl-0861-2,165.709,m,valid,simulator,
DAM-A-WL-01,2026-07-03T23:50:00+08:00,1,evt-wl-0862-0,165.548,m,valid,simulator,
DAM-A-WL-02,2026-07-03T23:50:00+08:00,1,evt-wl-0862-1,165.618,m,valid,simulator,
DAM-A-WL-03,2026-07-03T23:50:00+08:00,1,evt-wl-0862-2,165.689,m,valid,simulator,
DAM-A-WL-01,2026-07-03T23:55:00+08:00,1,evt-wl-0863-0,165.533,m,valid,simulator,
DAM-A-WL-02,2026-07-03T23:55:00+08:00,1,evt-wl-0863-1,165.609,m,valid,simulator,
DAM-A-WL-03,2026-07-03T23:55:00+08:00,1,evt-wl-0863-2,165.692,m,valid,simulator,
DAM-A-WL-01,2026-07-04T00:00:00+08:00,1,evt-wl-0864-0,165.522,m,valid,simulator,
DAM-A-WL-02,2026-07-04T00:00:00+08:00,1,evt-wl-0864-1,165.588,m,valid,simulator,
DAM-A-WL-03,2026-07-04T00:00:00+08:00,1,evt-wl-0864-2,165.665,m,valid,simulator,
DAM-A-WL-01,2026-07-04T00:05:00+08:00,1,evt-wl-0865-0,165.501,m,valid,simulator,
DAM-A-WL-02,2026-07-04T00:05:00+08:00,1,evt-wl-0865-1,165.59,m,valid,simulator,
DAM-A-WL-03,2026-07-04T00:05:00+08:00,1,evt-wl-0865-2,165.663,m,valid,simulator,
DAM-A-WL-01,2026-07-04T00:10:00+08:00,1,evt-wl-0866-0,165.489,m,valid,simulator,
DAM-A-WL-02,2026-07-04T00:10:00+08:00,1,evt-wl-0866-1,165.568,m,valid,simulator,
DAM-A-WL-03,2026-07-04T00:10:00+08:00,1,evt-wl-0866-2,165.636,m,valid,simulator,
DAM-A-WL-01,2026-07-04T00:15:00+08:00,1,evt-wl-0867-0,165.487,m,valid,simulator,
DAM-A-WL-02,2026-07-04T00:15:00+08:00,1,evt-wl-0867-1,165.542,m,valid,simulator,
DAM-A-WL-03,2026-07-04T00:15:00+08:00,1,evt-wl-0867-2,165.63,m,valid,simulator,
DAM-A-WL-01,2026-07-04T00:20:00+08:00,1,evt-wl-0868-0,165.464,m,valid,simulator,
DAM-A-WL-02,2026-07-04T00:20:00+08:00,1,evt-wl-0868-1,165.556,m,valid,simulator,
DAM-A-WL-03,2026-07-04T00:20:00+08:00,1,evt-wl-0868-2,165.625,m,valid,simulator,
DAM-A-WL-01,2026-07-04T00:25:00+08:00,1,evt-wl-0869-0,165.458,m,valid,simulator,
DAM-A-WL-02,2026-07-04T00:25:00+08:00,1,evt-wl-0869-1,165.522,m,valid,simulator,
DAM-A-WL-03,2026-07-04T00:25:00+08:00,1,evt-wl-0869-2,165.6,m,valid,simulator,
DAM-A-WL-01,2026-07-04T00:30:00+08:00,1,evt-wl-0870-0,165.43,m,valid,simulator,
DAM-A-WL-02,2026-07-04T00:30:00+08:00,1,evt-wl-0870-1,165.512,m,valid,simulator,
DAM-A-WL-03,2026-07-04T00:30:00+08:00,1,evt-wl-0870-2,165.607,m,valid,simulator,
DAM-A-WL-01,2026-07-04T00:35:00+08:00,1,evt-wl-0871-0,165.416,m,valid,simulator,
DAM-A-WL-02,2026-07-04T00:35:00+08:00,1,evt-wl-0871-1,165.492,m,valid,simulator,
DAM-A-WL-03,2026-07-04T00:35:00+08:00,1,evt-wl-0871-2,165.589,m,valid,simulator,
DAM-A-WL-01,2026-07-04T00:40:00+08:00,1,evt-wl-0872-0,165.412,m,valid,simulator,
DAM-A-WL-02,2026-07-04T00:40:00+08:00,1,evt-wl-0872-1,165.496,m,valid,simulator,
DAM-A-WL-03,2026-07-04T00:40:00+08:00,1,evt-wl-0872-2,165.562,m,valid,simulator,
DAM-A-WL-01,2026-07-04T00:45:00+08:00,1,evt-wl-0873-0,165.395,m,valid,simulator,
DAM-A-WL-02,2026-07-04T00:45:00+08:00,1,evt-wl-0873-1,165.479,m,valid,simulator,
DAM-A-WL-03,2026-07-04T00:45:00+08:00,1,evt-wl-0873-2,165.567,m,valid,simulator,
DAM-A-WL-01,2026-07-04T00:50:00+08:00,1,evt-wl-0874-0,165.398,m,valid,simulator,
DAM-A-WL-02,2026-07-04T00:50:00+08:00,1,evt-wl-0874-1,165.475,m,valid,simulator,
DAM-A-WL-03,2026-07-04T00:50:00+08:00,1,evt-wl-0874-2,165.556,m,valid,simulator,
DAM-A-WL-01,2026-07-04T00:55:00+08:00,1,evt-wl-0875-0,165.39,m,valid,simulator,
DAM-A-WL-02,2026-07-04T00:55:00+08:00,1,evt-wl-0875-1,165.468,m,valid,simulator,
DAM-A-WL-03,2026-07-04T00:55:00+08:00,1,evt-wl-0875-2,165.55,m,valid,simulator,
DAM-A-WL-01,2026-07-04T01:00:00+08:00,1,evt-wl-0876-0,165.365,m,valid,simulator,
DAM-A-WL-02,2026-07-04T01:00:00+08:00,1,evt-wl-0876-1,165.441,m,valid,simulator,
DAM-A-WL-03,2026-07-04T01:00:00+08:00,1,evt-wl-0876-2,165.526,m,valid,simulator,
DAM-A-WL-01,2026-07-04T01:05:00+08:00,1,evt-wl-0877-0,165.357,m,valid,simulator,
DAM-A-WL-02,2026-07-04T01:05:00+08:00,1,evt-wl-0877-1,165.428,m,valid,simulator,
DAM-A-WL-03,2026-07-04T01:05:00+08:00,1,evt-wl-0877-2,165.527,m,valid,simulator,
DAM-A-WL-01,2026-07-04T01:10:00+08:00,1,evt-wl-0878-0,165.332,m,valid,simulator,
DAM-A-WL-02,2026-07-04T01:10:00+08:00,1,evt-wl-0878-1,165.432,m,valid,simulator,
DAM-A-WL-03,2026-07-04T01:10:00+08:00,1,evt-wl-0878-2,165.506,m,valid,simulator,
DAM-A-WL-01,2026-07-04T01:15:00+08:00,1,evt-wl-0879-0,165.317,m,valid,simulator,
DAM-A-WL-02,2026-07-04T01:15:00+08:00,1,evt-wl-0879-1,165.422,m,valid,simulator,
DAM-A-WL-03,2026-07-04T01:15:00+08:00,1,evt-wl-0879-2,165.494,m,valid,simulator,
DAM-A-WL-01,2026-07-04T01:20:00+08:00,1,evt-wl-0880-0,165.328,m,valid,simulator,
DAM-A-WL-02,2026-07-04T01:20:00+08:00,1,evt-wl-0880-1,165.404,m,valid,simulator,
DAM-A-WL-03,2026-07-04T01:20:00+08:00,1,evt-wl-0880-2,165.473,m,valid,simulator,
DAM-A-WL-01,2026-07-04T01:25:00+08:00,1,evt-wl-0881-0,165.304,m,valid,simulator,
DAM-A-WL-02,2026-07-04T01:25:00+08:00,1,evt-wl-0881-1,165.394,m,valid,simulator,
DAM-A-WL-03,2026-07-04T01:25:00+08:00,1,evt-wl-0881-2,165.461,m,valid,simulator,
DAM-A-WL-01,2026-07-04T01:30:00+08:00,1,evt-wl-0882-0,165.31,m,valid,simulator,
DAM-A-WL-02,2026-07-04T01:30:00+08:00,1,evt-wl-0882-1,165.379,m,valid,simulator,
DAM-A-WL-03,2026-07-04T01:30:00+08:00,1,evt-wl-0882-2,165.459,m,valid,simulator,
DAM-A-WL-01,2026-07-04T01:35:00+08:00,1,evt-wl-0883-0,165.271,m,valid,simulator,
DAM-A-WL-02,2026-07-04T01:35:00+08:00,1,evt-wl-0883-1,165.375,m,valid,simulator,
DAM-A-WL-03,2026-07-04T01:35:00+08:00,1,evt-wl-0883-2,165.441,m,valid,simulator,
DAM-A-WL-01,2026-07-04T01:40:00+08:00,1,evt-wl-0884-0,165.275,m,valid,simulator,
DAM-A-WL-02,2026-07-04T01:40:00+08:00,1,evt-wl-0884-1,165.357,m,valid,simulator,
DAM-A-WL-03,2026-07-04T01:40:00+08:00,1,evt-wl-0884-2,165.448,m,valid,simulator,
DAM-A-WL-01,2026-07-04T01:45:00+08:00,1,evt-wl-0885-0,165.267,m,valid,simulator,
DAM-A-WL-02,2026-07-04T01:45:00+08:00,1,evt-wl-0885-1,165.328,m,valid,simulator,
DAM-A-WL-03,2026-07-04T01:45:00+08:00,1,evt-wl-0885-2,165.414,m,valid,simulator,
DAM-A-WL-01,2026-07-04T01:50:00+08:00,1,evt-wl-0886-0,165.237,m,valid,simulator,
DAM-A-WL-02,2026-07-04T01:50:00+08:00,1,evt-wl-0886-1,165.337,m,valid,simulator,
DAM-A-WL-03,2026-07-04T01:50:00+08:00,1,evt-wl-0886-2,165.395,m,valid,simulator,
DAM-A-WL-01,2026-07-04T01:55:00+08:00,1,evt-wl-0887-0,165.252,m,valid,simulator,
DAM-A-WL-02,2026-07-04T01:55:00+08:00,1,evt-wl-0887-1,165.314,m,valid,simulator,
DAM-A-WL-03,2026-07-04T01:55:00+08:00,1,evt-wl-0887-2,165.402,m,valid,simulator,
DAM-A-WL-01,2026-07-04T02:00:00+08:00,1,evt-wl-0888-0,165.228,m,valid,simulator,
DAM-A-WL-02,2026-07-04T02:00:00+08:00,1,evt-wl-0888-1,165.306,m,valid,simulator,
DAM-A-WL-03,2026-07-04T02:00:00+08:00,1,evt-wl-0888-2,165.383,m,valid,simulator,
DAM-A-WL-01,2026-07-04T02:05:00+08:00,1,evt-wl-0889-0,165.227,m,valid,simulator,
DAM-A-WL-02,2026-07-04T02:05:00+08:00,1,evt-wl-0889-1,165.287,m,valid,simulator,
DAM-A-WL-03,2026-07-04T02:05:00+08:00,1,evt-wl-0889-2,165.383,m,valid,simulator,
DAM-A-WL-01,2026-07-04T02:10:00+08:00,1,evt-wl-0890-0,165.211,m,valid,simulator,
DAM-A-WL-02,2026-07-04T02:10:00+08:00,1,evt-wl-0890-1,165.282,m,valid,simulator,
DAM-A-WL-03,2026-07-04T02:10:00+08:00,1,evt-wl-0890-2,165.367,m,valid,simulator,
DAM-A-WL-01,2026-07-04T02:15:00+08:00,1,evt-wl-0891-0,165.198,m,valid,simulator,
DAM-A-WL-02,2026-07-04T02:15:00+08:00,1,evt-wl-0891-1,165.263,m,valid,simulator,
DAM-A-WL-03,2026-07-04T02:15:00+08:00,1,evt-wl-0891-2,165.368,m,valid,simulator,
DAM-A-WL-01,2026-07-04T02:20:00+08:00,1,evt-wl-0892-0,165.172,m,valid,simulator,
DAM-A-WL-02,2026-07-04T02:20:00+08:00,1,evt-wl-0892-1,165.249,m,valid,simulator,
DAM-A-WL-03,2026-07-04T02:20:00+08:00,1,evt-wl-0892-2,165.344,m,valid,simulator,
DAM-A-WL-01,2026-07-04T02:25:00+08:00,1,evt-wl-0893-0,165.18,m,valid,simulator,
DAM-A-WL-02,2026-07-04T02:25:00+08:00,1,evt-wl-0893-1,165.256,m,valid,simulator,
DAM-A-WL-03,2026-07-04T02:25:00+08:00,1,evt-wl-0893-2,165.336,m,valid,simulator,
DAM-A-WL-01,2026-07-04T02:30:00+08:00,1,evt-wl-0894-0,165.147,m,valid,simulator,
DAM-A-WL-02,2026-07-04T02:30:00+08:00,1,evt-wl-0894-1,165.24,m,valid,simulator,
DAM-A-WL-03,2026-07-04T02:30:00+08:00,1,evt-wl-0894-2,165.328,m,valid,simulator,
DAM-A-WL-01,2026-07-04T02:35:00+08:00,1,evt-wl-0895-0,165.156,m,valid,simulator,
DAM-A-WL-02,2026-07-04T02:35:00+08:00,1,evt-wl-0895-1,165.218,m,valid,simulator,
DAM-A-WL-03,2026-07-04T02:35:00+08:00,1,evt-wl-0895-2,165.312,m,valid,simulator,
DAM-A-WL-01,2026-07-04T02:40:00+08:00,1,evt-wl-0896-0,165.137,m,valid,simulator,
DAM-A-WL-02,2026-07-04T02:40:00+08:00,1,evt-wl-0896-1,165.212,m,valid,simulator,
DAM-A-WL-03,2026-07-04T02:40:00+08:00,1,evt-wl-0896-2,165.304,m,valid,simulator,
DAM-A-WL-01,2026-07-04T02:45:00+08:00,1,evt-wl-0897-0,165.128,m,valid,simulator,
DAM-A-WL-02,2026-07-04T02:45:00+08:00,1,evt-wl-0897-1,165.214,m,valid,simulator,
DAM-A-WL-03,2026-07-04T02:45:00+08:00,1,evt-wl-0897-2,165.292,m,valid,simulator,
DAM-A-WL-01,2026-07-04T02:50:00+08:00,1,evt-wl-0898-0,165.107,m,valid,simulator,
DAM-A-WL-02,2026-07-04T02:50:00+08:00,1,evt-wl-0898-1,165.212,m,valid,simulator,
DAM-A-WL-03,2026-07-04T02:50:00+08:00,1,evt-wl-0898-2,165.289,m,valid,simulator,
DAM-A-WL-01,2026-07-04T02:55:00+08:00,1,evt-wl-0899-0,165.12,m,valid,simulator,
DAM-A-WL-02,2026-07-04T02:55:00+08:00,1,evt-wl-0899-1,165.179,m,valid,simulator,
DAM-A-WL-03,2026-07-04T02:55:00+08:00,1,evt-wl-0899-2,165.254,m,valid,simulator,
DAM-A-WL-01,2026-07-04T03:00:00+08:00,1,evt-wl-0900-0,165.11,m,valid,simulator,
DAM-A-WL-02,2026-07-04T03:00:00+08:00,1,evt-wl-0900-1,165.189,m,valid,simulator,
DAM-A-WL-03,2026-07-04T03:00:00+08:00,1,evt-wl-0900-2,165.245,m,valid,simulator,
DAM-A-WL-01,2026-07-04T03:05:00+08:00,1,evt-wl-0901-0,165.076,m,valid,simulator,
DAM-A-WL-02,2026-07-04T03:05:00+08:00,1,evt-wl-0901-1,165.179,m,valid,simulator,
DAM-A-WL-03,2026-07-04T03:05:00+08:00,1,evt-wl-0901-2,165.258,m,valid,simulator,
DAM-A-WL-01,2026-07-04T03:10:00+08:00,1,evt-wl-0902-0,165.078,m,valid,simulator,
DAM-A-WL-02,2026-07-04T03:10:00+08:00,1,evt-wl-0902-1,165.172,m,valid,simulator,
DAM-A-WL-03,2026-07-04T03:10:00+08:00,1,evt-wl-0902-2,165.223,m,valid,simulator,
DAM-A-WL-01,2026-07-04T03:15:00+08:00,1,evt-wl-0903-0,165.056,m,valid,simulator,
DAM-A-WL-02,2026-07-04T03:15:00+08:00,1,evt-wl-0903-1,165.136,m,valid,simulator,
DAM-A-WL-03,2026-07-04T03:15:00+08:00,1,evt-wl-0903-2,165.224,m,valid,simulator,
DAM-A-WL-01,2026-07-04T03:20:00+08:00,1,evt-wl-0904-0,165.067,m,valid,simulator,
DAM-A-WL-02,2026-07-04T03:20:00+08:00,1,evt-wl-0904-1,165.144,m,valid,simulator,
DAM-A-WL-03,2026-07-04T03:20:00+08:00,1,evt-wl-0904-2,165.216,m,valid,simulator,
DAM-A-WL-01,2026-07-04T03:25:00+08:00,1,evt-wl-0905-0,165.05,m,valid,simulator,
DAM-A-WL-02,2026-07-04T03:25:00+08:00,1,evt-wl-0905-1,165.133,m,valid,simulator,
DAM-A-WL-03,2026-07-04T03:25:00+08:00,1,evt-wl-0905-2,165.207,m,valid,simulator,
DAM-A-WL-01,2026-07-04T03:30:00+08:00,1,evt-wl-0906-0,165.031,m,valid,simulator,
DAM-A-WL-02,2026-07-04T03:30:00+08:00,1,evt-wl-0906-1,165.114,m,valid,simulator,
DAM-A-WL-03,2026-07-04T03:30:00+08:00,1,evt-wl-0906-2,165.189,m,valid,simulator,
DAM-A-WL-01,2026-07-04T03:35:00+08:00,1,evt-wl-0907-0,165.027,m,valid,simulator,
DAM-A-WL-02,2026-07-04T03:35:00+08:00,1,evt-wl-0907-1,165.108,m,valid,simulator,
DAM-A-WL-03,2026-07-04T03:35:00+08:00,1,evt-wl-0907-2,165.179,m,valid,simulator,
DAM-A-WL-01,2026-07-04T03:40:00+08:00,1,evt-wl-0908-0,165.024,m,valid,simulator,
DAM-A-WL-02,2026-07-04T03:40:00+08:00,1,evt-wl-0908-1,165.097,m,valid,simulator,
DAM-A-WL-03,2026-07-04T03:40:00+08:00,1,evt-wl-0908-2,165.174,m,valid,simulator,
DAM-A-WL-01,2026-07-04T03:45:00+08:00,1,evt-wl-0909-0,165.022,m,valid,simulator,
DAM-A-WL-02,2026-07-04T03:45:00+08:00,1,evt-wl-0909-1,165.085,m,valid,simulator,
DAM-A-WL-03,2026-07-04T03:45:00+08:00,1,evt-wl-0909-2,165.182,m,valid,simulator,
DAM-A-WL-01,2026-07-04T03:50:00+08:00,1,evt-wl-0910-0,165.012,m,valid,simulator,
DAM-A-WL-02,2026-07-04T03:50:00+08:00,1,evt-wl-0910-1,165.069,m,valid,simulator,
DAM-A-WL-03,2026-07-04T03:50:00+08:00,1,evt-wl-0910-2,165.155,m,valid,simulator,
DAM-A-WL-01,2026-07-04T03:55:00+08:00,1,evt-wl-0911-0,164.996,m,valid,simulator,
DAM-A-WL-02,2026-07-04T03:55:00+08:00,1,evt-wl-0911-1,165.055,m,valid,simulator,
DAM-A-WL-03,2026-07-04T03:55:00+08:00,1,evt-wl-0911-2,165.146,m,valid,simulator,
DAM-A-WL-01,2026-07-04T04:00:00+08:00,1,evt-wl-0912-0,164.989,m,valid,simulator,
DAM-A-WL-02,2026-07-04T04:00:00+08:00,1,evt-wl-0912-1,165.047,m,valid,simulator,
DAM-A-WL-03,2026-07-04T04:00:00+08:00,1,evt-wl-0912-2,165.13,m,valid,simulator,
DAM-A-WL-01,2026-07-04T04:05:00+08:00,1,evt-wl-0913-0,164.964,m,valid,simulator,
DAM-A-WL-02,2026-07-04T04:05:00+08:00,1,evt-wl-0913-1,165.042,m,valid,simulator,
DAM-A-WL-03,2026-07-04T04:05:00+08:00,1,evt-wl-0913-2,165.122,m,valid,simulator,
DAM-A-WL-01,2026-07-04T04:10:00+08:00,1,evt-wl-0914-0,164.976,m,valid,simulator,
DAM-A-WL-02,2026-07-04T04:10:00+08:00,1,evt-wl-0914-1,165.039,m,valid,simulator,
DAM-A-WL-03,2026-07-04T04:10:00+08:00,1,evt-wl-0914-2,165.109,m,valid,simulator,
DAM-A-WL-01,2026-07-04T04:15:00+08:00,1,evt-wl-0915-0,164.954,m,valid,simulator,
DAM-A-WL-02,2026-07-04T04:15:00+08:00,1,evt-wl-0915-1,165.046,m,valid,simulator,
DAM-A-WL-03,2026-07-04T04:15:00+08:00,1,evt-wl-0915-2,165.123,m,valid,simulator,
DAM-A-WL-01,2026-07-04T04:20:00+08:00,1,evt-wl-0916-0,164.946,m,valid,simulator,
DAM-A-WL-02,2026-07-04T04:20:00+08:00,1,evt-wl-0916-1,165.014,m,valid,simulator,
DAM-A-WL-03,2026-07-04T04:20:00+08:00,1,evt-wl-0916-2,165.105,m,valid,simulator,
DAM-A-WL-01,2026-07-04T04:25:00+08:00,1,evt-wl-0917-0,164.931,m,valid,simulator,
DAM-A-WL-02,2026-07-04T04:25:00+08:00,1,evt-wl-0917-1,165.01,m,valid,simulator,
DAM-A-WL-03,2026-07-04T04:25:00+08:00,1,evt-wl-0917-2,165.083,m,valid,simulator,
DAM-A-WL-01,2026-07-04T04:30:00+08:00,1,evt-wl-0918-0,164.917,m,valid,simulator,
DAM-A-WL-02,2026-07-04T04:30:00+08:00,1,evt-wl-0918-1,165.02,m,valid,simulator,
DAM-A-WL-03,2026-07-04T04:30:00+08:00,1,evt-wl-0918-2,165.074,m,valid,simulator,
DAM-A-WL-01,2026-07-04T04:35:00+08:00,1,evt-wl-0919-0,164.908,m,valid,simulator,
DAM-A-WL-02,2026-07-04T04:35:00+08:00,1,evt-wl-0919-1,164.984,m,valid,simulator,
DAM-A-WL-03,2026-07-04T04:35:00+08:00,1,evt-wl-0919-2,165.068,m,valid,simulator,
DAM-A-WL-01,2026-07-04T04:40:00+08:00,1,evt-wl-0920-0,164.911,m,valid,simulator,
DAM-A-WL-02,2026-07-04T04:40:00+08:00,1,evt-wl-0920-1,164.982,m,valid,simulator,
DAM-A-WL-03,2026-07-04T04:40:00+08:00,1,evt-wl-0920-2,165.071,m,valid,simulator,
DAM-A-WL-01,2026-07-04T04:45:00+08:00,1,evt-wl-0921-0,164.892,m,valid,simulator,
DAM-A-WL-02,2026-07-04T04:45:00+08:00,1,evt-wl-0921-1,164.966,m,valid,simulator,
DAM-A-WL-03,2026-07-04T04:45:00+08:00,1,evt-wl-0921-2,165.064,m,valid,simulator,
DAM-A-WL-01,2026-07-04T04:50:00+08:00,1,evt-wl-0922-0,164.903,m,valid,simulator,
DAM-A-WL-02,2026-07-04T04:50:00+08:00,1,evt-wl-0922-1,164.986,m,valid,simulator,
DAM-A-WL-03,2026-07-04T04:50:00+08:00,1,evt-wl-0922-2,165.056,m,valid,simulator,
DAM-A-WL-01,2026-07-04T04:55:00+08:00,1,evt-wl-0923-0,164.88,m,valid,simulator,
DAM-A-WL-02,2026-07-04T04:55:00+08:00,1,evt-wl-0923-1,164.971,m,valid,simulator,
DAM-A-WL-03,2026-07-04T04:55:00+08:00,1,evt-wl-0923-2,165.054,m,valid,simulator,
DAM-A-WL-01,2026-07-04T05:00:00+08:00,1,evt-wl-0924-0,164.875,m,valid,simulator,
DAM-A-WL-02,2026-07-04T05:00:00+08:00,1,evt-wl-0924-1,164.963,m,valid,simulator,
DAM-A-WL-03,2026-07-04T05:00:00+08:00,1,evt-wl-0924-2,165.048,m,valid,simulator,
DAM-A-WL-01,2026-07-04T05:05:00+08:00,1,evt-wl-0925-0,164.861,m,valid,simulator,
DAM-A-WL-02,2026-07-04T05:05:00+08:00,1,evt-wl-0925-1,164.939,m,valid,simulator,
DAM-A-WL-03,2026-07-04T05:05:00+08:00,1,evt-wl-0925-2,165.023,m,valid,simulator,
DAM-A-WL-01,2026-07-04T05:10:00+08:00,1,evt-wl-0926-0,164.863,m,valid,simulator,
DAM-A-WL-02,2026-07-04T05:10:00+08:00,1,evt-wl-0926-1,164.932,m,valid,simulator,
DAM-A-WL-03,2026-07-04T05:10:00+08:00,1,evt-wl-0926-2,165.016,m,valid,simulator,
DAM-A-WL-01,2026-07-04T05:15:00+08:00,1,evt-wl-0927-0,164.855,m,valid,simulator,
DAM-A-WL-02,2026-07-04T05:15:00+08:00,1,evt-wl-0927-1,164.933,m,valid,simulator,
DAM-A-WL-03,2026-07-04T05:15:00+08:00,1,evt-wl-0927-2,165.006,m,valid,simulator,
DAM-A-WL-01,2026-07-04T05:20:00+08:00,1,evt-wl-0928-0,164.831,m,valid,simulator,
DAM-A-WL-02,2026-07-04T05:20:00+08:00,1,evt-wl-0928-1,164.922,m,valid,simulator,
DAM-A-WL-03,2026-07-04T05:20:00+08:00,1,evt-wl-0928-2,164.999,m,valid,simulator,
DAM-A-WL-01,2026-07-04T05:25:00+08:00,1,evt-wl-0929-0,164.832,m,valid,simulator,
DAM-A-WL-02,2026-07-04T05:25:00+08:00,1,evt-wl-0929-1,164.928,m,valid,simulator,
DAM-A-WL-03,2026-07-04T05:25:00+08:00,1,evt-wl-0929-2,165.007,m,valid,simulator,
DAM-A-WL-01,2026-07-04T05:30:00+08:00,1,evt-wl-0930-0,164.823,m,valid,simulator,
DAM-A-WL-02,2026-07-04T05:30:00+08:00,1,evt-wl-0930-1,164.908,m,valid,simulator,
DAM-A-WL-03,2026-07-04T05:30:00+08:00,1,evt-wl-0930-2,164.988,m,valid,simulator,
DAM-A-WL-01,2026-07-04T05:35:00+08:00,1,evt-wl-0931-0,164.817,m,valid,simulator,
DAM-A-WL-02,2026-07-04T05:35:00+08:00,1,evt-wl-0931-1,164.893,m,valid,simulator,
DAM-A-WL-03,2026-07-04T05:35:00+08:00,1,evt-wl-0931-2,164.981,m,valid,simulator,
DAM-A-WL-01,2026-07-04T05:40:00+08:00,1,evt-wl-0932-0,164.828,m,valid,simulator,
DAM-A-WL-02,2026-07-04T05:40:00+08:00,1,evt-wl-0932-1,164.898,m,valid,simulator,
DAM-A-WL-03,2026-07-04T05:40:00+08:00,1,evt-wl-0932-2,164.975,m,valid,simulator,
DAM-A-WL-01,2026-07-04T05:45:00+08:00,1,evt-wl-0933-0,164.804,m,valid,simulator,
DAM-A-WL-02,2026-07-04T05:45:00+08:00,1,evt-wl-0933-1,164.884,m,valid,simulator,
DAM-A-WL-03,2026-07-04T05:45:00+08:00,1,evt-wl-0933-2,164.963,m,valid,simulator,
DAM-A-WL-01,2026-07-04T05:50:00+08:00,1,evt-wl-0934-0,164.787,m,valid,simulator,
DAM-A-WL-02,2026-07-04T05:50:00+08:00,1,evt-wl-0934-1,164.88,m,valid,simulator,
DAM-A-WL-03,2026-07-04T05:50:00+08:00,1,evt-wl-0934-2,164.958,m,valid,simulator,
DAM-A-WL-01,2026-07-04T05:55:00+08:00,1,evt-wl-0935-0,164.783,m,valid,simulator,
DAM-A-WL-02,2026-07-04T05:55:00+08:00,1,evt-wl-0935-1,164.863,m,valid,simulator,
DAM-A-WL-03,2026-07-04T05:55:00+08:00,1,evt-wl-0935-2,164.948,m,valid,simulator,
DAM-A-WL-01,2026-07-04T06:00:00+08:00,1,evt-wl-0936-0,164.793,m,valid,simulator,
DAM-A-WL-02,2026-07-04T06:00:00+08:00,1,evt-wl-0936-1,164.871,m,valid,simulator,
DAM-A-WL-03,2026-07-04T06:00:00+08:00,1,evt-wl-0936-2,164.947,m,valid,simulator,
DAM-A-WL-01,2026-07-04T06:05:00+08:00,1,evt-wl-0937-0,164.788,m,valid,simulator,
DAM-A-WL-02,2026-07-04T06:05:00+08:00,1,evt-wl-0937-1,164.854,m,valid,simulator,
DAM-A-WL-03,2026-07-04T06:05:00+08:00,1,evt-wl-0937-2,164.926,m,valid,simulator,
DAM-A-WL-01,2026-07-04T06:10:00+08:00,1,evt-wl-0938-0,164.784,m,valid,simulator,
DAM-A-WL-02,2026-07-04T06:10:00+08:00,1,evt-wl-0938-1,164.86,m,valid,simulator,
DAM-A-WL-03,2026-07-04T06:10:00+08:00,1,evt-wl-0938-2,164.943,m,valid,simulator,
DAM-A-WL-01,2026-07-04T06:15:00+08:00,1,evt-wl-0939-0,164.768,m,valid,simulator,
DAM-A-WL-02,2026-07-04T06:15:00+08:00,1,evt-wl-0939-1,164.849,m,valid,simulator,
DAM-A-WL-03,2026-07-04T06:15:00+08:00,1,evt-wl-0939-2,164.932,m,valid,simulator,
DAM-A-WL-01,2026-07-04T06:20:00+08:00,1,evt-wl-0940-0,164.76,m,valid,simulator,
DAM-A-WL-02,2026-07-04T06:20:00+08:00,1,evt-wl-0940-1,164.834,m,valid,simulator,
DAM-A-WL-03,2026-07-04T06:20:00+08:00,1,evt-wl-0940-2,164.931,m,valid,simulator,
DAM-A-WL-01,2026-07-04T06:25:00+08:00,1,evt-wl-0941-0,164.747,m,valid,simulator,
DAM-A-WL-02,2026-07-04T06:25:00+08:00,1,evt-wl-0941-1,164.83,m,valid,simulator,
DAM-A-WL-03,2026-07-04T06:25:00+08:00,1,evt-wl-0941-2,164.914,m,valid,simulator,
DAM-A-WL-01,2026-07-04T06:30:00+08:00,1,evt-wl-0942-0,164.762,m,valid,simulator,
DAM-A-WL-02,2026-07-04T06:30:00+08:00,1,evt-wl-0942-1,164.842,m,valid,simulator,
DAM-A-WL-03,2026-07-04T06:30:00+08:00,1,evt-wl-0942-2,164.902,m,valid,simulator,
DAM-A-WL-01,2026-07-04T06:35:00+08:00,1,evt-wl-0943-0,164.754,m,valid,simulator,
DAM-A-WL-02,2026-07-04T06:35:00+08:00,1,evt-wl-0943-1,164.827,m,valid,simulator,
DAM-A-WL-03,2026-07-04T06:35:00+08:00,1,evt-wl-0943-2,164.915,m,valid,simulator,
DAM-A-WL-01,2026-07-04T06:40:00+08:00,1,evt-wl-0944-0,164.731,m,valid,simulator,
DAM-A-WL-02,2026-07-04T06:40:00+08:00,1,evt-wl-0944-1,164.807,m,valid,simulator,
DAM-A-WL-03,2026-07-04T06:40:00+08:00,1,evt-wl-0944-2,164.906,m,valid,simulator,
DAM-A-WL-01,2026-07-04T06:45:00+08:00,1,evt-wl-0945-0,164.734,m,valid,simulator,
DAM-A-WL-02,2026-07-04T06:45:00+08:00,1,evt-wl-0945-1,164.822,m,valid,simulator,
DAM-A-WL-03,2026-07-04T06:45:00+08:00,1,evt-wl-0945-2,164.882,m,valid,simulator,
DAM-A-WL-01,2026-07-04T06:50:00+08:00,1,evt-wl-0946-0,164.715,m,valid,simulator,
DAM-A-WL-02,2026-07-04T06:50:00+08:00,1,evt-wl-0946-1,164.806,m,valid,simulator,
DAM-A-WL-03,2026-07-04T06:50:00+08:00,1,evt-wl-0946-2,164.877,m,valid,simulator,
DAM-A-WL-01,2026-07-04T06:55:00+08:00,1,evt-wl-0947-0,164.719,m,valid,simulator,
DAM-A-WL-02,2026-07-04T06:55:00+08:00,1,evt-wl-0947-1,164.814,m,valid,simulator,
DAM-A-WL-03,2026-07-04T06:55:00+08:00,1,evt-wl-0947-2,164.882,m,valid,simulator,
DAM-A-WL-01,2026-07-04T07:00:00+08:00,1,evt-wl-0948-0,164.731,m,valid,simulator,
DAM-A-WL-02,2026-07-04T07:00:00+08:00,1,evt-wl-0948-1,164.783,m,valid,simulator,
DAM-A-WL-03,2026-07-04T07:00:00+08:00,1,evt-wl-0948-2,164.887,m,valid,simulator,
DAM-A-WL-01,2026-07-04T07:05:00+08:00,1,evt-wl-0949-0,164.726,m,valid,simulator,
DAM-A-WL-02,2026-07-04T07:05:00+08:00,1,evt-wl-0949-1,164.794,m,valid,simulator,
DAM-A-WL-03,2026-07-04T07:05:00+08:00,1,evt-wl-0949-2,164.871,m,valid,simulator,
DAM-A-WL-01,2026-07-04T07:10:00+08:00,1,evt-wl-0950-0,164.714,m,valid,simulator,
DAM-A-WL-02,2026-07-04T07:10:00+08:00,1,evt-wl-0950-1,164.777,m,valid,simulator,
DAM-A-WL-03,2026-07-04T07:10:00+08:00,1,evt-wl-0950-2,164.862,m,valid,simulator,
DAM-A-WL-01,2026-07-04T07:15:00+08:00,1,evt-wl-0951-0,164.712,m,valid,simulator,
DAM-A-WL-02,2026-07-04T07:15:00+08:00,1,evt-wl-0951-1,164.775,m,valid,simulator,
DAM-A-WL-03,2026-07-04T07:15:00+08:00,1,evt-wl-0951-2,164.87,m,valid,simulator,
DAM-A-WL-01,2026-07-04T07:20:00+08:00,1,evt-wl-0952-0,164.698,m,valid,simulator,
DAM-A-WL-02,2026-07-04T07:20:00+08:00,1,evt-wl-0952-1,164.763,m,valid,simulator,
DAM-A-WL-03,2026-07-04T07:20:00+08:00,1,evt-wl-0952-2,164.849,m,valid,simulator,
DAM-A-WL-01,2026-07-04T07:25:00+08:00,1,evt-wl-0953-0,164.681,m,valid,simulator,
DAM-A-WL-02,2026-07-04T07:25:00+08:00,1,evt-wl-0953-1,164.78,m,valid,simulator,
DAM-A-WL-03,2026-07-04T07:25:00+08:00,1,evt-wl-0953-2,164.842,m,valid,simulator,
DAM-A-WL-01,2026-07-04T07:30:00+08:00,1,evt-wl-0954-0,164.702,m,valid,simulator,
DAM-A-WL-02,2026-07-04T07:30:00+08:00,1,evt-wl-0954-1,164.769,m,valid,simulator,
DAM-A-WL-03,2026-07-04T07:30:00+08:00,1,evt-wl-0954-2,164.834,m,valid,simulator,
DAM-A-WL-01,2026-07-04T07:35:00+08:00,1,evt-wl-0955-0,164.693,m,valid,simulator,
DAM-A-WL-02,2026-07-04T07:35:00+08:00,1,evt-wl-0955-1,164.779,m,valid,simulator,
DAM-A-WL-03,2026-07-04T07:35:00+08:00,1,evt-wl-0955-2,164.855,m,valid,simulator,
DAM-A-WL-01,2026-07-04T07:40:00+08:00,1,evt-wl-0956-0,164.676,m,valid,simulator,
DAM-A-WL-02,2026-07-04T07:40:00+08:00,1,evt-wl-0956-1,164.775,m,valid,simulator,
DAM-A-WL-03,2026-07-04T07:40:00+08:00,1,evt-wl-0956-2,164.854,m,valid,simulator,
DAM-A-WL-01,2026-07-04T07:45:00+08:00,1,evt-wl-0957-0,164.675,m,valid,simulator,
DAM-A-WL-02,2026-07-04T07:45:00+08:00,1,evt-wl-0957-1,164.761,m,valid,simulator,
DAM-A-WL-03,2026-07-04T07:45:00+08:00,1,evt-wl-0957-2,164.837,m,valid,simulator,
DAM-A-WL-01,2026-07-04T07:50:00+08:00,1,evt-wl-0958-0,164.677,m,valid,simulator,
DAM-A-WL-02,2026-07-04T07:50:00+08:00,1,evt-wl-0958-1,164.749,m,valid,simulator,
DAM-A-WL-03,2026-07-04T07:50:00+08:00,1,evt-wl-0958-2,164.844,m,valid,simulator,
DAM-A-WL-01,2026-07-04T07:55:00+08:00,1,evt-wl-0959-0,164.677,m,valid,simulator,
DAM-A-WL-02,2026-07-04T07:55:00+08:00,1,evt-wl-0959-1,164.743,m,valid,simulator,
DAM-A-WL-03,2026-07-04T07:55:00+08:00,1,evt-wl-0959-2,164.838,m,valid,simulator,
DAM-A-WL-01,2026-07-04T08:00:00+08:00,1,evt-wl-0960-0,164.669,m,valid,simulator,
DAM-A-WL-02,2026-07-04T08:00:00+08:00,1,evt-wl-0960-1,164.744,m,valid,simulator,
DAM-A-WL-03,2026-07-04T08:00:00+08:00,1,evt-wl-0960-2,164.816,m,valid,simulator,
DAM-A-WL-01,2026-07-04T08:05:00+08:00,1,evt-wl-0961-0,164.674,m,valid,simulator,
DAM-A-WL-02,2026-07-04T08:05:00+08:00,1,evt-wl-0961-1,164.728,m,valid,simulator,
DAM-A-WL-03,2026-07-04T08:05:00+08:00,1,evt-wl-0961-2,164.826,m,valid,simulator,
DAM-A-WL-01,2026-07-04T08:10:00+08:00,1,evt-wl-0962-0,164.665,m,valid,simulator,
DAM-A-WL-02,2026-07-04T08:10:00+08:00,1,evt-wl-0962-1,164.743,m,valid,simulator,
DAM-A-WL-03,2026-07-04T08:10:00+08:00,1,evt-wl-0962-2,164.817,m,valid,simulator,
DAM-A-WL-01,2026-07-04T08:15:00+08:00,1,evt-wl-0963-0,164.658,m,valid,simulator,
DAM-A-WL-02,2026-07-04T08:15:00+08:00,1,evt-wl-0963-1,164.725,m,valid,simulator,
DAM-A-WL-03,2026-07-04T08:15:00+08:00,1,evt-wl-0963-2,164.81,m,valid,simulator,
DAM-A-WL-01,2026-07-04T08:20:00+08:00,1,evt-wl-0964-0,164.653,m,valid,simulator,
DAM-A-WL-02,2026-07-04T08:20:00+08:00,1,evt-wl-0964-1,164.731,m,valid,simulator,
DAM-A-WL-03,2026-07-04T08:20:00+08:00,1,evt-wl-0964-2,164.802,m,valid,simulator,
DAM-A-WL-01,2026-07-04T08:25:00+08:00,1,evt-wl-0965-0,164.652,m,valid,simulator,
DAM-A-WL-02,2026-07-04T08:25:00+08:00,1,evt-wl-0965-1,164.74,m,valid,simulator,
DAM-A-WL-03,2026-07-04T08:25:00+08:00,1,evt-wl-0965-2,164.819,m,valid,simulator,
DAM-A-WL-01,2026-07-04T08:30:00+08:00,1,evt-wl-0966-0,164.633,m,valid,simulator,
DAM-A-WL-02,2026-07-04T08:30:00+08:00,1,evt-wl-0966-1,164.724,m,valid,simulator,
DAM-A-WL-03,2026-07-04T08:30:00+08:00,1,evt-wl-0966-2,164.82,m,valid,simulator,
DAM-A-WL-01,2026-07-04T08:35:00+08:00,1,evt-wl-0967-0,164.631,m,valid,simulator,
DAM-A-WL-02,2026-07-04T08:35:00+08:00,1,evt-wl-0967-1,164.715,m,valid,simulator,
DAM-A-WL-03,2026-07-04T08:35:00+08:00,1,evt-wl-0967-2,164.799,m,valid,simulator,
DAM-A-WL-01,2026-07-04T08:40:00+08:00,1,evt-wl-0968-0,164.651,m,valid,simulator,
DAM-A-WL-02,2026-07-04T08:40:00+08:00,1,evt-wl-0968-1,164.717,m,valid,simulator,
DAM-A-WL-03,2026-07-04T08:40:00+08:00,1,evt-wl-0968-2,164.8,m,valid,simulator,
DAM-A-WL-01,2026-07-04T08:45:00+08:00,1,evt-wl-0969-0,164.645,m,valid,simulator,
DAM-A-WL-02,2026-07-04T08:45:00+08:00,1,evt-wl-0969-1,164.712,m,valid,simulator,
DAM-A-WL-03,2026-07-04T08:45:00+08:00,1,evt-wl-0969-2,164.792,m,valid,simulator,
DAM-A-WL-01,2026-07-04T08:50:00+08:00,1,evt-wl-0970-0,164.644,m,valid,simulator,
DAM-A-WL-02,2026-07-04T08:50:00+08:00,1,evt-wl-0970-1,164.708,m,valid,simulator,
DAM-A-WL-03,2026-07-04T08:50:00+08:00,1,evt-wl-0970-2,164.786,m,valid,simulator,
DAM-A-WL-01,2026-07-04T08:55:00+08:00,1,evt-wl-0971-0,164.623,m,valid,simulator,
DAM-A-WL-02,2026-07-04T08:55:00+08:00,1,evt-wl-0971-1,164.718,m,valid,simulator,
DAM-A-WL-03,2026-07-04T08:55:00+08:00,1,evt-wl-0971-2,164.799,m,valid,simulator,
DAM-A-WL-01,2026-07-04T09:00:00+08:00,1,evt-wl-0972-0,164.639,m,valid,simulator,
DAM-A-WL-02,2026-07-04T09:00:00+08:00,1,evt-wl-0972-1,164.7,m,valid,simulator,
DAM-A-WL-03,2026-07-04T09:00:00+08:00,1,evt-wl-0972-2,164.806,m,valid,simulator,
DAM-A-WL-01,2026-07-04T09:05:00+08:00,1,evt-wl-0973-0,164.633,m,valid,simulator,
DAM-A-WL-02,2026-07-04T09:05:00+08:00,1,evt-wl-0973-1,164.717,m,valid,simulator,
DAM-A-WL-03,2026-07-04T09:05:00+08:00,1,evt-wl-0973-2,164.795,m,valid,simulator,
DAM-A-WL-01,2026-07-04T09:10:00+08:00,1,evt-wl-0974-0,164.632,m,valid,simulator,
DAM-A-WL-02,2026-07-04T09:10:00+08:00,1,evt-wl-0974-1,164.703,m,valid,simulator,
DAM-A-WL-03,2026-07-04T09:10:00+08:00,1,evt-wl-0974-2,164.796,m,valid,simulator,
DAM-A-WL-01,2026-07-04T09:15:00+08:00,1,evt-wl-0975-0,164.638,m,valid,simulator,
DAM-A-WL-02,2026-07-04T09:15:00+08:00,1,evt-wl-0975-1,164.699,m,valid,simulator,
DAM-A-WL-03,2026-07-04T09:15:00+08:00,1,evt-wl-0975-2,164.793,m,valid,simulator,
DAM-A-WL-01,2026-07-04T09:20:00+08:00,1,evt-wl-0976-0,164.621,m,valid,simulator,
DAM-A-WL-02,2026-07-04T09:20:00+08:00,1,evt-wl-0976-1,164.712,m,valid,simulator,
DAM-A-WL-03,2026-07-04T09:20:00+08:00,1,evt-wl-0976-2,164.798,m,valid,simulator,
DAM-A-WL-01,2026-07-04T09:25:00+08:00,1,evt-wl-0977-0,164.641,m,valid,simulator,
DAM-A-WL-02,2026-07-04T09:25:00+08:00,1,evt-wl-0977-1,164.717,m,valid,simulator,
DAM-A-WL-03,2026-07-04T09:25:00+08:00,1,evt-wl-0977-2,164.774,m,valid,simulator,
DAM-A-WL-01,2026-07-04T09:30:00+08:00,1,evt-wl-0978-0,164.614,m,valid,simulator,
DAM-A-WL-02,2026-07-04T09:30:00+08:00,1,evt-wl-0978-1,164.72,m,valid,simulator,
DAM-A-WL-03,2026-07-04T09:30:00+08:00,1,evt-wl-0978-2,164.784,m,valid,simulator,
DAM-A-WL-01,2026-07-04T09:35:00+08:00,1,evt-wl-0979-0,164.613,m,valid,simulator,
DAM-A-WL-02,2026-07-04T09:35:00+08:00,1,evt-wl-0979-1,164.711,m,valid,simulator,
DAM-A-WL-03,2026-07-04T09:35:00+08:00,1,evt-wl-0979-2,164.796,m,valid,simulator,
DAM-A-WL-01,2026-07-04T09:40:00+08:00,1,evt-wl-0980-0,164.626,m,valid,simulator,
DAM-A-WL-02,2026-07-04T09:40:00+08:00,1,evt-wl-0980-1,164.706,m,valid,simulator,
DAM-A-WL-03,2026-07-04T09:40:00+08:00,1,evt-wl-0980-2,164.776,m,valid,simulator,
DAM-A-WL-01,2026-07-04T09:45:00+08:00,1,evt-wl-0981-0,164.631,m,valid,simulator,
DAM-A-WL-02,2026-07-04T09:45:00+08:00,1,evt-wl-0981-1,164.696,m,valid,simulator,
DAM-A-WL-03,2026-07-04T09:45:00+08:00,1,evt-wl-0981-2,164.797,m,valid,simulator,
DAM-A-WL-01,2026-07-04T09:50:00+08:00,1,evt-wl-0982-0,164.636,m,valid,simulator,
DAM-A-WL-02,2026-07-04T09:50:00+08:00,1,evt-wl-0982-1,164.713,m,valid,simulator,
DAM-A-WL-03,2026-07-04T09:50:00+08:00,1,evt-wl-0982-2,164.775,m,valid,simulator,
DAM-A-WL-01,2026-07-04T09:55:00+08:00,1,evt-wl-0983-0,164.626,m,valid,simulator,
DAM-A-WL-02,2026-07-04T09:55:00+08:00,1,evt-wl-0983-1,164.709,m,valid,simulator,
DAM-A-WL-03,2026-07-04T09:55:00+08:00,1,evt-wl-0983-2,164.795,m,valid,simulator,
DAM-A-WL-01,2026-07-04T10:00:00+08:00,1,evt-wl-0984-0,164.617,m,valid,simulator,
DAM-A-WL-02,2026-07-04T10:00:00+08:00,1,evt-wl-0984-1,164.703,m,valid,simulator,
DAM-A-WL-03,2026-07-04T10:00:00+08:00,1,evt-wl-0984-2,164.794,m,valid,simulator,
DAM-A-WL-01,2026-07-04T10:05:00+08:00,1,evt-wl-0985-0,164.618,m,valid,simulator,
DAM-A-WL-02,2026-07-04T10:05:00+08:00,1,evt-wl-0985-1,164.708,m,valid,simulator,
DAM-A-WL-03,2026-07-04T10:05:00+08:00,1,evt-wl-0985-2,164.775,m,valid,simulator,
DAM-A-WL-01,2026-07-04T10:10:00+08:00,1,evt-wl-0986-0,164.637,m,valid,simulator,
DAM-A-WL-02,2026-07-04T10:10:00+08:00,1,evt-wl-0986-1,164.71,m,valid,simulator,
DAM-A-WL-03,2026-07-04T10:10:00+08:00,1,evt-wl-0986-2,164.784,m,valid,simulator,
DAM-A-WL-01,2026-07-04T10:15:00+08:00,1,evt-wl-0987-0,164.622,m,valid,simulator,
DAM-A-WL-02,2026-07-04T10:15:00+08:00,1,evt-wl-0987-1,164.704,m,valid,simulator,
DAM-A-WL-03,2026-07-04T10:15:00+08:00,1,evt-wl-0987-2,164.784,m,valid,simulator,
DAM-A-WL-01,2026-07-04T10:20:00+08:00,1,evt-wl-0988-0,164.629,m,valid,simulator,
DAM-A-WL-02,2026-07-04T10:20:00+08:00,1,evt-wl-0988-1,164.702,m,valid,simulator,
DAM-A-WL-03,2026-07-04T10:20:00+08:00,1,evt-wl-0988-2,164.791,m,valid,simulator,
DAM-A-WL-01,2026-07-04T10:25:00+08:00,1,evt-wl-0989-0,164.623,m,valid,simulator,
DAM-A-WL-02,2026-07-04T10:25:00+08:00,1,evt-wl-0989-1,164.715,m,valid,simulator,
DAM-A-WL-03,2026-07-04T10:25:00+08:00,1,evt-wl-0989-2,164.777,m,valid,simulator,
DAM-A-WL-01,2026-07-04T10:30:00+08:00,1,evt-wl-0990-0,164.63,m,valid,simulator,
DAM-A-WL-02,2026-07-04T10:30:00+08:00,1,evt-wl-0990-1,164.716,m,valid,simulator,
DAM-A-WL-03,2026-07-04T10:30:00+08:00,1,evt-wl-0990-2,164.778,m,valid,simulator,
DAM-A-WL-01,2026-07-04T10:35:00+08:00,1,evt-wl-0991-0,164.615,m,valid,simulator,
DAM-A-WL-02,2026-07-04T10:35:00+08:00,1,evt-wl-0991-1,164.716,m,valid,simulator,
DAM-A-WL-03,2026-07-04T10:35:00+08:00,1,evt-wl-0991-2,164.791,m,valid,simulator,
DAM-A-WL-01,2026-07-04T10:40:00+08:00,1,evt-wl-0992-0,164.628,m,valid,simulator,
DAM-A-WL-02,2026-07-04T10:40:00+08:00,1,evt-wl-0992-1,164.717,m,valid,simulator,
DAM-A-WL-03,2026-07-04T10:40:00+08:00,1,evt-wl-0992-2,164.774,m,valid,simulator,
DAM-A-WL-01,2026-07-04T10:45:00+08:00,1,evt-wl-0993-0,164.634,m,valid,simulator,
DAM-A-WL-02,2026-07-04T10:45:00+08:00,1,evt-wl-0993-1,164.705,m,valid,simulator,
DAM-A-WL-03,2026-07-04T10:45:00+08:00,1,evt-wl-0993-2,164.796,m,valid,simulator,
DAM-A-WL-01,2026-07-04T10:50:00+08:00,1,evt-wl-0994-0,164.616,m,valid,simulator,
DAM-A-WL-02,2026-07-04T10:50:00+08:00,1,evt-wl-0994-1,164.697,m,valid,simulator,
DAM-A-WL-03,2026-07-04T10:50:00+08:00,1,evt-wl-0994-2,164.796,m,valid,simulator,
DAM-A-WL-01,2026-07-04T10:55:00+08:00,1,evt-wl-0995-0,164.625,m,valid,simulator,
DAM-A-WL-02,2026-07-04T10:55:00+08:00,1,evt-wl-0995-1,164.702,m,valid,simulator,
DAM-A-WL-03,2026-07-04T10:55:00+08:00,1,evt-wl-0995-2,164.803,m,valid,simulator,
DAM-A-WL-01,2026-07-04T11:00:00+08:00,1,evt-wl-0996-0,164.631,m,valid,simulator,
DAM-A-WL-02,2026-07-04T11:00:00+08:00,1,evt-wl-0996-1,164.702,m,valid,simulator,
DAM-A-WL-03,2026-07-04T11:00:00+08:00,1,evt-wl-0996-2,164.782,m,valid,simulator,
DAM-A-WL-01,2026-07-04T11:05:00+08:00,1,evt-wl-0997-0,164.642,m,valid,simulator,
DAM-A-WL-02,2026-07-04T11:05:00+08:00,1,evt-wl-0997-1,164.71,m,valid,simulator,
DAM-A-WL-03,2026-07-04T11:05:00+08:00,1,evt-wl-0997-2,164.788,m,valid,simulator,
DAM-A-WL-01,2026-07-04T11:10:00+08:00,1,evt-wl-0998-0,164.637,m,valid,simulator,
DAM-A-WL-02,2026-07-04T11:10:00+08:00,1,evt-wl-0998-1,164.705,m,valid,simulator,
DAM-A-WL-03,2026-07-04T11:10:00+08:00,1,evt-wl-0998-2,164.791,m,valid,simulator,
DAM-A-WL-01,2026-07-04T11:15:00+08:00,1,evt-wl-0999-0,164.642,m,valid,simulator,
DAM-A-WL-02,2026-07-04T11:15:00+08:00,1,evt-wl-0999-1,164.712,m,valid,simulator,
DAM-A-WL-03,2026-07-04T11:15:00+08:00,1,evt-wl-0999-2,164.795,m,valid,simulator,
DAM-A-WL-01,2026-07-04T11:20:00+08:00,1,evt-wl-1000-0,164.632,m,valid,simulator,
DAM-A-WL-02,2026-07-04T11:20:00+08:00,1,evt-wl-1000-1,164.726,m,valid,simulator,
DAM-A-WL-03,2026-07-04T11:20:00+08:00,1,evt-wl-1000-2,164.815,m,valid,simulator,
DAM-A-WL-01,2026-07-04T11:25:00+08:00,1,evt-wl-1001-0,164.653,m,valid,simulator,
DAM-A-WL-02,2026-07-04T11:25:00+08:00,1,evt-wl-1001-1,164.737,m,valid,simulator,
DAM-A-WL-03,2026-07-04T11:25:00+08:00,1,evt-wl-1001-2,164.806,m,valid,simulator,
DAM-A-WL-01,2026-07-04T11:30:00+08:00,1,evt-wl-1002-0,164.651,m,valid,simulator,
DAM-A-WL-02,2026-07-04T11:30:00+08:00,1,evt-wl-1002-1,164.716,m,valid,simulator,
DAM-A-WL-03,2026-07-04T11:30:00+08:00,1,evt-wl-1002-2,164.794,m,valid,simulator,
DAM-A-WL-01,2026-07-04T11:35:00+08:00,1,evt-wl-1003-0,164.644,m,valid,simulator,
DAM-A-WL-02,2026-07-04T11:35:00+08:00,1,evt-wl-1003-1,164.729,m,valid,simulator,
DAM-A-WL-03,2026-07-04T11:35:00+08:00,1,evt-wl-1003-2,164.804,m,valid,simulator,
DAM-A-WL-01,2026-07-04T11:40:00+08:00,1,evt-wl-1004-0,164.649,m,valid,simulator,
DAM-A-WL-02,2026-07-04T11:40:00+08:00,1,evt-wl-1004-1,164.745,m,valid,simulator,
DAM-A-WL-03,2026-07-04T11:40:00+08:00,1,evt-wl-1004-2,164.812,m,valid,simulator,
DAM-A-WL-01,2026-07-04T11:45:00+08:00,1,evt-wl-1005-0,164.66,m,valid,simulator,
DAM-A-WL-02,2026-07-04T11:45:00+08:00,1,evt-wl-1005-1,164.725,m,valid,simulator,
DAM-A-WL-03,2026-07-04T11:45:00+08:00,1,evt-wl-1005-2,164.814,m,valid,simulator,
DAM-A-WL-01,2026-07-04T11:50:00+08:00,1,evt-wl-1006-0,164.66,m,valid,simulator,
DAM-A-WL-02,2026-07-04T11:50:00+08:00,1,evt-wl-1006-1,164.728,m,valid,simulator,
DAM-A-WL-03,2026-07-04T11:50:00+08:00,1,evt-wl-1006-2,164.833,m,valid,simulator,
DAM-A-WL-01,2026-07-04T11:55:00+08:00,1,evt-wl-1007-0,164.668,m,valid,simulator,
DAM-A-WL-02,2026-07-04T11:55:00+08:00,1,evt-wl-1007-1,164.741,m,valid,simulator,
DAM-A-WL-03,2026-07-04T11:55:00+08:00,1,evt-wl-1007-2,164.812,m,valid,simulator,
DAM-A-WL-01,2026-07-04T12:00:00+08:00,1,evt-wl-1008-0,164.657,m,valid,simulator,
DAM-A-WL-02,2026-07-04T12:00:00+08:00,1,evt-wl-1008-1,164.737,m,valid,simulator,
DAM-A-WL-03,2026-07-04T12:00:00+08:00,1,evt-wl-1008-2,164.825,m,valid,simulator,
DAM-A-WL-01,2026-07-04T12:05:00+08:00,1,evt-wl-1009-0,164.674,m,valid,simulator,
DAM-A-WL-02,2026-07-04T12:05:00+08:00,1,evt-wl-1009-1,164.746,m,valid,simulator,
DAM-A-WL-03,2026-07-04T12:05:00+08:00,1,evt-wl-1009-2,164.839,m,valid,simulator,
DAM-A-WL-01,2026-07-04T12:10:00+08:00,1,evt-wl-1010-0,164.67,m,valid,simulator,
DAM-A-WL-02,2026-07-04T12:10:00+08:00,1,evt-wl-1010-1,164.757,m,valid,simulator,
DAM-A-WL-03,2026-07-04T12:10:00+08:00,1,evt-wl-1010-2,164.839,m,valid,simulator,
DAM-A-WL-01,2026-07-04T12:15:00+08:00,1,evt-wl-1011-0,164.679,m,valid,simulator,
DAM-A-WL-02,2026-07-04T12:15:00+08:00,1,evt-wl-1011-1,164.745,m,valid,simulator,
DAM-A-WL-03,2026-07-04T12:15:00+08:00,1,evt-wl-1011-2,164.826,m,valid,simulator,
DAM-A-WL-01,2026-07-04T12:20:00+08:00,1,evt-wl-1012-0,164.693,m,valid,simulator,
DAM-A-WL-02,2026-07-04T12:20:00+08:00,1,evt-wl-1012-1,164.77,m,valid,simulator,
DAM-A-WL-03,2026-07-04T12:20:00+08:00,1,evt-wl-1012-2,164.836,m,valid,simulator,
DAM-A-WL-01,2026-07-04T12:25:00+08:00,1,evt-wl-1013-0,164.691,m,valid,simulator,
DAM-A-WL-02,2026-07-04T12:25:00+08:00,1,evt-wl-1013-1,164.772,m,valid,simulator,
DAM-A-WL-03,2026-07-04T12:25:00+08:00,1,evt-wl-1013-2,164.84,m,valid,simulator,
DAM-A-WL-01,2026-07-04T12:30:00+08:00,1,evt-wl-1014-0,164.675,m,valid,simulator,
DAM-A-WL-02,2026-07-04T12:30:00+08:00,1,evt-wl-1014-1,164.765,m,valid,simulator,
DAM-A-WL-03,2026-07-04T12:30:00+08:00,1,evt-wl-1014-2,164.856,m,valid,simulator,
DAM-A-WL-01,2026-07-04T12:35:00+08:00,1,evt-wl-1015-0,164.688,m,valid,simulator,
DAM-A-WL-02,2026-07-04T12:35:00+08:00,1,evt-wl-1015-1,164.775,m,valid,simulator,
DAM-A-WL-03,2026-07-04T12:35:00+08:00,1,evt-wl-1015-2,164.845,m,valid,simulator,
DAM-A-WL-01,2026-07-04T12:40:00+08:00,1,evt-wl-1016-0,164.687,m,valid,simulator,
DAM-A-WL-02,2026-07-04T12:40:00+08:00,1,evt-wl-1016-1,164.767,m,valid,simulator,
DAM-A-WL-03,2026-07-04T12:40:00+08:00,1,evt-wl-1016-2,164.844,m,valid,simulator,
DAM-A-WL-01,2026-07-04T12:45:00+08:00,1,evt-wl-1017-0,164.7,m,valid,simulator,
DAM-A-WL-02,2026-07-04T12:45:00+08:00,1,evt-wl-1017-1,164.796,m,valid,simulator,
DAM-A-WL-03,2026-07-04T12:45:00+08:00,1,evt-wl-1017-2,164.858,m,valid,simulator,
DAM-A-WL-01,2026-07-04T12:50:00+08:00,1,evt-wl-1018-0,164.701,m,valid,simulator,
DAM-A-WL-02,2026-07-04T12:50:00+08:00,1,evt-wl-1018-1,164.787,m,valid,simulator,
DAM-A-WL-03,2026-07-04T12:50:00+08:00,1,evt-wl-1018-2,164.859,m,valid,simulator,
DAM-A-WL-01,2026-07-04T12:55:00+08:00,1,evt-wl-1019-0,164.727,m,valid,simulator,
DAM-A-WL-02,2026-07-04T12:55:00+08:00,1,evt-wl-1019-1,164.806,m,valid,simulator,
DAM-A-WL-03,2026-07-04T12:55:00+08:00,1,evt-wl-1019-2,164.882,m,valid,simulator,
DAM-A-WL-01,2026-07-04T13:00:00+08:00,1,evt-wl-1020-0,164.727,m,valid,simulator,
DAM-A-WL-02,2026-07-04T13:00:00+08:00,1,evt-wl-1020-1,164.792,m,valid,simulator,
DAM-A-WL-03,2026-07-04T13:00:00+08:00,1,evt-wl-1020-2,164.89,m,valid,simulator,
DAM-A-WL-01,2026-07-04T13:05:00+08:00,1,evt-wl-1021-0,164.736,m,valid,simulator,
DAM-A-WL-02,2026-07-04T13:05:00+08:00,1,evt-wl-1021-1,164.801,m,valid,simulator,
DAM-A-WL-03,2026-07-04T13:05:00+08:00,1,evt-wl-1021-2,164.885,m,valid,simulator,
DAM-A-WL-01,2026-07-04T13:10:00+08:00,1,evt-wl-1022-0,164.736,m,valid,simulator,
DAM-A-WL-02,2026-07-04T13:10:00+08:00,1,evt-wl-1022-1,164.811,m,valid,simulator,
DAM-A-WL-03,2026-07-04T13:10:00+08:00,1,evt-wl-1022-2,164.901,m,valid,simulator,
DAM-A-WL-01,2026-07-04T13:15:00+08:00,1,evt-wl-1023-0,164.74,m,valid,simulator,
DAM-A-WL-02,2026-07-04T13:15:00+08:00,1,evt-wl-1023-1,164.801,m,valid,simulator,
DAM-A-WL-03,2026-07-04T13:15:00+08:00,1,evt-wl-1023-2,164.9,m,valid,simulator,
DAM-A-WL-01,2026-07-04T13:20:00+08:00,1,evt-wl-1024-0,164.753,m,valid,simulator,
DAM-A-WL-02,2026-07-04T13:20:00+08:00,1,evt-wl-1024-1,164.813,m,valid,simulator,
DAM-A-WL-03,2026-07-04T13:20:00+08:00,1,evt-wl-1024-2,164.911,m,valid,simulator,
DAM-A-WL-01,2026-07-04T13:25:00+08:00,1,evt-wl-1025-0,164.753,m,valid,simulator,
DAM-A-WL-02,2026-07-04T13:25:00+08:00,1,evt-wl-1025-1,164.823,m,valid,simulator,
DAM-A-WL-03,2026-07-04T13:25:00+08:00,1,evt-wl-1025-2,164.91,m,valid,simulator,
DAM-A-WL-01,2026-07-04T13:30:00+08:00,1,evt-wl-1026-0,164.741,m,valid,simulator,
DAM-A-WL-02,2026-07-04T13:30:00+08:00,1,evt-wl-1026-1,164.819,m,valid,simulator,
DAM-A-WL-03,2026-07-04T13:30:00+08:00,1,evt-wl-1026-2,164.908,m,valid,simulator,
DAM-A-WL-01,2026-07-04T13:35:00+08:00,1,evt-wl-1027-0,164.765,m,valid,simulator,
DAM-A-WL-02,2026-07-04T13:35:00+08:00,1,evt-wl-1027-1,164.828,m,valid,simulator,
DAM-A-WL-03,2026-07-04T13:35:00+08:00,1,evt-wl-1027-2,164.918,m,valid,simulator,
DAM-A-WL-01,2026-07-04T13:40:00+08:00,1,evt-wl-1028-0,164.771,m,valid,simulator,
DAM-A-WL-02,2026-07-04T13:40:00+08:00,1,evt-wl-1028-1,164.841,m,valid,simulator,
DAM-A-WL-03,2026-07-04T13:40:00+08:00,1,evt-wl-1028-2,164.93,m,valid,simulator,
DAM-A-WL-01,2026-07-04T13:45:00+08:00,1,evt-wl-1029-0,164.767,m,valid,simulator,
DAM-A-WL-02,2026-07-04T13:45:00+08:00,1,evt-wl-1029-1,164.847,m,valid,simulator,
DAM-A-WL-03,2026-07-04T13:45:00+08:00,1,evt-wl-1029-2,164.932,m,valid,simulator,
DAM-A-WL-01,2026-07-04T13:50:00+08:00,1,evt-wl-1030-0,164.776,m,valid,simulator,
DAM-A-WL-02,2026-07-04T13:50:00+08:00,1,evt-wl-1030-1,164.872,m,valid,simulator,
DAM-A-WL-03,2026-07-04T13:50:00+08:00,1,evt-wl-1030-2,164.931,m,valid,simulator,
DAM-A-WL-01,2026-07-04T13:55:00+08:00,1,evt-wl-1031-0,164.785,m,valid,simulator,
DAM-A-WL-02,2026-07-04T13:55:00+08:00,1,evt-wl-1031-1,164.853,m,valid,simulator,
DAM-A-WL-03,2026-07-04T13:55:00+08:00,1,evt-wl-1031-2,164.93,m,valid,simulator,
DAM-A-WL-01,2026-07-04T14:00:00+08:00,1,evt-wl-1032-0,164.801,m,valid,simulator,
DAM-A-WL-02,2026-07-04T14:00:00+08:00,1,evt-wl-1032-1,164.883,m,valid,simulator,
DAM-A-WL-03,2026-07-04T14:00:00+08:00,1,evt-wl-1032-2,164.944,m,valid,simulator,
DAM-A-WL-01,2026-07-04T14:05:00+08:00,1,evt-wl-1033-0,164.792,m,valid,simulator,
DAM-A-WL-02,2026-07-04T14:05:00+08:00,1,evt-wl-1033-1,164.892,m,valid,simulator,
DAM-A-WL-03,2026-07-04T14:05:00+08:00,1,evt-wl-1033-2,164.948,m,valid,simulator,
DAM-A-WL-01,2026-07-04T14:10:00+08:00,1,evt-wl-1034-0,164.804,m,valid,simulator,
DAM-A-WL-02,2026-07-04T14:10:00+08:00,1,evt-wl-1034-1,164.897,m,valid,simulator,
DAM-A-WL-03,2026-07-04T14:10:00+08:00,1,evt-wl-1034-2,164.98,m,valid,simulator,
DAM-A-WL-01,2026-07-04T14:15:00+08:00,1,evt-wl-1035-0,164.802,m,valid,simulator,
DAM-A-WL-02,2026-07-04T14:15:00+08:00,1,evt-wl-1035-1,164.879,m,valid,simulator,
DAM-A-WL-03,2026-07-04T14:15:00+08:00,1,evt-wl-1035-2,164.968,m,valid,simulator,
DAM-A-WL-01,2026-07-04T14:20:00+08:00,1,evt-wl-1036-0,164.824,m,valid,simulator,
DAM-A-WL-02,2026-07-04T14:20:00+08:00,1,evt-wl-1036-1,164.89,m,valid,simulator,
DAM-A-WL-03,2026-07-04T14:20:00+08:00,1,evt-wl-1036-2,164.971,m,valid,simulator,
DAM-A-WL-01,2026-07-04T14:25:00+08:00,1,evt-wl-1037-0,164.813,m,valid,simulator,
DAM-A-WL-02,2026-07-04T14:25:00+08:00,1,evt-wl-1037-1,164.896,m,valid,simulator,
DAM-A-WL-03,2026-07-04T14:25:00+08:00,1,evt-wl-1037-2,164.999,m,valid,simulator,
DAM-A-WL-01,2026-07-04T14:30:00+08:00,1,evt-wl-1038-0,164.847,m,valid,simulator,
DAM-A-WL-02,2026-07-04T14:30:00+08:00,1,evt-wl-1038-1,164.92,m,valid,simulator,
DAM-A-WL-03,2026-07-04T14:30:00+08:00,1,evt-wl-1038-2,164.992,m,valid,simulator,
DAM-A-WL-01,2026-07-04T14:35:00+08:00,1,evt-wl-1039-0,164.832,m,valid,simulator,
DAM-A-WL-02,2026-07-04T14:35:00+08:00,1,evt-wl-1039-1,164.932,m,valid,simulator,
DAM-A-WL-03,2026-07-04T14:35:00+08:00,1,evt-wl-1039-2,165.01,m,valid,simulator,
DAM-A-WL-01,2026-07-04T14:40:00+08:00,1,evt-wl-1040-0,164.861,m,valid,simulator,
DAM-A-WL-02,2026-07-04T14:40:00+08:00,1,evt-wl-1040-1,164.934,m,valid,simulator,
DAM-A-WL-03,2026-07-04T14:40:00+08:00,1,evt-wl-1040-2,165.012,m,valid,simulator,
DAM-A-WL-01,2026-07-04T14:45:00+08:00,1,evt-wl-1041-0,164.865,m,valid,simulator,
DAM-A-WL-02,2026-07-04T14:45:00+08:00,1,evt-wl-1041-1,164.951,m,valid,simulator,
DAM-A-WL-03,2026-07-04T14:45:00+08:00,1,evt-wl-1041-2,165.03,m,valid,simulator,
DAM-A-WL-01,2026-07-04T14:50:00+08:00,1,evt-wl-1042-0,164.878,m,valid,simulator,
DAM-A-WL-02,2026-07-04T14:50:00+08:00,1,evt-wl-1042-1,164.936,m,valid,simulator,
DAM-A-WL-03,2026-07-04T14:50:00+08:00,1,evt-wl-1042-2,165.03,m,valid,simulator,
DAM-A-WL-01,2026-07-04T14:55:00+08:00,1,evt-wl-1043-0,164.863,m,valid,simulator,
DAM-A-WL-02,2026-07-04T14:55:00+08:00,1,evt-wl-1043-1,164.942,m,valid,simulator,
DAM-A-WL-03,2026-07-04T14:55:00+08:00,1,evt-wl-1043-2,165.047,m,valid,simulator,
DAM-A-WL-01,2026-07-04T15:00:00+08:00,1,evt-wl-1044-0,164.868,m,valid,simulator,
DAM-A-WL-02,2026-07-04T15:00:00+08:00,1,evt-wl-1044-1,164.972,m,valid,simulator,
DAM-A-WL-03,2026-07-04T15:00:00+08:00,1,evt-wl-1044-2,165.05,m,valid,simulator,
DAM-A-WL-01,2026-07-04T15:05:00+08:00,1,evt-wl-1045-0,164.905,m,valid,simulator,
DAM-A-WL-02,2026-07-04T15:05:00+08:00,1,evt-wl-1045-1,164.973,m,valid,simulator,
DAM-A-WL-03,2026-07-04T15:05:00+08:00,1,evt-wl-1045-2,165.063,m,valid,simulator,
DAM-A-WL-01,2026-07-04T15:10:00+08:00,1,evt-wl-1046-0,164.904,m,valid,simulator,
DAM-A-WL-02,2026-07-04T15:10:00+08:00,1,evt-wl-1046-1,164.966,m,valid,simulator,
DAM-A-WL-03,2026-07-04T15:10:00+08:00,1,evt-wl-1046-2,165.072,m,valid,simulator,
DAM-A-WL-01,2026-07-04T15:15:00+08:00,1,evt-wl-1047-0,164.923,m,valid,simulator,
DAM-A-WL-02,2026-07-04T15:15:00+08:00,1,evt-wl-1047-1,164.995,m,valid,simulator,
DAM-A-WL-03,2026-07-04T15:15:00+08:00,1,evt-wl-1047-2,165.076,m,valid,simulator,
DAM-A-WL-01,2026-07-04T15:20:00+08:00,1,evt-wl-1048-0,164.92,m,valid,simulator,
DAM-A-WL-02,2026-07-04T15:20:00+08:00,1,evt-wl-1048-1,164.996,m,valid,simulator,
DAM-A-WL-03,2026-07-04T15:20:00+08:00,1,evt-wl-1048-2,165.064,m,valid,simulator,
DAM-A-WL-01,2026-07-04T15:25:00+08:00,1,evt-wl-1049-0,164.934,m,valid,simulator,
DAM-A-WL-02,2026-07-04T15:25:00+08:00,1,evt-wl-1049-1,165.007,m,valid,simulator,
DAM-A-WL-03,2026-07-04T15:25:00+08:00,1,evt-wl-1049-2,165.101,m,valid,simulator,
DAM-A-WL-01,2026-07-04T15:30:00+08:00,1,evt-wl-1050-0,164.939,m,valid,simulator,
DAM-A-WL-02,2026-07-04T15:30:00+08:00,1,evt-wl-1050-1,165.013,m,valid,simulator,
DAM-A-WL-03,2026-07-04T15:30:00+08:00,1,evt-wl-1050-2,165.105,m,valid,simulator,
DAM-A-WL-01,2026-07-04T15:35:00+08:00,1,evt-wl-1051-0,164.944,m,valid,simulator,
DAM-A-WL-02,2026-07-04T15:35:00+08:00,1,evt-wl-1051-1,165.02,m,valid,simulator,
DAM-A-WL-03,2026-07-04T15:35:00+08:00,1,evt-wl-1051-2,165.091,m,valid,simulator,
DAM-A-WL-01,2026-07-04T15:40:00+08:00,1,evt-wl-1052-0,164.964,m,valid,simulator,
DAM-A-WL-02,2026-07-04T15:40:00+08:00,1,evt-wl-1052-1,165.035,m,valid,simulator,
DAM-A-WL-03,2026-07-04T15:40:00+08:00,1,evt-wl-1052-2,165.117,m,valid,simulator,
DAM-A-WL-01,2026-07-04T15:45:00+08:00,1,evt-wl-1053-0,164.95,m,valid,simulator,
DAM-A-WL-02,2026-07-04T15:45:00+08:00,1,evt-wl-1053-1,165.039,m,valid,simulator,
DAM-A-WL-03,2026-07-04T15:45:00+08:00,1,evt-wl-1053-2,165.12,m,valid,simulator,
DAM-A-WL-01,2026-07-04T15:50:00+08:00,1,evt-wl-1054-0,164.987,m,valid,simulator,
DAM-A-WL-02,2026-07-04T15:50:00+08:00,1,evt-wl-1054-1,165.062,m,valid,simulator,
DAM-A-WL-03,2026-07-04T15:50:00+08:00,1,evt-wl-1054-2,165.148,m,valid,simulator,
DAM-A-WL-01,2026-07-04T15:55:00+08:00,1,evt-wl-1055-0,164.988,m,valid,simulator,
DAM-A-WL-02,2026-07-04T15:55:00+08:00,1,evt-wl-1055-1,165.068,m,valid,simulator,
DAM-A-WL-03,2026-07-04T15:55:00+08:00,1,evt-wl-1055-2,165.141,m,valid,simulator,
DAM-A-WL-01,2026-07-04T16:00:00+08:00,1,evt-wl-1056-0,164.984,m,valid,simulator,
DAM-A-WL-02,2026-07-04T16:00:00+08:00,1,evt-wl-1056-1,165.062,m,valid,simulator,
DAM-A-WL-03,2026-07-04T16:00:00+08:00,1,evt-wl-1056-2,165.165,m,valid,simulator,
DAM-A-WL-01,2026-07-04T16:05:00+08:00,1,evt-wl-1057-0,164.994,m,valid,simulator,
DAM-A-WL-02,2026-07-04T16:05:00+08:00,1,evt-wl-1057-1,165.086,m,valid,simulator,
DAM-A-WL-03,2026-07-04T16:05:00+08:00,1,evt-wl-1057-2,165.164,m,valid,simulator,
DAM-A-WL-01,2026-07-04T16:10:00+08:00,1,evt-wl-1058-0,165.004,m,valid,simulator,
DAM-A-WL-02,2026-07-04T16:10:00+08:00,1,evt-wl-1058-1,165.098,m,valid,simulator,
DAM-A-WL-03,2026-07-04T16:10:00+08:00,1,evt-wl-1058-2,165.166,m,valid,simulator,
DAM-A-WL-01,2026-07-04T16:15:00+08:00,1,evt-wl-1059-0,165.016,m,valid,simulator,
DAM-A-WL-02,2026-07-04T16:15:00+08:00,1,evt-wl-1059-1,165.107,m,valid,simulator,
DAM-A-WL-03,2026-07-04T16:15:00+08:00,1,evt-wl-1059-2,165.186,m,valid,simulator,
DAM-A-WL-01,2026-07-04T16:20:00+08:00,1,evt-wl-1060-0,165.02,m,valid,simulator,
DAM-A-WL-02,2026-07-04T16:20:00+08:00,1,evt-wl-1060-1,165.123,m,valid,simulator,
DAM-A-WL-03,2026-07-04T16:20:00+08:00,1,evt-wl-1060-2,165.206,m,valid,simulator,
DAM-A-WL-01,2026-07-04T16:25:00+08:00,1,evt-wl-1061-0,165.054,m,valid,simulator,
DAM-A-WL-02,2026-07-04T16:25:00+08:00,1,evt-wl-1061-1,165.136,m,valid,simulator,
DAM-A-WL-03,2026-07-04T16:25:00+08:00,1,evt-wl-1061-2,165.202,m,valid,simulator,
DAM-A-WL-01,2026-07-04T16:30:00+08:00,1,evt-wl-1062-0,165.063,m,valid,simulator,
DAM-A-WL-02,2026-07-04T16:30:00+08:00,1,evt-wl-1062-1,165.146,m,valid,simulator,
DAM-A-WL-03,2026-07-04T16:30:00+08:00,1,evt-wl-1062-2,165.212,m,valid,simulator,
DAM-A-WL-01,2026-07-04T16:35:00+08:00,1,evt-wl-1063-0,165.064,m,valid,simulator,
DAM-A-WL-02,2026-07-04T16:35:00+08:00,1,evt-wl-1063-1,165.134,m,valid,simulator,
DAM-A-WL-03,2026-07-04T16:35:00+08:00,1,evt-wl-1063-2,165.23,m,valid,simulator,
DAM-A-WL-01,2026-07-04T16:40:00+08:00,1,evt-wl-1064-0,165.087,m,valid,simulator,
DAM-A-WL-02,2026-07-04T16:40:00+08:00,1,evt-wl-1064-1,165.157,m,valid,simulator,
DAM-A-WL-03,2026-07-04T16:40:00+08:00,1,evt-wl-1064-2,165.237,m,valid,simulator,
DAM-A-WL-01,2026-07-04T16:45:00+08:00,1,evt-wl-1065-0,165.082,m,valid,simulator,
DAM-A-WL-02,2026-07-04T16:45:00+08:00,1,evt-wl-1065-1,165.15,m,valid,simulator,
DAM-A-WL-03,2026-07-04T16:45:00+08:00,1,evt-wl-1065-2,165.246,m,valid,simulator,
DAM-A-WL-01,2026-07-04T16:50:00+08:00,1,evt-wl-1066-0,165.083,m,valid,simulator,
DAM-A-WL-02,2026-07-04T16:50:00+08:00,1,evt-wl-1066-1,165.166,m,valid,simulator,
DAM-A-WL-03,2026-07-04T16:50:00+08:00,1,evt-wl-1066-2,165.244,m,valid,simulator,
DAM-A-WL-01,2026-07-04T16:55:00+08:00,1,evt-wl-1067-0,165.12,m,valid,simulator,
DAM-A-WL-02,2026-07-04T16:55:00+08:00,1,evt-wl-1067-1,165.184,m,valid,simulator,
DAM-A-WL-03,2026-07-04T16:55:00+08:00,1,evt-wl-1067-2,165.264,m,valid,simulator,
DAM-A-WL-01,2026-07-04T17:00:00+08:00,1,evt-wl-1068-0,165.116,m,valid,simulator,
DAM-A-WL-02,2026-07-04T17:00:00+08:00,1,evt-wl-1068-1,165.202,m,valid,simulator,
DAM-A-WL-03,2026-07-04T17:00:00+08:00,1,evt-wl-1068-2,165.278,m,valid,simulator,
DAM-A-WL-01,2026-07-04T17:05:00+08:00,1,evt-wl-1069-0,165.141,m,valid,simulator,
DAM-A-WL-02,2026-07-04T17:05:00+08:00,1,evt-wl-1069-1,165.21,m,valid,simulator,
DAM-A-WL-03,2026-07-04T17:05:00+08:00,1,evt-wl-1069-2,165.296,m,valid,simulator,
DAM-A-WL-01,2026-07-04T17:10:00+08:00,1,evt-wl-1070-0,165.127,m,valid,simulator,
DAM-A-WL-02,2026-07-04T17:10:00+08:00,1,evt-wl-1070-1,165.217,m,valid,simulator,
DAM-A-WL-03,2026-07-04T17:10:00+08:00,1,evt-wl-1070-2,165.307,m,valid,simulator,
DAM-A-WL-01,2026-07-04T17:15:00+08:00,1,evt-wl-1071-0,165.162,m,valid,simulator,
DAM-A-WL-02,2026-07-04T17:15:00+08:00,1,evt-wl-1071-1,165.227,m,valid,simulator,
DAM-A-WL-03,2026-07-04T17:15:00+08:00,1,evt-wl-1071-2,165.32,m,valid,simulator,
DAM-A-WL-01,2026-07-04T17:20:00+08:00,1,evt-wl-1072-0,165.155,m,valid,simulator,
DAM-A-WL-02,2026-07-04T17:20:00+08:00,1,evt-wl-1072-1,165.252,m,valid,simulator,
DAM-A-WL-03,2026-07-04T17:20:00+08:00,1,evt-wl-1072-2,165.323,m,valid,simulator,
DAM-A-WL-01,2026-07-04T17:25:00+08:00,1,evt-wl-1073-0,165.187,m,valid,simulator,
DAM-A-WL-02,2026-07-04T17:25:00+08:00,1,evt-wl-1073-1,165.259,m,valid,simulator,
DAM-A-WL-03,2026-07-04T17:25:00+08:00,1,evt-wl-1073-2,165.322,m,valid,simulator,
DAM-A-WL-01,2026-07-04T17:30:00+08:00,1,evt-wl-1074-0,165.19,m,valid,simulator,
DAM-A-WL-02,2026-07-04T17:30:00+08:00,1,evt-wl-1074-1,165.274,m,valid,simulator,
DAM-A-WL-03,2026-07-04T17:30:00+08:00,1,evt-wl-1074-2,165.333,m,valid,simulator,
DAM-A-WL-01,2026-07-04T17:35:00+08:00,1,evt-wl-1075-0,165.211,m,valid,simulator,
DAM-A-WL-02,2026-07-04T17:35:00+08:00,1,evt-wl-1075-1,165.29,m,valid,simulator,
DAM-A-WL-03,2026-07-04T17:35:00+08:00,1,evt-wl-1075-2,165.344,m,valid,simulator,
DAM-A-WL-01,2026-07-04T17:40:00+08:00,1,evt-wl-1076-0,165.215,m,valid,simulator,
DAM-A-WL-02,2026-07-04T17:40:00+08:00,1,evt-wl-1076-1,165.295,m,valid,simulator,
DAM-A-WL-03,2026-07-04T17:40:00+08:00,1,evt-wl-1076-2,165.362,m,valid,simulator,
DAM-A-WL-01,2026-07-04T17:45:00+08:00,1,evt-wl-1077-0,165.218,m,valid,simulator,
DAM-A-WL-02,2026-07-04T17:45:00+08:00,1,evt-wl-1077-1,165.293,m,valid,simulator,
DAM-A-WL-03,2026-07-04T17:45:00+08:00,1,evt-wl-1077-2,165.386,m,valid,simulator,
DAM-A-WL-01,2026-07-04T17:50:00+08:00,1,evt-wl-1078-0,165.238,m,valid,simulator,
DAM-A-WL-02,2026-07-04T17:50:00+08:00,1,evt-wl-1078-1,165.308,m,valid,simulator,
DAM-A-WL-03,2026-07-04T17:50:00+08:00,1,evt-wl-1078-2,165.397,m,valid,simulator,
DAM-A-WL-01,2026-07-04T17:55:00+08:00,1,evt-wl-1079-0,165.233,m,valid,simulator,
DAM-A-WL-02,2026-07-04T17:55:00+08:00,1,evt-wl-1079-1,165.322,m,valid,simulator,
DAM-A-WL-03,2026-07-04T17:55:00+08:00,1,evt-wl-1079-2,165.406,m,valid,simulator,
DAM-A-WL-01,2026-07-04T18:00:00+08:00,1,evt-wl-1080-0,165.253,m,valid,simulator,
DAM-A-WL-02,2026-07-04T18:00:00+08:00,1,evt-wl-1080-1,165.346,m,valid,simulator,
DAM-A-WL-03,2026-07-04T18:00:00+08:00,1,evt-wl-1080-2,165.413,m,valid,simulator,
DAM-A-WL-01,2026-07-04T18:05:00+08:00,1,evt-wl-1081-0,165.256,m,valid,simulator,
DAM-A-WL-02,2026-07-04T18:05:00+08:00,1,evt-wl-1081-1,165.351,m,valid,simulator,
DAM-A-WL-03,2026-07-04T18:05:00+08:00,1,evt-wl-1081-2,165.419,m,valid,simulator,
DAM-A-WL-01,2026-07-04T18:10:00+08:00,1,evt-wl-1082-0,165.278,m,valid,simulator,
DAM-A-WL-02,2026-07-04T18:10:00+08:00,1,evt-wl-1082-1,165.357,m,valid,simulator,
DAM-A-WL-03,2026-07-04T18:10:00+08:00,1,evt-wl-1082-2,165.446,m,valid,simulator,
DAM-A-WL-01,2026-07-04T18:15:00+08:00,1,evt-wl-1083-0,165.305,m,valid,simulator,
DAM-A-WL-02,2026-07-04T18:15:00+08:00,1,evt-wl-1083-1,165.37,m,valid,simulator,
DAM-A-WL-03,2026-07-04T18:15:00+08:00,1,evt-wl-1083-2,165.442,m,valid,simulator,
DAM-A-WL-01,2026-07-04T18:20:00+08:00,1,evt-wl-1084-0,165.3,m,valid,simulator,
DAM-A-WL-02,2026-07-04T18:20:00+08:00,1,evt-wl-1084-1,165.396,m,valid,simulator,
DAM-A-WL-03,2026-07-04T18:20:00+08:00,1,evt-wl-1084-2,165.477,m,valid,simulator,
DAM-A-WL-01,2026-07-04T18:25:00+08:00,1,evt-wl-1085-0,165.333,m,valid,simulator,
DAM-A-WL-02,2026-07-04T18:25:00+08:00,1,evt-wl-1085-1,165.407,m,valid,simulator,
DAM-A-WL-03,2026-07-04T18:25:00+08:00,1,evt-wl-1085-2,165.469,m,valid,simulator,
DAM-A-WL-01,2026-07-04T18:30:00+08:00,1,evt-wl-1086-0,165.334,m,valid,simulator,
DAM-A-WL-02,2026-07-04T18:30:00+08:00,1,evt-wl-1086-1,165.414,m,valid,simulator,
DAM-A-WL-03,2026-07-04T18:30:00+08:00,1,evt-wl-1086-2,165.477,m,valid,simulator,
DAM-A-WL-01,2026-07-04T18:35:00+08:00,1,evt-wl-1087-0,165.337,m,valid,simulator,
DAM-A-WL-02,2026-07-04T18:35:00+08:00,1,evt-wl-1087-1,165.437,m,valid,simulator,
DAM-A-WL-03,2026-07-04T18:35:00+08:00,1,evt-wl-1087-2,165.514,m,valid,simulator,
DAM-A-WL-01,2026-07-04T18:40:00+08:00,1,evt-wl-1088-0,165.341,m,valid,simulator,
DAM-A-WL-02,2026-07-04T18:40:00+08:00,1,evt-wl-1088-1,165.426,m,valid,simulator,
DAM-A-WL-03,2026-07-04T18:40:00+08:00,1,evt-wl-1088-2,165.516,m,valid,simulator,
DAM-A-WL-01,2026-07-04T18:45:00+08:00,1,evt-wl-1089-0,165.358,m,valid,simulator,
DAM-A-WL-02,2026-07-04T18:45:00+08:00,1,evt-wl-1089-1,165.446,m,valid,simulator,
DAM-A-WL-03,2026-07-04T18:45:00+08:00,1,evt-wl-1089-2,165.528,m,valid,simulator,
DAM-A-WL-01,2026-07-04T18:50:00+08:00,1,evt-wl-1090-0,165.395,m,valid,simulator,
DAM-A-WL-02,2026-07-04T18:50:00+08:00,1,evt-wl-1090-1,165.461,m,valid,simulator,
DAM-A-WL-03,2026-07-04T18:50:00+08:00,1,evt-wl-1090-2,165.551,m,valid,simulator,
DAM-A-WL-01,2026-07-04T18:55:00+08:00,1,evt-wl-1091-0,165.387,m,valid,simulator,
DAM-A-WL-02,2026-07-04T18:55:00+08:00,1,evt-wl-1091-1,165.476,m,valid,simulator,
DAM-A-WL-03,2026-07-04T18:55:00+08:00,1,evt-wl-1091-2,165.546,m,valid,simulator,
DAM-A-WL-01,2026-07-04T19:00:00+08:00,1,evt-wl-1092-0,165.412,m,valid,simulator,
DAM-A-WL-02,2026-07-04T19:00:00+08:00,1,evt-wl-1092-1,165.473,m,valid,simulator,
DAM-A-WL-03,2026-07-04T19:00:00+08:00,1,evt-wl-1092-2,165.556,m,valid,simulator,
DAM-A-WL-01,2026-07-04T19:05:00+08:00,1,evt-wl-1093-0,165.419,m,valid,simulator,
DAM-A-WL-02,2026-07-04T19:05:00+08:00,1,evt-wl-1093-1,165.513,m,valid,simulator,
DAM-A-WL-03,2026-07-04T19:05:00+08:00,1,evt-wl-1093-2,165.567,m,valid,simulator,
DAM-A-WL-01,2026-07-04T19:10:00+08:00,1,evt-wl-1094-0,165.432,m,valid,simulator,
DAM-A-WL-02,2026-07-04T19:10:00+08:00,1,evt-wl-1094-1,165.511,m,valid,simulator,
DAM-A-WL-03,2026-07-04T19:10:00+08:00,1,evt-wl-1094-2,165.591,m,valid,simulator,
DAM-A-WL-01,2026-07-04T19:15:00+08:00,1,evt-wl-1095-0,165.458,m,valid,simulator,
DAM-A-WL-02,2026-07-04T19:15:00+08:00,1,evt-wl-1095-1,165.516,m,valid,simulator,
DAM-A-WL-03,2026-07-04T19:15:00+08:00,1,evt-wl-1095-2,165.594,m,valid,simulator,
DAM-A-WL-01,2026-07-04T19:20:00+08:00,1,evt-wl-1096-0,165.469,m,valid,simulator,
DAM-A-WL-02,2026-07-04T19:20:00+08:00,1,evt-wl-1096-1,165.536,m,valid,simulator,
DAM-A-WL-03,2026-07-04T19:20:00+08:00,1,evt-wl-1096-2,165.632,m,valid,simulator,
DAM-A-WL-01,2026-07-04T19:25:00+08:00,1,evt-wl-1097-0,165.468,m,valid,simulator,
DAM-A-WL-02,2026-07-04T19:25:00+08:00,1,evt-wl-1097-1,165.553,m,valid,simulator,
DAM-A-WL-03,2026-07-04T19:25:00+08:00,1,evt-wl-1097-2,165.622,m,valid,simulator,
DAM-A-WL-01,2026-07-04T19:30:00+08:00,1,evt-wl-1098-0,165.497,m,valid,simulator,
DAM-A-WL-02,2026-07-04T19:30:00+08:00,1,evt-wl-1098-1,165.561,m,valid,simulator,
DAM-A-WL-03,2026-07-04T19:30:00+08:00,1,evt-wl-1098-2,165.65,m,valid,simulator,
DAM-A-WL-01,2026-07-04T19:35:00+08:00,1,evt-wl-1099-0,165.491,m,valid,simulator,
DAM-A-WL-02,2026-07-04T19:35:00+08:00,1,evt-wl-1099-1,165.588,m,valid,simulator,
DAM-A-WL-03,2026-07-04T19:35:00+08:00,1,evt-wl-1099-2,165.646,m,valid,simulator,
DAM-A-WL-01,2026-07-04T19:40:00+08:00,1,evt-wl-1100-0,165.527,m,valid,simulator,
DAM-A-WL-02,2026-07-04T19:40:00+08:00,1,evt-wl-1100-1,165.582,m,valid,simulator,
DAM-A-WL-03,2026-07-04T19:40:00+08:00,1,evt-wl-1100-2,165.675,m,valid,simulator,
DAM-A-WL-01,2026-07-04T19:45:00+08:00,1,evt-wl-1101-0,165.517,m,valid,simulator,
DAM-A-WL-02,2026-07-04T19:45:00+08:00,1,evt-wl-1101-1,165.612,m,valid,simulator,
DAM-A-WL-03,2026-07-04T19:45:00+08:00,1,evt-wl-1101-2,165.695,m,valid,simulator,
DAM-A-WL-01,2026-07-04T19:50:00+08:00,1,evt-wl-1102-0,165.551,m,valid,simulator,
DAM-A-WL-02,2026-07-04T19:50:00+08:00,1,evt-wl-1102-1,165.634,m,valid,simulator,
DAM-A-WL-03,2026-07-04T19:50:00+08:00,1,evt-wl-1102-2,165.686,m,valid,simulator,
DAM-A-WL-01,2026-07-04T19:55:00+08:00,1,evt-wl-1103-0,165.563,m,valid,simulator,
DAM-A-WL-02,2026-07-04T19:55:00+08:00,1,evt-wl-1103-1,165.625,m,valid,simulator,
DAM-A-WL-03,2026-07-04T19:55:00+08:00,1,evt-wl-1103-2,165.702,m,valid,simulator,
DAM-A-WL-01,2026-07-04T20:00:00+08:00,1,evt-wl-1104-0,165.56,m,valid,simulator,
DAM-A-WL-02,2026-07-04T20:00:00+08:00,1,evt-wl-1104-1,165.638,m,valid,simulator,
DAM-A-WL-03,2026-07-04T20:00:00+08:00,1,evt-wl-1104-2,165.729,m,valid,simulator,
DAM-A-WL-01,2026-07-04T20:05:00+08:00,1,evt-wl-1105-0,165.568,m,valid,simulator,
DAM-A-WL-02,2026-07-04T20:05:00+08:00,1,evt-wl-1105-1,165.654,m,valid,simulator,
DAM-A-WL-03,2026-07-04T20:05:00+08:00,1,evt-wl-1105-2,165.754,m,valid,simulator,
DAM-A-WL-01,2026-07-04T20:10:00+08:00,1,evt-wl-1106-0,165.59,m,valid,simulator,
DAM-A-WL-02,2026-07-04T20:10:00+08:00,1,evt-wl-1106-1,165.677,m,valid,simulator,
DAM-A-WL-03,2026-07-04T20:10:00+08:00,1,evt-wl-1106-2,165.758,m,valid,simulator,
DAM-A-WL-01,2026-07-04T20:15:00+08:00,1,evt-wl-1107-0,165.621,m,valid,simulator,
DAM-A-WL-02,2026-07-04T20:15:00+08:00,1,evt-wl-1107-1,165.687,m,valid,simulator,
DAM-A-WL-03,2026-07-04T20:15:00+08:00,1,evt-wl-1107-2,165.777,m,valid,simulator,
DAM-A-WL-01,2026-07-04T20:20:00+08:00,1,evt-wl-1108-0,165.622,m,valid,simulator,
DAM-A-WL-02,2026-07-04T20:20:00+08:00,1,evt-wl-1108-1,165.694,m,valid,simulator,
DAM-A-WL-03,2026-07-04T20:20:00+08:00,1,evt-wl-1108-2,165.796,m,valid,simulator,
DAM-A-WL-01,2026-07-04T20:25:00+08:00,1,evt-wl-1109-0,165.647,m,valid,simulator,
DAM-A-WL-02,2026-07-04T20:25:00+08:00,1,evt-wl-1109-1,165.716,m,valid,simulator,
DAM-A-WL-03,2026-07-04T20:25:00+08:00,1,evt-wl-1109-2,165.793,m,valid,simulator,
DAM-A-WL-01,2026-07-04T20:30:00+08:00,1,evt-wl-1110-0,165.659,m,valid,simulator,
DAM-A-WL-02,2026-07-04T20:30:00+08:00,1,evt-wl-1110-1,165.74,m,valid,simulator,
DAM-A-WL-03,2026-07-04T20:30:00+08:00,1,evt-wl-1110-2,165.796,m,valid,simulator,
DAM-A-WL-01,2026-07-04T20:35:00+08:00,1,evt-wl-1111-0,165.661,m,valid,simulator,
DAM-A-WL-02,2026-07-04T20:35:00+08:00,1,evt-wl-1111-1,165.74,m,valid,simulator,
DAM-A-WL-03,2026-07-04T20:35:00+08:00,1,evt-wl-1111-2,165.814,m,valid,simulator,
DAM-A-WL-01,2026-07-04T20:40:00+08:00,1,evt-wl-1112-0,165.683,m,valid,simulator,
DAM-A-WL-02,2026-07-04T20:40:00+08:00,1,evt-wl-1112-1,165.751,m,valid,simulator,
DAM-A-WL-03,2026-07-04T20:40:00+08:00,1,evt-wl-1112-2,165.826,m,valid,simulator,
DAM-A-WL-01,2026-07-04T20:45:00+08:00,1,evt-wl-1113-0,165.693,m,valid,simulator,
DAM-A-WL-02,2026-07-04T20:45:00+08:00,1,evt-wl-1113-1,165.774,m,valid,simulator,
DAM-A-WL-03,2026-07-04T20:45:00+08:00,1,evt-wl-1113-2,165.835,m,valid,simulator,
DAM-A-WL-01,2026-07-04T20:50:00+08:00,1,evt-wl-1114-0,165.702,m,valid,simulator,
DAM-A-WL-02,2026-07-04T20:50:00+08:00,1,evt-wl-1114-1,165.772,m,valid,simulator,
DAM-A-WL-03,2026-07-04T20:50:00+08:00,1,evt-wl-1114-2,165.857,m,valid,simulator,
DAM-A-WL-01,2026-07-04T20:55:00+08:00,1,evt-wl-1115-0,165.726,m,valid,simulator,
DAM-A-WL-02,2026-07-04T20:55:00+08:00,1,evt-wl-1115-1,165.81,m,valid,simulator,
DAM-A-WL-03,2026-07-04T20:55:00+08:00,1,evt-wl-1115-2,165.874,m,valid,simulator,
DAM-A-WL-01,2026-07-04T21:00:00+08:00,1,evt-wl-1116-0,165.732,m,valid,simulator,
DAM-A-WL-02,2026-07-04T21:00:00+08:00,1,evt-wl-1116-1,165.802,m,valid,simulator,
DAM-A-WL-03,2026-07-04T21:00:00+08:00,1,evt-wl-1116-2,165.897,m,valid,simulator,
DAM-A-WL-01,2026-07-04T21:05:00+08:00,1,evt-wl-1117-0,165.751,m,valid,simulator,
DAM-A-WL-02,2026-07-04T21:05:00+08:00,1,evt-wl-1117-1,165.814,m,valid,simulator,
DAM-A-WL-03,2026-07-04T21:05:00+08:00,1,evt-wl-1117-2,165.906,m,valid,simulator,
DAM-A-WL-01,2026-07-04T21:10:00+08:00,1,evt-wl-1118-0,165.773,m,valid,simulator,
DAM-A-WL-02,2026-07-04T21:10:00+08:00,1,evt-wl-1118-1,165.826,m,valid,simulator,
DAM-A-WL-03,2026-07-04T21:10:00+08:00,1,evt-wl-1118-2,165.924,m,valid,simulator,
DAM-A-WL-01,2026-07-04T21:15:00+08:00,1,evt-wl-1119-0,165.773,m,valid,simulator,
DAM-A-WL-02,2026-07-04T21:15:00+08:00,1,evt-wl-1119-1,165.852,m,valid,simulator,
DAM-A-WL-03,2026-07-04T21:15:00+08:00,1,evt-wl-1119-2,165.945,m,valid,simulator,
DAM-A-WL-01,2026-07-04T21:20:00+08:00,1,evt-wl-1120-0,165.788,m,valid,simulator,
DAM-A-WL-02,2026-07-04T21:20:00+08:00,1,evt-wl-1120-1,165.88,m,valid,simulator,
DAM-A-WL-03,2026-07-04T21:20:00+08:00,1,evt-wl-1120-2,165.948,m,valid,simulator,
DAM-A-WL-01,2026-07-04T21:25:00+08:00,1,evt-wl-1121-0,165.802,m,valid,simulator,
DAM-A-WL-02,2026-07-04T21:25:00+08:00,1,evt-wl-1121-1,165.887,m,valid,simulator,
DAM-A-WL-03,2026-07-04T21:25:00+08:00,1,evt-wl-1121-2,165.96,m,valid,simulator,
DAM-A-WL-01,2026-07-04T21:30:00+08:00,1,evt-wl-1122-0,165.811,m,valid,simulator,
DAM-A-WL-02,2026-07-04T21:30:00+08:00,1,evt-wl-1122-1,165.898,m,valid,simulator,
DAM-A-WL-03,2026-07-04T21:30:00+08:00,1,evt-wl-1122-2,165.973,m,valid,simulator,
DAM-A-WL-01,2026-07-04T21:35:00+08:00,1,evt-wl-1123-0,165.832,m,valid,simulator,
DAM-A-WL-02,2026-07-04T21:35:00+08:00,1,evt-wl-1123-1,165.919,m,valid,simulator,
DAM-A-WL-03,2026-07-04T21:35:00+08:00,1,evt-wl-1123-2,165.994,m,valid,simulator,
DAM-A-WL-01,2026-07-04T21:40:00+08:00,1,evt-wl-1124-0,165.84,m,valid,simulator,
DAM-A-WL-02,2026-07-04T21:40:00+08:00,1,evt-wl-1124-1,165.933,m,valid,simulator,
DAM-A-WL-03,2026-07-04T21:40:00+08:00,1,evt-wl-1124-2,166.014,m,valid,simulator,
DAM-A-WL-01,2026-07-04T21:45:00+08:00,1,evt-wl-1125-0,165.861,m,valid,simulator,
DAM-A-WL-02,2026-07-04T21:45:00+08:00,1,evt-wl-1125-1,165.938,m,valid,simulator,
DAM-A-WL-03,2026-07-04T21:45:00+08:00,1,evt-wl-1125-2,166.027,m,valid,simulator,
DAM-A-WL-01,2026-07-04T21:50:00+08:00,1,evt-wl-1126-0,165.868,m,valid,simulator,
DAM-A-WL-02,2026-07-04T21:50:00+08:00,1,evt-wl-1126-1,165.94,m,valid,simulator,
DAM-A-WL-03,2026-07-04T21:50:00+08:00,1,evt-wl-1126-2,166.031,m,valid,simulator,
DAM-A-WL-01,2026-07-04T21:55:00+08:00,1,evt-wl-1127-0,165.9,m,valid,simulator,
DAM-A-WL-02,2026-07-04T21:55:00+08:00,1,evt-wl-1127-1,165.97,m,valid,simulator,
DAM-A-WL-03,2026-07-04T21:55:00+08:00,1,evt-wl-1127-2,166.043,m,valid,simulator,
DAM-A-WL-01,2026-07-04T22:00:00+08:00,1,evt-wl-1128-0,165.892,m,valid,simulator,
DAM-A-WL-02,2026-07-04T22:00:00+08:00,1,evt-wl-1128-1,165.969,m,valid,simulator,
DAM-A-WL-03,2026-07-04T22:00:00+08:00,1,evt-wl-1128-2,166.053,m,valid,simulator,
DAM-A-WL-01,2026-07-04T22:05:00+08:00,1,evt-wl-1129-0,165.93,m,valid,simulator,
DAM-A-WL-02,2026-07-04T22:05:00+08:00,1,evt-wl-1129-1,165.992,m,valid,simulator,
DAM-A-WL-03,2026-07-04T22:05:00+08:00,1,evt-wl-1129-2,166.088,m,valid,simulator,
DAM-A-WL-01,2026-07-04T22:10:00+08:00,1,evt-wl-1130-0,165.925,m,valid,simulator,
DAM-A-WL-02,2026-07-04T22:10:00+08:00,1,evt-wl-1130-1,166.022,m,valid,simulator,
DAM-A-WL-03,2026-07-04T22:10:00+08:00,1,evt-wl-1130-2,166.104,m,valid,simulator,
DAM-A-WL-01,2026-07-04T22:15:00+08:00,1,evt-wl-1131-0,165.944,m,valid,simulator,
DAM-A-WL-02,2026-07-04T22:15:00+08:00,1,evt-wl-1131-1,166.025,m,valid,simulator,
DAM-A-WL-03,2026-07-04T22:15:00+08:00,1,evt-wl-1131-2,166.117,m,valid,simulator,
DAM-A-WL-01,2026-07-04T22:20:00+08:00,1,evt-wl-1132-0,165.965,m,valid,simulator,
DAM-A-WL-02,2026-07-04T22:20:00+08:00,1,evt-wl-1132-1,166.05,m,valid,simulator,
DAM-A-WL-03,2026-07-04T22:20:00+08:00,1,evt-wl-1132-2,166.108,m,valid,simulator,
DAM-A-WL-01,2026-07-04T22:25:00+08:00,1,evt-wl-1133-0,165.975,m,valid,simulator,
DAM-A-WL-02,2026-07-04T22:25:00+08:00,1,evt-wl-1133-1,166.056,m,valid,simulator,
DAM-A-WL-03,2026-07-04T22:25:00+08:00,1,evt-wl-1133-2,166.139,m,valid,simulator,
DAM-A-WL-01,2026-07-04T22:30:00+08:00,1,evt-wl-1134-0,165.996,m,valid,simulator,
DAM-A-WL-02,2026-07-04T22:30:00+08:00,1,evt-wl-1134-1,166.076,m,valid,simulator,
DAM-A-WL-03,2026-07-04T22:30:00+08:00,1,evt-wl-1134-2,166.155,m,valid,simulator,
DAM-A-WL-01,2026-07-04T22:35:00+08:00,1,evt-wl-1135-0,166.015,m,valid,simulator,
DAM-A-WL-02,2026-07-04T22:35:00+08:00,1,evt-wl-1135-1,166.087,m,valid,simulator,
DAM-A-WL-03,2026-07-04T22:35:00+08:00,1,evt-wl-1135-2,166.158,m,valid,simulator,
DAM-A-WL-01,2026-07-04T22:40:00+08:00,1,evt-wl-1136-0,166.012,m,valid,simulator,
DAM-A-WL-02,2026-07-04T22:40:00+08:00,1,evt-wl-1136-1,166.088,m,valid,simulator,
DAM-A-WL-03,2026-07-04T22:40:00+08:00,1,evt-wl-1136-2,166.174,m,valid,simulator,
DAM-A-WL-01,2026-07-04T22:45:00+08:00,1,evt-wl-1137-0,166.029,m,valid,simulator,
DAM-A-WL-02,2026-07-04T22:45:00+08:00,1,evt-wl-1137-1,166.119,m,valid,simulator,
DAM-A-WL-03,2026-07-04T22:45:00+08:00,1,evt-wl-1137-2,166.18,m,valid,simulator,
DAM-A-WL-01,2026-07-04T22:50:00+08:00,1,evt-wl-1138-0,166.048,m,valid,simulator,
DAM-A-WL-02,2026-07-04T22:50:00+08:00,1,evt-wl-1138-1,166.121,m,valid,simulator,
DAM-A-WL-03,2026-07-04T22:50:00+08:00,1,evt-wl-1138-2,166.197,m,valid,simulator,
DAM-A-WL-01,2026-07-04T22:55:00+08:00,1,evt-wl-1139-0,166.061,m,valid,simulator,
DAM-A-WL-02,2026-07-04T22:55:00+08:00,1,evt-wl-1139-1,166.15,m,valid,simulator,
DAM-A-WL-03,2026-07-04T22:55:00+08:00,1,evt-wl-1139-2,166.218,m,valid,simulator,
DAM-A-WL-01,2026-07-04T23:00:00+08:00,1,evt-wl-1140-0,166.059,m,valid,simulator,
DAM-A-WL-02,2026-07-04T23:00:00+08:00,1,evt-wl-1140-1,166.165,m,valid,simulator,
DAM-A-WL-03,2026-07-04T23:00:00+08:00,1,evt-wl-1140-2,166.243,m,valid,simulator,
DAM-A-WL-01,2026-07-04T23:05:00+08:00,1,evt-wl-1141-0,166.099,m,valid,simulator,
DAM-A-WL-02,2026-07-04T23:05:00+08:00,1,evt-wl-1141-1,166.156,m,valid,simulator,
DAM-A-WL-03,2026-07-04T23:05:00+08:00,1,evt-wl-1141-2,166.26,m,valid,simulator,
DAM-A-WL-01,2026-07-04T23:10:00+08:00,1,evt-wl-1142-0,166.092,m,valid,simulator,
DAM-A-WL-02,2026-07-04T23:10:00+08:00,1,evt-wl-1142-1,166.178,m,valid,simulator,
DAM-A-WL-03,2026-07-04T23:10:00+08:00,1,evt-wl-1142-2,166.273,m,valid,simulator,
DAM-A-WL-01,2026-07-04T23:15:00+08:00,1,evt-wl-1143-0,166.116,m,valid,simulator,
DAM-A-WL-02,2026-07-04T23:15:00+08:00,1,evt-wl-1143-1,166.187,m,valid,simulator,
DAM-A-WL-03,2026-07-04T23:15:00+08:00,1,evt-wl-1143-2,166.273,m,valid,simulator,
DAM-A-WL-01,2026-07-04T23:20:00+08:00,1,evt-wl-1144-0,166.139,m,valid,simulator,
DAM-A-WL-02,2026-07-04T23:20:00+08:00,1,evt-wl-1144-1,166.208,m,valid,simulator,
DAM-A-WL-03,2026-07-04T23:20:00+08:00,1,evt-wl-1144-2,166.283,m,valid,simulator,
DAM-A-WL-01,2026-07-04T23:25:00+08:00,1,evt-wl-1145-0,166.132,m,valid,simulator,
DAM-A-WL-02,2026-07-04T23:25:00+08:00,1,evt-wl-1145-1,166.209,m,valid,simulator,
DAM-A-WL-03,2026-07-04T23:25:00+08:00,1,evt-wl-1145-2,166.306,m,valid,simulator,
DAM-A-WL-01,2026-07-04T23:30:00+08:00,1,evt-wl-1146-0,166.142,m,valid,simulator,
DAM-A-WL-02,2026-07-04T23:30:00+08:00,1,evt-wl-1146-1,166.228,m,valid,simulator,
DAM-A-WL-03,2026-07-04T23:30:00+08:00,1,evt-wl-1146-2,166.323,m,valid,simulator,
DAM-A-WL-01,2026-07-04T23:35:00+08:00,1,evt-wl-1147-0,166.16,m,valid,simulator,
DAM-A-WL-02,2026-07-04T23:35:00+08:00,1,evt-wl-1147-1,166.249,m,valid,simulator,
DAM-A-WL-03,2026-07-04T23:35:00+08:00,1,evt-wl-1147-2,166.343,m,valid,simulator,
DAM-A-WL-01,2026-07-04T23:40:00+08:00,1,evt-wl-1148-0,166.175,m,valid,simulator,
DAM-A-WL-02,2026-07-04T23:40:00+08:00,1,evt-wl-1148-1,166.264,m,valid,simulator,
DAM-A-WL-03,2026-07-04T23:40:00+08:00,1,evt-wl-1148-2,166.329,m,valid,simulator,
DAM-A-WL-01,2026-07-04T23:45:00+08:00,1,evt-wl-1149-0,166.195,m,valid,simulator,
DAM-A-WL-02,2026-07-04T23:45:00+08:00,1,evt-wl-1149-1,166.275,m,valid,simulator,
DAM-A-WL-03,2026-07-04T23:45:00+08:00,1,evt-wl-1149-2,166.365,m,valid,simulator,
DAM-A-WL-01,2026-07-04T23:50:00+08:00,1,evt-wl-1150-0,166.197,m,valid,simulator,
DAM-A-WL-02,2026-07-04T23:50:00+08:00,1,evt-wl-1150-1,166.3,m,valid,simulator,
DAM-A-WL-03,2026-07-04T23:50:00+08:00,1,evt-wl-1150-2,166.369,m,valid,simulator,
DAM-A-WL-01,2026-07-04T23:55:00+08:00,1,evt-wl-1151-0,166.224,m,valid,simulator,
DAM-A-WL-02,2026-07-04T23:55:00+08:00,1,evt-wl-1151-1,166.308,m,valid,simulator,
DAM-A-WL-03,2026-07-04T23:55:00+08:00,1,evt-wl-1151-2,166.398,m,valid,simulator,
DAM-A-WL-01,2026-07-05T00:00:00+08:00,1,evt-wl-1152-0,166.226,m,valid,simulator,
DAM-A-WL-02,2026-07-05T00:00:00+08:00,1,evt-wl-1152-1,166.323,m,valid,simulator,
DAM-A-WL-03,2026-07-05T00:00:00+08:00,1,evt-wl-1152-2,166.389,m,valid,simulator,
DAM-A-WL-01,2026-07-05T00:05:00+08:00,1,evt-wl-1153-0,166.26,m,valid,simulator,
DAM-A-WL-02,2026-07-05T00:05:00+08:00,1,evt-wl-1153-1,166.332,m,valid,simulator,
DAM-A-WL-03,2026-07-05T00:05:00+08:00,1,evt-wl-1153-2,166.404,m,valid,simulator,
DAM-A-WL-01,2026-07-05T00:10:00+08:00,1,evt-wl-1154-0,166.275,m,valid,simulator,
DAM-A-WL-02,2026-07-05T00:10:00+08:00,1,evt-wl-1154-1,166.36,m,valid,simulator,
DAM-A-WL-03,2026-07-05T00:10:00+08:00,1,evt-wl-1154-2,166.413,m,valid,simulator,
DAM-A-WL-01,2026-07-05T00:15:00+08:00,1,evt-wl-1155-0,166.292,m,valid,simulator,
DAM-A-WL-02,2026-07-05T00:15:00+08:00,1,evt-wl-1155-1,166.368,m,valid,simulator,
DAM-A-WL-03,2026-07-05T00:15:00+08:00,1,evt-wl-1155-2,166.444,m,valid,simulator,
DAM-A-WL-01,2026-07-05T00:20:00+08:00,1,evt-wl-1156-0,166.305,m,valid,simulator,
DAM-A-WL-02,2026-07-05T00:20:00+08:00,1,evt-wl-1156-1,166.387,m,valid,simulator,
DAM-A-WL-03,2026-07-05T00:20:00+08:00,1,evt-wl-1156-2,166.445,m,valid,simulator,
DAM-A-WL-01,2026-07-05T00:25:00+08:00,1,evt-wl-1157-0,166.298,m,valid,simulator,
DAM-A-WL-02,2026-07-05T00:25:00+08:00,1,evt-wl-1157-1,166.402,m,valid,simulator,
DAM-A-WL-03,2026-07-05T00:25:00+08:00,1,evt-wl-1157-2,166.455,m,valid,simulator,
DAM-A-WL-01,2026-07-05T00:30:00+08:00,1,evt-wl-1158-0,166.329,m,valid,simulator,
DAM-A-WL-02,2026-07-05T00:30:00+08:00,1,evt-wl-1158-1,166.397,m,valid,simulator,
DAM-A-WL-03,2026-07-05T00:30:00+08:00,1,evt-wl-1158-2,166.485,m,valid,simulator,
DAM-A-WL-01,2026-07-05T00:35:00+08:00,1,evt-wl-1159-0,166.332,m,valid,simulator,
DAM-A-WL-02,2026-07-05T00:35:00+08:00,1,evt-wl-1159-1,166.405,m,valid,simulator,
DAM-A-WL-03,2026-07-05T00:35:00+08:00,1,evt-wl-1159-2,166.502,m,valid,simulator,
DAM-A-WL-01,2026-07-05T00:40:00+08:00,1,evt-wl-1160-0,166.356,m,valid,simulator,
DAM-A-WL-02,2026-07-05T00:40:00+08:00,1,evt-wl-1160-1,166.434,m,valid,simulator,
DAM-A-WL-03,2026-07-05T00:40:00+08:00,1,evt-wl-1160-2,166.514,m,valid,simulator,
DAM-A-WL-01,2026-07-05T00:45:00+08:00,1,evt-wl-1161-0,166.361,m,valid,simulator,
DAM-A-WL-02,2026-07-05T00:45:00+08:00,1,evt-wl-1161-1,166.448,m,valid,simulator,
DAM-A-WL-03,2026-07-05T00:45:00+08:00,1,evt-wl-1161-2,166.534,m,valid,simulator,
DAM-A-WL-01,2026-07-05T00:50:00+08:00,1,evt-wl-1162-0,166.36,m,valid,simulator,
DAM-A-WL-02,2026-07-05T00:50:00+08:00,1,evt-wl-1162-1,166.452,m,valid,simulator,
DAM-A-WL-03,2026-07-05T00:50:00+08:00,1,evt-wl-1162-2,166.541,m,valid,simulator,
DAM-A-WL-01,2026-07-05T00:55:00+08:00,1,evt-wl-1163-0,166.401,m,valid,simulator,
DAM-A-WL-02,2026-07-05T00:55:00+08:00,1,evt-wl-1163-1,166.467,m,valid,simulator,
DAM-A-WL-03,2026-07-05T00:55:00+08:00,1,evt-wl-1163-2,166.548,m,valid,simulator,
DAM-A-WL-01,2026-07-05T01:00:00+08:00,1,evt-wl-1164-0,166.41,m,valid,simulator,
DAM-A-WL-02,2026-07-05T01:00:00+08:00,1,evt-wl-1164-1,166.483,m,valid,simulator,
DAM-A-WL-03,2026-07-05T01:00:00+08:00,1,evt-wl-1164-2,166.566,m,valid,simulator,
DAM-A-WL-01,2026-07-05T01:05:00+08:00,1,evt-wl-1165-0,166.401,m,valid,simulator,
DAM-A-WL-02,2026-07-05T01:05:00+08:00,1,evt-wl-1165-1,166.503,m,valid,simulator,
DAM-A-WL-03,2026-07-05T01:05:00+08:00,1,evt-wl-1165-2,166.59,m,valid,simulator,
DAM-A-WL-01,2026-07-05T01:10:00+08:00,1,evt-wl-1166-0,166.418,m,valid,simulator,
DAM-A-WL-02,2026-07-05T01:10:00+08:00,1,evt-wl-1166-1,166.515,m,valid,simulator,
DAM-A-WL-03,2026-07-05T01:10:00+08:00,1,evt-wl-1166-2,166.58,m,valid,simulator,
DAM-A-WL-01,2026-07-05T01:15:00+08:00,1,evt-wl-1167-0,166.455,m,valid,simulator,
DAM-A-WL-02,2026-07-05T01:15:00+08:00,1,evt-wl-1167-1,166.53,m,valid,simulator,
DAM-A-WL-03,2026-07-05T01:15:00+08:00,1,evt-wl-1167-2,166.589,m,valid,simulator,
DAM-A-WL-01,2026-07-05T01:20:00+08:00,1,evt-wl-1168-0,166.449,m,valid,simulator,
DAM-A-WL-02,2026-07-05T01:20:00+08:00,1,evt-wl-1168-1,166.546,m,valid,simulator,
DAM-A-WL-03,2026-07-05T01:20:00+08:00,1,evt-wl-1168-2,166.617,m,valid,simulator,
DAM-A-WL-01,2026-07-05T01:25:00+08:00,1,evt-wl-1169-0,166.476,m,valid,simulator,
DAM-A-WL-02,2026-07-05T01:25:00+08:00,1,evt-wl-1169-1,166.558,m,valid,simulator,
DAM-A-WL-03,2026-07-05T01:25:00+08:00,1,evt-wl-1169-2,166.624,m,valid,simulator,
DAM-A-WL-01,2026-07-05T01:30:00+08:00,1,evt-wl-1170-0,166.48,m,valid,simulator,
DAM-A-WL-02,2026-07-05T01:30:00+08:00,1,evt-wl-1170-1,166.563,m,valid,simulator,
DAM-A-WL-03,2026-07-05T01:30:00+08:00,1,evt-wl-1170-2,166.648,m,valid,simulator,
DAM-A-WL-01,2026-07-05T01:35:00+08:00,1,evt-wl-1171-0,166.494,m,valid,simulator,
DAM-A-WL-02,2026-07-05T01:35:00+08:00,1,evt-wl-1171-1,166.568,m,valid,simulator,
DAM-A-WL-03,2026-07-05T01:35:00+08:00,1,evt-wl-1171-2,166.655,m,valid,simulator,
DAM-A-WL-01,2026-07-05T01:40:00+08:00,1,evt-wl-1172-0,166.516,m,valid,simulator,
DAM-A-WL-02,2026-07-05T01:40:00+08:00,1,evt-wl-1172-1,166.599,m,valid,simulator,
DAM-A-WL-03,2026-07-05T01:40:00+08:00,1,evt-wl-1172-2,166.674,m,valid,simulator,
DAM-A-WL-01,2026-07-05T01:45:00+08:00,1,evt-wl-1173-0,166.532,m,valid,simulator,
DAM-A-WL-02,2026-07-05T01:45:00+08:00,1,evt-wl-1173-1,166.592,m,valid,simulator,
DAM-A-WL-03,2026-07-05T01:45:00+08:00,1,evt-wl-1173-2,166.688,m,valid,simulator,
DAM-A-WL-01,2026-07-05T01:50:00+08:00,1,evt-wl-1174-0,166.534,m,valid,simulator,
DAM-A-WL-02,2026-07-05T01:50:00+08:00,1,evt-wl-1174-1,166.605,m,valid,simulator,
DAM-A-WL-03,2026-07-05T01:50:00+08:00,1,evt-wl-1174-2,166.705,m,valid,simulator,
DAM-A-WL-01,2026-07-05T01:55:00+08:00,1,evt-wl-1175-0,166.557,m,valid,simulator,
DAM-A-WL-02,2026-07-05T01:55:00+08:00,1,evt-wl-1175-1,166.636,m,valid,simulator,
DAM-A-WL-03,2026-07-05T01:55:00+08:00,1,evt-wl-1175-2,166.716,m,valid,simulator,
DAM-A-WL-01,2026-07-05T02:00:00+08:00,1,evt-wl-1176-0,166.559,m,valid,simulator,
DAM-A-WL-02,2026-07-05T02:00:00+08:00,1,evt-wl-1176-1,166.651,m,valid,simulator,
DAM-A-WL-03,2026-07-05T02:00:00+08:00,1,evt-wl-1176-2,166.715,m,valid,simulator,
DAM-A-WL-01,2026-07-05T02:05:00+08:00,1,evt-wl-1177-0,166.556,m,valid,simulator,
DAM-A-WL-02,2026-07-05T02:05:00+08:00,1,evt-wl-1177-1,166.641,m,valid,simulator,
DAM-A-WL-03,2026-07-05T02:05:00+08:00,1,evt-wl-1177-2,166.714,m,valid,simulator,
DAM-A-WL-01,2026-07-05T02:10:00+08:00,1,evt-wl-1178-0,166.591,m,valid,simulator,
DAM-A-WL-02,2026-07-05T02:10:00+08:00,1,evt-wl-1178-1,166.648,m,valid,simulator,
DAM-A-WL-03,2026-07-05T02:10:00+08:00,1,evt-wl-1178-2,166.736,m,valid,simulator,
DAM-A-WL-01,2026-07-05T02:15:00+08:00,1,evt-wl-1179-0,166.584,m,valid,simulator,
DAM-A-WL-02,2026-07-05T02:15:00+08:00,1,evt-wl-1179-1,166.677,m,valid,simulator,
DAM-A-WL-03,2026-07-05T02:15:00+08:00,1,evt-wl-1179-2,166.767,m,valid,simulator,
DAM-A-WL-01,2026-07-05T02:20:00+08:00,1,evt-wl-1180-0,166.595,m,valid,simulator,
DAM-A-WL-02,2026-07-05T02:20:00+08:00,1,evt-wl-1180-1,166.696,m,valid,simulator,
DAM-A-WL-03,2026-07-05T02:20:00+08:00,1,evt-wl-1180-2,166.778,m,valid,simulator,
DAM-A-WL-01,2026-07-05T02:25:00+08:00,1,evt-wl-1181-0,166.621,m,valid,simulator,
DAM-A-WL-02,2026-07-05T02:25:00+08:00,1,evt-wl-1181-1,166.707,m,valid,simulator,
DAM-A-WL-03,2026-07-05T02:25:00+08:00,1,evt-wl-1181-2,166.764,m,valid,simulator,
DAM-A-WL-01,2026-07-05T02:30:00+08:00,1,evt-wl-1182-0,166.644,m,valid,simulator,
DAM-A-WL-02,2026-07-05T02:30:00+08:00,1,evt-wl-1182-1,166.698,m,valid,simulator,
DAM-A-WL-03,2026-07-05T02:30:00+08:00,1,evt-wl-1182-2,166.786,m,valid,simulator,
DAM-A-WL-01,2026-07-05T02:35:00+08:00,1,evt-wl-1183-0,166.656,m,valid,simulator,
DAM-A-WL-02,2026-07-05T02:35:00+08:00,1,evt-wl-1183-1,166.716,m,valid,simulator,
DAM-A-WL-03,2026-07-05T02:35:00+08:00,1,evt-wl-1183-2,166.808,m,valid,simulator,
DAM-A-WL-01,2026-07-05T02:40:00+08:00,1,evt-wl-1184-0,166.657,m,valid,simulator,
DAM-A-WL-02,2026-07-05T02:40:00+08:00,1,evt-wl-1184-1,166.744,m,valid,simulator,
DAM-A-WL-03,2026-07-05T02:40:00+08:00,1,evt-wl-1184-2,166.819,m,valid,simulator,
DAM-A-WL-01,2026-07-05T02:45:00+08:00,1,evt-wl-1185-0,166.674,m,valid,simulator,
DAM-A-WL-02,2026-07-05T02:45:00+08:00,1,evt-wl-1185-1,166.733,m,valid,simulator,
DAM-A-WL-03,2026-07-05T02:45:00+08:00,1,evt-wl-1185-2,166.821,m,valid,simulator,
DAM-A-WL-01,2026-07-05T02:50:00+08:00,1,evt-wl-1186-0,166.665,m,valid,simulator,
DAM-A-WL-02,2026-07-05T02:50:00+08:00,1,evt-wl-1186-1,166.747,m,valid,simulator,
DAM-A-WL-03,2026-07-05T02:50:00+08:00,1,evt-wl-1186-2,166.844,m,valid,simulator,
DAM-A-WL-01,2026-07-05T02:55:00+08:00,1,evt-wl-1187-0,166.695,m,valid,simulator,
DAM-A-WL-02,2026-07-05T02:55:00+08:00,1,evt-wl-1187-1,166.775,m,valid,simulator,
DAM-A-WL-03,2026-07-05T02:55:00+08:00,1,evt-wl-1187-2,166.839,m,valid,simulator,
DAM-A-WL-01,2026-07-05T03:00:00+08:00,1,evt-wl-1188-0,166.695,m,valid,simulator,
DAM-A-WL-02,2026-07-05T03:00:00+08:00,1,evt-wl-1188-1,166.775,m,valid,simulator,
DAM-A-WL-03,2026-07-05T03:00:00+08:00,1,evt-wl-1188-2,166.858,m,valid,simulator,
DAM-A-WL-01,2026-07-05T03:05:00+08:00,1,evt-wl-1189-0,166.704,m,valid,simulator,
DAM-A-WL-02,2026-07-05T03:05:00+08:00,1,evt-wl-1189-1,166.78,m,valid,simulator,
DAM-A-WL-03,2026-07-05T03:05:00+08:00,1,evt-wl-1189-2,166.867,m,valid,simulator,
DAM-A-WL-01,2026-07-05T03:10:00+08:00,1,evt-wl-1190-0,166.71,m,valid,simulator,
DAM-A-WL-02,2026-07-05T03:10:00+08:00,1,evt-wl-1190-1,166.807,m,valid,simulator,
DAM-A-WL-03,2026-07-05T03:10:00+08:00,1,evt-wl-1190-2,166.874,m,valid,simulator,
DAM-A-WL-01,2026-07-05T03:15:00+08:00,1,evt-wl-1191-0,166.739,m,valid,simulator,
DAM-A-WL-02,2026-07-05T03:15:00+08:00,1,evt-wl-1191-1,166.827,m,valid,simulator,
DAM-A-WL-03,2026-07-05T03:15:00+08:00,1,evt-wl-1191-2,166.882,m,valid,simulator,
DAM-A-WL-01,2026-07-05T03:20:00+08:00,1,evt-wl-1192-0,166.744,m,valid,simulator,
DAM-A-WL-02,2026-07-05T03:20:00+08:00,1,evt-wl-1192-1,166.827,m,valid,simulator,
DAM-A-WL-03,2026-07-05T03:20:00+08:00,1,evt-wl-1192-2,166.898,m,valid,simulator,
DAM-A-WL-01,2026-07-05T03:25:00+08:00,1,evt-wl-1193-0,166.745,m,valid,simulator,
DAM-A-WL-02,2026-07-05T03:25:00+08:00,1,evt-wl-1193-1,166.829,m,valid,simulator,
DAM-A-WL-03,2026-07-05T03:25:00+08:00,1,evt-wl-1193-2,166.922,m,valid,simulator,
DAM-A-WL-01,2026-07-05T03:30:00+08:00,1,evt-wl-1194-0,166.769,m,valid,simulator,
DAM-A-WL-02,2026-07-05T03:30:00+08:00,1,evt-wl-1194-1,166.848,m,valid,simulator,
DAM-A-WL-03,2026-07-05T03:30:00+08:00,1,evt-wl-1194-2,166.925,m,valid,simulator,
DAM-A-WL-01,2026-07-05T03:35:00+08:00,1,evt-wl-1195-0,166.774,m,valid,simulator,
DAM-A-WL-02,2026-07-05T03:35:00+08:00,1,evt-wl-1195-1,166.865,m,valid,simulator,
DAM-A-WL-03,2026-07-05T03:35:00+08:00,1,evt-wl-1195-2,166.943,m,valid,simulator,
DAM-A-WL-01,2026-07-05T03:40:00+08:00,1,evt-wl-1196-0,166.785,m,valid,simulator,
DAM-A-WL-02,2026-07-05T03:40:00+08:00,1,evt-wl-1196-1,166.858,m,valid,simulator,
DAM-A-WL-03,2026-07-05T03:40:00+08:00,1,evt-wl-1196-2,166.955,m,valid,simulator,
DAM-A-WL-01,2026-07-05T03:45:00+08:00,1,evt-wl-1197-0,166.802,m,valid,simulator,
DAM-A-WL-02,2026-07-05T03:45:00+08:00,1,evt-wl-1197-1,166.878,m,valid,simulator,
DAM-A-WL-03,2026-07-05T03:45:00+08:00,1,evt-wl-1197-2,166.961,m,valid,simulator,
DAM-A-WL-01,2026-07-05T03:50:00+08:00,1,evt-wl-1198-0,166.823,m,valid,simulator,
DAM-A-WL-02,2026-07-05T03:50:00+08:00,1,evt-wl-1198-1,166.882,m,valid,simulator,
DAM-A-WL-03,2026-07-05T03:50:00+08:00,1,evt-wl-1198-2,166.98,m,valid,simulator,
DAM-A-WL-01,2026-07-05T03:55:00+08:00,1,evt-wl-1199-0,166.837,m,valid,simulator,
DAM-A-WL-02,2026-07-05T03:55:00+08:00,1,evt-wl-1199-1,166.908,m,valid,simulator,
DAM-A-WL-03,2026-07-05T03:55:00+08:00,1,evt-wl-1199-2,166.973,m,valid,simulator,
