This is XeTeX, Version 3.141592653-2.6-0.999996 (TeX Live 2024) (preloaded format=xelatex 2024.9.19)  28 AUG 2025 22:31
entering extended mode
 restricted \write18 enabled.
 %&-line parsing enabled.
**教材.tex
(./教材.tex
LaTeX2e <2023-11-01> patch level 1
L3 programming layer <2024-02-20>
(c:/texlive/2024/texmf-dist/tex/latex/base/book.cls
Document Class: book 2023/05/17 v1.4n Standard LaTeX document class
(c:/texlive/2024/texmf-dist/tex/latex/base/bk12.clo
File: bk12.clo 2023/05/17 v1.4n Standard LaTeX file (size option)
)
\c@part=\count184
\c@chapter=\count185
\c@section=\count186
\c@subsection=\count187
\c@subsubsection=\count188
\c@paragraph=\count189
\c@subparagraph=\count190
\c@figure=\count191
\c@table=\count192
\abovecaptionskip=\skip48
\belowcaptionskip=\skip49
\bibindent=\dimen140
)
(c:/texlive/2024/texmf-dist/tex/latex/amsmath/amsmath.sty
Package: amsmath 2023/05/13 v2.17o AMS math features
\@mathmargin=\skip50

For additional information on amsmath, use the `?' option.
(c:/texlive/2024/texmf-dist/tex/latex/amsmath/amstext.sty
Package: amstext 2021/08/26 v2.01 AMS text

(c:/texlive/2024/texmf-dist/tex/latex/amsmath/amsgen.sty
File: amsgen.sty 1999/11/30 v2.0 generic functions
\@emptytoks=\toks17
\ex@=\dimen141
))
(c:/texlive/2024/texmf-dist/tex/latex/amsmath/amsbsy.sty
Package: amsbsy 1999/11/29 v1.2d Bold Symbols
\pmbraise@=\dimen142
)
(c:/texlive/2024/texmf-dist/tex/latex/amsmath/amsopn.sty
Package: amsopn 2022/04/08 v2.04 operator names
)
\inf@bad=\count193
LaTeX Info: Redefining \frac on input line 234.
\uproot@=\count194
\leftroot@=\count195
LaTeX Info: Redefining \overline on input line 399.
LaTeX Info: Redefining \colon on input line 410.
\classnum@=\count196
\DOTSCASE@=\count197
LaTeX Info: Redefining \ldots on input line 496.
LaTeX Info: Redefining \dots on input line 499.
LaTeX Info: Redefining \cdots on input line 620.
\Mathstrutbox@=\box51
\strutbox@=\box52
LaTeX Info: Redefining \big on input line 722.
LaTeX Info: Redefining \Big on input line 723.
LaTeX Info: Redefining \bigg on input line 724.
LaTeX Info: Redefining \Bigg on input line 725.
\big@size=\dimen143
LaTeX Font Info:    Redeclaring font encoding OML on input line 743.
LaTeX Font Info:    Redeclaring font encoding OMS on input line 744.
\macc@depth=\count198
LaTeX Info: Redefining \bmod on input line 905.
LaTeX Info: Redefining \pmod on input line 910.
LaTeX Info: Redefining \smash on input line 940.
LaTeX Info: Redefining \relbar on input line 970.
LaTeX Info: Redefining \Relbar on input line 971.
\c@MaxMatrixCols=\count199
\dotsspace@=\muskip16
\c@parentequation=\count266
\dspbrk@lvl=\count267
\tag@help=\toks18
\row@=\count268
\column@=\count269
\maxfields@=\count270
\andhelp@=\toks19
\eqnshift@=\dimen144
\alignsep@=\dimen145
\tagshift@=\dimen146
\tagwidth@=\dimen147
\totwidth@=\dimen148
\lineht@=\dimen149
\@envbody=\toks20
\multlinegap=\skip51
\multlinetaggap=\skip52
\mathdisplay@stack=\toks21
LaTeX Info: Redefining \[ on input line 2953.
LaTeX Info: Redefining \] on input line 2954.
)
(c:/texlive/2024/texmf-dist/tex/latex/amsfonts/amssymb.sty
Package: amssymb 2013/01/14 v3.01 AMS font symbols

(c:/texlive/2024/texmf-dist/tex/latex/amsfonts/amsfonts.sty
Package: amsfonts 2013/01/14 v3.01 Basic AMSFonts support
\symAMSa=\mathgroup4
\symAMSb=\mathgroup5
LaTeX Font Info:    Redeclaring math symbol \hbar on input line 98.
LaTeX Font Info:    Overwriting math alphabet `\mathfrak' in version `bold'
(Font)                  U/euf/m/n --> U/euf/b/n on input line 106.
))
(c:/texlive/2024/texmf-dist/tex/latex/amscls/amsthm.sty
Package: amsthm 2020/05/29 v2.20.6
\thm@style=\toks22
\thm@bodyfont=\toks23
\thm@headfont=\toks24
\thm@notefont=\toks25
\thm@headpunct=\toks26
\thm@preskip=\skip53
\thm@postskip=\skip54
\thm@headsep=\skip55
\dth@everypar=\toks27
)
(c:/texlive/2024/texmf-dist/tex/latex/graphics/graphicx.sty
Package: graphicx 2021/09/16 v1.2d Enhanced LaTeX Graphics (DPC,SPQR)

(c:/texlive/2024/texmf-dist/tex/latex/graphics/keyval.sty
Package: keyval 2022/05/29 v1.15 key=value parser (DPC)
\KV@toks@=\toks28
)
(c:/texlive/2024/texmf-dist/tex/latex/graphics/graphics.sty
Package: graphics 2022/03/10 v1.4e Standard LaTeX Graphics (DPC,SPQR)

(c:/texlive/2024/texmf-dist/tex/latex/graphics/trig.sty
Package: trig 2021/08/11 v1.11 sin cos tan (DPC)
)
(c:/texlive/2024/texmf-dist/tex/latex/graphics-cfg/graphics.cfg
File: graphics.cfg 2016/06/04 v1.11 sample graphics configuration
)
Package graphics Info: Driver file: xetex.def on input line 107.

(c:/texlive/2024/texmf-dist/tex/latex/graphics-def/xetex.def
File: xetex.def 2022/09/22 v5.0n Graphics/color driver for xetex
))
\Gin@req@height=\dimen150
\Gin@req@width=\dimen151
)
(c:/texlive/2024/texmf-dist/tex/latex/xcolor/xcolor.sty
Package: xcolor 2023/11/15 v3.01 LaTeX color extensions (UK)

(c:/texlive/2024/texmf-dist/tex/latex/graphics-cfg/color.cfg
File: color.cfg 2016/01/02 v1.6 sample color configuration
)
Package xcolor Info: Driver file: xetex.def on input line 274.

(c:/texlive/2024/texmf-dist/tex/latex/graphics/mathcolor.ltx)
Package xcolor Info: Model `cmy' substituted by `cmy0' on input line 1350.
Package xcolor Info: Model `RGB' extended on input line 1366.
Package xcolor Info: Model `HTML' substituted by `rgb' on input line 1368.
Package xcolor Info: Model `Hsb' substituted by `hsb' on input line 1369.
Package xcolor Info: Model `tHsb' substituted by `hsb' on input line 1370.
Package xcolor Info: Model `HSB' substituted by `hsb' on input line 1371.
Package xcolor Info: Model `Gray' substituted by `gray' on input line 1372.
Package xcolor Info: Model `wave' substituted by `hsb' on input line 1373.
)
(c:/texlive/2024/texmf-dist/tex/latex/geometry/geometry.sty
Package: geometry 2020/01/02 v5.9 Page Geometry

(c:/texlive/2024/texmf-dist/tex/generic/iftex/ifvtex.sty
Package: ifvtex 2019/10/25 v1.7 ifvtex legacy package. Use iftex instead.

(c:/texlive/2024/texmf-dist/tex/generic/iftex/iftex.sty
Package: iftex 2022/02/03 v1.0f TeX engine tests
))
\Gm@cnth=\count271
\Gm@cntv=\count272
\c@Gm@tempcnt=\count273
\Gm@bindingoffset=\dimen152
\Gm@wd@mp=\dimen153
\Gm@odd@mp=\dimen154
\Gm@even@mp=\dimen155
\Gm@layoutwidth=\dimen156
\Gm@layoutheight=\dimen157
\Gm@layouthoffset=\dimen158
\Gm@layoutvoffset=\dimen159
\Gm@dimlist=\toks29
)
(c:/texlive/2024/texmf-dist/tex/latex/ctex/ctex.sty
(c:/texlive/2024/texmf-dist/tex/latex/l3kernel/expl3.sty
Package: expl3 2024-02-20 L3 programming layer (loader) 

(c:/texlive/2024/texmf-dist/tex/latex/l3backend/l3backend-xetex.def
File: l3backend-xetex.def 2024-02-20 L3 backend support: XeTeX
\g__graphics_track_int=\count274
\l__pdf_internal_box=\box53
\g__pdf_backend_object_int=\count275
\g__pdf_backend_annotation_int=\count276
\g__pdf_backend_link_int=\count277
))
Package: ctex 2022/07/14 v2.5.10 Chinese adapter in LaTeX (CTEX)

(c:/texlive/2024/texmf-dist/tex/latex/ctex/ctexhook.sty
Package: ctexhook 2022/07/14 v2.5.10 Document and package hooks (CTEX)
)
(c:/texlive/2024/texmf-dist/tex/latex/ctex/ctexpatch.sty
Package: ctexpatch 2022/07/14 v2.5.10 Patching commands (CTEX)
)
(c:/texlive/2024/texmf-dist/tex/latex/base/fix-cm.sty
Package: fix-cm 2020/11/24 v1.1t fixes to LaTeX

(c:/texlive/2024/texmf-dist/tex/latex/base/ts1enc.def
File: ts1enc.def 2001/06/05 v3.0e (jk/car/fm) Standard LaTeX file
LaTeX Font Info:    Redeclaring font encoding TS1 on input line 47.
))
\l__ctex_tmp_int=\count278
\l__ctex_tmp_box=\box54
\l__ctex_tmp_dim=\dimen160
\g__ctex_section_depth_int=\count279
\g__ctex_font_size_int=\count280

(c:/texlive/2024/texmf-dist/tex/latex/ctex/config/ctexopts.cfg
File: ctexopts.cfg 2022/07/14 v2.5.10 Option configuration file (CTEX)
)
(c:/texlive/2024/texmf-dist/tex/latex/ctex/engine/ctex-engine-xetex.def
File: ctex-engine-xetex.def 2022/07/14 v2.5.10 XeLaTeX adapter (CTEX)

(c:/texlive/2024/texmf-dist/tex/xelatex/xecjk/xeCJK.sty
Package: xeCJK 2022/08/05 v3.9.1 Typesetting CJK scripts with XeLaTeX

(c:/texlive/2024/texmf-dist/tex/latex/l3packages/xtemplate/xtemplate.sty
(c:/texlive/2024/texmf-dist/tex/latex/l3packages/xtemplate/xtemplate-2023-10-10
.sty
Package: xtemplate 2023-10-10 L3 Experimental prototype document functions
\l__xtemplate_tmp_dim=\dimen161
\l__xtemplate_tmp_int=\count281
\l__xtemplate_tmp_muskip=\muskip17
\l__xtemplate_tmp_skip=\skip56
))
\l__xeCJK_tmp_int=\count282
\l__xeCJK_tmp_box=\box55
\l__xeCJK_tmp_dim=\dimen162
\l__xeCJK_tmp_skip=\skip57
\g__xeCJK_space_factor_int=\count283
\l__xeCJK_begin_int=\count284
\l__xeCJK_end_int=\count285
\c__xeCJK_CJK_class_int=\XeTeXcharclass1
\c__xeCJK_FullLeft_class_int=\XeTeXcharclass2
\c__xeCJK_FullRight_class_int=\XeTeXcharclass3
\c__xeCJK_HalfLeft_class_int=\XeTeXcharclass4
\c__xeCJK_HalfRight_class_int=\XeTeXcharclass5
\c__xeCJK_NormalSpace_class_int=\XeTeXcharclass6
\c__xeCJK_CM_class_int=\XeTeXcharclass7
\c__xeCJK_HangulJamo_class_int=\XeTeXcharclass8
\l__xeCJK_last_skip=\skip58
\c__xeCJK_none_node=\count286
\g__xeCJK_node_int=\count287
\c__xeCJK_CJK_node_dim=\dimen163
\c__xeCJK_CJK-space_node_dim=\dimen164
\c__xeCJK_default_node_dim=\dimen165
\c__xeCJK_CJK-widow_node_dim=\dimen166
\c__xeCJK_normalspace_node_dim=\dimen167
\c__xeCJK_default-space_node_skip=\skip59
\l__xeCJK_ccglue_skip=\skip60
\l__xeCJK_ecglue_skip=\skip61
\l__xeCJK_punct_kern_skip=\skip62
\l__xeCJK_indent_box=\box56
\l__xeCJK_last_penalty_int=\count288
\l__xeCJK_last_bound_dim=\dimen168
\l__xeCJK_last_kern_dim=\dimen169
\l__xeCJK_widow_penalty_int=\count289

Package xtemplate Info: Declaring object type 'xeCJK/punctuation' taking 0
(xtemplate)             argument(s) on line 2396.

\l__xeCJK_fixed_punct_width_dim=\dimen170
\l__xeCJK_mixed_punct_width_dim=\dimen171
\l__xeCJK_middle_punct_width_dim=\dimen172
\l__xeCJK_fixed_margin_width_dim=\dimen173
\l__xeCJK_mixed_margin_width_dim=\dimen174
\l__xeCJK_middle_margin_width_dim=\dimen175
\l__xeCJK_bound_punct_width_dim=\dimen176
\l__xeCJK_bound_margin_width_dim=\dimen177
\l__xeCJK_margin_minimum_dim=\dimen178
\l__xeCJK_kerning_total_width_dim=\dimen179
\l__xeCJK_same_align_margin_dim=\dimen180
\l__xeCJK_different_align_margin_dim=\dimen181
\l__xeCJK_kerning_margin_width_dim=\dimen182
\l__xeCJK_kerning_margin_minimum_dim=\dimen183
\l__xeCJK_bound_dim=\dimen184
\l__xeCJK_reverse_bound_dim=\dimen185
\l__xeCJK_margin_dim=\dimen186
\l__xeCJK_minimum_bound_dim=\dimen187
\l__xeCJK_kerning_margin_dim=\dimen188
\g__xeCJK_family_int=\count290
\l__xeCJK_fam_int=\count291
\g__xeCJK_fam_allocation_int=\count292
\l__xeCJK_verb_case_int=\count293
\l__xeCJK_verb_exspace_skip=\skip63
 (c:/texlive/2024/texmf-dist/tex/latex/fontspec/fontspec.sty
(c:/texlive/2024/texmf-dist/tex/latex/l3packages/xparse/xparse.sty
Package: xparse 2024-02-18 L3 Experimental document command parser
)
Package: fontspec 2024/02/13 v2.9a Font selection for XeLaTeX and LuaLaTeX

(c:/texlive/2024/texmf-dist/tex/latex/fontspec/fontspec-xetex.sty
Package: fontspec-xetex 2024/02/13 v2.9a Font selection for XeLaTeX and LuaLaTe
X
\l__fontspec_script_int=\count294
\l__fontspec_language_int=\count295
\l__fontspec_strnum_int=\count296
\l__fontspec_tmp_int=\count297
\l__fontspec_tmpa_int=\count298
\l__fontspec_tmpb_int=\count299
\l__fontspec_tmpc_int=\count300
\l__fontspec_em_int=\count301
\l__fontspec_emdef_int=\count302
\l__fontspec_strong_int=\count303
\l__fontspec_strongdef_int=\count304
\l__fontspec_tmpa_dim=\dimen189
\l__fontspec_tmpb_dim=\dimen190
\l__fontspec_tmpc_dim=\dimen191

(c:/texlive/2024/texmf-dist/tex/latex/base/fontenc.sty
Package: fontenc 2021/04/29 v2.0v Standard LaTeX package
)
(c:/texlive/2024/texmf-dist/tex/latex/fontspec/fontspec.cfg)))
(c:/texlive/2024/texmf-dist/tex/xelatex/xecjk/xeCJK.cfg
File: xeCJK.cfg 2022/08/05 v3.9.1 Configuration file for xeCJK package
))
\ccwd=\dimen192
\l__ctex_ccglue_skip=\skip64
)
\l__ctex_ziju_dim=\dimen193

(c:/texlive/2024/texmf-dist/tex/latex/zhnumber/zhnumber.sty
Package: zhnumber 2022/07/14 v3.0 Typesetting numbers with Chinese glyphs
\l__zhnum_scale_int=\count305
\l__zhnum_tmp_int=\count306

(c:/texlive/2024/texmf-dist/tex/latex/zhnumber/zhnumber-utf8.cfg
File: zhnumber-utf8.cfg 2022/07/14 v3.0 Chinese numerals with UTF8 encoding
))
(c:/texlive/2024/texmf-dist/tex/latex/ctex/scheme/ctex-scheme-chinese.def
File: ctex-scheme-chinese.def 2022/07/14 v2.5.10 Chinese scheme for generic (CT
EX)

(c:/texlive/2024/texmf-dist/tex/latex/ctex/config/ctex-name-utf8.cfg
File: ctex-name-utf8.cfg 2022/07/14 v2.5.10 Caption with encoding UTF-8 (CTEX)
))
(c:/texlive/2024/texmf-dist/tex/latex/tools/indentfirst.sty
Package: indentfirst 2023/07/02 v1.03 Indent first paragraph (DPC)
)
(c:/texlive/2024/texmf-dist/tex/latex/ctex/fontset/ctex-fontset-windows.def
File: ctex-fontset-windows.def 2022/07/14 v2.5.10 Windows fonts definition (CTE
X)

Package fontspec Info: Could not resolve font "KaiTi/B" (it probably doesn't
(fontspec)             exist).


Package fontspec Info: Could not resolve font "SimHei/I" (it probably doesn't
(fontspec)             exist).


Package fontspec Info: Could not resolve font "SimSun/BI" (it probably doesn't
(fontspec)             exist).


Package fontspec Info: Font family 'SimSun(0)' created for font 'SimSun' with
(fontspec)             options
(fontspec)             [Script={CJK},BoldFont={SimHei},ItalicFont={KaiTi}].
(fontspec)              
(fontspec)              This font family consists of the following NFSS
(fontspec)             series/shapes:
(fontspec)              
(fontspec)             - 'normal' (m/n) with NFSS spec.:
(fontspec)             <->"SimSun/OT:script=hani;language=dflt;"
(fontspec)             - 'small caps'  (m/sc) with NFSS spec.: 
(fontspec)             - 'bold' (b/n) with NFSS spec.:
(fontspec)             <->"SimHei/OT:script=hani;language=dflt;"
(fontspec)             - 'bold small caps'  (b/sc) with NFSS spec.: 
(fontspec)             - 'italic' (m/it) with NFSS spec.:
(fontspec)             <->"KaiTi/OT:script=hani;language=dflt;"
(fontspec)             - 'italic small caps'  (m/scit) with NFSS spec.: 

))
(c:/texlive/2024/texmf-dist/tex/latex/ctex/config/ctex.cfg
File: ctex.cfg 2022/07/14 v2.5.10 Configuration file (CTEX)
)
(c:/texlive/2024/texmf-dist/tex/latex/setspace/setspace.sty
Package: setspace 2022/12/04 v6.7b set line spacing
)

Package xeCJK Warning: Redefining CJKfamily `\CJKrmdefault' (SimSun(0)).


Package xeCJK Warning: Redefining CJKfamily `\CJKsfdefault' (Microsoft YaHei).


Package xeCJK Warning: Redefining CJKfamily `\CJKttdefault' (FangSong).

(c:/texlive/2024/texmf-dist/tex/latex/hyperref/hyperref.sty
Package: hyperref 2024-01-20 v7.01h Hypertext links for LaTeX

(c:/texlive/2024/texmf-dist/tex/latex/kvsetkeys/kvsetkeys.sty
Package: kvsetkeys 2022-10-05 v1.19 Key value parser (HO)
)
(c:/texlive/2024/texmf-dist/tex/generic/kvdefinekeys/kvdefinekeys.sty
Package: kvdefinekeys 2019-12-19 v1.6 Define keys (HO)
)
(c:/texlive/2024/texmf-dist/tex/generic/pdfescape/pdfescape.sty
Package: pdfescape 2019/12/09 v1.15 Implements pdfTeX's escape features (HO)

(c:/texlive/2024/texmf-dist/tex/generic/ltxcmds/ltxcmds.sty
Package: ltxcmds 2023-12-04 v1.26 LaTeX kernel commands for general use (HO)
)
(c:/texlive/2024/texmf-dist/tex/generic/pdftexcmds/pdftexcmds.sty
Package: pdftexcmds 2020-06-27 v0.33 Utility functions of pdfTeX for LuaTeX (HO
)

(c:/texlive/2024/texmf-dist/tex/generic/infwarerr/infwarerr.sty
Package: infwarerr 2019/12/03 v1.5 Providing info/warning/error messages (HO)
)
Package pdftexcmds Info: \pdf@primitive is available.
Package pdftexcmds Info: \pdf@ifprimitive is available.
Package pdftexcmds Info: \pdfdraftmode not found.
))
(c:/texlive/2024/texmf-dist/tex/latex/hycolor/hycolor.sty
Package: hycolor 2020-01-27 v1.10 Color options for hyperref/bookmark (HO)
)
(c:/texlive/2024/texmf-dist/tex/latex/auxhook/auxhook.sty
Package: auxhook 2019-12-17 v1.6 Hooks for auxiliary files (HO)
)
(c:/texlive/2024/texmf-dist/tex/latex/hyperref/nameref.sty
Package: nameref 2023-11-26 v2.56 Cross-referencing by name of section

(c:/texlive/2024/texmf-dist/tex/latex/refcount/refcount.sty
Package: refcount 2019/12/15 v3.6 Data extraction from label references (HO)
)
(c:/texlive/2024/texmf-dist/tex/generic/gettitlestring/gettitlestring.sty
Package: gettitlestring 2019/12/15 v1.6 Cleanup title references (HO)

(c:/texlive/2024/texmf-dist/tex/latex/kvoptions/kvoptions.sty
Package: kvoptions 2022-06-15 v3.15 Key value format for package options (HO)
))
\c@section@level=\count307
)
(c:/texlive/2024/texmf-dist/tex/latex/etoolbox/etoolbox.sty
Package: etoolbox 2020/10/05 v2.5k e-TeX tools for LaTeX (JAW)
\etb@tempcnta=\count308
)
\@linkdim=\dimen194
\Hy@linkcounter=\count309
\Hy@pagecounter=\count310

(c:/texlive/2024/texmf-dist/tex/latex/hyperref/pd1enc.def
File: pd1enc.def 2024-01-20 v7.01h Hyperref: PDFDocEncoding definition (HO)
)
(c:/texlive/2024/texmf-dist/tex/generic/intcalc/intcalc.sty
Package: intcalc 2019/12/15 v1.3 Expandable calculations with integers (HO)
)
\Hy@SavedSpaceFactor=\count311

(c:/texlive/2024/texmf-dist/tex/latex/hyperref/puenc.def
File: puenc.def 2024-01-20 v7.01h Hyperref: PDF Unicode definition (HO)
)
Package hyperref Info: Option `unicode' set `true' on input line 4062.
Package hyperref Info: Hyper figures OFF on input line 4179.
Package hyperref Info: Link nesting OFF on input line 4184.
Package hyperref Info: Hyper index ON on input line 4187.
Package hyperref Info: Plain pages OFF on input line 4194.
Package hyperref Info: Backreferencing OFF on input line 4199.
Package hyperref Info: Implicit mode ON; LaTeX internals redefined.
Package hyperref Info: Bookmarks ON on input line 4446.
\c@Hy@tempcnt=\count312

(c:/texlive/2024/texmf-dist/tex/latex/url/url.sty
\Urlmuskip=\muskip18
Package: url 2013/09/16  ver 3.4  Verb mode for urls, etc.
)
LaTeX Info: Redefining \url on input line 4784.
\XeTeXLinkMargin=\dimen195

(c:/texlive/2024/texmf-dist/tex/generic/bitset/bitset.sty
Package: bitset 2019/12/09 v1.3 Handle bit-vector datatype (HO)

(c:/texlive/2024/texmf-dist/tex/generic/bigintcalc/bigintcalc.sty
Package: bigintcalc 2019/12/15 v1.5 Expandable calculations on big integers (HO
)
))
\Fld@menulength=\count313
\Field@Width=\dimen196
\Fld@charsize=\dimen197
Package hyperref Info: Hyper figures OFF on input line 6063.
Package hyperref Info: Link nesting OFF on input line 6068.
Package hyperref Info: Hyper index ON on input line 6071.
Package hyperref Info: backreferencing OFF on input line 6078.
Package hyperref Info: Link coloring OFF on input line 6083.
Package hyperref Info: Link coloring with OCG OFF on input line 6088.
Package hyperref Info: PDF/A mode OFF on input line 6093.

(c:/texlive/2024/texmf-dist/tex/latex/base/atbegshi-ltx.sty
Package: atbegshi-ltx 2021/01/10 v1.0c Emulation of the original atbegshi
package with kernel methods
)
\Hy@abspage=\count314
\c@Item=\count315
\c@Hfootnote=\count316
)
Package hyperref Info: Driver (autodetected): hxetex.

(c:/texlive/2024/texmf-dist/tex/latex/hyperref/hxetex.def
File: hxetex.def 2024-01-20 v7.01h Hyperref driver for XeTeX

(c:/texlive/2024/texmf-dist/tex/generic/stringenc/stringenc.sty
Package: stringenc 2019/11/29 v1.12 Convert strings between diff. encodings (HO
)
)
\pdfm@box=\box57
\c@Hy@AnnotLevel=\count317
\HyField@AnnotCount=\count318
\Fld@listcount=\count319
\c@bookmark@seq@number=\count320

(c:/texlive/2024/texmf-dist/tex/latex/rerunfilecheck/rerunfilecheck.sty
Package: rerunfilecheck 2022-07-10 v1.10 Rerun checks for auxiliary files (HO)

(c:/texlive/2024/texmf-dist/tex/latex/base/atveryend-ltx.sty
Package: atveryend-ltx 2020/08/19 v1.0a Emulation of the original atveryend pac
kage
with kernel methods
)
(c:/texlive/2024/texmf-dist/tex/generic/uniquecounter/uniquecounter.sty
Package: uniquecounter 2019/12/15 v1.4 Provide unlimited unique counter (HO)
)
Package uniquecounter Info: New unique counter `rerunfilecheck' on input line 2
85.
)
\Hy@SectionHShift=\skip65
)
(c:/texlive/2024/texmf-dist/tex/latex/tools/longtable.sty
Package: longtable 2023-11-01 v4.19 Multi-page Table package (DPC)
\LTleft=\skip66
\LTright=\skip67
\LTpre=\skip68
\LTpost=\skip69
\LTchunksize=\count321
\LTcapwidth=\dimen198
\LT@head=\box58
\LT@firsthead=\box59
\LT@foot=\box60
\LT@lastfoot=\box61
\LT@gbox=\box62
\LT@cols=\count322
\LT@rows=\count323
\c@LT@tables=\count324
\c@LT@chunks=\count325
\LT@p@ftn=\toks30
)
(c:/texlive/2024/texmf-dist/tex/latex/booktabs/booktabs.sty
Package: booktabs 2020/01/12 v1.61803398 Publication quality tables
\heavyrulewidth=\dimen199
\lightrulewidth=\dimen256
\cmidrulewidth=\dimen257
\belowrulesep=\dimen258
\belowbottomsep=\dimen259
\aboverulesep=\dimen260
\abovetopsep=\dimen261
\cmidrulesep=\dimen262
\cmidrulekern=\dimen263
\defaultaddspace=\dimen264
\@cmidla=\count326
\@cmidlb=\count327
\@aboverulesep=\dimen265
\@belowrulesep=\dimen266
\@thisruleclass=\count328
\@lastruleclass=\count329
\@thisrulewidth=\dimen267
)
(c:/texlive/2024/texmf-dist/tex/latex/tools/array.sty
Package: array 2023/10/16 v2.5g Tabular extension package (FMi)
\col@sep=\dimen268
\ar@mcellbox=\box63
\extrarowheight=\dimen269
\NC@list=\toks31
\extratabsurround=\skip70
\backup@length=\skip71
\ar@cellbox=\box64
)
(c:/texlive/2024/texmf-dist/tex/latex/multirow/multirow.sty
Package: multirow 2021/03/15 v2.8 Span multiple rows of a table
\multirow@colwidth=\skip72
\multirow@cntb=\count330
\multirow@dima=\skip73
\bigstrutjot=\dimen270
)
(c:/texlive/2024/texmf-dist/tex/latex/wrapfig/wrapfig.sty
\wrapoverhang=\dimen271
\WF@size=\dimen272
\c@WF@wrappedlines=\count331
\WF@box=\box65
\WF@everypar=\toks32
Package: wrapfig 2003/01/31  v 3.6
)
(c:/texlive/2024/texmf-dist/tex/latex/float/float.sty
Package: float 2001/11/08 v1.3d Float enhancements (AL)
\c@float@type=\count332
\float@exts=\toks33
\float@box=\box66
\@float@everytoks=\toks34
\@floatcapt=\box67
)
(c:/texlive/2024/texmf-dist/tex/latex/colortbl/colortbl.sty
Package: colortbl 2024/02/20 v1.0g Color table columns (DPC)
\everycr=\toks35
\minrowclearance=\skip74
\rownum=\count333
)
(c:/texlive/2024/texmf-dist/tex/latex/pdflscape/pdflscape.sty
Package: pdflscape 2022-10-27 v0.13 Display of landscape pages in PDF

(c:/texlive/2024/texmf-dist/tex/latex/pdflscape/pdflscape-nometadata.sty
Package: pdflscape-nometadata 2022-10-28 v0.13 Display of landscape pages in PD
F (HO)

(c:/texlive/2024/texmf-dist/tex/latex/graphics/lscape.sty
Package: lscape 2020/05/28 v3.02 Landscape Pages (DPC)
)
Package pdflscape Info: Auto-detected driver: dvipdfm (xetex) on input line 98.

))
(c:/texlive/2024/texmf-dist/tex/latex/tabu/tabu.sty
Package: tabu 2019/01/11 v2.9 - flexible LaTeX tabulars (FC+tabu-fixed)

(c:/texlive/2024/texmf-dist/tex/latex/varwidth/varwidth.sty
Package: varwidth 2009/03/30 ver 0.92;  Variable-width minipages
\@vwid@box=\box68
\sift@deathcycles=\count334
\@vwid@loff=\dimen273
\@vwid@roff=\dimen274
)
\c@taburow=\count335
\tabu@nbcols=\count336
\tabu@cnt=\count337
\tabu@Xcol=\count338
\tabu@alloc=\count339
\tabu@nested=\count340
\tabu@target=\dimen275
\tabu@spreadtarget=\dimen276
\tabu@naturalX=\dimen277
\tabucolX=\dimen278
\tabu@Xsum=\dimen279
\extrarowdepth=\dimen280
\abovetabulinesep=\dimen281
\belowtabulinesep=\dimen282
\tabustrutrule=\dimen283
\tabu@thebody=\toks36
\tabu@footnotes=\toks37
\tabu@box=\box69
\tabu@arstrutbox=\box70
\tabu@hleads=\box71
\tabu@vleads=\box72
\tabu@cellskip=\skip75
)
(c:/texlive/2024/texmf-dist/tex/latex/threeparttable/threeparttable.sty
Package: threeparttable 2003/06/13  v 3.0
\@tempboxb=\box73
)
(c:/texlive/2024/texmf-dist/tex/latex/threeparttablex/threeparttablex.sty
Package: threeparttablex 2013/07/23 v0.3 by daleif

(c:/texlive/2024/texmf-dist/tex/latex/environ/environ.sty
Package: environ 2014/05/04 v0.3 A new way to define environments

(c:/texlive/2024/texmf-dist/tex/latex/trimspaces/trimspaces.sty
Package: trimspaces 2009/09/17 v1.1 Trim spaces around a token list
))
\TPTL@width=\skip76
)
(c:/texlive/2024/texmf-dist/tex/generic/ulem/ulem.sty
\UL@box=\box74
\UL@hyphenbox=\box75
\UL@skip=\skip77
\UL@hook=\toks38
\UL@height=\dimen284
\UL@pe=\count341
\UL@pixel=\dimen285
\ULC@box=\box76
Package: ulem 2019/11/18
\ULdepth=\dimen286
)
(c:/texlive/2024/texmf-dist/tex/latex/makecell/makecell.sty
Package: makecell 2009/08/03 V0.1e Managing of Tab Column Heads and Cells
\rotheadsize=\dimen287
\c@nlinenum=\count342
\TeXr@lab=\toks39
)
(c:/texlive/2024/texmf-dist/tex/latex/tools/calc.sty
Package: calc 2023/07/08 v4.3 Infix arithmetic (KKT,FJ)
\calc@Acount=\count343
\calc@Bcount=\count344
\calc@Adimen=\dimen288
\calc@Bdimen=\dimen289
\calc@Askip=\skip78
\calc@Bskip=\skip79
LaTeX Info: Redefining \setlength on input line 80.
LaTeX Info: Redefining \addtolength on input line 81.
\calc@Ccount=\count345
\calc@Cskip=\skip80
)
(c:/texlive/2024/texmf-dist/tex/latex/fancyvrb/fancyvrb.sty
Package: fancyvrb 2024/01/20 4.5c verbatim text (tvz,hv)
\FV@CodeLineNo=\count346
\FV@InFile=\read2
\FV@TabBox=\box77
\c@FancyVerbLine=\count347
\FV@StepNumber=\count348
\FV@OutFile=\write3
)
(c:/texlive/2024/texmf-dist/tex/latex/listings/listings.sty
\lst@mode=\count349
\lst@gtempboxa=\box78
\lst@token=\toks40
\lst@length=\count350
\lst@currlwidth=\dimen290
\lst@column=\count351
\lst@pos=\count352
\lst@lostspace=\dimen291
\lst@width=\dimen292
\lst@newlines=\count353
\lst@lineno=\count354
\lst@maxwidth=\dimen293

(c:/texlive/2024/texmf-dist/tex/latex/listings/lstpatch.sty
File: lstpatch.sty 2024/02/21 1.10 (Carsten Heinz)
)
(c:/texlive/2024/texmf-dist/tex/latex/listings/lstmisc.sty
File: lstmisc.sty 2024/02/21 1.10 (Carsten Heinz)
\c@lstnumber=\count355
\lst@skipnumbers=\count356
\lst@framebox=\box79
)
(c:/texlive/2024/texmf-dist/tex/latex/listings/listings.cfg
File: listings.cfg 2024/02/21 1.10 listings configuration
))
Package: listings 2024/02/21 1.10 (Carsten Heinz)

(c:/texlive/2024/texmf-dist/tex/xelatex/xecjk/xeCJK-listings.sty
Package: xeCJK-listings 2022/08/05 v3.9.1 xeCJK patch file for listings
\l__xeCJK_listings_max_char_int=\count357
\l__xeCJK_listings_flag_int=\count358
)
(c:/texlive/2024/texmf-dist/tex/latex/pgf/frontendlayer/tikz.sty
(c:/texlive/2024/texmf-dist/tex/latex/pgf/basiclayer/pgf.sty
(c:/texlive/2024/texmf-dist/tex/latex/pgf/utilities/pgfrcs.sty
(c:/texlive/2024/texmf-dist/tex/generic/pgf/utilities/pgfutil-common.tex
\pgfutil@everybye=\toks41
\pgfutil@tempdima=\dimen294
\pgfutil@tempdimb=\dimen295
)
(c:/texlive/2024/texmf-dist/tex/generic/pgf/utilities/pgfutil-latex.def
\pgfutil@abb=\box80
)
(c:/texlive/2024/texmf-dist/tex/generic/pgf/utilities/pgfrcs.code.tex
(c:/texlive/2024/texmf-dist/tex/generic/pgf/pgf.revision.tex)
Package: pgfrcs 2023-01-15 v3.1.10 (3.1.10)
))
Package: pgf 2023-01-15 v3.1.10 (3.1.10)

(c:/texlive/2024/texmf-dist/tex/latex/pgf/basiclayer/pgfcore.sty
(c:/texlive/2024/texmf-dist/tex/latex/pgf/systemlayer/pgfsys.sty
(c:/texlive/2024/texmf-dist/tex/generic/pgf/systemlayer/pgfsys.code.tex
Package: pgfsys 2023-01-15 v3.1.10 (3.1.10)

(c:/texlive/2024/texmf-dist/tex/generic/pgf/utilities/pgfkeys.code.tex
\pgfkeys@pathtoks=\toks42
\pgfkeys@temptoks=\toks43

(c:/texlive/2024/texmf-dist/tex/generic/pgf/utilities/pgfkeyslibraryfiltered.co
de.tex
\pgfkeys@tmptoks=\toks44
))
\pgf@x=\dimen296
\pgf@y=\dimen297
\pgf@xa=\dimen298
\pgf@ya=\dimen299
\pgf@xb=\dimen300
\pgf@yb=\dimen301
\pgf@xc=\dimen302
\pgf@yc=\dimen303
\pgf@xd=\dimen304
\pgf@yd=\dimen305
\w@pgf@writea=\write4
\r@pgf@reada=\read3
\c@pgf@counta=\count359
\c@pgf@countb=\count360
\c@pgf@countc=\count361
\c@pgf@countd=\count362
\t@pgf@toka=\toks45
\t@pgf@tokb=\toks46
\t@pgf@tokc=\toks47
\pgf@sys@id@count=\count363
 (c:/texlive/2024/texmf-dist/tex/generic/pgf/systemlayer/pgf.cfg
File: pgf.cfg 2023-01-15 v3.1.10 (3.1.10)
)
Driver file for pgf: pgfsys-xetex.def

(c:/texlive/2024/texmf-dist/tex/generic/pgf/systemlayer/pgfsys-xetex.def
File: pgfsys-xetex.def 2023-01-15 v3.1.10 (3.1.10)

(c:/texlive/2024/texmf-dist/tex/generic/pgf/systemlayer/pgfsys-dvipdfmx.def
File: pgfsys-dvipdfmx.def 2023-01-15 v3.1.10 (3.1.10)

(c:/texlive/2024/texmf-dist/tex/generic/pgf/systemlayer/pgfsys-common-pdf.def
File: pgfsys-common-pdf.def 2023-01-15 v3.1.10 (3.1.10)
)
\pgfsys@objnum=\count364
)))
(c:/texlive/2024/texmf-dist/tex/generic/pgf/systemlayer/pgfsyssoftpath.code.tex
File: pgfsyssoftpath.code.tex 2023-01-15 v3.1.10 (3.1.10)
\pgfsyssoftpath@smallbuffer@items=\count365
\pgfsyssoftpath@bigbuffer@items=\count366
)
(c:/texlive/2024/texmf-dist/tex/generic/pgf/systemlayer/pgfsysprotocol.code.tex
File: pgfsysprotocol.code.tex 2023-01-15 v3.1.10 (3.1.10)
)) (c:/texlive/2024/texmf-dist/tex/generic/pgf/basiclayer/pgfcore.code.tex
Package: pgfcore 2023-01-15 v3.1.10 (3.1.10)

(c:/texlive/2024/texmf-dist/tex/generic/pgf/math/pgfmath.code.tex
(c:/texlive/2024/texmf-dist/tex/generic/pgf/math/pgfmathutil.code.tex)
(c:/texlive/2024/texmf-dist/tex/generic/pgf/math/pgfmathparser.code.tex
\pgfmath@dimen=\dimen306
\pgfmath@count=\count367
\pgfmath@box=\box81
\pgfmath@toks=\toks48
\pgfmath@stack@operand=\toks49
\pgfmath@stack@operation=\toks50
)
(c:/texlive/2024/texmf-dist/tex/generic/pgf/math/pgfmathfunctions.code.tex)
(c:/texlive/2024/texmf-dist/tex/generic/pgf/math/pgfmathfunctions.basic.code.te
x)
(c:/texlive/2024/texmf-dist/tex/generic/pgf/math/pgfmathfunctions.trigonometric
.code.tex)
(c:/texlive/2024/texmf-dist/tex/generic/pgf/math/pgfmathfunctions.random.code.t
ex)
(c:/texlive/2024/texmf-dist/tex/generic/pgf/math/pgfmathfunctions.comparison.co
de.tex)
(c:/texlive/2024/texmf-dist/tex/generic/pgf/math/pgfmathfunctions.base.code.tex
)
(c:/texlive/2024/texmf-dist/tex/generic/pgf/math/pgfmathfunctions.round.code.te
x)
(c:/texlive/2024/texmf-dist/tex/generic/pgf/math/pgfmathfunctions.misc.code.tex
)
(c:/texlive/2024/texmf-dist/tex/generic/pgf/math/pgfmathfunctions.integerarithm
etics.code.tex)
(c:/texlive/2024/texmf-dist/tex/generic/pgf/math/pgfmathcalc.code.tex)
(c:/texlive/2024/texmf-dist/tex/generic/pgf/math/pgfmathfloat.code.tex
\c@pgfmathroundto@lastzeros=\count368
))
(c:/texlive/2024/texmf-dist/tex/generic/pgf/math/pgfint.code.tex)
(c:/texlive/2024/texmf-dist/tex/generic/pgf/basiclayer/pgfcorepoints.code.tex
File: pgfcorepoints.code.tex 2023-01-15 v3.1.10 (3.1.10)
\pgf@picminx=\dimen307
\pgf@picmaxx=\dimen308
\pgf@picminy=\dimen309
\pgf@picmaxy=\dimen310
\pgf@pathminx=\dimen311
\pgf@pathmaxx=\dimen312
\pgf@pathminy=\dimen313
\pgf@pathmaxy=\dimen314
\pgf@xx=\dimen315
\pgf@xy=\dimen316
\pgf@yx=\dimen317
\pgf@yy=\dimen318
\pgf@zx=\dimen319
\pgf@zy=\dimen320
)
(c:/texlive/2024/texmf-dist/tex/generic/pgf/basiclayer/pgfcorepathconstruct.cod
e.tex
File: pgfcorepathconstruct.code.tex 2023-01-15 v3.1.10 (3.1.10)
\pgf@path@lastx=\dimen321
\pgf@path@lasty=\dimen322
)
(c:/texlive/2024/texmf-dist/tex/generic/pgf/basiclayer/pgfcorepathusage.code.te
x
File: pgfcorepathusage.code.tex 2023-01-15 v3.1.10 (3.1.10)
\pgf@shorten@end@additional=\dimen323
\pgf@shorten@start@additional=\dimen324
)
(c:/texlive/2024/texmf-dist/tex/generic/pgf/basiclayer/pgfcorescopes.code.tex
File: pgfcorescopes.code.tex 2023-01-15 v3.1.10 (3.1.10)
\pgfpic=\box82
\pgf@hbox=\box83
\pgf@layerbox@main=\box84
\pgf@picture@serial@count=\count369
)
(c:/texlive/2024/texmf-dist/tex/generic/pgf/basiclayer/pgfcoregraphicstate.code
.tex
File: pgfcoregraphicstate.code.tex 2023-01-15 v3.1.10 (3.1.10)
\pgflinewidth=\dimen325
)
(c:/texlive/2024/texmf-dist/tex/generic/pgf/basiclayer/pgfcoretransformations.c
ode.tex
File: pgfcoretransformations.code.tex 2023-01-15 v3.1.10 (3.1.10)
\pgf@pt@x=\dimen326
\pgf@pt@y=\dimen327
\pgf@pt@temp=\dimen328
)
(c:/texlive/2024/texmf-dist/tex/generic/pgf/basiclayer/pgfcorequick.code.tex
File: pgfcorequick.code.tex 2023-01-15 v3.1.10 (3.1.10)
)
(c:/texlive/2024/texmf-dist/tex/generic/pgf/basiclayer/pgfcoreobjects.code.tex
File: pgfcoreobjects.code.tex 2023-01-15 v3.1.10 (3.1.10)
)
(c:/texlive/2024/texmf-dist/tex/generic/pgf/basiclayer/pgfcorepathprocessing.co
de.tex
File: pgfcorepathprocessing.code.tex 2023-01-15 v3.1.10 (3.1.10)
)
(c:/texlive/2024/texmf-dist/tex/generic/pgf/basiclayer/pgfcorearrows.code.tex
File: pgfcorearrows.code.tex 2023-01-15 v3.1.10 (3.1.10)
\pgfarrowsep=\dimen329
)
(c:/texlive/2024/texmf-dist/tex/generic/pgf/basiclayer/pgfcoreshade.code.tex
File: pgfcoreshade.code.tex 2023-01-15 v3.1.10 (3.1.10)
\pgf@max=\dimen330
\pgf@sys@shading@range@num=\count370
\pgf@shadingcount=\count371
)
(c:/texlive/2024/texmf-dist/tex/generic/pgf/basiclayer/pgfcoreimage.code.tex
File: pgfcoreimage.code.tex 2023-01-15 v3.1.10 (3.1.10)
)
(c:/texlive/2024/texmf-dist/tex/generic/pgf/basiclayer/pgfcoreexternal.code.tex
File: pgfcoreexternal.code.tex 2023-01-15 v3.1.10 (3.1.10)
\pgfexternal@startupbox=\box85
) (c:/texlive/2024/texmf-dist/tex/generic/pgf/basiclayer/pgfcorelayers.code.tex
File: pgfcorelayers.code.tex 2023-01-15 v3.1.10 (3.1.10)
)
(c:/texlive/2024/texmf-dist/tex/generic/pgf/basiclayer/pgfcoretransparency.code
.tex
File: pgfcoretransparency.code.tex 2023-01-15 v3.1.10 (3.1.10)
)
(c:/texlive/2024/texmf-dist/tex/generic/pgf/basiclayer/pgfcorepatterns.code.tex
File: pgfcorepatterns.code.tex 2023-01-15 v3.1.10 (3.1.10)
) (c:/texlive/2024/texmf-dist/tex/generic/pgf/basiclayer/pgfcorerdf.code.tex
File: pgfcorerdf.code.tex 2023-01-15 v3.1.10 (3.1.10)
))) (c:/texlive/2024/texmf-dist/tex/generic/pgf/modules/pgfmoduleshapes.code.te
x
File: pgfmoduleshapes.code.tex 2023-01-15 v3.1.10 (3.1.10)
\pgfnodeparttextbox=\box86
)
(c:/texlive/2024/texmf-dist/tex/generic/pgf/modules/pgfmoduleplot.code.tex
File: pgfmoduleplot.code.tex 2023-01-15 v3.1.10 (3.1.10)
)
(c:/texlive/2024/texmf-dist/tex/latex/pgf/compatibility/pgfcomp-version-0-65.st
y
Package: pgfcomp-version-0-65 2023-01-15 v3.1.10 (3.1.10)
\pgf@nodesepstart=\dimen331
\pgf@nodesepend=\dimen332
)
(c:/texlive/2024/texmf-dist/tex/latex/pgf/compatibility/pgfcomp-version-1-18.st
y
Package: pgfcomp-version-1-18 2023-01-15 v3.1.10 (3.1.10)
)) (c:/texlive/2024/texmf-dist/tex/latex/pgf/utilities/pgffor.sty
(c:/texlive/2024/texmf-dist/tex/latex/pgf/utilities/pgfkeys.sty
(c:/texlive/2024/texmf-dist/tex/generic/pgf/utilities/pgfkeys.code.tex))
(c:/texlive/2024/texmf-dist/tex/latex/pgf/math/pgfmath.sty
(c:/texlive/2024/texmf-dist/tex/generic/pgf/math/pgfmath.code.tex))
(c:/texlive/2024/texmf-dist/tex/generic/pgf/utilities/pgffor.code.tex
Package: pgffor 2023-01-15 v3.1.10 (3.1.10)
\pgffor@iter=\dimen333
\pgffor@skip=\dimen334
\pgffor@stack=\toks51
\pgffor@toks=\toks52
))
(c:/texlive/2024/texmf-dist/tex/generic/pgf/frontendlayer/tikz/tikz.code.tex
Package: tikz 2023-01-15 v3.1.10 (3.1.10)

(c:/texlive/2024/texmf-dist/tex/generic/pgf/libraries/pgflibraryplothandlers.co
de.tex
File: pgflibraryplothandlers.code.tex 2023-01-15 v3.1.10 (3.1.10)
\pgf@plot@mark@count=\count372
\pgfplotmarksize=\dimen335
)
\tikz@lastx=\dimen336
\tikz@lasty=\dimen337
\tikz@lastxsaved=\dimen338
\tikz@lastysaved=\dimen339
\tikz@lastmovetox=\dimen340
\tikz@lastmovetoy=\dimen341
\tikzleveldistance=\dimen342
\tikzsiblingdistance=\dimen343
\tikz@figbox=\box87
\tikz@figbox@bg=\box88
\tikz@tempbox=\box89
\tikz@tempbox@bg=\box90
\tikztreelevel=\count373
\tikznumberofchildren=\count374
\tikznumberofcurrentchild=\count375
\tikz@fig@count=\count376

(c:/texlive/2024/texmf-dist/tex/generic/pgf/modules/pgfmodulematrix.code.tex
File: pgfmodulematrix.code.tex 2023-01-15 v3.1.10 (3.1.10)
\pgfmatrixcurrentrow=\count377
\pgfmatrixcurrentcolumn=\count378
\pgf@matrix@numberofcolumns=\count379
)
\tikz@expandcount=\count380

(c:/texlive/2024/texmf-dist/tex/generic/pgf/frontendlayer/tikz/libraries/tikzli
brarytopaths.code.tex
File: tikzlibrarytopaths.code.tex 2023-01-15 v3.1.10 (3.1.10)
)))
(c:/texlive/2024/texmf-dist/tex/generic/pgf/frontendlayer/tikz/libraries/tikzli
braryshapes.code.tex
File: tikzlibraryshapes.code.tex 2023-01-15 v3.1.10 (3.1.10)

(c:/texlive/2024/texmf-dist/tex/generic/pgf/frontendlayer/tikz/libraries/tikzli
braryshapes.geometric.code.tex
File: tikzlibraryshapes.geometric.code.tex 2023-01-15 v3.1.10 (3.1.10)

(c:/texlive/2024/texmf-dist/tex/generic/pgf/libraries/shapes/pgflibraryshapes.g
eometric.code.tex
File: pgflibraryshapes.geometric.code.tex 2023-01-15 v3.1.10 (3.1.10)
))
(c:/texlive/2024/texmf-dist/tex/generic/pgf/frontendlayer/tikz/libraries/tikzli
braryshapes.misc.code.tex
File: tikzlibraryshapes.misc.code.tex 2023-01-15 v3.1.10 (3.1.10)

(c:/texlive/2024/texmf-dist/tex/generic/pgf/libraries/shapes/pgflibraryshapes.m
isc.code.tex
File: pgflibraryshapes.misc.code.tex 2023-01-15 v3.1.10 (3.1.10)
))
(c:/texlive/2024/texmf-dist/tex/generic/pgf/frontendlayer/tikz/libraries/tikzli
braryshapes.symbols.code.tex
File: tikzlibraryshapes.symbols.code.tex 2023-01-15 v3.1.10 (3.1.10)

(c:/texlive/2024/texmf-dist/tex/generic/pgf/libraries/shapes/pgflibraryshapes.s
ymbols.code.tex
File: pgflibraryshapes.symbols.code.tex 2023-01-15 v3.1.10 (3.1.10)
))
(c:/texlive/2024/texmf-dist/tex/generic/pgf/frontendlayer/tikz/libraries/tikzli
braryshapes.arrows.code.tex
File: tikzlibraryshapes.arrows.code.tex 2023-01-15 v3.1.10 (3.1.10)

(c:/texlive/2024/texmf-dist/tex/generic/pgf/libraries/shapes/pgflibraryshapes.a
rrows.code.tex
File: pgflibraryshapes.arrows.code.tex 2023-01-15 v3.1.10 (3.1.10)
))
(c:/texlive/2024/texmf-dist/tex/generic/pgf/frontendlayer/tikz/libraries/tikzli
braryshapes.callouts.code.tex
(c:/texlive/2024/texmf-dist/tex/generic/pgf/libraries/shapes/pgflibraryshapes.c
allouts.code.tex))
(c:/texlive/2024/texmf-dist/tex/generic/pgf/frontendlayer/tikz/libraries/tikzli
braryshapes.multipart.code.tex
File: tikzlibraryshapes.multipart.code.tex 2023-01-15 v3.1.10 (3.1.10)

(c:/texlive/2024/texmf-dist/tex/generic/pgf/libraries/shapes/pgflibraryshapes.m
ultipart.code.tex
File: pgflibraryshapes.multipart.code.tex 2023-01-15 v3.1.10 (3.1.10)
\pgfnodepartlowerbox=\box91
\pgfnodeparttwobox=\box92
\pgfnodepartthreebox=\box93
\pgfnodepartfourbox=\box94
\pgfnodeparttwentybox=\box95
\pgfnodepartnineteenbox=\box96
\pgfnodeparteighteenbox=\box97
\pgfnodepartseventeenbox=\box98
\pgfnodepartsixteenbox=\box99
\pgfnodepartfifteenbox=\box100
\pgfnodepartfourteenbox=\box101
\pgfnodepartthirteenbox=\box102
\pgfnodeparttwelvebox=\box103
\pgfnodepartelevenbox=\box104
\pgfnodeparttenbox=\box105
\pgfnodepartninebox=\box106
\pgfnodeparteightbox=\box107
\pgfnodepartsevenbox=\box108
\pgfnodepartsixbox=\box109
\pgfnodepartfivebox=\box110
)))
(c:/texlive/2024/texmf-dist/tex/generic/pgf/frontendlayer/tikz/libraries/tikzli
braryarrows.code.tex
File: tikzlibraryarrows.code.tex 2023-01-15 v3.1.10 (3.1.10)

(c:/texlive/2024/texmf-dist/tex/generic/pgf/libraries/pgflibraryarrows.code.tex
File: pgflibraryarrows.code.tex 2023-01-15 v3.1.10 (3.1.10)
\arrowsize=\dimen344
))
(c:/texlive/2024/texmf-dist/tex/generic/pgf/frontendlayer/tikz/libraries/tikzli
brarypositioning.code.tex
File: tikzlibrarypositioning.code.tex 2023-01-15 v3.1.10 (3.1.10)
)
(c:/texlive/2024/texmf-dist/tex/latex/tools/multicol.sty
Package: multicol 2023/03/30 v1.9f multicolumn formatting (FMi)
\c@tracingmulticols=\count381
\mult@box=\box111
\multicol@leftmargin=\dimen345
\c@unbalance=\count382
\c@collectmore=\count383
\doublecol@number=\count384
\multicoltolerance=\count385
\multicolpretolerance=\count386
\full@width=\dimen346
\page@free=\dimen347
\premulticols=\dimen348
\postmulticols=\dimen349
\multicolsep=\skip81
\multicolbaselineskip=\skip82
\partial@page=\box112
\last@line=\box113
\mc@boxedresult=\box114
\maxbalancingoverflow=\dimen350
\mult@rightbox=\box115
\mult@grightbox=\box116
\mult@firstbox=\box117
\mult@gfirstbox=\box118
\@tempa=\box119
\@tempa=\box120
\@tempa=\box121
\@tempa=\box122
\@tempa=\box123
\@tempa=\box124
\@tempa=\box125
\@tempa=\box126
\@tempa=\box127
\@tempa=\box128
\@tempa=\box129
\@tempa=\box130
\@tempa=\box131
\@tempa=\box132
\@tempa=\box133
\@tempa=\box134
\@tempa=\box135
\@tempa=\box136
\@tempa=\box137
\@tempa=\box138
\@tempa=\box139
\@tempa=\box140
\@tempa=\box141
\@tempa=\box142
\@tempa=\box143
\@tempa=\box144
\@tempa=\box145
\@tempa=\box146
\@tempa=\box147
\@tempa=\box148
\@tempa=\box149
\@tempa=\box150
\@tempa=\box151
\@tempa=\box152
\@tempa=\box153
\@tempa=\box154
\c@minrows=\count387
\c@columnbadness=\count388
\c@finalcolumnbadness=\count389
\last@try=\dimen351
\multicolovershoot=\dimen352
\multicolundershoot=\dimen353
\mult@nat@firstbox=\box155
\colbreak@box=\box156
\mc@col@check@num=\count390
)
(c:/texlive/2024/texmf-dist/tex/latex/enumitem/enumitem.sty
Package: enumitem 2019/06/20 v3.9 Customized lists
\labelindent=\skip83
\enit@outerparindent=\dimen354
\enit@toks=\toks53
\enit@inbox=\box157
\enit@count@id=\count391
\enitdp@description=\count392
)
(c:/texlive/2024/texmf-dist/tex/latex/tcolorbox/tcolorbox.sty
Package: tcolorbox 2024/01/10 version 6.2.0 text color boxes

(c:/texlive/2024/texmf-dist/tex/latex/tools/verbatim.sty
Package: verbatim 2023-11-06 v1.5v LaTeX2e package for verbatim enhancements
\every@verbatim=\toks54
\verbatim@line=\toks55
\verbatim@in@stream=\read4
)
\tcb@titlebox=\box158
\tcb@upperbox=\box159
\tcb@lowerbox=\box160
\tcb@phantombox=\box161
\c@tcbbreakpart=\count393
\c@tcblayer=\count394
\c@tcolorbox@number=\count395
\l__tcobox_tmpa_box=\box162
\l__tcobox_tmpa_dim=\dimen355
\tcb@temp=\box163
\tcb@temp=\box164
\tcb@temp=\box165
\tcb@temp=\box166
)
(c:/texlive/2024/texmf-dist/tex/latex/fontawesome5/fontawesome5.sty
Package: fontawesome5 2022/05/02 v5.15.4 Font Awesome 5

(c:/texlive/2024/texmf-dist/tex/latex/l3packages/l3keys2e/l3keys2e.sty
Package: l3keys2e 2024-02-18 LaTeX2e option processing using LaTeX3 keys
)
(c:/texlive/2024/texmf-dist/tex/latex/fontawesome5/fontawesome5-utex-helper.sty
Package: fontawesome5-utex-helper 2022/05/02 v5.15.4 uTeX helper for fontawesom
e5
LaTeX Font Info:    Trying to load font information for TU+fontawesomefree on i
nput line 69.
(c:/texlive/2024/texmf-dist/tex/latex/fontawesome5/tufontawesomefree.fd)
LaTeX Font Info:    Trying to load font information for TU+fontawesomebrands on
 input line 70.

(c:/texlive/2024/texmf-dist/tex/latex/fontawesome5/tufontawesomebrands.fd)))
(c:/texlive/2024/texmf-dist/tex/latex/fancyhdr/fancyhdr.sty
Package: fancyhdr 2022/11/09 v4.1 Extensive control of page headers and footers

\f@nch@headwidth=\skip84
\f@nch@O@elh=\skip85
\f@nch@O@erh=\skip86
\f@nch@O@olh=\skip87
\f@nch@O@orh=\skip88
\f@nch@O@elf=\skip89
\f@nch@O@erf=\skip90
\f@nch@O@olf=\skip91
\f@nch@O@orf=\skip92
)
\c@definition=\count396
\c@theorem=\count397
\c@example=\count398
\c@exercise=\count399
Package hyperref Info: Option `colorlinks' set `true' on input line 220.
 (./教材.aux

LaTeX Warning: Label `section' multiply defined.


LaTeX Warning: Label `section-1' multiply defined.


LaTeX Warning: Label `section-2' multiply defined.


LaTeX Warning: Label `section-3' multiply defined.


LaTeX Warning: Label `section-4' multiply defined.


LaTeX Warning: Label `section-5' multiply defined.


LaTeX Warning: Label `section-6' multiply defined.


LaTeX Warning: Label `section-7' multiply defined.


LaTeX Warning: Label `section-8' multiply defined.


LaTeX Warning: Label `section-9' multiply defined.


LaTeX Warning: Label `section-10' multiply defined.


LaTeX Warning: Label `section-11' multiply defined.


LaTeX Warning: Label `section-12' multiply defined.


LaTeX Warning: Label `section-13' multiply defined.


LaTeX Warning: Label `section-14' multiply defined.


LaTeX Warning: Label `section-15' multiply defined.


LaTeX Warning: Label `section-16' multiply defined.


LaTeX Warning: Label `section-17' multiply defined.


LaTeX Warning: Label `section-18' multiply defined.


LaTeX Warning: Label `section-19' multiply defined.


LaTeX Warning: Label `section-20' multiply defined.


LaTeX Warning: Label `section-21' multiply defined.


LaTeX Warning: Label `section-22' multiply defined.


LaTeX Warning: Label `section-23' multiply defined.


LaTeX Warning: Label `section-24' multiply defined.


LaTeX Warning: Label `section-25' multiply defined.


LaTeX Warning: Label `section-26' multiply defined.


LaTeX Warning: Label `section-27' multiply defined.


LaTeX Warning: Label `section-28' multiply defined.


LaTeX Warning: Label `section-29' multiply defined.


LaTeX Warning: Label `section-30' multiply defined.


LaTeX Warning: Label `section-31' multiply defined.


LaTeX Warning: Label `section-32' multiply defined.


LaTeX Warning: Label `section-33' multiply defined.


LaTeX Warning: Label `section' multiply defined.


LaTeX Warning: Label `section-1' multiply defined.


LaTeX Warning: Label `section-2' multiply defined.


LaTeX Warning: Label `section-3' multiply defined.


LaTeX Warning: Label `section-4' multiply defined.


LaTeX Warning: Label `section-5' multiply defined.


LaTeX Warning: Label `section-6' multiply defined.


LaTeX Warning: Label `section-7' multiply defined.


LaTeX Warning: Label `section-8' multiply defined.


LaTeX Warning: Label `section-9' multiply defined.


LaTeX Warning: Label `section-10' multiply defined.


LaTeX Warning: Label `section-11' multiply defined.


LaTeX Warning: Label `section-12' multiply defined.


LaTeX Warning: Label `section-13' multiply defined.


LaTeX Warning: Label `section-14' multiply defined.


LaTeX Warning: Label `section-15' multiply defined.


LaTeX Warning: Label `section-16' multiply defined.


LaTeX Warning: Label `section-17' multiply defined.


LaTeX Warning: Label `section-18' multiply defined.


LaTeX Warning: Label `section-19' multiply defined.


LaTeX Warning: Label `section-20' multiply defined.


LaTeX Warning: Label `section-21' multiply defined.


LaTeX Warning: Label `section-22' multiply defined.


LaTeX Warning: Label `section-23' multiply defined.


LaTeX Warning: Label `section-24' multiply defined.


LaTeX Warning: Label `section-25' multiply defined.


LaTeX Warning: Label `section-26' multiply defined.


LaTeX Warning: Label `section-27' multiply defined.


LaTeX Warning: Label `section-28' multiply defined.


LaTeX Warning: Label `section-29' multiply defined.


LaTeX Warning: Label `section-30' multiply defined.


LaTeX Warning: Label `section-31' multiply defined.


LaTeX Warning: Label `section-32' multiply defined.


LaTeX Warning: Label `section-33' multiply defined.


LaTeX Warning: Label `section-34' multiply defined.


LaTeX Warning: Label `section-35' multiply defined.


LaTeX Warning: Label `section-36' multiply defined.


LaTeX Warning: Label `section-37' multiply defined.


LaTeX Warning: Label `section-38' multiply defined.


LaTeX Warning: Label `section' multiply defined.


LaTeX Warning: Label `section-1' multiply defined.


LaTeX Warning: Label `section-2' multiply defined.


LaTeX Warning: Label `section-3' multiply defined.


LaTeX Warning: Label `section-4' multiply defined.


LaTeX Warning: Label `section-5' multiply defined.


LaTeX Warning: Label `section-6' multiply defined.


LaTeX Warning: Label `section-7' multiply defined.


LaTeX Warning: Label `section-8' multiply defined.


LaTeX Warning: Label `section-9' multiply defined.


LaTeX Warning: Label `section-10' multiply defined.


LaTeX Warning: Label `section-11' multiply defined.


LaTeX Warning: Label `section-12' multiply defined.


LaTeX Warning: Label `section-13' multiply defined.


LaTeX Warning: Label `section-14' multiply defined.


LaTeX Warning: Label `section-15' multiply defined.


LaTeX Warning: Label `section-16' multiply defined.


LaTeX Warning: Label `section-17' multiply defined.


LaTeX Warning: Label `section-18' multiply defined.


LaTeX Warning: Label `section-19' multiply defined.


LaTeX Warning: Label `section-20' multiply defined.


LaTeX Warning: Label `section-21' multiply defined.


LaTeX Warning: Label `section-22' multiply defined.


LaTeX Warning: Label `section-23' multiply defined.


LaTeX Warning: Label `section-24' multiply defined.


LaTeX Warning: Label `section-25' multiply defined.


LaTeX Warning: Label `section-26' multiply defined.


LaTeX Warning: Label `section-27' multiply defined.


LaTeX Warning: Label `section-28' multiply defined.


LaTeX Warning: Label `section-29' multiply defined.


LaTeX Warning: Label `section-30' multiply defined.


LaTeX Warning: Label `section-31' multiply defined.


LaTeX Warning: Label `section-32' multiply defined.


LaTeX Warning: Label `section-33' multiply defined.


LaTeX Warning: Label `section-34' multiply defined.


LaTeX Warning: Label `section-35' multiply defined.


LaTeX Warning: Label `section-36' multiply defined.


LaTeX Warning: Label `section-37' multiply defined.


LaTeX Warning: Label `section-38' multiply defined.


LaTeX Warning: Label `section-39' multiply defined.


LaTeX Warning: Label `section' multiply defined.


LaTeX Warning: Label `section-1' multiply defined.


LaTeX Warning: Label `section-2' multiply defined.


LaTeX Warning: Label `section-3' multiply defined.


LaTeX Warning: Label `section-4' multiply defined.


LaTeX Warning: Label `section-5' multiply defined.


LaTeX Warning: Label `section-6' multiply defined.


LaTeX Warning: Label `section-7' multiply defined.


LaTeX Warning: Label `section-8' multiply defined.


LaTeX Warning: Label `section-9' multiply defined.


LaTeX Warning: Label `section-10' multiply defined.


LaTeX Warning: Label `section-11' multiply defined.


LaTeX Warning: Label `web' multiply defined.


LaTeX Warning: Label `section-12' multiply defined.


LaTeX Warning: Label `section-13' multiply defined.


LaTeX Warning: Label `section-14' multiply defined.


LaTeX Warning: Label `section-15' multiply defined.


LaTeX Warning: Label `section-16' multiply defined.


LaTeX Warning: Label `section-17' multiply defined.


LaTeX Warning: Label `section-18' multiply defined.


LaTeX Warning: Label `section-19' multiply defined.


LaTeX Warning: Label `section-20' multiply defined.


LaTeX Warning: Label `section-21' multiply defined.


LaTeX Warning: Label `section-22' multiply defined.


LaTeX Warning: Label `section-23' multiply defined.


LaTeX Warning: Label `section-24' multiply defined.


LaTeX Warning: Label `section-25' multiply defined.


LaTeX Warning: Label `section-26' multiply defined.


LaTeX Warning: Label `section-27' multiply defined.


LaTeX Warning: Label `section-28' multiply defined.


LaTeX Warning: Label `section-29' multiply defined.


LaTeX Warning: Label `section-30' multiply defined.


LaTeX Warning: Label `section-31' multiply defined.


LaTeX Warning: Label `section-32' multiply defined.


LaTeX Warning: Label `section-33' multiply defined.


LaTeX Warning: Label `section-34' multiply defined.


LaTeX Warning: Label `section-35' multiply defined.


LaTeX Warning: Label `section-36' multiply defined.


LaTeX Warning: Label `section-37' multiply defined.


LaTeX Warning: Label `section-38' multiply defined.


LaTeX Warning: Label `section-39' multiply defined.


LaTeX Warning: Label `section-40' multiply defined.


LaTeX Warning: Label `section-41' multiply defined.


LaTeX Warning: Label `section-42' multiply defined.


LaTeX Warning: Label `section-43' multiply defined.


LaTeX Warning: Label `section-44' multiply defined.


LaTeX Warning: Label `section-45' multiply defined.


LaTeX Warning: Label `section-46' multiply defined.


LaTeX Warning: Label `section-47' multiply defined.


LaTeX Warning: Label `section-48' multiply defined.


LaTeX Warning: Label `section-49' multiply defined.


LaTeX Warning: Label `section-50' multiply defined.


LaTeX Warning: Label `section-51' multiply defined.


LaTeX Warning: Label `section-52' multiply defined.


LaTeX Warning: Label `section-53' multiply defined.


LaTeX Warning: Label `section-54' multiply defined.


LaTeX Warning: Label `section-55' multiply defined.


LaTeX Warning: Label `section-56' multiply defined.


LaTeX Warning: Label `section-57' multiply defined.


LaTeX Warning: Label `section-58' multiply defined.


LaTeX Warning: Label `section-59' multiply defined.


LaTeX Warning: Label `section-60' multiply defined.


LaTeX Warning: Label `section-61' multiply defined.


LaTeX Warning: Label `section-62' multiply defined.


LaTeX Warning: Label `section-63' multiply defined.


LaTeX Warning: Label `section-64' multiply defined.


LaTeX Warning: Label `section-65' multiply defined.


LaTeX Warning: Label `section' multiply defined.


LaTeX Warning: Label `section-1' multiply defined.


LaTeX Warning: Label `section-2' multiply defined.


LaTeX Warning: Label `section-3' multiply defined.


LaTeX Warning: Label `section-4' multiply defined.


LaTeX Warning: Label `section-5' multiply defined.


LaTeX Warning: Label `section-6' multiply defined.


LaTeX Warning: Label `section-7' multiply defined.


LaTeX Warning: Label `section-8' multiply defined.


LaTeX Warning: Label `section-9' multiply defined.


LaTeX Warning: Label `section-10' multiply defined.


LaTeX Warning: Label `section-11' multiply defined.


LaTeX Warning: Label `section-12' multiply defined.


LaTeX Warning: Label `section-13' multiply defined.


LaTeX Warning: Label `section-14' multiply defined.


LaTeX Warning: Label `section-15' multiply defined.


LaTeX Warning: Label `section-16' multiply defined.


LaTeX Warning: Label `section-17' multiply defined.


LaTeX Warning: Label `section-18' multiply defined.


LaTeX Warning: Label `section-19' multiply defined.


LaTeX Warning: Label `section-20' multiply defined.


LaTeX Warning: Label `section-21' multiply defined.


LaTeX Warning: Label `section-22' multiply defined.


LaTeX Warning: Label `section-23' multiply defined.


LaTeX Warning: Label `section-24' multiply defined.


LaTeX Warning: Label `section-25' multiply defined.


LaTeX Warning: Label `section-26' multiply defined.


LaTeX Warning: Label `section-27' multiply defined.


LaTeX Warning: Label `section-28' multiply defined.


LaTeX Warning: Label `section-29' multiply defined.


LaTeX Warning: Label `section-30' multiply defined.


LaTeX Warning: Label `section-31' multiply defined.


LaTeX Warning: Label `section-32' multiply defined.


LaTeX Warning: Label `section-33' multiply defined.


LaTeX Warning: Label `section-34' multiply defined.


LaTeX Warning: Label `section-35' multiply defined.


LaTeX Warning: Label `section' multiply defined.


LaTeX Warning: Label `section-1' multiply defined.


LaTeX Warning: Label `section-2' multiply defined.


LaTeX Warning: Label `section-3' multiply defined.


LaTeX Warning: Label `section-4' multiply defined.


LaTeX Warning: Label `section-5' multiply defined.


LaTeX Warning: Label `section-6' multiply defined.


LaTeX Warning: Label `section-7' multiply defined.


LaTeX Warning: Label `section-8' multiply defined.


LaTeX Warning: Label `section-9' multiply defined.


LaTeX Warning: Label `section-10' multiply defined.


LaTeX Warning: Label `section-11' multiply defined.


LaTeX Warning: Label `section-12' multiply defined.


LaTeX Warning: Label `section-13' multiply defined.


LaTeX Warning: Label `section-14' multiply defined.


LaTeX Warning: Label `section-15' multiply defined.


LaTeX Warning: Label `section-16' multiply defined.


LaTeX Warning: Label `section-17' multiply defined.


LaTeX Warning: Label `section-18' multiply defined.


LaTeX Warning: Label `section-19' multiply defined.


LaTeX Warning: Label `section-20' multiply defined.


LaTeX Warning: Label `section-21' multiply defined.


LaTeX Warning: Label `section-22' multiply defined.


LaTeX Warning: Label `section-23' multiply defined.


LaTeX Warning: Label `section-24' multiply defined.


LaTeX Warning: Label `section-25' multiply defined.


LaTeX Warning: Label `section-26' multiply defined.


LaTeX Warning: Label `section-27' multiply defined.


LaTeX Warning: Label `section-28' multiply defined.


LaTeX Warning: Label `section-29' multiply defined.


LaTeX Warning: Label `section-30' multiply defined.


LaTeX Warning: Label `section-31' multiply defined.


LaTeX Warning: Label `section-32' multiply defined.


LaTeX Warning: Label `section-33' multiply defined.


LaTeX Warning: Label `section-34' multiply defined.


LaTeX Warning: Label `section-35' multiply defined.


LaTeX Warning: Label `section-36' multiply defined.


LaTeX Warning: Label `section-37' multiply defined.


LaTeX Warning: Label `section-38' multiply defined.


LaTeX Warning: Label `section-39' multiply defined.


LaTeX Warning: Label `section-40' multiply defined.


LaTeX Warning: Label `section-41' multiply defined.


LaTeX Warning: Label `section-42' multiply defined.


LaTeX Warning: Label `section-43' multiply defined.


LaTeX Warning: Label `section' multiply defined.


LaTeX Warning: Label `section-1' multiply defined.


LaTeX Warning: Label `section-2' multiply defined.


LaTeX Warning: Label `section-3' multiply defined.


LaTeX Warning: Label `section-4' multiply defined.


LaTeX Warning: Label `section-5' multiply defined.


LaTeX Warning: Label `section-6' multiply defined.


LaTeX Warning: Label `section-7' multiply defined.


LaTeX Warning: Label `section-8' multiply defined.


LaTeX Warning: Label `section-9' multiply defined.


LaTeX Warning: Label `section-10' multiply defined.


LaTeX Warning: Label `section-11' multiply defined.


LaTeX Warning: Label `section-12' multiply defined.


LaTeX Warning: Label `section-13' multiply defined.


LaTeX Warning: Label `section-14' multiply defined.


LaTeX Warning: Label `section-15' multiply defined.


LaTeX Warning: Label `section-16' multiply defined.


LaTeX Warning: Label `section-17' multiply defined.


LaTeX Warning: Label `section-18' multiply defined.


LaTeX Warning: Label `section-19' multiply defined.


LaTeX Warning: Label `section-20' multiply defined.


LaTeX Warning: Label `section-21' multiply defined.


LaTeX Warning: Label `section-22' multiply defined.


LaTeX Warning: Label `section-23' multiply defined.


LaTeX Warning: Label `section-24' multiply defined.


LaTeX Warning: Label `section-25' multiply defined.


LaTeX Warning: Label `section-26' multiply defined.


LaTeX Warning: Label `section-27' multiply defined.


LaTeX Warning: Label `section-28' multiply defined.


LaTeX Warning: Label `section-29' multiply defined.


LaTeX Warning: Label `section-30' multiply defined.


LaTeX Warning: Label `section-31' multiply defined.


LaTeX Warning: Label `section-32' multiply defined.


LaTeX Warning: Label `section-33' multiply defined.


LaTeX Warning: Label `section-34' multiply defined.


LaTeX Warning: Label `section-35' multiply defined.


LaTeX Warning: Label `section-36' multiply defined.


LaTeX Warning: Label `section-37' multiply defined.


LaTeX Warning: Label `section-38' multiply defined.


LaTeX Warning: Label `section-39' multiply defined.


LaTeX Warning: Label `section-40' multiply defined.


LaTeX Warning: Label `section-41' multiply defined.


LaTeX Warning: Label `section-42' multiply defined.


LaTeX Warning: Label `section-43' multiply defined.


LaTeX Warning: Label `section-44' multiply defined.


LaTeX Warning: Label `section-45' multiply defined.


LaTeX Warning: Label `section-46' multiply defined.


LaTeX Warning: Label `section' multiply defined.


LaTeX Warning: Label `section-1' multiply defined.


LaTeX Warning: Label `section-2' multiply defined.


LaTeX Warning: Label `section-3' multiply defined.


LaTeX Warning: Label `section-4' multiply defined.


LaTeX Warning: Label `section-5' multiply defined.


LaTeX Warning: Label `section-6' multiply defined.


LaTeX Warning: Label `section-7' multiply defined.


LaTeX Warning: Label `section-8' multiply defined.


LaTeX Warning: Label `section-9' multiply defined.


LaTeX Warning: Label `section-10' multiply defined.


LaTeX Warning: Label `section-11' multiply defined.


LaTeX Warning: Label `section-12' multiply defined.


LaTeX Warning: Label `section-13' multiply defined.


LaTeX Warning: Label `section-14' multiply defined.


LaTeX Warning: Label `section-15' multiply defined.


LaTeX Warning: Label `section-16' multiply defined.


LaTeX Warning: Label `section-17' multiply defined.


LaTeX Warning: Label `section-18' multiply defined.


LaTeX Warning: Label `section-19' multiply defined.


LaTeX Warning: Label `section-20' multiply defined.


LaTeX Warning: Label `section-21' multiply defined.


LaTeX Warning: Label `section-22' multiply defined.


LaTeX Warning: Label `section-23' multiply defined.


LaTeX Warning: Label `section-24' multiply defined.


LaTeX Warning: Label `section-25' multiply defined.


LaTeX Warning: Label `section-26' multiply defined.


LaTeX Warning: Label `section-27' multiply defined.


LaTeX Warning: Label `section-28' multiply defined.


LaTeX Warning: Label `section-29' multiply defined.


LaTeX Warning: Label `section-30' multiply defined.


LaTeX Warning: Label `section-31' multiply defined.


LaTeX Warning: Label `section-32' multiply defined.


LaTeX Warning: Label `section-33' multiply defined.


LaTeX Warning: Label `section-34' multiply defined.


LaTeX Warning: Label `section-35' multiply defined.


LaTeX Warning: Label `section-36' multiply defined.


LaTeX Warning: Label `section-37' multiply defined.


LaTeX Warning: Label `section-38' multiply defined.


LaTeX Warning: Label `section-39' multiply defined.


LaTeX Warning: Label `section-40' multiply defined.


LaTeX Warning: Label `section-41' multiply defined.


LaTeX Warning: Label `section-42' multiply defined.


LaTeX Warning: Label `section-43' multiply defined.


LaTeX Warning: Label `section-44' multiply defined.


LaTeX Warning: Label `section-45' multiply defined.


LaTeX Warning: Label `section-46' multiply defined.


LaTeX Warning: Label `section-47' multiply defined.


LaTeX Warning: Label `section-48' multiply defined.


LaTeX Warning: Label `section-49' multiply defined.


LaTeX Warning: Label `section-50' multiply defined.


LaTeX Warning: Label `section-51' multiply defined.


LaTeX Warning: Label `section-52' multiply defined.


LaTeX Warning: Label `section-53' multiply defined.


LaTeX Warning: Label `section-54' multiply defined.


LaTeX Warning: Label `section-55' multiply defined.


LaTeX Warning: Label `section-56' multiply defined.


LaTeX Warning: Label `section-57' multiply defined.


LaTeX Warning: Label `section-58' multiply defined.


LaTeX Warning: Label `section-59' multiply defined.


LaTeX Warning: Label `section-60' multiply defined.


LaTeX Warning: Label `section-61' multiply defined.


LaTeX Warning: Label `section-62' multiply defined.


LaTeX Warning: Label `section-63' multiply defined.


LaTeX Warning: Label `section-64' multiply defined.


LaTeX Warning: Label `section-65' multiply defined.


LaTeX Warning: Label `section-66' multiply defined.


LaTeX Warning: Label `section-67' multiply defined.


LaTeX Warning: Label `section-68' multiply defined.


LaTeX Warning: Label `section-69' multiply defined.


LaTeX Warning: Label `section-70' multiply defined.


LaTeX Warning: Label `section-71' multiply defined.


LaTeX Warning: Label `section-72' multiply defined.


LaTeX Warning: Label `section-73' multiply defined.


LaTeX Warning: Label `section-74' multiply defined.


LaTeX Warning: Label `section-75' multiply defined.


LaTeX Warning: Label `section' multiply defined.


LaTeX Warning: Label `section-1' multiply defined.


LaTeX Warning: Label `section-2' multiply defined.


LaTeX Warning: Label `section-3' multiply defined.


LaTeX Warning: Label `section-4' multiply defined.


LaTeX Warning: Label `section-5' multiply defined.


LaTeX Warning: Label `section-6' multiply defined.


LaTeX Warning: Label `section-7' multiply defined.


LaTeX Warning: Label `section-8' multiply defined.


LaTeX Warning: Label `section-9' multiply defined.


LaTeX Warning: Label `section-10' multiply defined.


LaTeX Warning: Label `section-11' multiply defined.


LaTeX Warning: Label `section-12' multiply defined.


LaTeX Warning: Label `section-13' multiply defined.


LaTeX Warning: Label `section-14' multiply defined.


LaTeX Warning: Label `section-15' multiply defined.


LaTeX Warning: Label `section-16' multiply defined.


LaTeX Warning: Label `section-17' multiply defined.


LaTeX Warning: Label `section-18' multiply defined.


LaTeX Warning: Label `section-19' multiply defined.


LaTeX Warning: Label `section-20' multiply defined.


LaTeX Warning: Label `section-21' multiply defined.


LaTeX Warning: Label `section-22' multiply defined.


LaTeX Warning: Label `section-23' multiply defined.


LaTeX Warning: Label `section-24' multiply defined.


LaTeX Warning: Label `section-25' multiply defined.


LaTeX Warning: Label `section-26' multiply defined.


LaTeX Warning: Label `section-27' multiply defined.


LaTeX Warning: Label `section-28' multiply defined.


LaTeX Warning: Label `section-29' multiply defined.


LaTeX Warning: Label `section-30' multiply defined.


LaTeX Warning: Label `section-31' multiply defined.


LaTeX Warning: Label `section-32' multiply defined.


LaTeX Warning: Label `section-33' multiply defined.


LaTeX Warning: Label `section-34' multiply defined.


LaTeX Warning: Label `section-35' multiply defined.


LaTeX Warning: Label `section-36' multiply defined.


LaTeX Warning: Label `section-37' multiply defined.


LaTeX Warning: Label `section-38' multiply defined.


LaTeX Warning: Label `section-39' multiply defined.


LaTeX Warning: Label `section-40' multiply defined.


LaTeX Warning: Label `section-41' multiply defined.

)
\openout1 = `教材.aux'.

LaTeX Font Info:    Checking defaults for OML/cmm/m/it on input line 241.
LaTeX Font Info:    ... okay on input line 241.
LaTeX Font Info:    Checking defaults for OMS/cmsy/m/n on input line 241.
LaTeX Font Info:    ... okay on input line 241.
LaTeX Font Info:    Checking defaults for OT1/cmr/m/n on input line 241.
LaTeX Font Info:    ... okay on input line 241.
LaTeX Font Info:    Checking defaults for T1/cmr/m/n on input line 241.
LaTeX Font Info:    ... okay on input line 241.
LaTeX Font Info:    Checking defaults for TS1/cmr/m/n on input line 241.
LaTeX Font Info:    ... okay on input line 241.
LaTeX Font Info:    Checking defaults for TU/lmr/m/n on input line 241.
LaTeX Font Info:    ... okay on input line 241.
LaTeX Font Info:    Checking defaults for OMX/cmex/m/n on input line 241.
LaTeX Font Info:    ... okay on input line 241.
LaTeX Font Info:    Checking defaults for U/cmr/m/n on input line 241.
LaTeX Font Info:    ... okay on input line 241.
LaTeX Font Info:    Checking defaults for PD1/pdf/m/n on input line 241.
LaTeX Font Info:    ... okay on input line 241.
LaTeX Font Info:    Checking defaults for PU/pdf/m/n on input line 241.
LaTeX Font Info:    ... okay on input line 241.

*geometry* driver: auto-detecting
*geometry* detected driver: xetex
*geometry* verbose mode - [ preamble ] result:
* driver: xetex
* paper: a4paper
* layout: <same size as paper>
* layoutoffset:(h,v)=(0.0pt,0.0pt)
* bindingoffset: 14.22636pt
* modes: twoside 
* h-part:(L,W,R)=(79.6678pt, 441.01775pt, 62.59596pt)
* v-part:(T,H,B)=(71.13188pt, 702.78308pt, 71.13188pt)
* \paperwidth=597.50787pt
* \paperheight=845.04684pt
* \textwidth=441.01775pt
* \textheight=702.78308pt
* \oddsidemargin=21.62418pt
* \evensidemargin=-9.67403pt
* \topmargin=-36.0119pt
* \headheight=15.0pt
* \headsep=19.8738pt
* \topskip=12.0pt
* \footskip=42.67912pt
* \marginparwidth=88.0pt
* \marginparsep=7.0pt
* \columnsep=10.0pt
* \skip\footins=10.8pt plus 4.0pt minus 2.0pt
* \hoffset=0.0pt
* \voffset=0.0pt
* \mag=1000
* \@twocolumnfalse
* \@twosidetrue
* \@mparswitchtrue
* \@reversemarginfalse
* (1in=72.27pt=25.4mm, 1cm=28.453pt)


Package fontspec Info: Adjusting the maths setup (use [no-math] to avoid
(fontspec)             this).

\symlegacymaths=\mathgroup6
LaTeX Font Info:    Overwriting symbol font `legacymaths' in version `bold'
(Font)                  OT1/cmr/m/n --> OT1/cmr/bx/n on input line 241.
LaTeX Font Info:    Redeclaring math accent \acute on input line 241.
LaTeX Font Info:    Redeclaring math accent \grave on input line 241.
LaTeX Font Info:    Redeclaring math accent \ddot on input line 241.
LaTeX Font Info:    Redeclaring math accent \tilde on input line 241.
LaTeX Font Info:    Redeclaring math accent \bar on input line 241.
LaTeX Font Info:    Redeclaring math accent \breve on input line 241.
LaTeX Font Info:    Redeclaring math accent \check on input line 241.
LaTeX Font Info:    Redeclaring math accent \hat on input line 241.
LaTeX Font Info:    Redeclaring math accent \dot on input line 241.
LaTeX Font Info:    Redeclaring math accent \mathring on input line 241.
LaTeX Font Info:    Redeclaring math symbol \Gamma on input line 241.
LaTeX Font Info:    Redeclaring math symbol \Delta on input line 241.
LaTeX Font Info:    Redeclaring math symbol \Theta on input line 241.
LaTeX Font Info:    Redeclaring math symbol \Lambda on input line 241.
LaTeX Font Info:    Redeclaring math symbol \Xi on input line 241.
LaTeX Font Info:    Redeclaring math symbol \Pi on input line 241.
LaTeX Font Info:    Redeclaring math symbol \Sigma on input line 241.
LaTeX Font Info:    Redeclaring math symbol \Upsilon on input line 241.
LaTeX Font Info:    Redeclaring math symbol \Phi on input line 241.
LaTeX Font Info:    Redeclaring math symbol \Psi on input line 241.
LaTeX Font Info:    Redeclaring math symbol \Omega on input line 241.
LaTeX Font Info:    Redeclaring math symbol \mathdollar on input line 241.
LaTeX Font Info:    Redeclaring symbol font `operators' on input line 241.
LaTeX Font Info:    Encoding `OT1' has changed to `TU' for symbol font
(Font)              `operators' in the math version `normal' on input line 241.

LaTeX Font Info:    Overwriting symbol font `operators' in version `normal'
(Font)                  OT1/cmr/m/n --> TU/lmr/m/n on input line 241.
LaTeX Font Info:    Encoding `OT1' has changed to `TU' for symbol font
(Font)              `operators' in the math version `bold' on input line 241.
LaTeX Font Info:    Overwriting symbol font `operators' in version `bold'
(Font)                  OT1/cmr/bx/n --> TU/lmr/m/n on input line 241.
LaTeX Font Info:    Overwriting symbol font `operators' in version `normal'
(Font)                  TU/lmr/m/n --> TU/lmr/m/n on input line 241.
LaTeX Font Info:    Overwriting math alphabet `\mathit' in version `normal'
(Font)                  OT1/cmr/m/it --> TU/lmr/m/it on input line 241.
LaTeX Font Info:    Overwriting math alphabet `\mathbf' in version `normal'
(Font)                  OT1/cmr/bx/n --> TU/lmr/b/n on input line 241.
LaTeX Font Info:    Overwriting math alphabet `\mathsf' in version `normal'
(Font)                  OT1/cmss/m/n --> TU/lmss/m/n on input line 241.
LaTeX Font Info:    Overwriting math alphabet `\mathtt' in version `normal'
(Font)                  OT1/cmtt/m/n --> TU/lmtt/m/n on input line 241.
LaTeX Font Info:    Overwriting symbol font `operators' in version `bold'
(Font)                  TU/lmr/m/n --> TU/lmr/b/n on input line 241.
LaTeX Font Info:    Overwriting math alphabet `\mathit' in version `bold'
(Font)                  OT1/cmr/bx/it --> TU/lmr/b/it on input line 241.
LaTeX Font Info:    Overwriting math alphabet `\mathsf' in version `bold'
(Font)                  OT1/cmss/bx/n --> TU/lmss/b/n on input line 241.
LaTeX Font Info:    Overwriting math alphabet `\mathtt' in version `bold'
(Font)                  OT1/cmtt/m/n --> TU/lmtt/b/n on input line 241.
Package hyperref Info: Link coloring ON on input line 241.
(./教材.out) (./教材.out)
\@outlinefile=\write5
\openout5 = `教材.out'.

\c@lstlisting=\count400
 (./教材.toc
LaTeX Font Info:    Trying to load font information for U+msa on input line 1.

(c:/texlive/2024/texmf-dist/tex/latex/amsfonts/umsa.fd
File: umsa.fd 2013/01/14 v3.01 AMS symbols A
)
LaTeX Font Info:    Trying to load font information for U+msb on input line 1.

(c:/texlive/2024/texmf-dist/tex/latex/amsfonts/umsb.fd
File: umsb.fd 2013/01/14 v3.01 AMS symbols B
) [1


] [2] [3] [4]
[5] [6])
\tf@toc=\write6
\openout6 = `教材.toc'.

 [7] (./main_content.tex [8] [9]

Package fontspec Info: Could not resolve font "FangSong/BI" (it probably
(fontspec)             doesn't exist).


Package fontspec Info: Could not resolve font "FangSong/B" (it probably
(fontspec)             doesn't exist).


Package fontspec Info: Could not resolve font "FangSong/I" (it probably
(fontspec)             doesn't exist).


Package fontspec Info: Font family 'FangSong(0)' created for font 'FangSong'
(fontspec)             with options [Script={CJK}].
(fontspec)              
(fontspec)              This font family consists of the following NFSS
(fontspec)             series/shapes:
(fontspec)              
(fontspec)             - 'normal' (m/n) with NFSS spec.:
(fontspec)             <->"FangSong/OT:script=hani;language=dflt;"
(fontspec)             - 'small caps'  (m/sc) with NFSS spec.: 

 [10] [11]

LaTeX Warning: Hyper reference `' on page 12 undefined on input line 319.

[12] [13]) (./chapters/chapter01.tex [14] [15] [16] [17]
Overfull \hbox (6.49043pt too wide) in paragraph at lines 206--208
[]\TU/lmr/m/n/12 [3] Pressman R S, Maxim B R. Software Engineering: A Practitio
ner’s Approach[M].
 []

[18] [19]
Overfull \hbox (6.49043pt too wide) in paragraph at lines 398--400
[]\TU/lmr/m/n/12 [2] Pressman R S, Maxim B R. Software Engineering: A Practitio
ner’s Approach[M].
 []

[20]
Overfull \hbox (80.95444pt too wide) in paragraph at lines 441--444
[]\TU/lmr/m/n/12 [16] Bennett K H, Rajlich V T. Software Maintenance and Evolut
ion: A Roadmap[C]//Proceedings
 []

[21]
Overfull \hbox (2.93831pt too wide) in paragraph at lines 499--502
[]\TU/lmr/m/n/12 [33] Jones C. Software Engineering Best Practices: Lessons fro
m Successful Projects
 []


Overfull \hbox (9.48631pt too wide) in paragraph at lines 503--505
[]\TU/lmr/m/n/12 [34] Fowler M. Patterns of Enterprise Application Architecture
[M]. Boston: Addison-
 []

[22]) (./chapters/chapter02.tex [23] [24]
File: images/chapter02/image1.png Graphic file (type bmp)
<images/chapter02/image1.png>
 [25]
File: images/chapter02/image2.png Graphic file (type bmp)
<images/chapter02/image2.png>
 [26]
File: images/chapter02/image3.png Graphic file (type bmp)
<images/chapter02/image3.png>
File: images/chapter02/image4.png Graphic file (type bmp)
<images/chapter02/image4.png>
File: images/chapter02/image5.png Graphic file (type bmp)
<images/chapter02/image5.png>
 [27]
File: images/chapter02/image6.png Graphic file (type bmp)
<images/chapter02/image6.png>
File: images/chapter02/image7.png Graphic file (type bmp)
<images/chapter02/image7.png>
 [28]
File: images/chapter02/image8.png Graphic file (type bmp)
<images/chapter02/image8.png>
 [29]
File: images/chapter02/image9.png Graphic file (type bmp)
<images/chapter02/image9.png>
 [30]
[31]
File: images/chapter02/image10.png Graphic file (type bmp)
<images/chapter02/image10.png>
File: images/chapter02/image11.png Graphic file (type bmp)
<images/chapter02/image11.png>
File: images/chapter02/image12.png Graphic file (type bmp)
<images/chapter02/image12.png>
File: images/chapter02/image13.png Graphic file (type bmp)
<images/chapter02/image13.png>
File: images/chapter02/image14.png Graphic file (type bmp)
<images/chapter02/image14.png>
File: images/chapter02/image15.png Graphic file (type bmp)
<images/chapter02/image15.png>
File: images/chapter02/image16.png Graphic file (type bmp)
<images/chapter02/image16.png>
File: images/chapter02/image17.png Graphic file (type bmp)
<images/chapter02/image17.png>
File: images/chapter02/image18.png Graphic file (type bmp)
<images/chapter02/image18.png>
File: images/chapter02/image19.png Graphic file (type bmp)
<images/chapter02/image19.png>
File: images/chapter02/image20.png Graphic file (type bmp)
<images/chapter02/image20.png>
File: images/chapter02/image21.png Graphic file (type bmp)
<images/chapter02/image21.png>
File: images/chapter02/image22.png Graphic file (type bmp)
<images/chapter02/image22.png>
File: images/chapter02/image23.png Graphic file (type bmp)
<images/chapter02/image23.png>
 [32]
File: images/chapter02/image24.png Graphic file (type bmp)
<images/chapter02/image24.png>
 [33]
File: images/chapter02/image25.png Graphic file (type bmp)
<images/chapter02/image25.png>

Overfull \hbox (6.17476pt too wide) in paragraph at lines 550--551
 [][] 
 []

File: images/chapter02/image26.png Graphic file (type bmp)
<images/chapter02/image26.png>
[34]) (./chapters/chapter03.tex
Underfull \vbox (badness 1478) has occurred while \output is active []

 [35]
[36] [37] [38] [39] [40] [41]
! Too many }'s.
l.385 }
       
You've closed more groups than you opened.
Such booboos are generally harmless, so keep going.


Overfull \hbox (33.19826pt too wide) in paragraph at lines 411--412
[]\TU/lmr/m/n/12 SecurityServicearmSystem()disarmSystem()SecurityServicearmSyst
em()disarmSystem() 
 []

[42] [43] [44]
Overfull \hbox (16.78506pt too wide) in paragraph at lines 593--595
[]\TU/lmr/bx/n/12 3.\TU/lmr/m/n/12 SafeHome RESTful APISOAP SafeHome RESTful AP
I API GETPOST JSONXML 
 []

[45]
Overfull \hbox (167.80898pt too wide) in paragraph at lines 649--652
[]\TU/lmr/m/n/12 **** Java RESTful API SafeHome SensorDataProviderreadSensorDat
a()DoorSensorSmokeSensorreadSensorData()
 []

[46] [47] [48] [49]) (./chapters/chapter04.tex [50] [51] [52] [53] [54]
[55]
Overfull \hbox (158.34627pt too wide) in paragraph at lines 274--275
[]\TU/lmr/m/n/12 JavaScriptJavaScriptWebJavaScriptChromeV8FirefoxSpiderMonkeySa
fariJavaScriptCoreECMAScriptJavaScript 
 []

[56]
Overfull \hbox (16.30219pt too wide) in paragraph at lines 333--333
[]    \TU/lmtt/m/n/12 <meta name="viewport" content="width=device-width, initia
l-scale=1.0">[] 
 []

[57]
Underfull \vbox (badness 10000) has occurred while \output is active []

 [58]
Underfull \vbox (badness 10000) has occurred while \output is active []

 [59]
Underfull \vbox (badness 10000) has occurred while \output is active []

 [60]
Overfull \hbox (3.9421pt too wide) in paragraph at lines 495--495
[]\TU/lmtt/m/n/12 `<main>`HTML5HTML`<main>``<article>``<aside>``<footer>``<head
er>``<nav>`[] 
 []


Underfull \vbox (badness 10000) has occurred while \output is active []

 [61]
Underfull \vbox (badness 10000) has occurred while \output is active []

 [62]
Underfull \vbox (badness 10000) has occurred while \output is active []

 [63]
Underfull \vbox (badness 10000) has occurred while \output is active []

 [64]
Underfull \vbox (badness 10000) has occurred while \output is active []

 [65]
Underfull \vbox (badness 10000) has occurred while \output is active []

 [66]
Underfull \vbox (badness 10000) has occurred while \output is active []

 [67]
Overfull \hbox (10.12218pt too wide) in paragraph at lines 759--759
[]\TU/lmtt/m/n/12 `range``number``min``max``step``value``number``range``<output
>`JavaScript[] 
 []


Overfull \hbox (22.4822pt too wide) in paragraph at lines 770--770
[]       \TU/lmtt/m/n/12 oninput="document.getElementById('levelOutput').value 
= this.value">[] 
 []


Underfull \vbox (badness 10000) has occurred while \output is active []

 [68]
Underfull \vbox (badness 10000) has occurred while \output is active []

 [69]
Underfull \vbox (badness 10000) has occurred while \output is active []

 [70]
Underfull \vbox (badness 10000) has occurred while \output is active []

 [71]
Overfull \hbox (16.30206pt too wide) in paragraph at lines 910--910
[]\TU/lmtt/m/n/12 |`<video>`|  |`src`, `controls`, `autoplay`, `loop`, `muted`,
 `poster`|  |[] 
 []


Overfull \hbox (28.6622pt too wide) in paragraph at lines 936--936
[]    \TU/lmtt/m/n/12 <track kind="captions" src="monitor-captions.vtt" srclang
="zh" label="">[] 
 []


Underfull \vbox (badness 10000) has occurred while \output is active []

 [72]
Overfull \hbox (16.3022pt too wide) in paragraph at lines 971--971
[]    \TU/lmtt/m/n/12 <source src="dam-hd.mp4" type="video/mp4" media="(min-wid
th: 1200px)">[] 
 []


Overfull \hbox (10.1102pt too wide) in paragraph at lines 973--973
[]    \TU/lmtt/m/n/12 <source src="dam-sd.mp4" type="video/mp4" media="(min-wid
th: 768px)">[] 
 []


Underfull \vbox (badness 10000) has occurred while \output is active []

 [73]
Overfull \hbox (176.98215pt too wide) in paragraph at lines 984--984
[]\TU/lmtt/m/n/12 `<track>`WebVTTWeb Video Text TracksWeb`kind``subtitles``capt
ions``descriptions``chapters``metadata`[] 
 []


Underfull \vbox (badness 10000) has occurred while \output is active []

 [74]
Underfull \vbox (badness 10000) has occurred while \output is active []

 [75]
Overfull \hbox (78.1022pt too wide) in paragraph at lines 1088--1088
[]\TU/lmtt/m/n/12 <svg width="120" height="200" viewBox="0 0 120 200" style="bo
rder: 1px solid #ddd;">[] 
 []


Underfull \vbox (badness 10000) has occurred while \output is active []

 [76]
Overfull \hbox (34.84213pt too wide) in paragraph at lines 1108--1108
[]        \TU/lmtt/m/n/12 <linearGradient id="waterGradient" x1="0%" y1="0%" x2
="0%" y2="100%">[] 
 []


Overfull \hbox (16.30215pt too wide) in paragraph at lines 1109--1109
[]            \TU/lmtt/m/n/12 <stop offset="0%" style="stop-color:#87CEEB;stop-
opacity:1" />[] 
 []


Overfull \hbox (28.63815pt too wide) in paragraph at lines 1110--1110
[]            \TU/lmtt/m/n/12 <stop offset="100%" style="stop-color:#4169E1;sto
p-opacity:1" />[] 
 []


Overfull \hbox (121.3502pt too wide) in paragraph at lines 1130--1130
[]    \TU/lmtt/m/n/12 <text x="60" y="15" text-anchor="middle" font-size="14" f
ont-weight="bold" fill="#333">[] 
 []


Overfull \hbox (84.2582pt too wide) in paragraph at lines 1138--1138
[]    \TU/lmtt/m/n/12 <circle cx="16" cy="16" r="14" fill="#28a745" stroke="#1e
7e34" stroke-width="2"/>[] 
 []


Underfull \vbox (badness 10000) has occurred while \output is active []

 [77]
Overfull \hbox (127.5302pt too wide) in paragraph at lines 1142--1142
[]    \TU/lmtt/m/n/12 <text x="16" y="20" text-anchor="middle" font-size="10" f
ont-weight="bold" fill="white">[] 
 []


Overfull \hbox (146.04619pt too wide) in paragraph at lines 1146--1146
[]    \TU/lmtt/m/n/12 <circle cx="16" cy="16" r="10" fill="none" stroke="#fffff
f" stroke-width="1" opacity="0.6">[] 
 []


Overfull \hbox (90.45016pt too wide) in paragraph at lines 1147--1147
[]        \TU/lmtt/m/n/12 <animate attributeName="r" values="8;16;8" dur="2s" r
epeatCount="indefinite"/>[] 
 []


Overfull \hbox (146.08217pt too wide) in paragraph at lines 1148--1148
[]        \TU/lmtt/m/n/12 <animate attributeName="opacity" values="0.8;0;0.8" d
ur="2s" repeatCount="indefinite"/>[] 
 []


Underfull \vbox (badness 10000) has occurred while \output is active []

 [78]
Underfull \vbox (badness 10000) has occurred while \output is active []

 [79]
Underfull \vbox (badness 10000) has occurred while \output is active []

 [80]
Underfull \vbox (badness 10000) has occurred while \output is active []

 [81]
Underfull \vbox (badness 10000) has occurred while \output is active []

 [82]
Overfull \hbox (78.10208pt too wide) in paragraph at lines 1341--1341
[]\TU/lmtt/m/n/12 HTMLHTML`<table>``<thead>``<tbody>``<tfoot>``<section>``<ul>`
`<ol>``<figure>``<map>`[] 
 []


Overfull \hbox (84.2822pt too wide) in paragraph at lines 1347--1347
[]\TU/lmtt/m/n/12 HTMLWebHTML`<meta name="viewport" content="width=device-width
, initial-scale=1">`HTML[] 
 []


Underfull \vbox (badness 10000) has occurred while \output is active []

 [83]
Underfull \vbox (badness 10000) has occurred while \output is active []

 [84]
Underfull \vbox (badness 10000) has occurred while \output is active []

 [85]
[86] [87] [88] [89] [90] [91]
Underfull \vbox (badness 10000) has occurred while \output is active []

 [92]
Underfull \vbox (badness 10000) has occurred while \output is active []

 [93]
Underfull \vbox (badness 10000) has occurred while \output is active []

 [94]
Underfull \vbox (badness 10000) has occurred while \output is active []

 [95]
Missing character: There is no ≥ (U+2265) in font [lmmono12-regular]:!
[96]
Underfull \vbox (badness 10000) has occurred while \output is active []

 [97]
Underfull \vbox (badness 10000) has occurred while \output is active []

 [98]
Underfull \vbox (badness 10000) has occurred while \output is active []

 [99]
Underfull \vbox (badness 10000) has occurred while \output is active []

 [100]
Missing character: There is no ≤ (U+2264) in font [lmmono12-regular]:!

Underfull \vbox (badness 10000) has occurred while \output is active []

 [101]
Underfull \vbox (badness 10000) has occurred while \output is active []

 [102]
Underfull \vbox (badness 10000) has occurred while \output is active []

 [103]
Underfull \vbox (badness 10000) has occurred while \output is active []

 [104]
Underfull \vbox (badness 10000) has occurred while \output is active []

 [105]
[106]
Overfull \hbox (114.4622pt too wide) in paragraph at lines 2398--2399
[]\TU/lmtt/m/n/12 transition-property[][]transition-duration[][]transition-timi
ng-function[][]transition-delay 
 []

[107]
Underfull \vbox (badness 10000) has occurred while \output is active []

 [108]
Underfull \vbox (badness 10000) has occurred while \output is active []

 [109]
Underfull \vbox (badness 10000) has occurred while \output is active []

 [110]
Underfull \vbox (badness 10000) has occurred while \output is active []

 [111]
Underfull \vbox (badness 10000) has occurred while \output is active []

 [112]
Underfull \vbox (badness 10000) has occurred while \output is active []

 [113]
Underfull \vbox (badness 10000) has occurred while \output is active []

 [114]
[115] [116] [117] [118] [119]
Underfull \vbox (badness 10000) has occurred while \output is active []

 [120]
[121] [122]
Underfull \vbox (badness 10000) has occurred while \output is active []

 [123]
[124] [125]
Overfull \hbox (16.30215pt too wide) in paragraph at lines 3250--3250
[]\TU/lmtt/m/n/12 console.log(text.toLowerCase());        // "smart water manag
ement system"[] 
 []


Overfull \hbox (16.30215pt too wide) in paragraph at lines 3251--3251
[]\TU/lmtt/m/n/12 console.log(text.toUpperCase());        // "SMART WATER MANAG
EMENT SYSTEM"[] 
 []

[126]
Overfull \hbox (84.28209pt too wide) in paragraph at lines 3268--3268
[]\TU/lmtt/m/n/12 let parts = text.split(" ");            // ["Smart", "Water",
 "Management", "System"][] 
 []


Overfull \hbox (16.30217pt too wide) in paragraph at lines 3272--3272
[]\TU/lmtt/m/n/12 let joined = parts.join("-");           // "Smart-Water-Manag
ement-System"[] 
 []


Overfull \hbox (34.84212pt too wide) in paragraph at lines 3273--3273
[]\TU/lmtt/m/n/12 let withComma = parts.join(", ");       // "Smart, Water, Man
agement, System"[] 
 []

[127]
Underfull \vbox (badness 10000) has occurred while \output is active []

 [128]
Overfull \hbox (34.83017pt too wide) in paragraph at lines 3337--3337
[]    \TU/lmtt/m/n/12 const cleanStationName = stationName.replace(/[^\w\u4e00-
\u9fa5]/g, "_");[] 
 []


Overfull \hbox (146.08217pt too wide) in paragraph at lines 3340--3340
[]    \TU/lmtt/m/n/12 const fileName = `${cleanStationName}_${reportType}_${for
mattedDate}`.replace(/\s+/g, "_");[] 
 []


Underfull \vbox (badness 10000) has occurred while \output is active []

 [129]
Underfull \vbox (badness 10000) has occurred while \output is active []

 [130]
[131] [132]
Overfull \hbox (3.94212pt too wide) in paragraph at lines 3521--3521
[]    \TU/lmtt/m/n/12 const hasRecentData = station.lastUpdate > Date.now() - 3
00000; // 5[] 
 []


Overfull \hbox (47.19016pt too wide) in paragraph at lines 3522--3522
[]    \TU/lmtt/m/n/12 const isLevelNormal = station.waterLevel >= 20 && station
.waterLevel <= 90;[] 
 []


Overfull \hbox (59.56216pt too wide) in paragraph at lines 3523--3523
[]    \TU/lmtt/m/n/12 const isTempNormal = station.temperature >= -10 && statio
n.temperature <= 50;[] 
 []


Overfull \hbox (59.56213pt too wide) in paragraph at lines 3526--3526
[]    \TU/lmtt/m/n/12 const isHealthy = isOnline && hasRecentData && isLevelNor
mal && isTempNormal;[] 
 []


Underfull \vbox (badness 10000) has occurred while \output is active []

 [133]
Underfull \vbox (badness 10000) has occurred while \output is active []

 [134]
Overfull \hbox (16.30214pt too wide) in paragraph at lines 3587--3587
[]            \TU/lmtt/m/n/12 realTimeChart: !!(userConfig.features?.realTimeCh
art ?? true),[] 
 []


Underfull \vbox (badness 10000) has occurred while \output is active []

 [135]
Underfull \vbox (badness 10000) has occurred while \output is active []

 [136]
Overfull \hbox (28.66222pt too wide) in paragraph at lines 3661--3661
[]\TU/lmtt/m/n/12 const readPermission = checkUserPermission(user, "read", "mon
itoring-data");[] 
 []


Overfull \hbox (47.20221pt too wide) in paragraph at lines 3662--3662
[]\TU/lmtt/m/n/12 const deletePermission = checkUserPermission(user, "delete", 
"station-config");[] 
 []


Overfull \hbox (71.92216pt too wide) in paragraph at lines 3665--3665
[]\TU/lmtt/m/n/12 console.log(":", deletePermission); // { allowed: false, reas
on: "operatordelete" }[] 
 []

[137] [138] [139] [140]
Overfull \hbox (59.56209pt too wide) in paragraph at lines 3843--3843
[]        \TU/lmtt/m/n/12 const data = typeof rawData === 'string' ? JSON.parse
(rawData) : rawData;[] 
 []


Overfull \hbox (109.00212pt too wide) in paragraph at lines 3852--3852
[]            \TU/lmtt/m/n/12 stationId: safeToString(data.stationId || data.id
 || data.station_id).trim(),[] 
 []


Overfull \hbox (102.82214pt too wide) in paragraph at lines 3855--3855
[]            \TU/lmtt/m/n/12 waterLevel: safeToNumber(data.waterLevel || data.
water_level || data.level),[] 
 []


Overfull \hbox (22.48212pt too wide) in paragraph at lines 3856--3856
[]            \TU/lmtt/m/n/12 temperature: safeToNumber(data.temperature || dat
a.temp, null),[] 
 []


Overfull \hbox (71.92213pt too wide) in paragraph at lines 3861--3861
[]            \TU/lmtt/m/n/12 isActive: !!(data.isActive || data.active || data
.status === "active"),[] 
 []


Overfull \hbox (41.02213pt too wide) in paragraph at lines 3865--3865
[]            \TU/lmtt/m/n/12 timestamp: data.timestamp ? new Date(data.timesta
mp) : new Date(),[] 
 []


Overfull \hbox (47.2021pt too wide) in paragraph at lines 3869--3869
[]                \TU/lmtt/m/n/12 lat: safeToNumber(data.location.lat || data.l
ocation.latitude),[] 
 []


Overfull \hbox (47.20212pt too wide) in paragraph at lines 3870--3870
[]                \TU/lmtt/m/n/12 lng: safeToNumber(data.location.lng || data.l
ocation.longitude)[] 
 []


Underfull \vbox (badness 10000) has occurred while \output is active []

 [141]
Underfull \vbox (badness 10000) has occurred while \output is active []

 [142]
Underfull \vbox (badness 10000) has occurred while \output is active []

 [143]
Underfull \vbox (badness 10000) has occurred while \output is active []

 [144]
Underfull \vbox (badness 10000) has occurred while \output is active []

 [145]
[146]
Overfull \hbox (10.12216pt too wide) in paragraph at lines 4089--4089
[]        \TU/lmtt/m/n/12 formula: `${crossSectionArea} × ${velocity} = ${flow.
toFixed(3)}`[] 
 []


Overfull \hbox (28.66217pt too wide) in paragraph at lines 4094--4094
[]\TU/lmtt/m/n/12 function calculateTrapezoidalFlow(bottomWidth, depth, sideSlo
pe, velocity) {[] 
 []


Overfull \hbox (34.8422pt too wide) in paragraph at lines 4111--4111
[]\TU/lmtt/m/n/12 function calculateWaterLevelRate(currentLevel, previousLevel,
 timeInterval) {[] 
 []

[147]
Overfull \hbox (53.35811pt too wide) in paragraph at lines 4141--4141
[]\TU/lmtt/m/n/12 const rateResult = calculateWaterLevelRate(85.5, 84.8, 2 * 60
 * 60 * 1000); // 2[] 
 []


Underfull \vbox (badness 10000) has occurred while \output is active []

 [148]
Overfull \hbox (84.28214pt too wide) in paragraph at lines 4155--4155
[]    \TU/lmtt/m/n/12 const validValues = values.filter(val => typeof val === '
number' && !isNaN(val));[] 
 []


Overfull \hbox (84.2821pt too wide) in paragraph at lines 4165--4165
[]        \TU/lmtt/m/n/12 sum = validValues.reduce((acc, val, index) => acc + v
al * weights[index], 0);[] 
 []


Overfull \hbox (34.8421pt too wide) in paragraph at lines 4189--4189
[]        \TU/lmtt/m/n/12 return { variance: 0, standardDeviation: 0, count: av
gResult.count };[] 
 []


Underfull \vbox (badness 10000) has occurred while \output is active []

 [149]
Overfull \hbox (84.28214pt too wide) in paragraph at lines 4193--4193
[]    \TU/lmtt/m/n/12 const validValues = values.filter(val => typeof val === '
number' && !isNaN(val));[] 
 []


Overfull \hbox (152.2621pt too wide) in paragraph at lines 4197--4197
[]    \TU/lmtt/m/n/12 const variance = squaredDiffs.reduce((acc, val) => acc + 
val, 0) / (validValues.length - 1);[] 
 []


Overfull \hbox (10.12213pt too wide) in paragraph at lines 4201--4201
[]        \TU/lmtt/m/n/12 standardDeviation: Math.round(Math.sqrt(variance) * 1
000) / 1000,[] 
 []


Underfull \vbox (badness 10000) has occurred while \output is active []

 [150]
Overfull \hbox (3.90616pt too wide) in paragraph at lines 4243--4243
[]\TU/lmtt/m/n/12 // : { value: 120.563, displayValue: "120.563", scientific: "
1.206e+2" }[] 
 []


Underfull \vbox (badness 10000) has occurred while \output is active []

 [151]
[152] [153]
Underfull \vbox (badness 10000) has occurred while \output is active []

 [154]
Underfull \vbox (badness 10000) has occurred while \output is active []

 [155]
Overfull \hbox (53.38216pt too wide) in paragraph at lines 4448--4448
[]    \TU/lmtt/m/n/12 const timeDiff = Math.abs(currentData.timestamp - histori
calData.timestamp);[] 
 []


Overfull \hbox (71.92216pt too wide) in paragraph at lines 4460--4460
[]    \TU/lmtt/m/n/12 const levelDiff = Math.abs(currentData.waterLevel - histo
ricalData.waterLevel);[] 
 []


Underfull \vbox (badness 10000) has occurred while \output is active []

 [156]
Overfull \hbox (34.84212pt too wide) in paragraph at lines 4487--4487
[]        \TU/lmtt/m/n/12 riskLevel: issues.some(issue => issue.severity === "h
igh") ? "high" :[] 
 []


Overfull \hbox (90.46204pt too wide) in paragraph at lines 4488--4488
[]                  \TU/lmtt/m/n/12 issues.some(issue => issue.severity === "me
dium") ? "medium" : "low"[] 
 []


Overfull \hbox (28.6622pt too wide) in paragraph at lines 4505--4505
[]\TU/lmtt/m/n/12 const consistencyResult = checkDataConsistency(currentData, h
istoricalData);[] 
 []


Underfull \vbox (badness 10000) has occurred while \output is active []

 [157]
Overfull \hbox (16.30217pt too wide) in paragraph at lines 4538--4538
[]    \TU/lmtt/m/n/12 const updateAge = Date.now() - new Date(station.lastUpdat
e).getTime();[] 
 []


Underfull \vbox (badness 10000) has occurred while \output is active []

 [158]
Overfull \hbox (28.6621pt too wide) in paragraph at lines 4560--4560
[]                \TU/lmtt/m/n/12 const priorityA = classifyWaterLevel(a.waterL
evel).priority;[] 
 []


Overfull \hbox (28.6621pt too wide) in paragraph at lines 4561--4561
[]                \TU/lmtt/m/n/12 const priorityB = classifyWaterLevel(b.waterL
evel).priority;[] 
 []


Overfull \hbox (53.3821pt too wide) in paragraph at lines 4572--4572
[]                \TU/lmtt/m/n/12 const priorityDiff = classifyWaterLevel(b.wat
erLevel).priority -[] 
 []


Overfull \hbox (34.842pt too wide) in paragraph at lines 4573--4573
[]                                   \TU/lmtt/m/n/12 classifyWaterLevel(a.water
Level).priority;[] 
 []


Overfull \hbox (90.46208pt too wide) in paragraph at lines 4576--4576
[]                \TU/lmtt/m/n/12 const scoreDiff = calculateStationScore(b) - 
calculateStationScore(a);[] 
 []


Underfull \vbox (badness 10000) has occurred while \output is active []

 [159]
Overfull \hbox (71.92221pt too wide) in paragraph at lines 4602--4602
[]\TU/lmtt/m/n/12 const sortedStations = sortStationsByPriority(monitoringStati
ons, "comprehensive");[] 
 []

Missing character: There is no ℹ (U+2139) in font [lmmono12-regular]:!

Underfull \vbox (badness 10000) has occurred while \output is active []

 [160]
Overfull \hbox (96.64204pt too wide) in paragraph at lines 4642--4642
[]\TU/lmtt/m/n/12 const getStatusColor = (level) => level > 80 ? "red" : level 
> 50 ? "yellow" : "green";[] 
 []

Missing character: There is no 🟢 (U+1F7E2) in font [lmmono12-regular]:!

Overfull \hbox (53.38216pt too wide) in paragraph at lines 4653--4653
[]    \TU/lmtt/m/n/12 const statusText = station.isOnline ? `${station.name}` :
 `${station.name}`;[] 
 []


Underfull \vbox (badness 10000) has occurred while \output is active []

 [161]
Underfull \vbox (badness 10000) has occurred while \output is active []

 [162]
Underfull \vbox (badness 10000) has occurred while \output is active []

 [163]
Overfull \hbox (78.10213pt too wide) in paragraph at lines 4753--4753
[]    \TU/lmtt/m/n/12 const { waterLevel, temperature, pressure, lastUpdate, de
viceStatus } = station;[] 
 []


Underfull \vbox (badness 10000) has occurred while \output is active []

 [164]
Underfull \vbox (badness 10000) has occurred while \output is active []

 [165]
Underfull \vbox (badness 10000) has occurred while \output is active []

 [166]
Underfull \vbox (badness 10000) has occurred while \output is active []

 [167]
Underfull \vbox (badness 10000) has occurred while \output is active []

 [168]
Underfull \vbox (badness 10000) has occurred while \output is active []

 [169]
Overfull \hbox (133.72214pt too wide) in paragraph at lines 4990--4990
[]        \TU/lmtt/m/n/12 if (hourlyData[i] !== null && hourlyData[i] !== undef
ined && !isNaN(hourlyData[i])) {[] 
 []


Overfull \hbox (22.45813pt too wide) in paragraph at lines 5005--5005
[]\TU/lmtt/m/n/12 const hourlyLevels = [85.2, 84.8, null, 86.1, 85.5, undefined
, 84.9, 85.8];[] 
 []


Underfull \vbox (badness 10000) has occurred while \output is active []

 [170]
Underfull \vbox (badness 10000) has occurred while \output is active []

 [171]
Underfull \vbox (badness 10000) has occurred while \output is active []

 [172]
Underfull \vbox (badness 10000) has occurred while \output is active []

 [173]
Overfull \hbox (3.94211pt too wide) in paragraph at lines 5173--5173
[]            \TU/lmtt/m/n/12 const formattedValue = formatPropertyValue(proper
ty, value);[] 
 []


Overfull \hbox (65.74217pt too wide) in paragraph at lines 5174--5174
[]            \TU/lmtt/m/n/12 console.log(`${getPropertyDisplayName(property)}:
 ${formattedValue}`);[] 
 []


Underfull \vbox (badness 10000) has occurred while \output is active []

 [174]
Underfull \vbox (badness 10000) has occurred while \output is active []

 [175]
Underfull \vbox (badness 10000) has occurred while \output is active []

 [176]
Overfull \hbox (47.20215pt too wide) in paragraph at lines 5279--5279
[]        \TU/lmtt/m/n/12 const statusIcon = getStatusIcon(station.isOnline, st
ation.waterLevel);[] 
 []


Overfull \hbox (121.36218pt too wide) in paragraph at lines 5280--5280
[]        \TU/lmtt/m/n/12 console.log(`${index + 1}. ${statusIcon} ${station.na
me}: ${station.waterLevel}m`);[] 
 []

Missing character: There is no 🟡 (U+1F7E1) in font [lmmono12-regular]:!
Missing character: There is no 🟢 (U+1F7E2) in font [lmmono12-regular]:!

Underfull \vbox (badness 10000) has occurred while \output is active []

 [177]
Underfull \vbox (badness 10000) has occurred while \output is active []

 [178]
Underfull \vbox (badness 10000) has occurred while \output is active []

 [179]
Overfull \hbox (176.9819pt too wide) in paragraph at lines 5385--5385
[]                                \TU/lmtt/m/n/12 (p.waterLevel && (p.waterLeve
l < -100 || p.waterLevel > 500))) + 1 :[] 
 []


Underfull \vbox (badness 10000) has occurred while \output is active []

 [180]
Underfull \vbox (badness 10000) has occurred while \output is active []

 [181]
Underfull \vbox (badness 10000) has occurred while \output is active []

 [182]
Underfull \vbox (badness 10000) has occurred while \output is active []

 [183]
Underfull \vbox (badness 10000) has occurred while \output is active []

 [184]
Underfull \vbox (badness 10000) has occurred while \output is active []

 [185]
Underfull \vbox (badness 10000) has occurred while \output is active []

 [186]
Underfull \vbox (badness 10000) has occurred while \output is active []

 [187]
Overfull \hbox (22.48216pt too wide) in paragraph at lines 5707--5707
[]        \TU/lmtt/m/n/12 requestInfo.duration = requestInfo.endTime - requestI
nfo.startTime;[] 
 []


Underfull \vbox (badness 10000) has occurred while \output is active []

 [188]
Underfull \vbox (badness 10000) has occurred while \output is active []

 [189]
Underfull \vbox (badness 10000) has occurred while \output is active []

 [190]
Underfull \vbox (badness 10000) has occurred while \output is active []

 [191]
Overfull \hbox (53.38214pt too wide) in paragraph at lines 5875--5875
[]            \TU/lmtt/m/n/12 throw new DataValidationError("ID", "stationId", 
rawData.stationId);[] 
 []


Underfull \vbox (badness 10000) has occurred while \output is active []

 [192]
Underfull \vbox (badness 10000) has occurred while \output is active []

 [193]
Overfull \hbox (59.56216pt too wide) in paragraph at lines 5948--5948
[]        \TU/lmtt/m/n/12 processingLog.duration = processingLog.endTime - proc
essingLog.startTime;[] 
 []


Underfull \vbox (badness 10000) has occurred while \output is active []

 [194]
Underfull \vbox (badness 10000) has occurred while \output is active []

 [195]
Missing character: There is no 🟢 (U+1F7E2) in font [lmmono12-regular]:!

Underfull \vbox (badness 10000) has occurred while \output is active []

 [196]
Underfull \vbox (badness 10000) has occurred while \output is active []

 [197]
Underfull \vbox (badness 10000) has occurred while \output is active []

 [198]
Underfull \vbox (badness 10000) has occurred while \output is active []

 [199]
Underfull \vbox (badness 10000) has occurred while \output is active []

 [200]
[201] [202] [203] [204] [205] [206]
Overfull \hbox (10.12216pt too wide) in paragraph at lines 6489--6489
[]\TU/lmtt/m/n/12 const highLevelStations = monitoringData.filter(data => data.
level > 20);[] 
 []


Overfull \hbox (59.56221pt too wide) in paragraph at lines 6504--6504
[]\TU/lmtt/m/n/12 const offlineStation = stationList.find(station => station.st
atus === "offline");[] 
 []


Overfull \hbox (78.1022pt too wide) in paragraph at lines 6507--6507
[]\TU/lmtt/m/n/12 const hasOfflineStation = stationList.some(station => station
.status === "offline");[] 
 []

[207]
Overfull \hbox (47.20207pt too wide) in paragraph at lines 6563--6563
[]                \TU/lmtt/m/n/12 { timestamp: new Date(), waterLevel: 15.2, te
mperature: 18.3 },[] 
 []


Overfull \hbox (41.02208pt too wide) in paragraph at lines 6564--6564
[]                \TU/lmtt/m/n/12 { timestamp: new Date(), waterLevel: 15.8, te
mperature: 18.7 }[] 
 []

[208]
Overfull \hbox (41.01009pt too wide) in paragraph at lines 6572--6572
[]                \TU/lmtt/m/n/12 { timestamp: new Date(), waterLevel: 12.1, te
mperature: 17.9 }[] 
 []


Overfull \hbox (102.82211pt too wide) in paragraph at lines 6581--6581
[]            \TU/lmtt/m/n/12 currentLevel: station.readings[station.readings.l
ength - 1]?.waterLevel || 0[] 
 []


Overfull \hbox (53.38211pt too wide) in paragraph at lines 6588--6588
[]            \TU/lmtt/m/n/12 const latestReading = station.readings[station.re
adings.length - 1];[] 
 []


Overfull \hbox (10.12213pt too wide) in paragraph at lines 6589--6589
[]            \TU/lmtt/m/n/12 return latestReading && latestReading.waterLevel 
> threshold;[] 
 []


Overfull \hbox (16.30214pt too wide) in paragraph at lines 6609--6609
[]        \TU/lmtt/m/n/12 const levels = stationReadings.map(reading => reading
.waterLevel);[] 
 []


Overfull \hbox (34.8421pt too wide) in paragraph at lines 6610--6610
[]        \TU/lmtt/m/n/12 return levels.reduce((sum, level) => sum + level, 0) 
/ levels.length;[] 
 []

[209] [210]
Underfull \vbox (badness 10000) has occurred while \output is active []

 [211]
Underfull \vbox (badness 10000) has occurred while \output is active []

 [212]
Underfull \vbox (badness 10000) has occurred while \output is active []

 [213]
Underfull \vbox (badness 10000) has occurred while \output is active []

 [214]
Overfull \hbox (53.38214pt too wide) in paragraph at lines 6839--6839
[]            \TU/lmtt/m/n/12 throw new DataValidationError("ID", "stationId", 
reading.stationId);[] 
 []


Overfull \hbox (53.38214pt too wide) in paragraph at lines 6843--6843
[]            \TU/lmtt/m/n/12 throw new DataValidationError("", "waterLevel", r
eading.waterLevel);[] 
 []


Underfull \vbox (badness 10000) has occurred while \output is active []

 [215]
Overfull \hbox (22.48215pt too wide) in paragraph at lines 6852--6852
[]            \TU/lmtt/m/n/12 console.error(`: ${error.fieldName}, : ${error.in
validValue}`);[] 
 []


Overfull \hbox (22.48216pt too wide) in paragraph at lines 6872--6872
[]        \TU/lmtt/m/n/12 const response = await fetch(`/api/stations/${station
Id}/current`);[] 
 []


Overfull \hbox (47.20216pt too wide) in paragraph at lines 6876--6876
[]            \TU/lmtt/m/n/12 throw new Error(`HTTP: ${response.status} ${respo
nse.statusText}`);[] 
 []


Underfull \vbox (badness 10000) has occurred while \output is active []

 [216]
Underfull \vbox (badness 10000) has occurred while \output is active []

 [217]
Underfull \vbox (badness 10000) has occurred while \output is active []

 [218]
Overfull \hbox (47.20216pt too wide) in paragraph at lines 6975--6975
[]        \TU/lmtt/m/n/12 const ws = new WebSocket(`ws://api.example.com/realti
me/${stationId}`);[] 
 []


Underfull \vbox (badness 10000) has occurred while \output is active []

 [219]
Overfull \hbox (10.12212pt too wide) in paragraph at lines 7016--7016
[]            \TU/lmtt/m/n/12 const connection = await createRealtimeConnection
(stationId);[] 
 []


Overfull \hbox (10.12209pt too wide) in paragraph at lines 7024--7024
[]                \TU/lmtt/m/n/12 await new Promise(resolve => setTimeout(resol
ve, delay));[] 
 []


Underfull \vbox (badness 10000) has occurred while \output is active []

 [220]
Missing character: There is no ℹ (U+2139) in font [lmmono12-regular]:!

Underfull \vbox (badness 10000) has occurred while \output is active []

 [221]
Overfull \hbox (90.46213pt too wide) in paragraph at lines 7094--7094
[]            \TU/lmtt/m/n/12 startMemory: performance.memory ? performance.mem
ory.usedJSHeapSize : null[] 
 []


Overfull \hbox (102.82211pt too wide) in paragraph at lines 7111--7111
[]        \TU/lmtt/m/n/12 const endMemory = performance.memory ? performance.me
mory.usedJSHeapSize : null;[] 
 []


Overfull \hbox (121.36206pt too wide) in paragraph at lines 7119--7119
[]            \TU/lmtt/m/n/12 memoryChange: memoryDiff ? `${(memoryDiff / 1024 
/ 1024).toFixed(2)}MB` : 'N/A'[] 
 []


Underfull \vbox (badness 10000) has occurred while \output is active []

 [222]
Overfull \hbox (16.30199pt too wide) in paragraph at lines 7150--7150
[]                            \TU/lmtt/m/n/12 this.debugLog(`: ${name}`, { resu
lt: value });[] 
 []


Overfull \hbox (115.18198pt too wide) in paragraph at lines 7155--7155
[]                            \TU/lmtt/m/n/12 this.debugLog(`: ${name}`, { erro
r: error.message }, 'error');[] 
 []


Underfull \vbox (badness 10000) has occurred while \output is active []

 [223]
Overfull \hbox (41.02206pt too wide) in paragraph at lines 7165--7165
[]                \TU/lmtt/m/n/12 this.debugLog(`: ${name}`, { error: error.mes
sage }, 'error');[] 
 []


Overfull \hbox (16.3021pt too wide) in paragraph at lines 7179--7179
[]                \TU/lmtt/m/n/12 this.debugLog(`: ${name}.${String(property)}`
, { value });[] 
 []


Overfull \hbox (108.97815pt too wide) in paragraph at lines 7197--7197
[]        \TU/lmtt/m/n/12 const traceId = `trace_${Date.now()}_${Math.random().
toString(36).substr(2, 9)}`;[] 
 []


Underfull \vbox (badness 10000) has occurred while \output is active []

 [224]
Underfull \vbox (badness 10000) has occurred while \output is active []

 [225]
Overfull \hbox (115.18207pt too wide) in paragraph at lines 7245--7245
[]                \TU/lmtt/m/n/12 used: `${(performance.memory.usedJSHeapSize /
 1024 / 1024).toFixed(2)}MB`,[] 
 []


Overfull \hbox (127.54207pt too wide) in paragraph at lines 7246--7246
[]                \TU/lmtt/m/n/12 total: `${(performance.memory.totalJSHeapSize
 / 1024 / 1024).toFixed(2)}MB`,[] 
 []


Overfull \hbox (121.36208pt too wide) in paragraph at lines 7247--7247
[]                \TU/lmtt/m/n/12 limit: `${(performance.memory.jsHeapSizeLimit
 / 1024 / 1024).toFixed(2)}MB`[] 
 []


Overfull \hbox (22.48215pt too wide) in paragraph at lines 7249--7249
[]            \TU/lmtt/m/n/12 performanceMarkers: Array.from(this.performanceMa
rkers.keys()),[] 
 []


Underfull \vbox (badness 10000) has occurred while \output is active []

 [226]
Overfull \hbox (22.48212pt too wide) in paragraph at lines 7295--7295
[]                \TU/lmtt/m/n/12 <button onclick="this.parentElement.parentEle
ment.remove()"[] 
 []


Overfull \hbox (288.222pt too wide) in paragraph at lines 7296--7296
[]                        \TU/lmtt/m/n/12 style="float: right; background: red;
 color: white; border: none; cursor: pointer;">×</button>[] 
 []


Overfull \hbox (10.12215pt too wide) in paragraph at lines 7305--7305
[]            \TU/lmtt/m/n/12 const content = document.getElementById('debugPan
elContent');[] 
 []


Underfull \vbox (badness 10000) has occurred while \output is active []

 [227]
Underfull \vbox (badness 10000) has occurred while \output is active []

 [228]
Overfull \hbox (65.74219pt too wide) in paragraph at lines 7393--7393
[]\TU/lmtt/m/n/12 let calculateAverageValue = (firstValue, secondValue) => firs
tValue + secondValue;[] 
 []


Underfull \vbox (badness 10000) has occurred while \output is active []

 [229]
Underfull \vbox (badness 10000) has occurred while \output is active []

 [230]
Underfull \vbox (badness 10000) has occurred while \output is active []

 [231]
Overfull \hbox (3.94212pt too wide) in paragraph at lines 7489--7489
[]        \TU/lmtt/m/n/12 if (previousLevel && Math.abs(waterLevel - previousLe
vel) > 5) {[] 
 []


Overfull \hbox (3.94215pt too wide) in paragraph at lines 7503--7503
[]        \TU/lmtt/m/n/12 const alertMessage = `${level}${this.stationId}: ${wa
terLevel}`;[] 
 []


Underfull \vbox (badness 10000) has occurred while \output is active []

 [232]
Overfull \hbox (183.16212pt too wide) in paragraph at lines 7521--7521
[]    \TU/lmtt/m/n/12 const validReadings = dailyReadings.filter(reading => rea
ding !== null && reading !== undefined);[] 
 []


Overfull \hbox (152.26213pt too wide) in paragraph at lines 7527--7527
[]    \TU/lmtt/m/n/12 const totalWaterLevel = validReadings.reduce((sum, readin
g) => sum + reading.waterLevel, 0);[] 
 []


Overfull \hbox (53.38213pt too wide) in paragraph at lines 7540--7540
[]    \TU/lmtt/m/n/12 const requiredFields = ['stationId', 'name', 'location', 
'alertThresholds'];[] 
 []


Underfull \vbox (badness 10000) has occurred while \output is active []

 [233]
Underfull \vbox (badness 10000) has occurred while \output is active []

 [234]
Underfull \vbox (badness 10000) has occurred while \output is active []

 [235]
Underfull \vbox (badness 10000) has occurred while \output is active []

 [236]
Overfull \hbox (78.10214pt too wide) in paragraph at lines 7696--7696
[]        \TU/lmtt/m/n/12 return rawValue * this.calibrationData.factor + this.
calibrationData.offset;[] 
 []


Underfull \vbox (badness 10000) has occurred while \output is active []

 [237]
Underfull \vbox (badness 10000) has occurred while \output is active []

 [238]
Overfull \hbox (127.51814pt too wide) in paragraph at lines 7758--7758
[]        \TU/lmtt/m/n/12 const sensorId = `${type}_${Date.now()}_${Math.random
().toString(36).substr(2, 9)}`;[] 
 []


Overfull \hbox (41.02213pt too wide) in paragraph at lines 7771--7771
[]        \TU/lmtt/m/n/12 return ['water_level', 'temperature', 'ph', 'turbidit
y', 'flow_rate'];[] 
 []


Underfull \vbox (badness 10000) has occurred while \output is active []

 [239]
Overfull \hbox (28.66211pt too wide) in paragraph at lines 7794--7794
[]            \TU/lmtt/m/n/12 if (data[fieldName] === undefined || data[fieldNa
me] === null) {[] 
 []


Underfull \vbox (badness 10000) has occurred while \output is active []

 [240]
Overfull \hbox (3.94203pt too wide) in paragraph at lines 7830--7830
[]                \TU/lmtt/m/n/12 return { valid: false, severity: 'error', mes
sage: '' };[] 
 []


Overfull \hbox (3.94203pt too wide) in paragraph at lines 7834--7834
[]                \TU/lmtt/m/n/12 return { valid: false, severity: 'error', mes
sage: '' };[] 
 []


Overfull \hbox (16.30203pt too wide) in paragraph at lines 7838--7838
[]                \TU/lmtt/m/n/12 return { valid: false, severity: 'warning', m
essage: '' };[] 
 []


Overfull \hbox (3.94203pt too wide) in paragraph at lines 7847--7847
[]                \TU/lmtt/m/n/12 return { valid: false, severity: 'error', mes
sage: '' };[] 
 []


Overfull \hbox (71.92204pt too wide) in paragraph at lines 7851--7851
[]                \TU/lmtt/m/n/12 return { valid: false, severity: 'error', mes
sage: '(-50°C80°C)' };[] 
 []


Overfull \hbox (3.94203pt too wide) in paragraph at lines 7862--7862
[]                \TU/lmtt/m/n/12 return { valid: false, severity: 'error', mes
sage: '' };[] 
 []


Underfull \vbox (badness 10000) has occurred while \output is active []

 [241]
Overfull \hbox (16.30203pt too wide) in paragraph at lines 7869--7869
[]                \TU/lmtt/m/n/12 return { valid: false, severity: 'warning', m
essage: '' };[] 
 []


Overfull \hbox (16.30203pt too wide) in paragraph at lines 7873--7873
[]                \TU/lmtt/m/n/12 return { valid: false, severity: 'warning', m
essage: '' };[] 
 []


Overfull \hbox (53.38219pt too wide) in paragraph at lines 7882--7882
[]\TU/lmtt/m/n/12 import { WaterStation, SensorFactory, DataValidator } from '.
/water-monitoring';[] 
 []


Underfull \vbox (badness 10000) has occurred while \output is active []

 [242]
Underfull \vbox (badness 10000) has occurred while \output is active []

 [243]
Underfull \vbox (badness 10000) has occurred while \output is active []

 [244]
Overfull \hbox (96.642pt too wide) in paragraph at lines 8008--8008
[]                \TU/lmtt/m/n/12 quality: dataPoint.value > 0 && dataPoint.val
ue < 100 ? 'good' : 'poor'[] 
 []


Underfull \vbox (badness 10000) has occurred while \output is active []

 [245]
Overfull \hbox (244.96217pt too wide) in paragraph at lines 8036--8036
[]        \TU/lmtt/m/n/12 const locationKey = `${station.location.latitude.toFi
xed(3)},${station.location.longitude.toFixed(3)}`;[] 
 []


Underfull \vbox (badness 10000) has occurred while \output is active []

 [246]
Overfull \hbox (102.82208pt too wide) in paragraph at lines 8063--8063
[]            \TU/lmtt/m/n/12 const roughDistance = Math.abs(lat - targetLat) +
 Math.abs(lng - targetLng);[] 
 []


Overfull \hbox (78.1021pt too wide) in paragraph at lines 8095--8095
[]                 \TU/lmtt/m/n/12 Math.cos(this._toRadians(lat1)) * Math.cos(t
his._toRadians(lat2)) *[] 
 []


Underfull \vbox (badness 10000) has occurred while \output is active []

 [247]
Overfull \hbox (133.72215pt too wide) in paragraph at lines 8124--8124
[]        \TU/lmtt/m/n/12 if (this.activeRequests >= this.concurrencyLimit || t
his.requestQueue.length === 0) {[] 
 []


Underfull \vbox (badness 10000) has occurred while \output is active []

 [248]
Overfull \hbox (3.94215pt too wide) in paragraph at lines 8145--8145
[]        \TU/lmtt/m/n/12 const response = await fetch(`/api/stations/${station
Id}/data`);[] 
 []


Overfull \hbox (47.20215pt too wide) in paragraph at lines 8147--8147
[]            \TU/lmtt/m/n/12 throw new Error(`HTTP ${response.status}: ${respo
nse.statusText}`);[] 
 []


Overfull \hbox (96.64209pt too wide) in paragraph at lines 8167--8167
[]                \TU/lmtt/m/n/12 this.fetchStationData(stationId).catch(error 
=> ({ error, stationId }))[] 
 []


Underfull \vbox (badness 10000) has occurred while \output is active []

 [249]
Underfull \vbox (badness 10000) has occurred while \output is active []

 [250]
Underfull \vbox (badness 10000) has occurred while \output is active []

 [251]
Underfull \vbox (badness 10000) has occurred while \output is active []

 [252]
Underfull \vbox (badness 10000) has occurred while \output is active []

 [253]
Overfull \hbox (34.8421pt too wide) in paragraph at lines 8355--8355
[]        \TU/lmtt/m/n/12 ? validValues.reduce((sum, val) => sum + val, 0) / va
lidValues.length[] 
 []

[254] [255]
Overfull \hbox (106.09824pt too wide) in paragraph at lines 8438--8439
[]\TU/lmr/m/n/12 PromiseJavaScriptPromise\TU/lmtt/m/n/12 Promise.all()[][]Promi
se.allSettled()[][]Promise.race()\TU/lmr/bx/n/12 Promise\TU/lmr/m/n/12 **** 
 []


Overfull \hbox (193.74625pt too wide) in paragraph at lines 8460--8461
[]\TU/lmtt/m/n/12 document.getElementById()[][]getElementsByClassName()\TU/lmr/
bx/n/12 DOMAPI\TU/lmtt/m/n/12 querySelector()[][]querySelectorAll()\TU/lmr/m/n/
12 CSS 
 []


Overfull \hbox (10.1222pt too wide) in paragraph at lines 8468--8468
[]        \TU/lmtt/m/n/12 this.container = document.querySelector('.monitoring-
dashboard');[] 
 []

[256]
Overfull \hbox (16.30219pt too wide) in paragraph at lines 8522--8522
[]\TU/lmtt/m/n/12 import { DataValidator, ERROR_MESSAGES } from '../utils/dataV
alidator.js';[] 
 []

[257] [258] [259]
Underfull \vbox (badness 10000) has occurred while \output is active []

 [260]
Underfull \vbox (badness 10000) has occurred while \output is active []

 [261]
Underfull \vbox (badness 10000) has occurred while \output is active []

 [262]
Overfull \hbox (16.30212pt too wide) in paragraph at lines 8743--8743
[]      \TU/lmtt/m/n/12 html += '<div class="cart-item" id="item-' + cartItems[
i].id + '">';[] 
 []


Overfull \hbox (418.00203pt too wide) in paragraph at lines 8745--8745
[]      \TU/lmtt/m/n/12 html += '<input type="number" value="' + cartItems[i].q
uantity + '" onchange="updateQuantity(' + cartItems[i].id + ', this.value)">';[
] 
 []


Overfull \hbox (53.38213pt too wide) in paragraph at lines 8746--8746
[]      \TU/lmtt/m/n/12 html += '<button onclick="removeItem(' + cartItems[i].i
d + ')"></button>';[] 
 []


Overfull \hbox (78.10219pt too wide) in paragraph at lines 8759--8759
[]    \TU/lmtt/m/n/12 document.getElementById('total-price').textContent = '' +
 totalPrice.toFixed(2);[] 
 []


Underfull \vbox (badness 10000) has occurred while \output is active []

 [263]
Overfull \hbox (53.38219pt too wide) in paragraph at lines 8802--8802
[]    \TU/lmtt/m/n/12 const friendItem = document.querySelector(`#friend-${user
Id} .status-icon`);[] 
 []


Overfull \hbox (22.48213pt too wide) in paragraph at lines 8804--8804
[]      \TU/lmtt/m/n/12 friendItem.className = isOnline ? 'status-online' : 'st
atus-offline';[] 
 []


Overfull \hbox (34.84218pt too wide) in paragraph at lines 8808--8808
[]    \TU/lmtt/m/n/12 const chatTitle = document.querySelector(`#chat-${userId}
 .user-status`);[] 
 []


Overfull \hbox (121.3622pt too wide) in paragraph at lines 8814--8814
[]    \TU/lmtt/m/n/12 const groupMembers = document.querySelectorAll(`.group-me
mber[data-user="${userId}"]`);[] 
 []


Overfull \hbox (16.30214pt too wide) in paragraph at lines 8816--8816
[]      \TU/lmtt/m/n/12 member.setAttribute('data-status', isOnline ? 'online' 
: 'offline');[] 
 []


Underfull \vbox (badness 10000) has occurred while \output is active []

 [264]
Overfull \hbox (47.20218pt too wide) in paragraph at lines 8827--8827
[]    \TU/lmtt/m/n/12 const profileStatus = document.querySelector(`#profile-${
userId} .status`);[] 
 []

Missing character: There is no ↕ (U+2195) in font [lmmono12-regular]:!

Overfull \hbox (100.00218pt too wide) in paragraph at lines 8852--8852
[]    \TU/lmtt/m/n/12 html += '<th onclick="sortEmployees(\'name\')"> <span id=
"name-sort">↕</span></th>';[] 
 []

Missing character: There is no ↕ (U+2195) in font [lmmono12-regular]:!

Overfull \hbox (137.08218pt too wide) in paragraph at lines 8853--8853
[]    \TU/lmtt/m/n/12 html += '<th onclick="sortEmployees(\'department\')"> <sp
an id="dept-sort">↕</span></th>';[] 
 []

Missing character: There is no ↕ (U+2195) in font [lmmono12-regular]:!

Overfull \hbox (124.72218pt too wide) in paragraph at lines 8854--8854
[]    \TU/lmtt/m/n/12 html += '<th onclick="sortEmployees(\'salary\')"> <span i
d="salary-sort">↕</span></th>';[] 
 []


Underfull \vbox (badness 10000) has occurred while \output is active []

 [265]
Overfull \hbox (90.46213pt too wide) in paragraph at lines 8863--8863
[]      \TU/lmtt/m/n/12 html += '<td><button onclick="editEmployee(' + employee
s[i].id + ')"></button>';[] 
 []


Overfull \hbox (109.00212pt too wide) in paragraph at lines 8864--8864
[]      \TU/lmtt/m/n/12 html += '<button onclick="deleteEmployee(' + employees[
i].id + ')"></button></td>';[] 
 []


Overfull \hbox (16.30212pt too wide) in paragraph at lines 8871--8871
[]    \TU/lmtt/m/n/12 for (var page = 1; page <= Math.ceil(employees.length / 1
0); page++) {[] 
 []


Overfull \hbox (96.64206pt too wide) in paragraph at lines 8872--8872
[]      \TU/lmtt/m/n/12 html += '<button onclick="loadEmployeePage(' + page + '
)">' + page + '</button>';[] 
 []

Missing character: There is no ↕ (U+2195) in font [lmmono12-regular]:!

Overfull \hbox (93.82217pt too wide) in paragraph at lines 8883--8883
[]    \TU/lmtt/m/n/12 html += '<th onclick="sortProjects(\'name\')"> <span id="
name-sort">↕</span></th>';[] 
 []

Missing character: There is no ↕ (U+2195) in font [lmmono12-regular]:!

Overfull \hbox (118.54218pt too wide) in paragraph at lines 8884--8884
[]    \TU/lmtt/m/n/12 html += '<th onclick="sortProjects(\'status\')"> <span id
="status-sort">↕</span></th>';[] 
 []

Missing character: There is no ↕ (U+2195) in font [lmmono12-regular]:!

Overfull \hbox (143.26218pt too wide) in paragraph at lines 8885--8885
[]    \TU/lmtt/m/n/12 html += '<th onclick="sortProjects(\'deadline\')"> <span 
id="deadline-sort">↕</span></th>';[] 
 []


Overfull \hbox (78.10213pt too wide) in paragraph at lines 8894--8894
[]      \TU/lmtt/m/n/12 html += '<td><button onclick="editProject(' + projects[
i].id + ')"></button>';[] 
 []


Overfull \hbox (96.64212pt too wide) in paragraph at lines 8895--8895
[]      \TU/lmtt/m/n/12 html += '<button onclick="deleteProject(' + projects[i]
.id + ')"></button></td>';[] 
 []


Underfull \vbox (badness 10000) has occurred while \output is active []

 [266]
Overfull \hbox (10.12213pt too wide) in paragraph at lines 8902--8902
[]    \TU/lmtt/m/n/12 for (var page = 1; page <= Math.ceil(projects.length / 10
); page++) {[] 
 []


Overfull \hbox (90.46207pt too wide) in paragraph at lines 8903--8903
[]      \TU/lmtt/m/n/12 html += '<button onclick="loadProjectPage(' + page + ')
">' + page + '</button>';[] 
 []


Overfull \hbox (3.94214pt too wide) in paragraph at lines 8932--8932
[]    \TU/lmtt/m/n/12 $('#table-row-' + stationId + ' .water-level').text(newLe
vel + 'm');[] 
 []


Underfull \vbox (badness 10000) has occurred while \output is active []

 [267]
Overfull \hbox (22.4822pt too wide) in paragraph at lines 8953--8953
[]    \TU/lmtt/m/n/12 <water-level-chart :data="stationData.level" :station-id=
"stationId" />[] 
 []

[268]
Underfull \vbox (badness 10000) has occurred while \output is active []

 [269]
Underfull \vbox (badness 10000) has occurred while \output is active []

 [270]
Underfull \vbox (badness 10000) has occurred while \output is active []

 [271]
Underfull \vbox (badness 10000) has occurred while \output is active []

 [272]
Underfull \vbox (badness 10000) has occurred while \output is active []

 [273]
Overfull \hbox (16.30219pt too wide) in paragraph at lines 9210--9210
[]    \TU/lmtt/m/n/12 <meta name="viewport" content="width=device-width, initia
l-scale=1.0">[] 
 []


Underfull \vbox (badness 10000) has occurred while \output is active []

 [274]
Underfull \vbox (badness 10000) has occurred while \output is active []

 [275]
Overfull \hbox (10.12209pt too wide) in paragraph at lines 9258--9258
[]                    \TU/lmtt/m/n/12 <strong>{{ station.waterLevel.toFixed(2) 
}} </strong>[] 
 []


Overfull \hbox (3.94208pt too wide) in paragraph at lines 9263--9263
[]                    \TU/lmtt/m/n/12 <strong>{{ station.flowRate.toFixed(1) }}
 /</strong>[] 
 []


Overfull \hbox (96.64198pt too wide) in paragraph at lines 9268--9268
[]                    \TU/lmtt/m/n/12 <span :style="{ color: station.waterLevel
 > 5 ? 'red' : 'green' }">[] 
 []


Overfull \hbox (28.66212pt too wide) in paragraph at lines 9278--9278
[]                \TU/lmtt/m/n/12 <button class="btn" @click="refreshStationDat
a(station.id)">[] 
 []


Underfull \vbox (badness 10000) has occurred while \output is active []

 [276]
Underfull \vbox (badness 10000) has occurred while \output is active []

 [277]
Overfull \hbox (176.98206pt too wide) in paragraph at lines 9339--9339
[]                    \TU/lmtt/m/n/12 return monitoringStations.value.filter(st
ation => station.waterLevel > 5).length[] 
 []


Overfull \hbox (115.18204pt too wide) in paragraph at lines 9348--9348
[]                    \TU/lmtt/m/n/12 const station = monitoringStations.value.
find(s => s.id === stationId)[] 
 []


Overfull \hbox (71.92198pt too wide) in paragraph at lines 9351--9351
[]                        \TU/lmtt/m/n/12 station.waterLevel = (Math.random() *
 4 + 2).toFixed(2) * 1[] 
 []


Overfull \hbox (90.46199pt too wide) in paragraph at lines 9352--9352
[]                        \TU/lmtt/m/n/12 station.flowRate = (Math.random() * 1
000 + 500).toFixed(1) * 1[] 
 []


Overfull \hbox (3.94202pt too wide) in paragraph at lines 9358--9358
[]                    \TU/lmtt/m/n/12 return station.waterLevel > 5 ? 'warning'
 : 'normal'[] 
 []


Underfull \vbox (badness 10000) has occurred while \output is active []

 [278]
Overfull \hbox (96.64217pt too wide) in paragraph at lines 9401--9401
[]      \TU/lmtt/m/n/12 <div class="quality-item" v-for="item in waterQualityDa
ta" :key="item.parameter">[] 
 []


Overfull \hbox (28.66216pt too wide) in paragraph at lines 9409--9409
[]        \TU/lmtt/m/n/12 <span class="standard">(: {{ item.standard }}{{ item.
unit }})</span>[] 
 []


Underfull \vbox (badness 10000) has occurred while \output is active []

 [279]
Underfull \vbox (badness 10000) has occurred while \output is active []

 [280]
Underfull \vbox (badness 10000) has occurred while \output is active []

 [281]
Missing character: There is no ↗ (U+2197) in font [lmmono12-regular]:!
Missing character: There is no ↘ (U+2198) in font [lmmono12-regular]:!

Overfull \hbox (91.002pt too wide) in paragraph at lines 9493--9493
[]          \TU/lmtt/m/n/12 {{ levelTrend === 'rising' ? '↗ ' : levelTrend === 
'falling' ? '↘ ' : '→ ' }}[] 
 []


Overfull \hbox (28.66217pt too wide) in paragraph at lines 9518--9518
[]        \TU/lmtt/m/n/12 <button @click="simulateRainfall" :disabled="isSimula
ting"></button>[] 
 []


Overfull \hbox (10.12218pt too wide) in paragraph at lines 9519--9519
[]        \TU/lmtt/m/n/12 <button @click="adjustOutflow" :disabled="isSimulatin
g"></button>[] 
 []


Underfull \vbox (badness 10000) has occurred while \output is active []

 [282]
Overfull \hbox (41.02216pt too wide) in paragraph at lines 9530--9530
[]      \TU/lmtt/m/n/12 <div class="warning-item" v-for="warning in warnings" :
key="warning.id">[] 
 []


Overfull \hbox (84.28217pt too wide) in paragraph at lines 9531--9531
[]        \TU/lmtt/m/n/12 <span class="warning-level" :class="warning.level">{{
 warning.level }}</span>[] 
 []


Overfull \hbox (3.94218pt too wide) in paragraph at lines 9533--9533
[]        \TU/lmtt/m/n/12 <span class="warning-time">{{ formatTime(warning.time
) }}</span>[] 
 []


Underfull \vbox (badness 10000) has occurred while \output is active []

 [283]
Overfull \hbox (16.30215pt too wide) in paragraph at lines 9586--9586
[]  \TU/lmtt/m/n/12 if (newLevel < 175 && warnings.value.some(w => w.level === 
'warning')) {[] 
 []


Underfull \vbox (badness 10000) has occurred while \output is active []

 [284]
Underfull \vbox (badness 10000) has occurred while \output is active []

 [285]
Underfull \vbox (badness 10000) has occurred while \output is active []

 [286]
Underfull \vbox (badness 10000) has occurred while \output is active []

 [287]
Underfull \vbox (badness 10000) has occurred while \output is active []

 [288]
Underfull \vbox (badness 10000) has occurred while \output is active []

 [289]
Overfull \hbox (90.46216pt too wide) in paragraph at lines 9816--9816
[]        \TU/lmtt/m/n/12 <button @click="refreshAllData" :disabled="isLoading"
 class="btn btn-primary">[] 
 []


Overfull \hbox (47.20213pt too wide) in paragraph at lines 9819--9819
[]        \TU/lmtt/m/n/12 <button @click="showAddDialog = true" class="btn btn-
success"></button>[] 
 []


Underfull \vbox (badness 10000) has occurred while \output is active []

 [290]
Overfull \hbox (34.84212pt too wide) in paragraph at lines 9864--9864
[]            \TU/lmtt/m/n/12 <span class="value">{{ station.currentData.waterL
evel }} m</span>[] 
 []


Overfull \hbox (41.02213pt too wide) in paragraph at lines 9868--9868
[]            \TU/lmtt/m/n/12 <span class="value">{{ station.currentData.flowRa
te }} m³/s</span>[] 
 []


Overfull \hbox (22.48213pt too wide) in paragraph at lines 9872--9872
[]            \TU/lmtt/m/n/12 <span class="value">{{ formatTime(station.lastUpd
ate) }}</span>[] 
 []


Overfull \hbox (84.28215pt too wide) in paragraph at lines 9877--9877
[]          \TU/lmtt/m/n/12 <button @click="viewDetails(station)" class="btn bt
n-info btn-sm"></button>[] 
 []


Underfull \vbox (badness 10000) has occurred while \output is active []

 [291]
Overfull \hbox (102.82216pt too wide) in paragraph at lines 9878--9878
[]          \TU/lmtt/m/n/12 <button @click="editStation(station)" class="btn bt
n-warning btn-sm"></button>[] 
 []


Overfull \hbox (127.54214pt too wide) in paragraph at lines 9879--9879
[]          \TU/lmtt/m/n/12 <button @click="deleteStation(station.id)" class="b
tn btn-danger btn-sm"></button>[] 
 []


Overfull \hbox (152.26218pt too wide) in paragraph at lines 9885--9885
[]    \TU/lmtt/m/n/12 <div v-if="showAddDialog || editingStation" class="modal-
overlay" @click.self="closeDialog">[] 
 []


Overfull \hbox (10.12216pt too wide) in paragraph at lines 9889--9889
[]          \TU/lmtt/m/n/12 <button @click="closeDialog" class="close-btn">&tim
es;</button>[] 
 []


Underfull \vbox (badness 10000) has occurred while \output is active []

 [292]
Overfull \hbox (71.92213pt too wide) in paragraph at lines 9936--9936
[]            \TU/lmtt/m/n/12 <button type="submit" class="btn btn-primary" :di
sabled="isSubmitting">[] 
 []


Overfull \hbox (115.18214pt too wide) in paragraph at lines 9939--9939
[]            \TU/lmtt/m/n/12 <button type="button" @click="closeDialog" class=
"btn btn-secondary"></button>[] 
 []


Overfull \hbox (10.12213pt too wide) in paragraph at lines 9949--9949
[]\TU/lmtt/m/n/12 import { ref, reactive, computed, watch, onMounted, nextTick 
} from 'vue'[] 
 []


Underfull \vbox (badness 10000) has occurred while \output is active []

 [293]
Overfull \hbox (28.66217pt too wide) in paragraph at lines 9983--9983
[]    \TU/lmtt/m/n/12 result = result.filter(station => station.status === filt
erStatus.value)[] 
 []


Underfull \vbox (badness 10000) has occurred while \output is active []

 [294]
Underfull \vbox (badness 10000) has occurred while \output is active []

 [295]
Underfull \vbox (badness 10000) has occurred while \output is active []

 [296]
Underfull \vbox (badness 10000) has occurred while \output is active []

 [297]
Overfull \hbox (152.26216pt too wide) in paragraph at lines 10119--10119
[]      \TU/lmtt/m/n/12 const response = await WaterStationAPI.updateStation(ed
itingStation.value.id, stationForm)[] 
 []


Overfull \hbox (71.92213pt too wide) in paragraph at lines 10120--10120
[]      \TU/lmtt/m/n/12 const index = stations.value.findIndex(s => s.id === ed
itingStation.value.id)[] 
 []


Overfull \hbox (28.66214pt too wide) in paragraph at lines 10122--10122
[]        \TU/lmtt/m/n/12 stations.value[index] = { ...stations.value[index], .
..stationForm }[] 
 []


Underfull \vbox (badness 10000) has occurred while \output is active []

 [298]
Underfull \vbox (badness 10000) has occurred while \output is active []

 [299]
Underfull \vbox (badness 10000) has occurred while \output is active []

 [300]
Underfull \vbox (badness 10000) has occurred while \output is active []

 [301]
Underfull \vbox (badness 10000) has occurred while \output is active []

 [302]
Underfull \vbox (badness 10000) has occurred while \output is active []

 [303]
Underfull \vbox (badness 10000) has occurred while \output is active []

 [304]
Underfull \vbox (badness 10000) has occurred while \output is active []

 [305]
Underfull \vbox (badness 10000) has occurred while \output is active []

 [306]
Underfull \vbox (badness 10000) has occurred while \output is active []

 [307]
Underfull \vbox (badness 10000) has occurred while \output is active []

 [308]
Overfull \hbox (115.18213pt too wide) in paragraph at lines 10544--10544
[]          \TU/lmtt/m/n/12 <option v-for="station in availableStations" :key="
station.id" :value="station">[] 
 []


Overfull \hbox (53.38213pt too wide) in paragraph at lines 10566--10566
[]          \TU/lmtt/m/n/12 <span :class="getLevelClass(waterLevel)">{{ waterLe
vel || 0 }} </span>[] 
 []


Overfull \hbox (3.94211pt too wide) in paragraph at lines 10570--10570
[]          \TU/lmtt/m/n/12 <span>{{ selectedStation ? selectedStation.name : '
' }}</span>[] 
 []


Overfull \hbox (115.18214pt too wide) in paragraph at lines 10574--10574
[]          \TU/lmtt/m/n/12 <span>{{ selectedStation.longitude }}°E, {{ selecte
dStation.latitude }}°N</span>[] 
 []


Overfull \hbox (127.54214pt too wide) in paragraph at lines 10578--10578
[]          \TU/lmtt/m/n/12 <span :class="getWarningClass(waterLevel)">{{ getWa
rningText(waterLevel) }}</span>[] 
 []


Underfull \vbox (badness 10000) has occurred while \output is active []

 [309]
Overfull \hbox (96.64198pt too wide) in paragraph at lines 10615--10615
[]                \TU/lmtt/m/n/12 background: point > 15 ? '#ff4757' : point > 
10 ? '#ffa502' : '#2ed573'[] 
 []


Underfull \vbox (badness 10000) has occurred while \output is active []

 [310]
Underfull \vbox (badness 10000) has occurred while \output is active []

 [311]
Underfull \vbox (badness 10000) has occurred while \output is active []

 [312]
Overfull \hbox (115.18213pt too wide) in paragraph at lines 10734--10734
[]        \TU/lmtt/m/n/12 selectedStation.value = availableStations.value.find(
s => s.id === data.stationId)[] 
 []


Underfull \vbox (badness 10000) has occurred while \output is active []

 [313]
Underfull \vbox (badness 10000) has occurred while \output is active []

 [314]
Underfull \vbox (badness 10000) has occurred while \output is active []

 [315]
Underfull \vbox (badness 10000) has occurred while \output is active []

 [316]
Overfull \hbox (16.27818pt too wide) in paragraph at lines 10879--10879
[]  \TU/lmtt/m/n/12 background: linear-gradient(to top, #2ed573, #1890ff, #fa8c
16, #ff4757);[] 
 []


Underfull \vbox (badness 10000) has occurred while \output is active []

 [317]
Underfull \vbox (badness 10000) has occurred while \output is active []

 [318]
Underfull \vbox (badness 10000) has occurred while \output is active []

 [319]
Overfull \hbox (16.30219pt too wide) in paragraph at lines 11017--11017
[]    \TU/lmtt/m/n/12 <meta name="viewport" content="width=device-width, initia
l-scale=1.0">[] 
 []

[320]
Overfull \hbox (16.26614pt too wide) in paragraph at lines 11029--11029
[]            \TU/lmtt/m/n/12 background: linear-gradient(135deg, #667eea 0%, #
764ba2 100%);[] 
 []


Overfull \hbox (3.94214pt too wide) in paragraph at lines 11038--11038
[]            \TU/lmtt/m/n/12 grid-template-columns: repeat(auto-fit, minmax(30
0px, 1fr));[] 
 []


Underfull \vbox (badness 10000) has occurred while \output is active []

 [321]
Underfull \vbox (badness 10000) has occurred while \output is active []

 [322]
Overfull \hbox (53.38206pt too wide) in paragraph at lines 11127--11127
[]                \TU/lmtt/m/n/12 <p>: {{ formatDate(systemInfo.startTime) }} |
 : {{ uptime }}</p>[] 
 []


Overfull \hbox (22.48212pt too wide) in paragraph at lines 11132--11132
[]                \TU/lmtt/m/n/12 <div class="status-card" :class="getCardClass
('stations')">[] 
 []


Overfull \hbox (238.78204pt too wide) in paragraph at lines 11134--11134
[]                    \TU/lmtt/m/n/12 <div class="metric-value">{{ metrics.onli
neStations }} / {{ metrics.totalStations }}</div>[] 
 []


Overfull \hbox (22.48212pt too wide) in paragraph at lines 11140--11140
[]                \TU/lmtt/m/n/12 <div class="status-card" :class="getCardClass
('dataFlow')">[] 
 []


Underfull \vbox (badness 10000) has occurred while \output is active []

 [323]
Overfull \hbox (47.20207pt too wide) in paragraph at lines 11142--11142
[]                    \TU/lmtt/m/n/12 <div class="metric-value">{{ metrics.data
Flow }} MB/h</div>[] 
 []


Overfull \hbox (10.12212pt too wide) in paragraph at lines 11148--11148
[]                \TU/lmtt/m/n/12 <div class="status-card" :class="getCardClass
('alerts')">[] 
 []


Overfull \hbox (41.02208pt too wide) in paragraph at lines 11150--11150
[]                    \TU/lmtt/m/n/12 <div class="metric-value">{{ metrics.acti
veAlerts }}</div>[] 
 []


Overfull \hbox (16.30212pt too wide) in paragraph at lines 11156--11156
[]                \TU/lmtt/m/n/12 <div class="status-card" :class="getCardClass
('storage')">[] 
 []


Overfull \hbox (47.20209pt too wide) in paragraph at lines 11158--11158
[]                    \TU/lmtt/m/n/12 <div class="metric-value">{{ metrics.stor
ageUsage }}%</div>[] 
 []


Underfull \vbox (badness 10000) has occurred while \output is active []

 [324]
Overfull \hbox (16.30211pt too wide) in paragraph at lines 11205--11205
[]                \TU/lmtt/m/n/12 <h4 style="margin-top: 0;"> ({{ systemLogs.le
ngth }})</h4>[] 
 []


Overfull \hbox (47.20209pt too wide) in paragraph at lines 11206--11206
[]                \TU/lmtt/m/n/12 <div v-for="log in systemLogs" :key="log.id" 
class="log-entry">[] 
 []


Overfull \hbox (102.8221pt too wide) in paragraph at lines 11207--11207
[]                    \TU/lmtt/m/n/12 <span class="log-timestamp">[{{ formatTim
e(log.timestamp) }}]</span>[] 
 []


Overfull \hbox (41.02206pt too wide) in paragraph at lines 11208--11208
[]                    \TU/lmtt/m/n/12 <span :class="'log-' + log.level">{{ log.
message }}</span>[] 
 []


Overfull \hbox (109.00206pt too wide) in paragraph at lines 11216--11216
[]        \TU/lmtt/m/n/12 const { createApp, ref, reactive, computed, watch, on
Mounted, onUnmounted } = Vue[] 
 []


Underfull \vbox (badness 10000) has occurred while \output is active []

 [325]
Underfull \vbox (badness 10000) has occurred while \output is active []

 [326]
Overfull \hbox (133.72206pt too wide) in paragraph at lines 11274--11274
[]                    \TU/lmtt/m/n/12 return Math.round((metrics.onlineStations
 / metrics.totalStations) * 100)[] 
 []


Overfull \hbox (10.12204pt too wide) in paragraph at lines 11282--11282
[]                    \TU/lmtt/m/n/12 if (onlineRate < 80 || alertCount > 5) re
turn 'error'[] 
 []


Overfull \hbox (22.47005pt too wide) in paragraph at lines 11283--11283
[]                    \TU/lmtt/m/n/12 if (onlineRate < 95 || alertCount > 2) re
turn 'warning'[] 
 []


Overfull \hbox (22.48204pt too wide) in paragraph at lines 11290--11290
[]                \TU/lmtt/m/n/12 watch(() => metrics.activeAlerts, (newCount, 
oldCount) => {[] 
 []


Underfull \vbox (badness 10000) has occurred while \output is active []

 [327]
Overfull \hbox (84.28204pt too wide) in paragraph at lines 11300--11300
[]                    \TU/lmtt/m/n/12 const rate = Math.round((newCount / metri
cs.totalStations) * 100)[] 
 []


Overfull \hbox (22.48206pt too wide) in paragraph at lines 11316--11316
[]                    \TU/lmtt/m/n/12 await new Promise(resolve => setTimeout(r
esolve, 1500))[] 
 []


Overfull \hbox (84.28204pt too wide) in paragraph at lines 11320--11320
[]                        \TU/lmtt/m/n/12 metrics.onlineStations = Math.floor(M
ath.random() * 20) + 140[] 
 []


Overfull \hbox (115.16998pt too wide) in paragraph at lines 11321--11321
[]                        \TU/lmtt/m/n/12 metrics.dataFlow = Math.round((Math.r
andom() * 50 + 60) * 10) / 10[] 
 []


Overfull \hbox (28.66205pt too wide) in paragraph at lines 11322--11322
[]                        \TU/lmtt/m/n/12 metrics.activeAlerts = Math.floor(Mat
h.random() * 5)[] 
 []


Overfull \hbox (65.74203pt too wide) in paragraph at lines 11323--11323
[]                        \TU/lmtt/m/n/12 metrics.storageUsage = Math.floor(Mat
h.random() * 30) + 50[] 
 []


Underfull \vbox (badness 10000) has occurred while \output is active []

 [328]
Overfull \hbox (251.14197pt too wide) in paragraph at lines 11347--11347
[]                        \TU/lmtt/m/n/12 metrics.dataFlow = Math.round((metric
s.dataFlow + (Math.random() - 0.5) * 10) * 10) / 10[] 
 []


Overfull \hbox (96.64204pt too wide) in paragraph at lines 11348--11348
[]                        \TU/lmtt/m/n/12 metrics.dataFlow = Math.max(0, Math.m
in(200, metrics.dataFlow))[] 
 []


Underfull \vbox (badness 10000) has occurred while \output is active []

 [329]
Overfull \hbox (3.94206pt too wide) in paragraph at lines 11378--11378
[]                        \TU/lmtt/m/n/12 systemLogs.value = systemLogs.value.s
lice(0, 50)[] 
 []


Overfull \hbox (22.48198pt too wide) in paragraph at lines 11386--11386
[]                            \TU/lmtt/m/n/12 return stationOnlineRate.value < 
80 ? 'error' :[] 
 []


Overfull \hbox (96.62993pt too wide) in paragraph at lines 11387--11387
[]                                   \TU/lmtt/m/n/12 stationOnlineRate.value < 
95 ? 'warning' : 'success'[] 
 []


Overfull \hbox (59.56194pt too wide) in paragraph at lines 11390--11390
[]                                   \TU/lmtt/m/n/12 metrics.dataFlow > 100 ? '
warning' : 'success'[] 
 []


Overfull \hbox (71.92192pt too wide) in paragraph at lines 11393--11393
[]                                   \TU/lmtt/m/n/12 metrics.activeAlerts > 2 ?
 'warning' : 'success'[] 
 []


Overfull \hbox (3.93pt too wide) in paragraph at lines 11395--11395
[]                            \TU/lmtt/m/n/12 return metrics.storageUsage > 90 
? 'error' :[] 
 []


Overfull \hbox (78.10193pt too wide) in paragraph at lines 11396--11396
[]                                   \TU/lmtt/m/n/12 metrics.storageUsage > 80 
? 'warning' : 'success'[] 
 []


Overfull \hbox (176.98209pt too wide) in paragraph at lines 11404--11404
[]                    \TU/lmtt/m/n/12 return date.toLocaleDateString('zh-CN') +
 ' ' + date.toLocaleTimeString('zh-CN')[] 
 []


Underfull \vbox (badness 10000) has occurred while \output is active []

 [330]
Overfull \hbox (96.60597pt too wide) in paragraph at lines 11417--11417
[]                    \TU/lmtt/m/n/12 const minutes = Math.floor((diff % (1000 
* 60 * 60)) / (1000 * 60))[] 
 []


Overfull \hbox (22.47pt too wide) in paragraph at lines 11418--11418
[]                    \TU/lmtt/m/n/12 const seconds = Math.floor((diff % (1000 
* 60)) / 1000)[] 
 []


Overfull \hbox (492.16205pt too wide) in paragraph at lines 11420--11420
[]                    \TU/lmtt/m/n/12 uptime.value = `${hours.toString().padSta
rt(2, '0')}:${minutes.toString().padStart(2, '0')}:${seconds.toString().padStar
t(2, '0')}`[] 
 []


Underfull \vbox (badness 10000) has occurred while \output is active []

 [331]
Underfull \vbox (badness 10000) has occurred while \output is active []

 [332]
Overfull \hbox (47.20216pt too wide) in paragraph at lines 11521--11521
[]        \TU/lmtt/m/n/12 <div v-for="sensor in sensorList" :key="sensor.id" cl
ass="sensor-card">[] 
 []


Underfull \vbox (badness 10000) has occurred while \output is active []

 [333]
Overfull \hbox (47.20212pt too wide) in paragraph at lines 11566--11566
[]            \TU/lmtt/m/n/12 <div v-for="(threshold, key) in config.alertThres
holds" :key="key">[] 
 []


Underfull \vbox (badness 10000) has occurred while \output is active []

 [334]
Underfull \vbox (badness 10000) has occurred while \output is active []

 [335]
Overfull \hbox (22.48216pt too wide) in paragraph at lines 11615--11615
[]        \TU/lmtt/m/n/12 <button type="submit" class="btn btn-primary" :disabl
ed="isSaving">[] 
 []


Underfull \vbox (badness 10000) has occurred while \output is active []

 [336]
Underfull \vbox (badness 10000) has occurred while \output is active []

 [337]
Underfull \vbox (badness 10000) has occurred while \output is active []

 [338]
Underfull \vbox (badness 10000) has occurred while \output is active []

 [339]
Underfull \vbox (badness 10000) has occurred while \output is active []

 [340]
Underfull \vbox (badness 10000) has occurred while \output is active []

 [341]
Underfull \vbox (badness 10000) has occurred while \output is active []

 [342]
Underfull \vbox (badness 10000) has occurred while \output is active []

 [343]
Underfull \vbox (badness 10000) has occurred while \output is active []

 [344]
Underfull \vbox (badness 10000) has occurred while \output is active []

 [345]
Underfull \vbox (badness 10000) has occurred while \output is active []

 [346]
Underfull \vbox (badness 10000) has occurred while \output is active []

 [347]
Underfull \vbox (badness 10000) has occurred while \output is active []

 [348]
Overfull \hbox (22.48215pt too wide) in paragraph at lines 12142--12142
[]        \TU/lmtt/m/n/12 <span v-if="systemStatus === 'healthy'" class="status
-icon"></span>[] 
 []


Overfull \hbox (53.38214pt too wide) in paragraph at lines 12143--12143
[]        \TU/lmtt/m/n/12 <span v-else-if="systemStatus === 'warning'" class="s
tatus-icon"></span>[] 
 []


Overfull \hbox (41.02214pt too wide) in paragraph at lines 12144--12144
[]        \TU/lmtt/m/n/12 <span v-else-if="systemStatus === 'error'" class="sta
tus-icon"></span>[] 
 []


Underfull \vbox (badness 10000) has occurred while \output is active []

 [349]
Overfull \hbox (84.28206pt too wide) in paragraph at lines 12176--12176
[]              \TU/lmtt/m/n/12 :style="{ color: station.status === 'online' ? 
'#52c41a' : '#ff4757' }"[] 
 []


Overfull \hbox (34.84215pt too wide) in paragraph at lines 12189--12189
[]              \TU/lmtt/m/n/12 <span class="data-label">{{ getMeasurementLabel
(key) }}:</span>[] 
 []


Underfull \vbox (badness 10000) has occurred while \output is active []

 [350]
Overfull \hbox (109.00212pt too wide) in paragraph at lines 12201--12201
[]          \TU/lmtt/m/n/12 <div v-if="station.alerts && station.alerts.length 
> 0" class="station-alerts">[] 
 []


Overfull \hbox (34.84213pt too wide) in paragraph at lines 12208--12208
[]              \TU/lmtt/m/n/12 <span class="alert-icon">{{ getAlertIcon(alert.
level) }}</span>[] 
 []


Overfull \hbox (176.98212pt too wide) in paragraph at lines 12217--12217
[]              \TU/lmtt/m/n/12 :class="{ 'btn-primary': !station.isMonitoring,
 'btn-warning': station.isMonitoring }"[] 
 []


Underfull \vbox (badness 10000) has occurred while \output is active []

 [351]
Underfull \vbox (badness 10000) has occurred while \output is active []

 [352]
Underfull \vbox (badness 10000) has occurred while \output is active []

 [353]
Overfull \hbox (41.02211pt too wide) in paragraph at lines 12338--12338
[]            \TU/lmtt/m/n/12 <template v-for="station in paginatedTableData" :
key="station.id">[] 
 []


Overfull \hbox (47.2021pt too wide) in paragraph at lines 12341--12341
[]                \TU/lmtt/m/n/12 :class="{ 'selected': selectedTableRows.inclu
des(station.id) }"[] 
 []


Underfull \vbox (badness 10000) has occurred while \output is active []

 [354]
Underfull \vbox (badness 10000) has occurred while \output is active []

 [355]
Overfull \hbox (139.90205pt too wide) in paragraph at lines 12391--12391
[]                          \TU/lmtt/m/n/12 <span class="measurement-name">{{ g
etMeasurementLabel(key) }}</span>[] 
 []


Overfull \hbox (139.90202pt too wide) in paragraph at lines 12392--12392
[]                          \TU/lmtt/m/n/12 <span class="measurement-value">{{ 
formatValue(key, value) }}</span>[] 
 []


Underfull \vbox (badness 10000) has occurred while \output is active []

 [356]
Overfull \hbox (34.84204pt too wide) in paragraph at lines 12461--12461
[]                  \TU/lmtt/m/n/12 height: (dataPoint.value / chartData.maxVal
ue * 100) + '%',[] 
 []


Overfull \hbox (16.30211pt too wide) in paragraph at lines 12462--12462
[]                  \TU/lmtt/m/n/12 backgroundColor: getBarColor(dataPoint.valu
e, chartData)[] 
 []


Overfull \hbox (65.74214pt too wide) in paragraph at lines 12464--12464
[]                \TU/lmtt/m/n/12 :title="`${dataPoint.label}: ${dataPoint.valu
e}${chartData.unit}`"[] 
 []


Underfull \vbox (badness 10000) has occurred while \output is active []

 [357]
Overfull \hbox (10.12213pt too wide) in paragraph at lines 12487--12487
[]\TU/lmtt/m/n/12 import { ref, reactive, computed, watch, nextTick, onMounted 
} from 'vue'[] 
 []


Underfull \vbox (badness 10000) has occurred while \output is active []

 [358]
Underfull \vbox (badness 10000) has occurred while \output is active []

 [359]
Underfull \vbox (badness 10000) has occurred while \output is active []

 [360]
Underfull \vbox (badness 10000) has occurred while \output is active []

 [361]
Overfull \hbox (3.9422pt too wide) in paragraph at lines 12655--12655
[]\TU/lmtt/m/n/12 const systemStatusClass = computed(() => `status-${systemStat
us.value}`)[] 
 []


Underfull \vbox (badness 10000) has occurred while \output is active []

 [362]
Overfull \hbox (226.42215pt too wide) in paragraph at lines 12667--12667
[]  \TU/lmtt/m/n/12 return `: ${Math.round(onlineStations.value / totalStations
.value * 100)}%, : ${dataIntegrityRate.value}%`[] 
 []


Overfull \hbox (41.02217pt too wide) in paragraph at lines 12689--12689
[]    \TU/lmtt/m/n/12 result = result.filter(station => station.status === sele
ctedStatus.value)[] 
 []


Overfull \hbox (34.84218pt too wide) in paragraph at lines 12695--12695
[]      \TU/lmtt/m/n/12 selectedRegions.value.some(region => station.location.i
ncludes(region))[] 
 []


Underfull \vbox (badness 10000) has occurred while \output is active []

 [363]
Underfull \vbox (badness 10000) has occurred while \output is active []

 [364]
Underfull \vbox (badness 10000) has occurred while \output is active []

 [365]
Missing character: There is no ℹ (U+2139) in font [lmmono12-regular]:!

Underfull \vbox (badness 10000) has occurred while \output is active []

 [366]
Overfull \hbox (3.94212pt too wide) in paragraph at lines 12852--12852
[]    \TU/lmtt/m/n/12 sortDirection.value = sortDirection.value === 'asc' ? 'de
sc' : 'asc'[] 
 []


Underfull \vbox (badness 10000) has occurred while \output is active []

 [367]
Missing character: There is no ↕ (U+2195) in font [lmmono12-regular]:!

Overfull \hbox (71.92213pt too wide) in paragraph at lines 12886--12886
[]    \TU/lmtt/m/n/12 borderLeft: `4px solid ${chartData.trend === 'rising' ? '
#52c41a' : '#ff4757'}`[] 
 []


Underfull \vbox (badness 10000) has occurred while \output is active []

 [368]
Missing character: There is no ↗ (U+2197) in font [lmmono12-regular]:!
Missing character: There is no ↘ (U+2198) in font [lmmono12-regular]:!

Underfull \vbox (badness 10000) has occurred while \output is active []

 [369]
Underfull \vbox (badness 10000) has occurred while \output is active []

 [370]
Underfull \vbox (badness 10000) has occurred while \output is active []

 [371]
Underfull \vbox (badness 10000) has occurred while \output is active []

 [372]
Underfull \vbox (badness 10000) has occurred while \output is active []

 [373]
Underfull \vbox (badness 10000) has occurred while \output is active []

 [374]
Underfull \vbox (badness 10000) has occurred while \output is active []

 [375]
Underfull \vbox (badness 10000) has occurred while \output is active []

 [376]
Underfull \vbox (badness 10000) has occurred while \output is active []

 [377]
Underfull \vbox (badness 10000) has occurred while \output is active []

 [378]
Underfull \vbox (badness 10000) has occurred while \output is active []

 [379]
Underfull \vbox (badness 10000) has occurred while \output is active []

 [380]
Underfull \vbox (badness 10000) has occurred while \output is active []

 [381]
Underfull \vbox (badness 10000) has occurred while \output is active []

 [382]
Underfull \vbox (badness 10000) has occurred while \output is active []

 [383]
Underfull \vbox (badness 10000) has occurred while \output is active []

 [384]
Underfull \vbox (badness 10000) has occurred while \output is active []

 [385]
Underfull \vbox (badness 10000) has occurred while \output is active []

 [386]
Underfull \vbox (badness 10000) has occurred while \output is active []

 [387]
[388]
Overfull \hbox (3.94212pt too wide) in paragraph at lines 13704--13704
[]      \TU/lmtt/m/n/12 :to="{ name: 'StationDetail', params: { stationId: stat
ion.id } }"[] 
 []

[389]
Underfull \vbox (badness 10000) has occurred while \output is active []

 [390]
Underfull \vbox (badness 2689) has occurred while \output is active []

 [391]
[392]
Overfull \hbox (3.94218pt too wide) in paragraph at lines 13851--13851
[]    \TU/lmtt/m/n/12 return stations.value.filter(station => station.status ==
= 'online')[] 
 []


Overfull \hbox (3.94217pt too wide) in paragraph at lines 13884--13884
[]    \TU/lmtt/m/n/12 selectedStation.value = stations.value.find(s => s.id ===
 stationId)[] 
 []


Underfull \vbox (badness 10000) has occurred while \output is active []

 [393]
Overfull \hbox (16.30217pt too wide) in paragraph at lines 13906--13906
[]        \TU/lmtt/m/n/12 <div class="value">{{ stationStore.statusStatistics.t
otal }}</div>[] 
 []


Overfull \hbox (22.48216pt too wide) in paragraph at lines 13910--13910
[]        \TU/lmtt/m/n/12 <div class="value">{{ stationStore.statusStatistics.o
nline }}</div>[] 
 []

[394]
Underfull \vbox (badness 10000) has occurred while \output is active []

 [395]
[396]
! Too many }'s.
l.14076 ...on?.toLowerCase().includes(keyword) ) }
                                                  
You've closed more groups than you opened.
Such booboos are generally harmless, so keep going.


Overfull \hbox (90.47426pt too wide) in paragraph at lines 14075--14077
[]\TU/lmr/m/n/12 ““ station.id.toLowerCase().includes(keyword) || station.locat
ion?.toLowerCase().includes(keyword)
 []

[397]
! Too many }'s.
l.14082 }
         
You've closed more groups than you opened.
Such booboos are generally harmless, so keep going.

! Too many }'s.
l.14086 ...t(stationId).callbacks.push(callback) }
                                                   else \{
You've closed more groups than you opened.
Such booboos are generally harmless, so keep going.

! Too many }'s.
<recently read> }
                 
l.14088 ....VITE\_WS\_URL}/stations/\$\{stationId}
                                                  /realtime})
You've closed more groups than you opened.
Such booboos are generally harmless, so keep going.

! Too many }'s.
<recently read> }
                 
l.14088 ..._URL}/stations/\$\{stationId}/realtime}
                                                  )
You've closed more groups than you opened.
Such booboos are generally harmless, so keep going.


Overfull \hbox (88.93507pt too wide) in paragraph at lines 14084--14089
[]\TU/lmr/m/n/12 // const subscribeRealTimeData = (stationId, callback) => { if
 (subscriptions.value.has(stationId))
 []


Overfull \hbox (29.44229pt too wide) in paragraph at lines 14084--14089
\TU/lmr/m/n/12 socket = new WebSocket(\TU/lmtt/m/n/12 ${import.meta.env.VITE_WS
_URL\TU/lmr/m/n/12 /stations/${stationId/realtime) 
 []

! Too many }'s.
l.14124 }
         
You've closed more groups than you opened.
Such booboos are generally harmless, so keep going.

[398]
! Too many }'s.
l.14150 }
         
You've closed more groups than you opened.
Such booboos are generally harmless, so keep going.

! Too many }'s.
l.14153 ...dots filters.value, \ldots newFilters }
                                                   }
You've closed more groups than you opened.
Such booboos are generally harmless, so keep going.

! Too many }'s.
l.14153 ...ts filters.value, \ldots newFilters } }
                                                  
You've closed more groups than you opened.
Such booboos are generally harmless, so keep going.

! Too many }'s.
l.14157 ...\{ current: 1, pageSize: 12, total: 0 }
                                                  
You've closed more groups than you opened.
Such booboos are generally harmless, so keep going.

! Too many }'s.
l.14159 keyword:'' }
                    
You've closed more groups than you opened.
Such booboos are generally harmless, so keep going.

! Too many }'s.
l.14169 }
         
You've closed more groups than you opened.
Such booboos are generally harmless, so keep going.


Overfull \hbox (48.02309pt too wide) in paragraph at lines 14171--14175
[]\TU/lmr/m/n/12 // store return { // stations: readonly(stations), selectedSta
tion: readonly(selectedStation),
 []

[399]
! Too many }'s.
l.14201 }
          })
You've closed more groups than you opened.
Such booboos are generally harmless, so keep going.

! Too many }'s.
l.14201 } }
           )
You've closed more groups than you opened.
Such booboos are generally harmless, so keep going.

[400]
Underfull \vbox (badness 10000) has occurred while \output is active []

 [401]
Underfull \vbox (badness 10000) has occurred while \output is active []

 [402]
Overfull \hbox (3.9422pt too wide) in paragraph at lines 14302--14302
[]  \TU/lmtt/m/n/12 const response = await fetch(`/api/stations/${stationId}/wa
ter-level`)[] 
 []


Overfull \hbox (16.30219pt too wide) in paragraph at lines 14315--14315
[]\TU/lmtt/m/n/12 import { getWaterLevelData, getWaterLevelHistory } from '@/ap
i/waterLevel'[] 
 []


Overfull \hbox (59.56218pt too wide) in paragraph at lines 14321--14321
[]    \TU/lmtt/m/n/12 this.historyData = await getWaterLevelHistory(this.statio
nId, this.dateRange)[] 
 []


Underfull \vbox (badness 10000) has occurred while \output is active []

 [403]
Underfull \vbox (badness 10000) has occurred while \output is active []

 [404]
[405]
Overfull \hbox (269.68211pt too wide) in paragraph at lines 14449--14449
[]\TU/lmtt/m/n/12 ? Check the features needed for your project: (Press <space> 
to select, <a> to toggle all, <i> to invert selection)[] 
 []

[406] [407]
Underfull \vbox (badness 10000) has occurred while \output is active []

 [408]
[409] [410] [411] [412]
Overfull \hbox (59.56218pt too wide) in paragraph at lines 14768--14768
[]  \TU/lmtt/m/n/12 publicPath: process.env.NODE_ENV === 'production' ? '/water
-monitoring/' : '/',[] 
 []

[413]
Underfull \vbox (badness 10000) has occurred while \output is active []

 [414]
[415] [416]
Underfull \vbox (badness 10000) has occurred while \output is active []

 [417]
[418]
Overfull \hbox (53.38219pt too wide) in paragraph at lines 15003--15003
[]      \TU/lmtt/m/n/12 'process.env.VUE_APP_API_URL': JSON.stringify(process.e
nv.VUE_APP_API_URL)[] 
 []

[419] [420] [421] [422] [423] [424]
Overfull \hbox (3.94218pt too wide) in paragraph at lines 15333--15333
[]      \TU/lmtt/m/n/12 key: fs.readFileSync(path.resolve(__dirname, 'certs/ser
ver.key')),[] 
 []


Overfull \hbox (3.94218pt too wide) in paragraph at lines 15334--15334
[]      \TU/lmtt/m/n/12 cert: fs.readFileSync(path.resolve(__dirname, 'certs/se
rver.crt'))[] 
 []


Underfull \vbox (badness 10000) has occurred while \output is active []

 [425]
Underfull \vbox (badness 10000) has occurred while \output is active []

 [426]
Underfull \vbox (badness 10000) has occurred while \output is active []

 [427]
[428]
Underfull \vbox (badness 10000) has occurred while \output is active []

 [429]
[430]
Overfull \hbox (59.5622pt too wide) in paragraph at lines 15553--15553
[]    \TU/lmtt/m/n/12 performanceMonitor: process.env.VUE_APP_ENABLE_PERFORMANC
E_MONITOR === 'true'[] 
 []


Underfull \vbox (badness 10000) has occurred while \output is active []

 [431]
Overfull \hbox (22.48213pt too wide) in paragraph at lines 15610--15610
[]      \TU/lmtt/m/n/12 return config.map.type === 'amap' ? AmapComponent : Bai
duMapComponent[] 
 []


Underfull \vbox (badness 10000) has occurred while \output is active []

 [432]
Overfull \hbox (22.48218pt too wide) in paragraph at lines 15652--15652
[]    \TU/lmtt/m/n/12 } else if (hostname.includes('staging') || hostname.inclu
des('test')) {[] 
 []


Underfull \vbox (badness 10000) has occurred while \output is active []

 [433]
[434] [435] [436]
Overfull \hbox (10.12218pt too wide) in paragraph at lines 15796--15796
[]    \TU/lmtt/m/n/12 result.averages = calculateDataAverages(data, options.ave
ragePeriod);[] 
 []


Overfull \hbox (22.4822pt too wide) in paragraph at lines 15800--15800
[]    \TU/lmtt/m/n/12 result.anomalies = detectDataAnomalies(data, options.anom
alyThreshold);[] 
 []


Underfull \vbox (badness 10000) has occurred while \output is active []

 [437]
Underfull \vbox (badness 10000) has occurred while \output is active []

 [438]
Overfull \hbox (10.12216pt too wide) in paragraph at lines 15902--15902
[]    \TU/lmtt/m/n/12 'no-console': process.env.NODE_ENV === 'production' ? 'wa
rn' : 'off',[] 
 []


Overfull \hbox (16.30215pt too wide) in paragraph at lines 15903--15903
[]    \TU/lmtt/m/n/12 'no-debugger': process.env.NODE_ENV === 'production' ? 'w
arn' : 'off',[] 
 []


Underfull \vbox (badness 10000) has occurred while \output is active []

 [439]
Underfull \vbox (badness 10000) has occurred while \output is active []

 [440]
[441]
Overfull \hbox (34.84215pt too wide) in paragraph at lines 16026--16026
[]\TU/lmtt/m/n/12 function createChart(type, data, width, height, colors, optio
ns, callbacks) {[] 
 []


Underfull \vbox (badness 10000) has occurred while \output is active []

 [442]
[443]
Overfull \hbox (34.8422pt too wide) in paragraph at lines 16104--16104
[]\TU/lmtt/m/n/12 npm install --save-dev prettier eslint-config-prettier eslint
-plugin-prettier[] 
 []

[444] [445]
Missing character: There is no 🧪 (U+1F9EA) in font [lmmono12-regular]:!
[446] [447]
Overfull \hbox (146.08208pt too wide) in paragraph at lines 16272--16272
[]    \TU/lmtt/m/n/12 'subject-case': [2, 'never', ['sentence-case', 'start-cas
e', 'pascal-case', 'upper-case']],[] 
 []

[448]
Underfull \vbox (badness 10000) has occurred while \output is active []

 [449]
Overfull \hbox (90.46213pt too wide) in paragraph at lines 16358--16358
[]          \TU/lmtt/m/n/12 <option v-for="period in periods" :key="period.valu
e" :value="period.value">[] 
 []

[450]
Underfull \vbox (badness 10000) has occurred while \output is active []

 [451]
Overfull \hbox (22.4822pt too wide) in paragraph at lines 16429--16429
[]  \TU/lmtt/m/n/12 return periods.find(p => p.value === selectedPeriod.value) 
|| periods[1];[] 
 []


Underfull \vbox (badness 10000) has occurred while \output is active []

 [452]
Overfull \hbox (65.74216pt too wide) in paragraph at lines 16495--16495
[]    \TU/lmtt/m/n/12 const response = await fetch(`/api/stations/${props.stati
onId}/water-level`, {[] 
 []


Underfull \vbox (badness 10000) has occurred while \output is active []

 [453]
Overfull \hbox (53.38216pt too wide) in paragraph at lines 16514--16514
[]    \TU/lmtt/m/n/12 error.value = err instanceof Error ? err.message : 'Unkno
wn error occurred';[] 
 []


Underfull \vbox (badness 10000) has occurred while \output is active []

 [454]
Underfull \vbox (badness 10000) has occurred while \output is active []

 [455]
Underfull \vbox (badness 10000) has occurred while \output is active []

 [456]
Underfull \vbox (badness 10000) has occurred while \output is active []

 [457]
Overfull \hbox (3884.44199pt too wide) in paragraph at lines 16683--16683
[]\TU/lmtt/m/n/12 <parameter name="todos">[{"content": "\u9605\u8bfbchapter04.m
d\u5927\u7eb2\uff0c\u4e86\u89e34.6\u8282\u7684\u8981\u6c42\u548c\u7ed3\u6784", 
"id": "read-outline", "status": "completed"}, {"content": "\u5206\u67904.6\u828
2\u9700\u8981\u64b0\u5199\u7684\u5185\u5bb9\u548c\u6df1\u5ea6\u8981\u6c42", "id
": "analyze-requirements", "status": "completed"}, {"content": "\u64b0\u51994.6
\u8282\u5185\u5bb9\uff0c\u5305\u542b\u8be6\u7ec6\u7406\u8bba\u9610\u8ff0\u548c\
u5b9e\u8df5\u6848\u4f8b", "id": "write-content", "status": "completed"}, {"cont
ent": "\u68c0\u67e5\u5185\u5bb9\u4e0e\u524d\u9762\u7ae0\u8282\u7684\u4e00\u81f4
\u6027\u548c\u8fde\u8d2f\u6027", "id": "review-consistency", "status": "in_prog
ress"}][] 
 []


Underfull \vbox (badness 10000) has occurred while \output is active []

 [458]
Underfull \vbox (badness 10000) has occurred while \output is active []

 [459]
Underfull \vbox (badness 10000) has occurred while \output is active []

 [460]
[461] [462]
Overfull \hbox (28.66214pt too wide) in paragraph at lines 16939--16939
[]      \TU/lmtt/m/n/12 const response = await fetch(this.currentProvider.baseU
rl + '/health')[] 
 []

[463]
Underfull \hbox (badness 10000) in paragraph at lines 16969--16971

 []

[464] [465]
Underfull \hbox (badness 10000) in paragraph at lines 17094--17096

 []

[466] [467] [468] [469] [470] [471]) (./chapters/chapter05.tex [472] [473]
[474] [475] [476] [477] [478]
Underfull \vbox (badness 10000) has occurred while \output is active []

 [479]
Underfull \vbox (badness 10000) has occurred while \output is active []

 [480]
Overfull \hbox (109.00218pt too wide) in paragraph at lines 493--493
[]    \TU/lmtt/m/n/12 public ResponseEntity<WaterLevelData> getWaterLevel(@Path
Variable String stationId) {[] 
 []


Overfull \hbox (47.20215pt too wide) in paragraph at lines 497--497
[]            \TU/lmtt/m/n/12 WaterLevelData data = waterLevelService.getCurren
tLevel(stationId);[] 
 []


Underfull \vbox (badness 10000) has occurred while \output is active []

 [481]
Overfull \hbox (71.92215pt too wide) in paragraph at lines 506--506
[]            \TU/lmtt/m/n/12 return ResponseEntity.status(HttpStatus.INTERNAL_
SERVER_ERROR).build();[] 
 []


Overfull \hbox (16.30219pt too wide) in paragraph at lines 537--537
[]        \TU/lmtt/m/n/12 WaterLevelData data = repository.findLatestByStationI
d(stationId);[] 
 []


Underfull \vbox (badness 10000) has occurred while \output is active []

 [482]
Overfull \hbox (28.66216pt too wide) in paragraph at lines 548--548
[]            \TU/lmtt/m/n/12 alertService.triggerWaterLevelAlert(stationId, da
ta.getLevel());[] 
 []


Overfull \hbox (102.82214pt too wide) in paragraph at lines 563--563
[]        \TU/lmtt/m/n/12 double historicalAverage = repository.getHistoricalAv
erage(stationId, 30); // 30[] 
 []


Overfull \hbox (16.30219pt too wide) in paragraph at lines 564--564
[]        \TU/lmtt/m/n/12 data.setComparedToHistorical(data.getLevel() - histor
icalAverage);[] 
 []


Underfull \vbox (badness 10000) has occurred while \output is active []

 [483]
Overfull \hbox (65.74213pt too wide) in paragraph at lines 594--594
[]        \TU/lmtt/m/n/12 long dataAge = System.currentTimeMillis() - data.getT
imestamp().getTime();[] 
 []


Underfull \vbox (badness 10000) has occurred while \output is active []

 [484]
Overfull \hbox (108.99008pt too wide) in paragraph at lines 642--642
[]        \TU/lmtt/m/n/12 Date startDate = new Date(System.currentTimeMillis() 
- days * 24 * 3600 * 1000L);[] 
 []


Underfull \vbox (badness 10000) has occurred while \output is active []

 [485]
Overfull \hbox (34.84218pt too wide) in paragraph at lines 664--664
[]    \TU/lmtt/m/n/12 private WaterLevelData convertToBusinessObject(WaterLevel
Entity entity) {[] 
 []


Underfull \vbox (badness 10000) has occurred while \output is active []

 [486]
Underfull \vbox (badness 10000) has occurred while \output is active []

 [487]
[488]
Overfull \hbox (109.00218pt too wide) in paragraph at lines 788--788
[]    \TU/lmtt/m/n/12 public ResponseEntity<WaterLevelData> getWaterLevel(@Path
Variable String stationId) {[] 
 []


Overfull \hbox (53.38217pt too wide) in paragraph at lines 795--795
[]        \TU/lmtt/m/n/12 WaterLevelData data = waterLevelService.getCurrentWat
erLevel(stationId);[] 
 []


Overfull \hbox (16.30219pt too wide) in paragraph at lines 820--820
[]        \TU/lmtt/m/n/12 WaterLevelData data = repository.findLatestByStationI
d(stationId);[] 
 []


Underfull \vbox (badness 10000) has occurred while \output is active []

 [489]
Overfull \hbox (34.84212pt too wide) in paragraph at lines 823--823
[]        \TU/lmtt/m/n/12 if (data != null && data.getLevel() > getAlertThresho
ld(stationId)) {[] 
 []


Overfull \hbox (28.66216pt too wide) in paragraph at lines 824--824
[]            \TU/lmtt/m/n/12 alertService.triggerWaterLevelAlert(stationId, da
ta.getLevel());[] 
 []


Overfull \hbox (65.74217pt too wide) in paragraph at lines 858--858
[]\TU/lmtt/m/n/12 public interface WaterDataRepository extends JpaRepository<Wa
terLevelData, Long> {[] 
 []


Underfull \vbox (badness 10000) has occurred while \output is active []

 [490]
Overfull \hbox (47.20224pt too wide) in paragraph at lines 865--865
[]    \TU/lmtt/m/n/12 WaterLevelData findLatestByStationIdOrderByTimestampDesc(
String stationId);[] 
 []


Overfull \hbox (325.30225pt too wide) in paragraph at lines 875--875
[]\TU/lmtt/m/n/12 1. **Controller**`WaterLevelController`HTTP`@RestController`R
ESTJSON`@GetMapping("/{stationId}")`GET`{stationId}`SpringURLID[] 
 []


Overfull \hbox (96.64224pt too wide) in paragraph at lines 879--879
[]\TU/lmtt/m/n/12 3. **Repository**`WaterDataRepository``JpaRepository`Spring D
ata JPASpringCRUDSpringSQL[] 
 []


Underfull \vbox (badness 10000) has occurred while \output is active []

 [491]
Overfull \hbox (10.12222pt too wide) in paragraph at lines 901--901
[]\TU/lmtt/m/n/12 Spring Boot****Spring Boot****Spring DataNoSQLSpring Security
Spring Cloud[] 
 []


Overfull \hbox (59.56216pt too wide) in paragraph at lines 918--918
[]    \TU/lmtt/m/n/12 public Map<String, Object> getStationStatus(@PathVariable
 String stationId) {[] 
 []


Underfull \vbox (badness 10000) has occurred while \output is active []

 [492]
Overfull \hbox (10.12218pt too wide) in paragraph at lines 952--952
[]        \TU/lmtt/m/n/12 'timestamp': pd.date_range('2024-01-01', periods=100,
 freq='1H'),[] 
 []


Underfull \vbox (badness 10000) has occurred while \output is active []

 [493]
Underfull \vbox (badness 10000) has occurred while \output is active []

 [494]
[495]
Overfull \hbox (10.1222pt too wide) in paragraph at lines 1097--1097
[]    \TU/lmtt/m/n/12 public WaterLevelData getWaterLevel(@PathVariable String 
stationId) {[] 
 []

[496] [497]
Underfull \vbox (badness 10000) has occurred while \output is active []

 [498]
Overfull \hbox (16.30215pt too wide) in paragraph at lines 1199--1199
[]        \TU/lmtt/m/n/12 List<WaterData> savedData = waterDataService.batchSav
e(validData);[] 
 []


Underfull \vbox (badness 10000) has occurred while \output is active []

 [499]
Underfull \vbox (badness 10000) has occurred while \output is active []

 [500]
[501]
Overfull \hbox (3.9422pt too wide) in paragraph at lines 1347--1347
[]    \TU/lmtt/m/n/12 public ResponseEntity<Station> getStation(@PathVariable S
tring id) {[] 
 []


Underfull \vbox (badness 10000) has occurred while \output is active []

 [502]
Overfull \hbox (96.64218pt too wide) in paragraph at lines 1393--1393
[]    \TU/lmtt/m/n/12 public ResponseEntity<Station> createStation(@Valid @Requ
estBody Station station) {[] 
 []


Overfull \hbox (10.12216pt too wide) in paragraph at lines 1412--1412
[]            \TU/lmtt/m/n/12 return ResponseEntity.created(location).body(crea
tedStation);[] 
 []


Overfull \hbox (10.12216pt too wide) in paragraph at lines 1416--1416
[]            \TU/lmtt/m/n/12 return ResponseEntity.status(HttpStatus.CONFLICT)
.body(null);[] 
 []


Underfull \vbox (badness 10000) has occurred while \output is active []

 [503]
Overfull \hbox (90.46216pt too wide) in paragraph at lines 1419--1419
[]            \TU/lmtt/m/n/12 return ResponseEntity.status(HttpStatus.INTERNAL_
SERVER_ERROR).body(null);[] 
 []


Overfull \hbox (3.94212pt too wide) in paragraph at lines 1436--1436
[]            \TU/lmtt/m/n/12 Station updatedStation = stationService.update(id
, station);[] 
 []


Overfull \hbox (22.4821pt too wide) in paragraph at lines 1440--1440
[]                \TU/lmtt/m/n/12 return ResponseEntity.notFound().build();  //
 404 Not Found[] 
 []


Overfull \hbox (90.46216pt too wide) in paragraph at lines 1443--1443
[]            \TU/lmtt/m/n/12 return ResponseEntity.status(HttpStatus.INTERNAL_
SERVER_ERROR).body(null);[] 
 []


Underfull \vbox (badness 10000) has occurred while \output is active []

 [504]
Overfull \hbox (47.20212pt too wide) in paragraph at lines 1457--1457
[]            \TU/lmtt/m/n/12 Station updatedStation = stationService.partialUp
date(id, updates);[] 
 []


Overfull \hbox (90.46216pt too wide) in paragraph at lines 1464--1464
[]            \TU/lmtt/m/n/12 return ResponseEntity.status(HttpStatus.INTERNAL_
SERVER_ERROR).body(null);[] 
 []


Overfull \hbox (3.94218pt too wide) in paragraph at lines 1473--1473
[]    \TU/lmtt/m/n/12 public ResponseEntity<Void> deleteStation(@PathVariable S
tring id) {[] 
 []


Overfull \hbox (10.12213pt too wide) in paragraph at lines 1478--1478
[]            \TU/lmtt/m/n/12 return ResponseEntity.noContent().build();  // 20
4 No Content[] 
 []


Overfull \hbox (71.92215pt too wide) in paragraph at lines 1480--1480
[]            \TU/lmtt/m/n/12 return ResponseEntity.status(HttpStatus.INTERNAL_
SERVER_ERROR).build();[] 
 []


Underfull \vbox (badness 10000) has occurred while \output is active []

 [505]
Overfull \hbox (16.30219pt too wide) in paragraph at lines 1533--1533
[]    \TU/lmtt/m/n/12 <meta name="viewport" content="width=device-width, initia
l-scale=1.0">[] 
 []


Underfull \vbox (badness 10000) has occurred while \output is active []

 [506]
Underfull \vbox (badness 10000) has occurred while \output is active []

 [507]
Overfull \hbox (22.48213pt too wide) in paragraph at lines 1590--1590
[]            \TU/lmtt/m/n/12 const navLinks = document.querySelectorAll('nav a
[href^="#"]');[] 
 []


Overfull \hbox (22.48207pt too wide) in paragraph at lines 1595--1595
[]                    \TU/lmtt/m/n/12 const targetElement = document.querySelec
tor(targetId);[] 
 []


Overfull \hbox (10.12207pt too wide) in paragraph at lines 1596--1596
[]                    \TU/lmtt/m/n/12 targetElement.scrollIntoView({ behavior: 
'smooth' });[] 
 []


Underfull \vbox (badness 10000) has occurred while \output is active []

 [508]
Overfull \hbox (152.2622pt too wide) in paragraph at lines 1618--1618
[]\TU/lmtt/m/n/12 ****HTML**Web**ApacheNginxHTTP****TomcatJetty****MySQLPostgre
SQL****Java + SpringPython + Django[] 
 []


Underfull \vbox (badness 10000) has occurred while \output is active []

 [509]
Overfull \hbox (127.54213pt too wide) in paragraph at lines 1653--1653
[]            \TU/lmtt/m/n/12 List<Station> userStations = stationService.getSt
ationsByUserPermission(userId);[] 
 []


Overfull \hbox (127.54213pt too wide) in paragraph at lines 1658--1658
[]                \TU/lmtt/m/n/12 WaterLevelData latestData = waterDataService.
getLatestData(station.getId());[] 
 []


Overfull \hbox (65.74213pt too wide) in paragraph at lines 1665--1665
[]            \TU/lmtt/m/n/12 List<Alert> recentAlerts = alertService.getRecent
AlertsByUser(userId);[] 
 []


Overfull \hbox (146.0821pt too wide) in paragraph at lines 1668--1668
[]            \TU/lmtt/m/n/12 Map<String, Object> statistics = calculateUserSta
tistics(userStations, recentData);[] 
 []


Overfull \hbox (53.38208pt too wide) in paragraph at lines 1682--1682
[]            \TU/lmtt/m/n/12 logger.error("Error loading user dashboard for us
er: " + userId, e);[] 
 []


Underfull \vbox (badness 10000) has occurred while \output is active []

 [510]
Overfull \hbox (127.54216pt too wide) in paragraph at lines 1710--1710
[]        \TU/lmtt/m/n/12 Page<WaterData> dataPage = waterDataService.findByCon
ditions(queryParams, pageable);[] 
 []


Overfull \hbox (53.38216pt too wide) in paragraph at lines 1713--1713
[]        \TU/lmtt/m/n/12 List<Station> availableStations = stationService.getA
llActiveStations();[] 
 []


Underfull \vbox (badness 10000) has occurred while \output is active []

 [511]
Overfull \hbox (152.26205pt too wide) in paragraph at lines 1745--1745
[]                    \TU/lmtt/m/n/12 reportData = reportService.generateWaterL
evelReport(stationIds, start, end);[] 
 []


Overfull \hbox (139.90204pt too wide) in paragraph at lines 1748--1748
[]                    \TU/lmtt/m/n/12 reportData = reportService.generateFlowRa
teReport(stationIds, start, end);[] 
 []


Overfull \hbox (170.80203pt too wide) in paragraph at lines 1751--1751
[]                    \TU/lmtt/m/n/12 reportData = reportService.generateCompre
hensiveReport(stationIds, start, end);[] 
 []


Overfull \hbox (16.30206pt too wide) in paragraph at lines 1754--1754
[]                    \TU/lmtt/m/n/12 throw new IllegalArgumentException(": " +
 reportType);[] 
 []


Underfull \vbox (badness 10000) has occurred while \output is active []

 [512]
Overfull \hbox (152.26208pt too wide) in paragraph at lines 1789--1789
[]            \TU/lmtt/m/n/12 .mapToLong(d -> d.getTimestamp().isAfter(LocalDat
eTime.now().minusHours(1)) ? 1 : 0)[] 
 []


Underfull \vbox (badness 10000) has occurred while \output is active []

 [513]
Overfull \hbox (393.28214pt too wide) in paragraph at lines 1843--1843
[]\TU/lmtt/m/n/12 **Static Site Generation, SSG****Server-Side Rendering, SSR**
**Client-Side Rendering, CSR**AJAX**Incremental Static Regeneration, ISR**[] 
 []


Underfull \vbox (badness 10000) has occurred while \output is active []

 [514]
Overfull \hbox (22.4822pt too wide) in paragraph at lines 1853--1853
[]\TU/lmtt/m/n/12 **Inversion of Control, IoC******"Don't call us, we'll call y
ou"WebHTTPHTTP[] 
 []


Overfull \hbox (22.48224pt too wide) in paragraph at lines 1863--1863
[]\TU/lmtt/m/n/12 Spring Boot****SpringXML****Maven/Gradle******Actuator****Spr
ing Boot CLI**[] 
 []


Overfull \hbox (170.80217pt too wide) in paragraph at lines 1880--1880
[]    \TU/lmtt/m/n/12 private static final Logger logger = LoggerFactory.getLog
ger(WaterMonitoringApplication.class);[] 
 []


Underfull \vbox (badness 10000) has occurred while \output is active []

 [515]
Overfull \hbox (16.30215pt too wide) in paragraph at lines 1889--1889
[]            \TU/lmtt/m/n/12 SpringApplication.run(WaterMonitoringApplication.
class, args);[] 
 []


Overfull \hbox (3.94215pt too wide) in paragraph at lines 1893--1893
[]        \TU/lmtt/m/n/12 String appName = env.getProperty("spring.application.
name", "");[] 
 []


Overfull \hbox (90.46176pt too wide) in paragraph at lines 1896--1896
[]        \TU/lmtt/m/n/12 logger.info("\n--------------------------------------
--------------------\n" +[] 
 []


Overfull \hbox (53.38168pt too wide) in paragraph at lines 1900--1900
[]                   \TU/lmtt/m/n/12 "-----------------------------------------
-----------------",[] 
 []


Overfull \hbox (133.72217pt too wide) in paragraph at lines 1919--1919
[]    \TU/lmtt/m/n/12 @ConditionalOnProperty(name = "water.monitoring.scheduler
.enabled", havingValue = "true")[] 
 []


Overfull \hbox (16.30215pt too wide) in paragraph at lines 1921--1921
[]        \TU/lmtt/m/n/12 ThreadPoolTaskScheduler scheduler = new ThreadPoolTas
kScheduler();[] 
 []


Underfull \vbox (badness 10000) has occurred while \output is active []

 [516]
Overfull \hbox (16.3022pt too wide) in paragraph at lines 1934--1934
[]    \TU/lmtt/m/n/12 public void handleApplicationReadyEvent(ApplicationReadyE
vent event) {[] 
 []


Overfull \hbox (127.54213pt too wide) in paragraph at lines 1939--1939
[]            \TU/lmtt/m/n/12 DataSource dataSource = event.getApplicationConte
xt().getBean(DataSource.class);[] 
 []


Overfull \hbox (176.98215pt too wide) in paragraph at lines 1949--1949
[]            \TU/lmtt/m/n/12 MonitoringConfig config = event.getApplicationCon
text().getBean(MonitoringConfig.class);[] 
 []


Underfull \vbox (badness 10000) has occurred while \output is active []

 [517]
Underfull \vbox (badness 10000) has occurred while \output is active []

 [518]
Overfull \hbox (59.56212pt too wide) in paragraph at lines 2011--2011
[]        \TU/lmtt/m/n/12 private List<String> notificationMethods = Arrays.asL
ist("email", "sms");[] 
 []


Underfull \vbox (badness 10000) has occurred while \output is active []

 [519]
Underfull \vbox (badness 10000) has occurred while \output is active []

 [520]
Overfull \hbox (115.18216pt too wide) in paragraph at lines 2090--2090
[]            \TU/lmtt/m/n/12 return ResponseEntity.status(HttpStatus.INTERNAL_
SERVER_ERROR).body(response);[] 
 []


Overfull \hbox (90.46219pt too wide) in paragraph at lines 2113--2113
[]        \TU/lmtt/m/n/12 status.put("availableProcessors", Runtime.getRuntime(
).availableProcessors());[] 
 []


Underfull \vbox (badness 10000) has occurred while \output is active []

 [521]
Overfull \hbox (183.13823pt too wide) in paragraph at lines 2141--2141
[]\TU/lmtt/m/n/12 **Servlet**JavaWebJavaHTTPServletSun MicrosystemsOracle1997Ja
va WebServletJava WebJava WebServlet API[] 
 []


Overfull \hbox (139.90224pt too wide) in paragraph at lines 2143--2143
[]\TU/lmtt/m/n/12 Servlet********ServletTomcatJettyServlet**initservicedestroy*
*ServletinitservicedestroyServlet[] 
 []


Overfull \hbox (3.94225pt too wide) in paragraph at lines 2145--2145
[]\TU/lmtt/m/n/12 Servlet4.0Web****Servlet****Servletweb.xml******WebSocket**AP
I**HTTP/2**[] 
 []


Underfull \vbox (badness 10000) has occurred while \output is active []

 [522]
Overfull \hbox (109.00218pt too wide) in paragraph at lines 2167--2167
[]    \TU/lmtt/m/n/12 private static final Logger logger = LoggerFactory.getLog
ger(WaterDataServlet.class);[] 
 []


Overfull \hbox (127.54218pt too wide) in paragraph at lines 2188--2188
[]        \TU/lmtt/m/n/12 this.jsonMapper.configure(DeserializationFeature.FAIL
_ON_UNKNOWN_PROPERTIES, false);[] 
 []


Overfull \hbox (121.36209pt too wide) in paragraph at lines 2193--2193
[]            \TU/lmtt/m/n/12 Thread t = new Thread(r, "async-data-processor-" 
+ System.currentTimeMillis());[] 
 []


Underfull \vbox (badness 10000) has occurred while \output is active []

 [523]
Overfull \hbox (65.74217pt too wide) in paragraph at lines 2206--2206
[]    \TU/lmtt/m/n/12 protected void doGet(HttpServletRequest request, HttpServ
letResponse response)[] 
 []


Underfull \vbox (badness 10000) has occurred while \output is active []

 [524]
Overfull \hbox (34.84218pt too wide) in paragraph at lines 2260--2260
[]            \TU/lmtt/m/n/12 response.setStatus(HttpServletResponse.SC_INTERNA
L_SERVER_ERROR);[] 
 []


Overfull \hbox (71.92216pt too wide) in paragraph at lines 2270--2270
[]    \TU/lmtt/m/n/12 protected void doPost(HttpServletRequest request, HttpSer
vletResponse response)[] 
 []


Underfull \vbox (badness 10000) has occurred while \output is active []

 [525]
Overfull \hbox (71.92215pt too wide) in paragraph at lines 2275--2275
[]        \TU/lmtt/m/n/12 if (contentType != null && contentType.startsWith("mu
ltipart/form-data")) {[] 
 []


Overfull \hbox (146.08217pt too wide) in paragraph at lines 2286--2286
[]    \TU/lmtt/m/n/12 private void handleJsonDataUpload(HttpServletRequest requ
est, HttpServletResponse response)[] 
 []


Overfull \hbox (16.30215pt too wide) in paragraph at lines 2290--2290
[]        \TU/lmtt/m/n/12 AsyncContext asyncContext = request.startAsync(reques
t, response);[] 
 []


Overfull \hbox (214.06206pt too wide) in paragraph at lines 2304--2304
[]                    \TU/lmtt/m/n/12 HttpServletResponse asyncResponse = (Http
ServletResponse) event.getSuppliedResponse();[] 
 []


Overfull \hbox (78.1021pt too wide) in paragraph at lines 2305--2305
[]                    \TU/lmtt/m/n/12 asyncResponse.setStatus(HttpServletRespon
se.SC_REQUEST_TIMEOUT);[] 
 []


Underfull \vbox (badness 10000) has occurred while \output is active []

 [526]
Overfull \hbox (127.54208pt too wide) in paragraph at lines 2332--2332
[]                    \TU/lmtt/m/n/12 sendAsyncErrorResponse(asyncContext, Http
ServletResponse.SC_BAD_REQUEST,[] 
 []


Overfull \hbox (65.74211pt too wide) in paragraph at lines 2338--2338
[]                \TU/lmtt/m/n/12 MonitoringDataRequest dataRequest = jsonMappe
r.readValue(jsonData,[] 
 []


Overfull \hbox (115.18207pt too wide) in paragraph at lines 2342--2342
[]                \TU/lmtt/m/n/12 if (dataRequest.getStationId() == null || dat
aRequest.getData() == null) {[] 
 []


Overfull \hbox (127.54208pt too wide) in paragraph at lines 2343--2343
[]                    \TU/lmtt/m/n/12 sendAsyncErrorResponse(asyncContext, Http
ServletResponse.SC_BAD_REQUEST,[] 
 []


Overfull \hbox (47.20212pt too wide) in paragraph at lines 2349--2349
[]                \TU/lmtt/m/n/12 ProcessingResult result = dataService.process
Data(dataRequest);[] 
 []


Underfull \vbox (badness 10000) has occurred while \output is active []

 [527]
Overfull \hbox (47.20212pt too wide) in paragraph at lines 2355--2355
[]                \TU/lmtt/m/n/12 responseData.put("processedCount", result.get
ProcessedCount());[] 
 []


Overfull \hbox (16.30211pt too wide) in paragraph at lines 2356--2356
[]                \TU/lmtt/m/n/12 responseData.put("timestamp", System.currentT
imeMillis());[] 
 []


Overfull \hbox (183.1621pt too wide) in paragraph at lines 2359--2359
[]                \TU/lmtt/m/n/12 HttpServletResponse asyncResponse = (HttpServ
letResponse) asyncContext.getResponse();[] 
 []


Overfull \hbox (22.4821pt too wide) in paragraph at lines 2365--2365
[]                    \TU/lmtt/m/n/12 out.write(jsonMapper.writeValueAsString(r
esponseData));[] 
 []


Overfull \hbox (164.62213pt too wide) in paragraph at lines 2372--2372
[]                \TU/lmtt/m/n/12 sendAsyncErrorResponse(asyncContext, HttpServ
letResponse.SC_INTERNAL_SERVER_ERROR,[] 
 []


Overfull \hbox (121.36217pt too wide) in paragraph at lines 2384--2384
[]    \TU/lmtt/m/n/12 private void handleFileUpload(HttpServletRequest request,
 HttpServletResponse response)[] 
 []


Underfull \vbox (badness 10000) has occurred while \output is active []

 [528]
Overfull \hbox (41.02208pt too wide) in paragraph at lines 2393--2393
[]                \TU/lmtt/m/n/12 if (part.getName().equals("dataFile") && part
.getSize() > 0) {[] 
 []


Overfull \hbox (47.20207pt too wide) in paragraph at lines 2402--2402
[]                        \TU/lmtt/m/n/12 response.setStatus(HttpServletRespons
e.SC_BAD_REQUEST);[] 
 []


Overfull \hbox (183.16206pt too wide) in paragraph at lines 2411--2411
[]                    \TU/lmtt/m/n/12 ProcessingResult result = dataService.pro
cessUploadedFile(fileName, fileContent);[] 
 []


Overfull \hbox (139.90207pt too wide) in paragraph at lines 2413--2413
[]                    \TU/lmtt/m/n/12 uploadedFiles.add(new UploadedFile(fileNa
me, fileContent.length, result));[] 
 []


Underfull \vbox (badness 10000) has occurred while \output is active []

 [529]
Overfull \hbox (34.84218pt too wide) in paragraph at lines 2436--2436
[]            \TU/lmtt/m/n/12 response.setStatus(HttpServletResponse.SC_INTERNA
L_SERVER_ERROR);[] 
 []


Overfull \hbox (28.6501pt too wide) in paragraph at lines 2453--2453
[]                \TU/lmtt/m/n/12 if (!asyncExecutor.awaitTermination(60, TimeU
nit.SECONDS)) {[] 
 []


Underfull \vbox (badness 10000) has occurred while \output is active []

 [530]
Overfull \hbox (189.34216pt too wide) in paragraph at lines 2489--2489
[]    \TU/lmtt/m/n/12 private void writeErrorResponse(HttpServletResponse respo
nse, String message) throws IOException {[] 
 []


Overfull \hbox (176.98216pt too wide) in paragraph at lines 2500--2500
[]    \TU/lmtt/m/n/12 private void sendAsyncErrorResponse(AsyncContext asyncCon
text, int statusCode, String message) {[] 
 []


Overfull \hbox (127.54213pt too wide) in paragraph at lines 2502--2502
[]            \TU/lmtt/m/n/12 HttpServletResponse response = (HttpServletRespon
se) asyncContext.getResponse();[] 
 []


Underfull \vbox (badness 10000) has occurred while \output is active []

 [531]
Overfull \hbox (71.92218pt too wide) in paragraph at lines 2512--2512
[]    \TU/lmtt/m/n/12 private String readRequestBody(HttpServletRequest request
) throws IOException {[] 
 []


Overfull \hbox (16.30217pt too wide) in paragraph at lines 2524--2524
[]        \TU/lmtt/m/n/12 String contentDisposition = part.getHeader("content-d
isposition");[] 
 []


Overfull \hbox (152.26207pt too wide) in paragraph at lines 2528--2528
[]                    \TU/lmtt/m/n/12 return content.substring(content.indexOf(
'=') + 1).trim().replace("\"", "");[] 
 []


Overfull \hbox (195.52216pt too wide) in paragraph at lines 2537--2537
[]        \TU/lmtt/m/n/12 return lowerCase.endsWith(".csv") || lowerCase.endsWi
th(".json") || lowerCase.endsWith(".xml");[] 
 []


Overfull \hbox (53.38213pt too wide) in paragraph at lines 2542--2542
[]             \TU/lmtt/m/n/12 ByteArrayOutputStream outputStream = new ByteArr
ayOutputStream()) {[] 
 []


Underfull \vbox (badness 10000) has occurred while \output is active []

 [532]
Underfull \vbox (badness 10000) has occurred while \output is active []

 [533]
Underfull \vbox (badness 10000) has occurred while \output is active []

 [534]
Overfull \hbox (2290.51787pt too wide) in paragraph at lines 2639--2639
[]\TU/lmtt/m/n/12 <parameter name="todos">[{"activeForm": "5.1", "content": "5.
1", "status": "completed"}, {"activeForm": "5.2Spring Boot", "content": "5.2Spr
ing Boot", "status": "in_progress"}, {"activeForm": "5.3", "content": "5.3", "s
tatus": "pending"}, {"activeForm": "5.4", "content": "5.4", "status": "pending"
}, {"activeForm": "5.5", "content": "5.5", "status": "pending"}, {"activeForm":
 "5.6PythonWeb", "content": "5.6PythonWeb", "status": "pending"}][] 
 []


Underfull \vbox (badness 10000) has occurred while \output is active []

 [535]
Underfull \vbox (badness 10000) has occurred while \output is active []

 [536]
Underfull \vbox (badness 10000) has occurred while \output is active []

 [537]
Underfull \vbox (badness 10000) has occurred while \output is active []

 [538]
[539]
Underfull \vbox (badness 10000) has occurred while \output is active []

 [540]
Overfull \hbox (10.12213pt too wide) in paragraph at lines 2881--2881
[]            \TU/lmtt/m/n/12 ProcessResult result = waterDataService.processDa
ta(request);[] 
 []


Underfull \vbox (badness 10000) has occurred while \output is active []

 [541]
Overfull \hbox (16.30215pt too wide) in paragraph at lines 2902--2902
[]            \TU/lmtt/m/n/12 return ResponseEntity.status(HttpStatus.INTERNAL_
SERVER_ERROR)[] 
 []


Underfull \vbox (badness 10000) has occurred while \output is active []

 [542]
Underfull \vbox (badness 10000) has occurred while \output is active []

 [543]
Underfull \vbox (badness 10000) has occurred while \output is active []

 [544]
Overfull \hbox (59.5622pt too wide) in paragraph at lines 3033--3033
[]    \TU/lmtt/m/n/12 public WaterLevelService waterLevelService(WaterAlertProp
erties properties) {[] 
 []


Underfull \vbox (badness 10000) has occurred while \output is active []

 [545]
Overfull \hbox (34.84215pt too wide) in paragraph at lines 3061--3061
[]    \TU/lmtt/m/n/12 private List<String> notificationMethods = Arrays.asList(
"email", "sms");[] 
 []


Underfull \vbox (badness 10000) has occurred while \output is active []

 [546]
[547]
Underfull \vbox (badness 10000) has occurred while \output is active []

 [548]
Underfull \vbox (badness 10000) has occurred while \output is active []

 [549]
[550]
Overfull \hbox (78.10219pt too wide) in paragraph at lines 3282--3282
[]    \TU/lmtt/m/n/12 @ConfigurationProperties(prefix = "spring.datasource")  /
/ spring.datasourceBean[] 
 []

[551]
Overfull \hbox (164.62225pt too wide) in paragraph at lines 3311--3311
[]\TU/lmtt/m/n/12 MySQLmysql-connector-javaSpring BootJPARedisspring-boot-start
er-data-redisSpring BootRedisTemplate[] 
 []


Overfull \hbox (319.12222pt too wide) in paragraph at lines 3317--3317
[]\TU/lmtt/m/n/12 Spring Boot ActuatorEndpoints**/actuator/health****/actuator/
metrics**CPUHTTP**/actuator/configprops****/actuator/loggers**[] 
 []


Overfull \hbox (232.60226pt too wide) in paragraph at lines 3327--3327
[]\TU/lmtt/m/n/12 Spring Initializr****MavenGradle****JavaKotlinGroovy**Spring 
Boot******GroupArtifactNamePackageWebSQLNoSQLIDE[] 
 []


Overfull \hbox (418.00221pt too wide) in paragraph at lines 3329--3329
[]\TU/lmtt/m/n/12 **Spring Web**WebRESTful API**Spring Data JPA****MySQL Driver
**MySQL**Spring Security****Spring Boot Actuator****Validation****Lombok**Java[
] 
 []


Overfull \hbox (47.20222pt too wide) in paragraph at lines 3333--3333
[]\TU/lmtt/m/n/12 @SpringBootApplication  // @Configuration@EnableAutoConfigura
tion@ComponentScan[] 
 []


Overfull \hbox (152.26218pt too wide) in paragraph at lines 3336--3336
[]    \TU/lmtt/m/n/12 private static final Logger log = LoggerFactory.getLogger
(WaterMonitoringApplication.class);[] 
 []


Underfull \vbox (badness 10000) has occurred while \output is active []

 [552]
Overfull \hbox (34.84218pt too wide) in paragraph at lines 3357--3357
[]        \TU/lmtt/m/n/12 log.info(": {}", getClass().getPackage().getImplement
ationVersion());[] 
 []


Underfull \vbox (badness 10000) has occurred while \output is active []

 [553]
Overfull \hbox (282.04224pt too wide) in paragraph at lines 3384--3384
[]\TU/lmtt/m/n/12 Spring Boot**Maven**JavaIDE**src/main/java**Java**src/main/re
sources****src/test/java****target**Maven**build**Gradle[] 
 []

[554]
Overfull \hbox (41.02223pt too wide) in paragraph at lines 3464--3464
[]    \TU/lmtt/m/n/12 mime-types: application/json,application/xml,text/html,te
xt/xml,text/plain[] 
 []

[555]
Overfull \hbox (47.20216pt too wide) in paragraph at lines 3472--3472
[]    \TU/lmtt/m/n/12 file: "%d{yyyy-MM-dd HH:mm:ss.SSS} [%thread] %-5level %lo
gger{50} - %msg%n"[] 
 []

[556]
Overfull \hbox (817.7703pt too wide) in paragraph at lines 3528--3529
[]\TU/lmr/m/n/12 ****@ConditionalOnClass/@ConditionalOnMissingClass\TU/lmr/bx/n
/12 Bean\TU/lmr/m/n/12 @ConditionalOnBean/@ConditionalOnMissingBeanSpringBeanBe
an****@ConditionalOnProperty\TU/lmr/bx/n/12 Web\TU/lmr/m/n/12 @ConditionalOnWeb
Application/@ConditionalOnNotWebApplicationWeb 
 []


Overfull \hbox (34.8422pt too wide) in paragraph at lines 3534--3534
[]\TU/lmtt/m/n/12 @ConditionalOnProperty(name = "spring.cache.type", havingValu
e = "redis")  //[] 
 []


Overfull \hbox (16.30217pt too wide) in paragraph at lines 3544--3544
[]    \TU/lmtt/m/n/12 @ConditionalOnMissingBean(name = "cacheManager")  // cach
eManager Bean[] 
 []


Overfull \hbox (84.2822pt too wide) in paragraph at lines 3545--3545
[]    \TU/lmtt/m/n/12 public CacheManager cacheManager(RedisConnectionFactory r
edisConnectionFactory) {[] 
 []

[557]
Overfull \hbox (164.62218pt too wide) in paragraph at lines 3560--3560
[]    \TU/lmtt/m/n/12 private org.springframework.data.redis.cache.RedisCacheCo
nfiguration getCacheConfiguration() {[] 
 []


Overfull \hbox (22.48218pt too wide) in paragraph at lines 3561--3561
[]        \TU/lmtt/m/n/12 return org.springframework.data.redis.cache.RedisCach
eConfiguration[] 
 []


Overfull \hbox (16.30217pt too wide) in paragraph at lines 3565--3565
[]            \TU/lmtt/m/n/12 .serializeKeysWith(RedisSerializationContext.Seri
alizationPair[] 
 []


Overfull \hbox (28.66216pt too wide) in paragraph at lines 3568--3568
[]            \TU/lmtt/m/n/12 .serializeValuesWith(RedisSerializationContext.Se
rializationPair[] 
 []


Overfull \hbox (22.48213pt too wide) in paragraph at lines 3569--3569
[]                \TU/lmtt/m/n/12 .fromSerializer(new GenericJackson2JsonRedisS
erializer()));[] 
 []


Overfull \hbox (47.2022pt too wide) in paragraph at lines 3576--3576
[]   \TU/lmtt/m/n/12 - `@ConditionalOnClass({RedisOperations.class, JedisConnec
tion.class})`Redis[] 
 []


Overfull \hbox (226.42216pt too wide) in paragraph at lines 3577--3577
[]   \TU/lmtt/m/n/12 - `@ConditionalOnProperty(name = "spring.cache.type", havi
ngValue = "redis")`spring.cache.type=redisRedis[] 
 []


Overfull \hbox (34.83023pt too wide) in paragraph at lines 3589--3589
[]\TU/lmtt/m/n/12 6. **Bean**@ConditionalOnMissingBean(name = "cacheManager")"c
acheManager"Bean[] 
 []


Underfull \vbox (badness 10000) has occurred while \output is active []

 [558]
Overfull \hbox (53.38223pt too wide) in paragraph at lines 3595--3595
[]\TU/lmtt/m/n/12 Spring Boot**SPIService Provider Interface**META-INF/spring.f
actoriesSpring Boot[] 
 []


Overfull \hbox (195.52223pt too wide) in paragraph at lines 3597--3597
[]\TU/lmtt/m/n/12 ****jarspring.factoriesEnableAutoConfiguration********@AutoCo
nfigureBefore@AutoConfigureAfter****Spring[] 
 []


Overfull \hbox (102.82222pt too wide) in paragraph at lines 3619--3619
[]    \TU/lmtt/m/n/12 public WaterDataProcessor waterDataProcessor(WaterMonitor
ingProperties properties) {[] 
 []


Overfull \hbox (22.4822pt too wide) in paragraph at lines 3631--3631
[]        \TU/lmtt/m/n/12 processor.setCompressionEnabled(properties.isCompress
ionEnabled());[] 
 []


Underfull \vbox (badness 10000) has occurred while \output is active []

 [559]
Underfull \vbox (badness 10000) has occurred while \output is active []

 [560]
Overfull \hbox (10.12224pt too wide) in paragraph at lines 3694--3694
[]\TU/lmtt/m/n/12 Spring Boot**Configuration Property Binding**@ConfigurationPr
opertiesJava[] 
 []


Overfull \hbox (16.30222pt too wide) in paragraph at lines 3700--3700
[]\TU/lmtt/m/n/12 @ConfigurationProperties(prefix = "water.monitoring")  // wat
er.monitoring[] 
 []


Underfull \vbox (badness 10000) has occurred while \output is active []

 [561]
Underfull \vbox (badness 10000) has occurred while \output is active []

 [562]
Overfull \hbox (90.46213pt too wide) in paragraph at lines 3780--3780
[]        \TU/lmtt/m/n/12 private List<String> enabledTypes = Arrays.asList("wa
ter-level", "flow-rate");[] 
 []


Underfull \vbox (badness 10000) has occurred while \output is active []

 [563]
Underfull \vbox (badness 10000) has occurred while \output is active []

 [564]
Overfull \hbox (3.94218pt too wide) in paragraph at lines 3846--3846
[]   \TU/lmtt/m/n/12 - station.refreshInterval → water.monitoring.station.refre
sh-interval[] 
 []


Underfull \vbox (badness 10000) has occurred while \output is active []

 [565]
Underfull \vbox (badness 10000) has occurred while \output is active []

 [566]
Overfull \hbox (96.64224pt too wide) in paragraph at lines 3911--3911
[]\TU/lmtt/m/n/12 **spring-boot-starter-web**WebSpring MVCTomcatJackson JSONRES
Tful APIHTTPstarterWeb MVC[] 
 []


Overfull \hbox (16.30223pt too wide) in paragraph at lines 3913--3913
[]\TU/lmtt/m/n/12 **spring-boot-starter-data-jpa**JavaAPIHibernate ORMSpring Da
ta JPAstarter[] 
 []


Overfull \hbox (16.30223pt too wide) in paragraph at lines 3915--3915
[]\TU/lmtt/m/n/12 **spring-boot-starter-security**Spring SecuritystarterHTTP Ba
sicJWTstarter[] 
 []


Overfull \hbox (16.30222pt too wide) in paragraph at lines 3926--3926
[]\TU/lmtt/m/n/12 @ConditionalOnClass({WaterDataService.class, WaterAlertServic
e.class})  //[] 
 []


Underfull \vbox (badness 10000) has occurred while \output is active []

 [567]
Overfull \hbox (3.94218pt too wide) in paragraph at lines 3948--3948
[]        \TU/lmtt/m/n/12 service.setDataRetentionDays(properties.getDataRetent
ionDays());[] 
 []


Overfull \hbox (10.12221pt too wide) in paragraph at lines 3950--3950
[]        \TU/lmtt/m/n/12 service.setCompressionEnabled(properties.isCompressio
nEnabled());[] 
 []


Overfull \hbox (158.44215pt too wide) in paragraph at lines 3976--3976
[]        \TU/lmtt/m/n/12 WaterAlertService alertService = new WaterAlertServic
e(dataService, notificationService);[] 
 []


Underfull \vbox (badness 10000) has occurred while \output is active []

 [568]
Overfull \hbox (59.5622pt too wide) in paragraph at lines 3996--3996
[]    \TU/lmtt/m/n/12 public WaterDataRepository waterDataRepository(EntityMana
ger entityManager) {[] 
 []


Overfull \hbox (90.46217pt too wide) in paragraph at lines 3998--3998
[]        \TU/lmtt/m/n/12 JpaWaterDataRepository repository = new JpaWaterDataR
epository(entityManager);[] 
 []


Overfull \hbox (102.82222pt too wide) in paragraph at lines 4015--4015
[]    \TU/lmtt/m/n/12 public WaterDataProcessor waterDataProcessor(WaterMonitor
ingProperties properties) {[] 
 []


Overfull \hbox (34.84221pt too wide) in paragraph at lines 4019--4019
[]        \TU/lmtt/m/n/12 processor.setMaxUploadSize(parseSize(properties.getMa
xUploadSize()));[] 
 []


Underfull \vbox (badness 10000) has occurred while \output is active []

 [569]
Overfull \hbox (96.6421pt too wide) in paragraph at lines 4035--4035
[]            \TU/lmtt/m/n/12 .condition(data -> data.getWaterLevel() >= 0 && d
ata.getWaterLevel() <= 50)[] 
 []


Underfull \vbox (badness 10000) has occurred while \output is active []

 [570]
Underfull \vbox (badness 10000) has occurred while \output is active []

 [571]
Overfull \hbox (84.28224pt too wide) in paragraph at lines 4133--4133
[]\TU/lmtt/m/n/12 ******JNDI************random.*******application.yml/propertie
s**@PropertySource******[] 
 []


Underfull \vbox (badness 10000) has occurred while \output is active []

 [572]
Overfull \hbox (133.7222pt too wide) in paragraph at lines 4147--4147
[]        \TU/lmtt/m/n/12 physical-strategy: org.hibernate.boot.model.naming.Ph
ysicalNamingStrategyStandardImpl[] 
 []


Underfull \vbox (badness 10000) has occurred while \output is active []

 [573]
Underfull \vbox (badness 10000) has occurred while \output is active []

 [574]
Overfull \hbox (28.66217pt too wide) in paragraph at lines 4244--4244
[]        \TU/lmtt/m/n/12 PooledPBEStringEncryptor encryptor = new PooledPBEStr
ingEncryptor();[] 
 []


Overfull \hbox (53.38219pt too wide) in paragraph at lines 4251--4251
[]        \TU/lmtt/m/n/12 config.setSaltGeneratorClassName("org.jasypt.salt.Ran
domSaltGenerator");[] 
 []


Overfull \hbox (16.3022pt too wide) in paragraph at lines 4252--4252
[]        \TU/lmtt/m/n/12 config.setIvGeneratorClassName("org.jasypt.iv.RandomI
vGenerator");[] 
 []


Underfull \vbox (badness 10000) has occurred while \output is active []

 [575]
Overfull \hbox (115.18216pt too wide) in paragraph at lines 4292--4292
[]    \TU/lmtt/m/n/12 private static final Logger log = LoggerFactory.getLogger
(RuntimeConfiguration.class);[] 
 []


Underfull \vbox (badness 10000) has occurred while \output is active []

 [576]
Underfull \vbox (badness 10000) has occurred while \output is active []

 [577]
Underfull \vbox (badness 10000) has occurred while \output is active []

 [578]
Overfull \hbox (3.94217pt too wide) in paragraph at lines 4378--4378
[]        \TU/lmtt/m/n/12 Double warningLevel = alertThresholds.get("waterLevel
.warning");[] 
 []


Overfull \hbox (109.00212pt too wide) in paragraph at lines 4381--4381
[]        \TU/lmtt/m/n/12 if (warningLevel != null && dangerLevel != null && wa
rningLevel >= dangerLevel) {[] 
 []


Overfull \hbox (133.72217pt too wide) in paragraph at lines 4393--4393
[]    \TU/lmtt/m/n/12 private static final Logger log = LoggerFactory.getLogger
(ConfigurationController.class);[] 
 []


Underfull \vbox (badness 10000) has occurred while \output is active []

 [579]
Overfull \hbox (102.82217pt too wide) in paragraph at lines 4431--4431
[]            \TU/lmtt/m/n/12 return ResponseEntity.status(HttpStatus.INTERNAL_
SERVER_ERROR).body(result);[] 
 []


Overfull \hbox (22.4822pt too wide) in paragraph at lines 4441--4441
[]    \TU/lmtt/m/n/12 public ResponseEntity<RuntimeConfiguration> getCurrentCon
figuration() {[] 
 []


Underfull \vbox (badness 10000) has occurred while \output is active []

 [580]
Overfull \hbox (22.48213pt too wide) in paragraph at lines 4469--4469
[]            \TU/lmtt/m/n/12 return ResponseEntity.badRequest().body(": " + e.
getMessage());[] 
 []


Overfull \hbox (47.20218pt too wide) in paragraph at lines 4478--4478
[]    \TU/lmtt/m/n/12 public ResponseEntity<List<ConfigChangeRecord>> getConfig
urationHistory() {[] 
 []


Underfull \vbox (badness 10000) has occurred while \output is active []

 [581]
Overfull \hbox (84.28217pt too wide) in paragraph at lines 4499--4499
[]        \TU/lmtt/m/n/12 Authentication auth = SecurityContextHolder.getContex
t().getAuthentication();[] 
 []


Overfull \hbox (3.94217pt too wide) in paragraph at lines 4506--4506
[]    \TU/lmtt/m/n/12 private void updateConfigurationProperty(String key, Stri
ng value) {[] 
 []


Overfull \hbox (16.30215pt too wide) in paragraph at lines 4520--4520
[]            \TU/lmtt/m/n/12 new ConfigChangeRecord("data-collection-interval"
, "30", "15",[] 
 []


Underfull \vbox (badness 10000) has occurred while \output is active []

 [582]
Underfull \vbox (badness 10000) has occurred while \output is active []

 [583]
Underfull \vbox (badness 10000) has occurred while \output is active []

 [584]
Underfull \vbox (badness 10000) has occurred while \output is active []

 [585]
! Too many }'s.
<recently read> }
                 
l.4699 ... } A: - \texttt{\$\{DATABASE\_PASSWORD}}
                                                   - Spring Cloud
You've closed more groups than you opened.
Such booboos are generally harmless, so keep going.

[586] [587]
Overfull \hbox (84.28218pt too wide) in paragraph at lines 4774--4774
[]    \TU/lmtt/m/n/12 private ConfigService config = new FileConfigService("/co
nfig/water.properties");[] 
 []


Overfull \hbox (127.54213pt too wide) in paragraph at lines 4778--4778
[]        \TU/lmtt/m/n/12 return database.query("SELECT * FROM water_levels WHE
RE station_id = ?", stationId);[] 
 []


Overfull \hbox (41.02217pt too wide) in paragraph at lines 4802--4802
[]    \TU/lmtt/m/n/12 public WaterLevelService(DatabaseService database, Config
Service config) {[] 
 []


Underfull \vbox (badness 1259) has occurred while \output is active []

 [588]
Overfull \hbox (127.54213pt too wide) in paragraph at lines 4809--4809
[]        \TU/lmtt/m/n/12 return database.query("SELECT * FROM water_levels WHE
RE station_id = ?", stationId);[] 
 []


Underfull \vbox (badness 10000) has occurred while \output is active []

 [589]
Underfull \vbox (badness 10000) has occurred while \output is active []

 [590]
Overfull \hbox (96.64218pt too wide) in paragraph at lines 4890--4890
[]    \TU/lmtt/m/n/12 public WaterDataService(WaterDataRepository repository, W
aterValidator validator) {[] 
 []


Underfull \vbox (badness 10000) has occurred while \output is active []

 [591]
Underfull \vbox (badness 10000) has occurred while \output is active []

 [592]
Underfull \vbox (badness 10000) has occurred while \output is active []

 [593]
Underfull \vbox (badness 10000) has occurred while \output is active []

 [594]
Overfull \hbox (16.30217pt too wide) in paragraph at lines 5054--5054
[]    \TU/lmtt/m/n/12 private final ApplicationContext applicationContext; // p
rototype Bean[] 
 []


Overfull \hbox (90.46214pt too wide) in paragraph at lines 5065--5065
[]            \TU/lmtt/m/n/12 DataProcessor processor = applicationContext.getB
ean(DataProcessor.class);[] 
 []


Underfull \vbox (badness 10000) has occurred while \output is active []

 [595]
Underfull \vbox (badness 10000) has occurred while \output is active []

 [596]
Overfull \hbox (28.66219pt too wide) in paragraph at lines 5132--5132
[]        \TU/lmtt/m/n/12 this.config = new PropertiesConfigManager("/config/ap
p.properties");[] 
 []


Overfull \hbox (139.90213pt too wide) in paragraph at lines 5140--5140
[]        \TU/lmtt/m/n/12 return connection.query("SELECT * FROM water_levels W
HERE station_id = ?", stationId);[] 
 []


Underfull \vbox (badness 10000) has occurred while \output is active []

 [597]
Overfull \hbox (84.28217pt too wide) in paragraph at lines 5170--5170
[]    \TU/lmtt/m/n/12 public WaterLevelService(DataSource dataSource, Configura
tionProperties config) {[] 
 []


Overfull \hbox (139.90213pt too wide) in paragraph at lines 5179--5179
[]        \TU/lmtt/m/n/12 return dataSource.query("SELECT * FROM water_levels W
HERE station_id = ?", stationId);[] 
 []


Underfull \vbox (badness 10000) has occurred while \output is active []

 [598]
Overfull \hbox (294.40224pt too wide) in paragraph at lines 5198--5198
[]\TU/lmtt/m/n/12 **ApplicationContext**BeanFactory**MessageSource****Applicati
onEventPublisher****ResourceLoader****EnvironmentCapable**[] 
 []


Overfull \hbox (84.2821pt too wide) in paragraph at lines 5216--5216
[]    \TU/lmtt/m/n/12 private String beanClassName;              // Bean"com.ex
ample.WaterLevelService"[] 
 []


Overfull \hbox (28.66214pt too wide) in paragraph at lines 5217--5217
[]    \TU/lmtt/m/n/12 private String scope = SCOPE_SINGLETON;    // Beansinglet
on()prototype()[] 
 []


Underfull \vbox (badness 10000) has occurred while \output is active []

 [599]
Overfull \hbox (3.94225pt too wide) in paragraph at lines 5254--5254
[]\TU/lmtt/m/n/12 ****BeanBeanBeanConstructorArgumentValuesMutablePropertyValue
sSpringBean[] 
 []


Overfull \hbox (226.42226pt too wide) in paragraph at lines 5266--5266
[]\TU/lmtt/m/n/12 **Web**RequestSessionApplicationSpringWebHTTPHTTPServletConte
xtBeanBeanSingletonBeanRequestWebSessionRequest[] 
 []


Underfull \vbox (badness 10000) has occurred while \output is active []

 [600]
Underfull \vbox (badness 10000) has occurred while \output is active []

 [601]
Overfull \hbox (10.12216pt too wide) in paragraph at lines 5337--5337
[] \TU/lmtt/m/n/12 * 2. @Scope(value = "session", proxyMode = ScopedProxyMode.T
ARGET_CLASS)[] 
 []


Underfull \vbox (badness 10000) has occurred while \output is active []

 [602]
Overfull \hbox (10.12216pt too wide) in paragraph at lines 5375--5375
[]        \TU/lmtt/m/n/12 this.dataRepository = Objects.requireNonNull(dataRepo
sitory, "");[] 
 []


Overfull \hbox (34.84216pt too wide) in paragraph at lines 5377--5377
[]        \TU/lmtt/m/n/12 this.configProperties = Objects.requireNonNull(config
Properties, "");[] 
 []


Overfull \hbox (3.94217pt too wide) in paragraph at lines 5383--5383
[]        \TU/lmtt/m/n/12 WaterData currentData = dataRepository.getLatestData(
stationId);[] 
 []


Underfull \vbox (badness 10000) has occurred while \output is active []

 [603]
Overfull \hbox (22.48216pt too wide) in paragraph at lines 5398--5398
[]        \TU/lmtt/m/n/12 List<String> stationIds = configProperties.getMonitor
ingStations();[] 
 []


Underfull \vbox (badness 10000) has occurred while \output is active []

 [604]
Overfull \hbox (65.74223pt too wide) in paragraph at lines 5443--5443
[]\TU/lmtt/m/n/12 **SetterSetter Injection**BeansetterSetter****@Autowired(requ
ired = false)Beannull[] 
 []


Overfull \hbox (53.38216pt too wide) in paragraph at lines 5467--5467
[]            \TU/lmtt/m/n/12 validator.setValidationStrategies(getDefaultValid
ationStrategies());[] 
 []


Underfull \vbox (badness 10000) has occurred while \output is active []

 [605]
Overfull \hbox (3.94218pt too wide) in paragraph at lines 5488--5488
[]    \TU/lmtt/m/n/12 public void setMetricsCollector(MetricsCollector metricsC
ollector) {[] 
 []


Overfull \hbox (84.28212pt too wide) in paragraph at lines 5506--5506
[]            \TU/lmtt/m/n/12 throw new ValidationException(": " + validationRe
sult.getErrorMessage());[] 
 []


Underfull \vbox (badness 10000) has occurred while \output is active []

 [606]
Overfull \hbox (214.06213pt too wide) in paragraph at lines 5512--5512
[]            \TU/lmtt/m/n/12 ProcessingResult cachedResult = cacheService.get(
data.getStationId(), ProcessingResult.class);[] 
 []


Overfull \hbox (102.82214pt too wide) in paragraph at lines 5529--5529
[]            \TU/lmtt/m/n/12 metricsCollector.recordProcessingTime("data.proce
ssing.duration", duration);[] 
 []


Underfull \vbox (badness 10000) has occurred while \output is active []

 [607]
Overfull \hbox (78.10213pt too wide) in paragraph at lines 5568--5568
[]        \TU/lmtt/m/n/12 status.setEnhancementAvailability((double) availableE
nhancements / 2 * 100);[] 
 []


Underfull \vbox (badness 10000) has occurred while \output is active []

 [608]
Underfull \vbox (badness 10000) has occurred while \output is active []

 [609]
Underfull \vbox (badness 10000) has occurred while \output is active []

 [610]
Overfull \hbox (158.44215pt too wide) in paragraph at lines 5676--5676
[]            \TU/lmtt/m/n/12 @Value("${water.monitoring.station.default-interv
al}") int defaultMonitoringInterval,[] 
 []


Overfull \hbox (53.38216pt too wide) in paragraph at lines 5677--5677
[]            \TU/lmtt/m/n/12 @Value("${water.monitoring.alert.threshold}") dou
ble alertThreshold,[] 
 []


Overfull \hbox (10.12216pt too wide) in paragraph at lines 5683--5683
[]        \TU/lmtt/m/n/12 this.eventPublisher = Objects.requireNonNull(eventPub
lisher, "");[] 
 []


Overfull \hbox (102.82216pt too wide) in paragraph at lines 5702--5702
[]        \TU/lmtt/m/n/12 ApplicationEventPublisher mockPublisher = mock(Applic
ationEventPublisher.class);[] 
 []


Underfull \vbox (badness 10000) has occurred while \output is active []

 [611]
Overfull \hbox (22.48216pt too wide) in paragraph at lines 5706--5706
[]        \TU/lmtt/m/n/12 MonitoringConfiguration config = service.getDefaultCo
nfiguration();[] 
 []


Underfull \vbox (badness 10000) has occurred while \output is active []

 [612]
Overfull \hbox (22.48225pt too wide) in paragraph at lines 5756--5756
[]\TU/lmtt/m/n/12 **@Component**Spring@Component@Service@RepositorySpringSpring
@ControllerWeb[] 
 []


Underfull \vbox (badness 10000) has occurred while \output is active []

 [613]
Underfull \vbox (badness 10000) has occurred while \output is active []

 [614]
Overfull \hbox (59.56213pt too wide) in paragraph at lines 5830--5830
[]        \TU/lmtt/m/n/12 @Filter(type = FilterType.ASSIGNABLE_TYPE, classes = 
DataProcessor.class)[] 
 []


Overfull \hbox (59.56213pt too wide) in paragraph at lines 5834--5834
[]        \TU/lmtt/m/n/12 @Filter(type = FilterType.CUSTOM, classes = ExcludeDe
bugComponents.class)[] 
 []


Overfull \hbox (10.12204pt too wide) in paragraph at lines 5844--5844
[]                           \TU/lmtt/m/n/12 MetadataReaderFactory metadataRead
erFactory) {[] 
 []


Overfull \hbox (282.04225pt too wide) in paragraph at lines 5857--5857
[]\TU/lmtt/m/n/12 **Aware**BeanBeanSpringBeanNameAwareBeanBeanFactoryAwareBeanF
actoryApplicationContextAwareApplicationContextBeanAware[] 
 []


Underfull \vbox (badness 10000) has occurred while \output is active []

 [615]
Overfull \hbox (41.02217pt too wide) in paragraph at lines 5867--5867
[]    \TU/lmtt/m/n/12 BeanNameAware, ApplicationContextAware, InitializingBean,
 DisposableBean {[] 
 []


Overfull \hbox (41.02219pt too wide) in paragraph at lines 5882--5882
[]    \TU/lmtt/m/n/12 public void setApplicationContext(ApplicationContext appl
icationContext) {[] 
 []


Underfull \vbox (badness 10000) has occurred while \output is active []

 [616]
Underfull \vbox (badness 10000) has occurred while \output is active []

 [617]
Overfull \hbox (16.30219pt too wide) in paragraph at lines 5968--5968
[]        \TU/lmtt/m/n/12 return dataRepository.findByStationIdAndUserId(statio
nId, userId);[] 
 []


Underfull \vbox (badness 10000) has occurred while \output is active []

 [618]
Underfull \vbox (badness 10000) has occurred while \output is active []

 [619]
Overfull \hbox (115.18211pt too wide) in paragraph at lines 6039--6039
[]            \TU/lmtt/m/n/12 ProcessResult result = monitorService.processStat
ionData(stationId, dataList);[] 
 []


Overfull \hbox (10.12213pt too wide) in paragraph at lines 6040--6040
[]            \TU/lmtt/m/n/12 return ResponseEntity.ok("" + result.getSuccessCo
unt() + "");[] 
 []


Overfull \hbox (3.94214pt too wide) in paragraph at lines 6042--6042
[]            \TU/lmtt/m/n/12 return ResponseEntity.status(500).body("" + e.get
Message());[] 
 []


Underfull \vbox (badness 10000) has occurred while \output is active []

 [620]
Overfull \hbox (109.00215pt too wide) in paragraph at lines 6068--6068
[]    \TU/lmtt/m/n/12 public ProcessResult processStationData(String stationId,
 List<WaterData> dataList) {[] 
 []


Underfull \vbox (badness 10000) has occurred while \output is active []

 [621]
Overfull \hbox (59.56213pt too wide) in paragraph at lines 6129--6129
[]        \TU/lmtt/m/n/12 WaterData testData = new WaterData(stationId, 12.5, L
ocalDateTime.now());[] 
 []


Underfull \vbox (badness 10000) has occurred while \output is active []

 [622]
Overfull \hbox (34.84218pt too wide) in paragraph at lines 6137--6137
[]        \TU/lmtt/m/n/12 when(qualityChecker.checkQuality(testData, config)).t
henReturn(true);[] 
 []


Overfull \hbox (90.46214pt too wide) in paragraph at lines 6140--6140
[]        \TU/lmtt/m/n/12 ProcessResult result = monitorService.processStationD
ata(stationId, dataList);[] 
 []


Overfull \hbox (59.56215pt too wide) in paragraph at lines 6148--6148
[]        \TU/lmtt/m/n/12 verify(alertService, never()).sendAlert(anyString(), 
anyString(), any());[] 
 []


Overfull \hbox (220.24225pt too wide) in paragraph at lines 6160--6160
[]\TU/lmtt/m/n/12 **Bean**Spring IoC****SingletonPrototypeRequestSessionWeb****
@PostConstruct@PreDestroyBean****SpringJavaXML[] 
 []


Underfull \vbox (badness 10000) has occurred while \output is active []

 [623]
[624]
Overfull \hbox (28.66222pt too wide) in paragraph at lines 6222--6222
[]    \TU/lmtt/m/n/12 public CalculatorController(SimpleCalculatorService calcu
latorService) {[] 
 []

[625]
Overfull \hbox (84.27017pt too wide) in paragraph at lines 6299--6299
[]    \TU/lmtt/m/n/12 private static final String url = "jdbc:mysql://localhost
:3306/water_monitoring";[] 
 []


Overfull \hbox (3.94212pt too wide) in paragraph at lines 6319--6319
[]            \TU/lmtt/m/n/12 conn = DriverManager.getConnection(url, username,
 password);[] 
 []


Overfull \hbox (127.54208pt too wide) in paragraph at lines 6323--6323
[]            \TU/lmtt/m/n/12 stmt = conn.prepareStatement("SELECT * FROM water
_levels WHERE station_id = ?");[] 
 []

[626]
Overfull \hbox (47.20207pt too wide) in paragraph at lines 6361--6361
[]                    \TU/lmtt/m/n/12 System.err.println("PreparedStatement: " 
+ e.getMessage());[] 
 []


Underfull \vbox (badness 10000) has occurred while \output is active []

 [627]
Overfull \hbox (3.94208pt too wide) in paragraph at lines 6368--6368
[]                    \TU/lmtt/m/n/12 System.err.println("Connection: " + e.get
Message());[] 
 []


Overfull \hbox (3.94212pt too wide) in paragraph at lines 6385--6385
[]            \TU/lmtt/m/n/12 conn = DriverManager.getConnection(url, username,
 password);[] 
 []


Overfull \hbox (127.54204pt too wide) in paragraph at lines 6391--6391
[]                \TU/lmtt/m/n/12 "INSERT INTO water_levels (station_id, level,
 timestamp) VALUES (?, ?, ?)");[] 
 []


Overfull \hbox (47.20215pt too wide) in paragraph at lines 6396--6396
[]            \TU/lmtt/m/n/12 stmt.setTimestamp(3, Timestamp.valueOf(waterLevel
.getTimestamp()));[] 
 []


Underfull \vbox (badness 10000) has occurred while \output is active []

 [628]
Underfull \vbox (badness 10000) has occurred while \output is active []

 [629]
Overfull \hbox (71.92218pt too wide) in paragraph at lines 6484--6484
[]\TU/lmtt/m/n/12 public interface WaterStationRepository extends JpaRepository
<WaterStation, Long> {[] 
 []


Underfull \vbox (badness 10000) has occurred while \output is active []

 [630]
Overfull \hbox (65.74217pt too wide) in paragraph at lines 6503--6503
[]    \TU/lmtt/m/n/12 List<WaterStation> findByRegionAndStatus(String region, S
tationStatus status);[] 
 []


Overfull \hbox (133.72217pt too wide) in paragraph at lines 6516--6516
[]    \TU/lmtt/m/n/12 List<WaterStation> findByInstallationDateBetween(LocalDat
e startDate, LocalDate endDate);[] 
 []


Overfull \hbox (3.9422pt too wide) in paragraph at lines 6523--6523
[]    \TU/lmtt/m/n/12 List<WaterStation> findByRegionOrderByStationNameAsc(Stri
ng region);[] 
 []


Underfull \vbox (badness 10000) has occurred while \output is active []

 [631]
Overfull \hbox (115.1822pt too wide) in paragraph at lines 6526--6526
[]    \TU/lmtt/m/n/12 List<WaterStation> findTop10ByStatusOrderByInstallationDa
teDesc(StationStatus status);[] 
 []


Overfull \hbox (47.20212pt too wide) in paragraph at lines 6540--6540
[]    \TU/lmtt/m/n/12 @Query("SELECT s FROM WaterStation s WHERE s.latitude BET
WEEN ?1 AND ?2 " +[] 
 []


Underfull \vbox (badness 10000) has occurred while \output is active []

 [632]
Overfull \hbox (84.2822pt too wide) in paragraph at lines 6568--6568
[]    \TU/lmtt/m/n/12 List<WaterStation> findStationsWithActiveSensors(@Param("
region") String region);[] 
 []


Overfull \hbox (109.00206pt too wide) in paragraph at lines 6581--6581
[]                   \TU/lmtt/m/n/12 "ST_Distance_Sphere(POINT(longitude, latit
ude), POINT(?1, ?2)) <= ?3",[] 
 []


Overfull \hbox (133.72218pt too wide) in paragraph at lines 6584--6584
[]    \TU/lmtt/m/n/12 List<WaterStation> findStationsWithinRadius(double lng, d
ouble lat, double radiusMeters);[] 
 []


Overfull \hbox (41.02213pt too wide) in paragraph at lines 6590--6590
[]    \TU/lmtt/m/n/12 @Query(value = "SELECT station_code, station_name, latitu
de, longitude " +[] 
 []


Underfull \vbox (badness 10000) has occurred while \output is active []

 [633]
Overfull \hbox (78.10219pt too wide) in paragraph at lines 6623--6623
[]    \TU/lmtt/m/n/12 public WaterStationManagementService(WaterStationReposito
ry stationRepository) {[] 
 []


Overfull \hbox (3.94217pt too wide) in paragraph at lines 6631--6631
[]    \TU/lmtt/m/n/12 public List<WaterStation> getActiveStationsInRegion(Strin
g region) {[] 
 []


Overfull \hbox (84.28218pt too wide) in paragraph at lines 6634--6634
[]        \TU/lmtt/m/n/12 return stationRepository.findByRegionAndStatus(region
, StationStatus.ACTIVE);[] 
 []


Underfull \vbox (badness 10000) has occurred while \output is active []

 [634]
Overfull \hbox (189.34213pt too wide) in paragraph at lines 6642--6642
[]    \TU/lmtt/m/n/12 public List<WaterStation> findNearbyStations(double longi
tude, double latitude, double radiusKm) {[] 
 []


Overfull \hbox (133.72215pt too wide) in paragraph at lines 6646--6646
[]        \TU/lmtt/m/n/12 return stationRepository.findStationsWithinRadius(lon
gitude, latitude, radiusMeters);[] 
 []


Overfull \hbox (146.08214pt too wide) in paragraph at lines 6653--6653
[]    \TU/lmtt/m/n/12 public List<WaterStation> findRecentStationsInRegions(Lis
t<String> regions, int daysBack) {[] 
 []


Overfull \hbox (59.56213pt too wide) in paragraph at lines 6660--6660
[]            \TU/lmtt/m/n/12 .filter(station -> station.getInstallationDate().
isAfter(cutoffDate))[] 
 []


Overfull \hbox (152.26216pt too wide) in paragraph at lines 6664--6664
[]        \TU/lmtt/m/n/12 // return stationRepository.findByRegionInAndInstalla
tionDateAfter(regions, cutoffDate);[] 
 []


Underfull \vbox (badness 10000) has occurred while \output is active []

 [635]
Overfull \hbox (53.38217pt too wide) in paragraph at lines 6688--6688
[]        \TU/lmtt/m/n/12 List<WaterStation> allStations = stationRepository.fi
ndByRegion(region);[] 
 []


Overfull \hbox (78.10216pt too wide) in paragraph at lines 6691--6691
[]        \TU/lmtt/m/n/12 List<WaterStation> activeStations = stationRepository
.findByRegionAndStatus([] 
 []


Overfull \hbox (220.24216pt too wide) in paragraph at lines 6695--6695
[]        \TU/lmtt/m/n/12 List<WaterStation> recentStations = stationRepository
.findTop10ByStatusOrderByInstallationDateDesc([] 
 []


Underfull \vbox (badness 10000) has occurred while \output is active []

 [636]
Overfull \hbox (16.30226pt too wide) in paragraph at lines 6741--6741
[]\TU/lmtt/m/n/12 ****@EntityJavaJPA@Table@Id@GeneratedValueAUTOIDENTITYSEQUENC
ETABLE@Column[] 
 []


Overfull \hbox (34.8421pt too wide) in paragraph at lines 6753--6753
[]           \TU/lmtt/m/n/12 @Index(name = "idx_region_status", columnList = "r
egion, status"),[] 
 []


Overfull \hbox (47.20212pt too wide) in paragraph at lines 6757--6757
[]           \TU/lmtt/m/n/12 @Index(name = "idx_coordinates", columnList = "lat
itude, longitude")[] 
 []


Underfull \vbox (badness 10000) has occurred while \output is active []

 [637]
Underfull \vbox (badness 10000) has occurred while \output is active []

 [638]
Underfull \vbox (badness 10000) has occurred while \output is active []

 [639]
Underfull \vbox (badness 10000) has occurred while \output is active []

 [640]
Underfull \vbox (badness 10000) has occurred while \output is active []

 [641]
Underfull \vbox (badness 10000) has occurred while \output is active []

 [642]
Overfull \hbox (28.66212pt too wide) in paragraph at lines 6958--6958
[]        \TU/lmtt/m/n/12 if (other == null || this.latitude == null || this.lo
ngitude == null[] 
 []


Overfull \hbox (170.80212pt too wide) in paragraph at lines 6977--6977
[]    \TU/lmtt/m/n/12 private double calculateHaversineDistance(double lat1, do
uble lon1, double lat2, double lon2) {[] 
 []


Overfull \hbox (3.94211pt too wide) in paragraph at lines 6983--6983
[]        \TU/lmtt/m/n/12 double a = Math.sin(latDistance / 2) * Math.sin(latDi
stance / 2)[] 
 []


Overfull \hbox (59.56209pt too wide) in paragraph at lines 6984--6984
[]                \TU/lmtt/m/n/12 + Math.cos(Math.toRadians(lat1)) * Math.cos(M
ath.toRadians(lat2))[] 
 []


Overfull \hbox (3.94208pt too wide) in paragraph at lines 6985--6985
[]                \TU/lmtt/m/n/12 * Math.sin(lonDistance / 2) * Math.sin(lonDis
tance / 2);[] 
 []


Underfull \vbox (badness 10000) has occurred while \output is active []

 [643]
Overfull \hbox (115.18214pt too wide) in paragraph at lines 7020--7020
[]        \TU/lmtt/m/n/12 return String.format("WaterStation{code='%s', name='%
s', region='%s', status=%s}",[] 
 []


Underfull \vbox (badness 10000) has occurred while \output is active []

 [644]
Overfull \hbox (90.46216pt too wide) in paragraph at lines 7031--7031
[]    \TU/lmtt/m/n/12 public void setStationCode(String stationCode) { this.sta
tionCode = stationCode; }[] 
 []


Overfull \hbox (90.46216pt too wide) in paragraph at lines 7034--7034
[]    \TU/lmtt/m/n/12 public void setStationName(String stationName) { this.sta
tionName = stationName; }[] 
 []


Underfull \vbox (badness 10000) has occurred while \output is active []

 [645]
Overfull \hbox (34.84218pt too wide) in paragraph at lines 7101--7101
[]\TU/lmtt/m/n/12 public interface WaterDataRepository extends JpaRepository<Wa
terData, Long> {[] 
 []


Overfull \hbox (59.56223pt too wide) in paragraph at lines 7108--7108
[]    \TU/lmtt/m/n/12 List<WaterData> findByStationRegionAndWaterLevelGreaterTh
anAndTimestampAfter([] 
 []


Underfull \vbox (badness 10000) has occurred while \output is active []

 [646]
Overfull \hbox (47.20221pt too wide) in paragraph at lines 7115--7115
[]    \TU/lmtt/m/n/12 List<WaterData> findHighWaterLevelsInRegion(@Param("regio
n") String region,[] 
 []


Overfull \hbox (84.2819pt too wide) in paragraph at lines 7116--7116
[]                                               \TU/lmtt/m/n/12 @Param("thresh
old") Double threshold);[] 
 []


Overfull \hbox (170.80205pt too wide) in paragraph at lines 7121--7121
[]                   \TU/lmtt/m/n/12 "WHERE ST_DWithin(ST_Point(ws.longitude, w
s.latitude), ST_Point(?1, ?2), ?3) " +[] 
 []


Overfull \hbox (71.92188pt too wide) in paragraph at lines 7126--7126
[]                                              \TU/lmtt/m/n/12 double radiusKm
, LocalDateTime since,[] 
 []


Overfull \hbox (127.54218pt too wide) in paragraph at lines 7130--7130
[]    \TU/lmtt/m/n/12 @Query("SELECT new com.example.dto.WaterLevelSummary(w.st
ationId, AVG(w.waterLevel), " +[] 
 []


Overfull \hbox (16.30208pt too wide) in paragraph at lines 7132--7132
[]           \TU/lmtt/m/n/12 "FROM WaterData w WHERE w.timestamp BETWEEN :start
 AND :end " +[] 
 []


Overfull \hbox (84.28218pt too wide) in paragraph at lines 7134--7134
[]    \TU/lmtt/m/n/12 List<WaterLevelSummary> getWaterLevelSummary(@Param("star
t") LocalDateTime start,[] 
 []


Overfull \hbox (53.38188pt too wide) in paragraph at lines 7135--7135
[]                                               \TU/lmtt/m/n/12 @Param("end") 
LocalDateTime end);[] 
 []


Underfull \vbox (badness 10000) has occurred while \output is active []

 [647]
Underfull \vbox (badness 10000) has occurred while \output is active []

 [648]
Overfull \hbox (10.12216pt too wide) in paragraph at lines 7197--7197
[]        \TU/lmtt/m/n/12 log.info(": stationId={}, level={}", getStationId(), 
waterLevel);[] 
 []


Overfull \hbox (251.14217pt too wide) in paragraph at lines 7203--7203
[]        \TU/lmtt/m/n/12 ApplicationEventPublisher publisher = SpringApplicati
onContext.getBean(ApplicationEventPublisher.class);[] 
 []


Underfull \vbox (badness 10000) has occurred while \output is active []

 [649]
Overfull \hbox (28.66219pt too wide) in paragraph at lines 7264--7264
[]    \TU/lmtt/m/n/12 public ProcessingResult processDataUpload(List<WaterDataD
TO> dataList) {[] 
 []


Underfull \vbox (badness 10000) has occurred while \output is active []

 [650]
Overfull \hbox (10.12213pt too wide) in paragraph at lines 7269--7269
[]            \TU/lmtt/m/n/12 List<WaterData> validatedData = validateAndConver
t(dataList);[] 
 []


Overfull \hbox (41.02213pt too wide) in paragraph at lines 7272--7272
[]            \TU/lmtt/m/n/12 List<WaterData> savedData = dataRepository.saveAl
l(validatedData);[] 
 []


Overfull \hbox (10.1222pt too wide) in paragraph at lines 7300--7300
[]    \TU/lmtt/m/n/12 public List<WaterData> getWaterDataByStationAndPeriod(Lon
g stationId,[] 
 []


Overfull \hbox (41.0218pt too wide) in paragraph at lines 7301--7301
[]                                                          \TU/lmtt/m/n/12 Loc
alDateTime start,[] 
 []


Overfull \hbox (41.0218pt too wide) in paragraph at lines 7302--7302
[]                                                          \TU/lmtt/m/n/12 Loc
alDateTime end) {[] 
 []


Overfull \hbox (102.82214pt too wide) in paragraph at lines 7303--7303
[]        \TU/lmtt/m/n/12 return dataRepository.findByStationIdAndTimestampBetw
een(stationId, start, end);[] 
 []


Underfull \vbox (badness 10000) has occurred while \output is active []

 [651]
Underfull \vbox (badness 10000) has occurred while \output is active []

 [652]
Overfull \hbox (34.84216pt too wide) in paragraph at lines 7380--7380
[]        \TU/lmtt/m/n/12 if (!TransactionSynchronizationManager.isActualTransa
ctionActive()) {[] 
 []


Underfull \vbox (badness 10000) has occurred while \output is active []

 [653]
Underfull \vbox (badness 10000) has occurred while \output is active []

 [654]
Overfull \hbox (3.94214pt too wide) in paragraph at lines 7421--7421
[]            \TU/lmtt/m/n/12 WaterDataProcessedEvent event = new WaterDataProc
essedEvent([] 
 []


Overfull \hbox (41.0222pt too wide) in paragraph at lines 7439--7439
[]    \TU/lmtt/m/n/12 public void handleWaterDataProcessedEvent(WaterDataProces
sedEvent event) {[] 
 []


Overfull \hbox (90.46211pt too wide) in paragraph at lines 7447--7447
[]                \TU/lmtt/m/n/12 ExternalSyncResponse response = externalClien
t.syncWaterData(request);[] 
 []


Overfull \hbox (22.48209pt too wide) in paragraph at lines 7451--7451
[]                    \TU/lmtt/m/n/12 updateSyncStatus(event.getDataId(), SyncS
tatus.SYNCED);[] 
 []


Overfull \hbox (3.94205pt too wide) in paragraph at lines 7459--7459
[]                        \TU/lmtt/m/n/12 currentRetry, maxRetries, event.getDa
taId(), e);[] 
 []


Underfull \vbox (badness 10000) has occurred while \output is active []

 [655]
Overfull \hbox (53.3821pt too wide) in paragraph at lines 7463--7463
[]                    \TU/lmtt/m/n/12 updateSyncStatus(event.getDataId(), SyncS
tatus.SYNC_FAILED);[] 
 []


Overfull \hbox (127.5421pt too wide) in paragraph at lines 7466--7466
[]                    \TU/lmtt/m/n/12 eventPublisher.publishEvent(new DataSyncF
ailedEvent(event.getDataId()));[] 
 []


Overfull \hbox (41.02205pt too wide) in paragraph at lines 7471--7471
[]                    \TU/lmtt/m/n/12 Thread.sleep(1000 * (long) Math.pow(2, cu
rrentRetry - 1));[] 
 []


Underfull \vbox (badness 10000) has occurred while \output is active []

 [656]
Overfull \hbox (96.6421pt too wide) in paragraph at lines 7522--7522
[]    \TU/lmtt/m/n/12 @OneToMany(mappedBy = "station", cascade = CascadeType.AL
L, fetch = FetchType.LAZY)[] 
 []


Overfull \hbox (96.6421pt too wide) in paragraph at lines 7525--7525
[]    \TU/lmtt/m/n/12 @OneToMany(mappedBy = "station", cascade = CascadeType.AL
L, fetch = FetchType.LAZY)[] 
 []


Overfull \hbox (3.94218pt too wide) in paragraph at lines 7526--7526
[]    \TU/lmtt/m/n/12 private Set<MaintenanceRecord> maintenanceRecords = new H
ashSet<>();[] 
 []


Overfull \hbox (71.92213pt too wide) in paragraph at lines 7536--7536
[]        \TU/lmtt/m/n/12 if (sensors.stream().anyMatch(s -> s.getType().equals
(sensor.getType()))) {[] 
 []


Underfull \vbox (badness 10000) has occurred while \output is active []

 [657]
Overfull \hbox (158.44215pt too wide) in paragraph at lines 7544--7544
[]    \TU/lmtt/m/n/12 public void recordMaintenance(MaintenanceType type, Strin
g description, LocalDateTime time) {[] 
 []


Overfull \hbox (102.82214pt too wide) in paragraph at lines 7545--7545
[]        \TU/lmtt/m/n/12 MaintenanceRecord record = new MaintenanceRecord(this
, type, description, time);[] 
 []


Overfull \hbox (214.06216pt too wide) in paragraph at lines 7550--7550
[]            \TU/lmtt/m/n/12 this.configuration = configuration.withMaintenanc
eStatus(MaintenanceStatus.UNDER_MAINTENANCE);[] 
 []


Overfull \hbox (133.72212pt too wide) in paragraph at lines 7556--7556
[]               \TU/lmtt/m/n/12 configuration.getMaintenanceStatus() != Mainte
nanceStatus.UNDER_MAINTENANCE &&[] 
 []


Overfull \hbox (22.48209pt too wide) in paragraph at lines 7565--7565
[]    \TU/lmtt/m/n/12 @Column(name = "latitude", precision = 10, scale = 8, nul
lable = false)[] 
 []


Overfull \hbox (28.6621pt too wide) in paragraph at lines 7568--7568
[]    \TU/lmtt/m/n/12 @Column(name = "longitude", precision = 11, scale = 8, nu
llable = false)[] 
 []


Overfull \hbox (127.54216pt too wide) in paragraph at lines 7575--7575
[]    \TU/lmtt/m/n/12 public GeographicLocation(BigDecimal latitude, BigDecimal
 longitude, Double elevation) {[] 
 []


Underfull \vbox (badness 10000) has occurred while \output is active []

 [658]
Overfull \hbox (3.94217pt too wide) in paragraph at lines 7585--7585
[]        \TU/lmtt/m/n/12 return calculateHaversineDistance(this.latitude, this
.longitude,[] 
 []


Overfull \hbox (10.12195pt too wide) in paragraph at lines 7586--7586
[]                                        \TU/lmtt/m/n/12 other.latitude, other
.longitude);[] 
 []


Overfull \hbox (47.20216pt too wide) in paragraph at lines 7589--7589
[]    \TU/lmtt/m/n/12 public boolean isWithinRadius(GeographicLocation center, 
double radiusKm) {[] 
 []


Underfull \vbox (badness 10000) has occurred while \output is active []

 [659]
Overfull \hbox (96.64212pt too wide) in paragraph at lines 7633--7633
[]    \TU/lmtt/m/n/12 @OneToMany(mappedBy = "project", fetch = FetchType.LAZY, 
cascade = CascadeType.ALL)[] 
 []


Overfull \hbox (96.6421pt too wide) in paragraph at lines 7639--7639
[]    \TU/lmtt/m/n/12 @OneToMany(mappedBy = "project", cascade = CascadeType.AL
L, fetch = FetchType.LAZY)[] 
 []


Overfull \hbox (139.90213pt too wide) in paragraph at lines 7643--7643
[]    \TU/lmtt/m/n/12 public void addStation(WaterStation station, Participatio
nRole role, LocalDate joinDate) {[] 
 []


Overfull \hbox (183.16212pt too wide) in paragraph at lines 7644--7644
[]        \TU/lmtt/m/n/12 ProjectParticipation participation = new ProjectParti
cipation(this, station, role, joinDate);[] 
 []


Underfull \vbox (badness 10000) has occurred while \output is active []

 [660]
Overfull \hbox (22.48218pt too wide) in paragraph at lines 7656--7656
[]    \TU/lmtt/m/n/12 public Map<ParticipationRole, List<WaterStation>> getStat
ionsByRole() {[] 
 []


Overfull \hbox (133.72209pt too wide) in paragraph at lines 7660--7660
[]                    \TU/lmtt/m/n/12 Collectors.mapping(ProjectParticipation::
getStation, Collectors.toList())[] 
 []


Underfull \vbox (badness 10000) has occurred while \output is active []

 [661]
Overfull \hbox (28.6621pt too wide) in paragraph at lines 7698--7698
[]        \TU/lmtt/m/n/12 LocalDate endDate = leaveDate != null ? leaveDate : L
ocalDate.now();[] 
 []


Overfull \hbox (59.56218pt too wide) in paragraph at lines 7699--7699
[]        \TU/lmtt/m/n/12 return Duration.between(joinDate.atStartOfDay(), endD
ate.atStartOfDay());[] 
 []


Overfull \hbox (102.82219pt too wide) in paragraph at lines 7706--7706
[]\TU/lmtt/m/n/12 @DiscriminatorColumn(name = "device_type", discriminatorType 
= DiscriminatorType.STRING)[] 
 []


Underfull \vbox (badness 10000) has occurred while \output is active []

 [662]
Overfull \hbox (152.26218pt too wide) in paragraph at lines 7753--7753
[]        \TU/lmtt/m/n/12 WaterLevelCalibrationParameters wlParams = (WaterLeve
lCalibrationParameters) parameters;[] 
 []


Underfull \vbox (badness 10000) has occurred while \output is active []

 [663]
Overfull \hbox (34.84222pt too wide) in paragraph at lines 7772--7772
[]\TU/lmtt/m/n/12 @org.hibernate.annotations.Cache(usage = CacheConcurrencyStra
tegy.READ_WRITE)[] 
 []


Underfull \vbox (badness 10000) has occurred while \output is active []

 [664]
Overfull \hbox (90.4621pt too wide) in paragraph at lines 7819--7819
[]        \TU/lmtt/m/n/12 this.avgWaterLevel = (avgWaterLevel * (dataCount - 1)
 + newLevel) / dataCount;[] 
 []


Overfull \hbox (121.36217pt too wide) in paragraph at lines 7829--7829
[]\TU/lmtt/m/n/12 public interface WaterDataSummaryRepository extends JpaReposi
tory<WaterDataSummary, Long> {[] 
 []


Overfull \hbox (59.56215pt too wide) in paragraph at lines 7832--7832
[]    \TU/lmtt/m/n/12 @Query("SELECT s FROM WaterDataSummary s WHERE s.stationI
d IN :stationIds " +[] 
 []


Overfull \hbox (195.52217pt too wide) in paragraph at lines 7840--7840
[]    \TU/lmtt/m/n/12 @Query("SELECT new com.example.dto.StationSummaryDTO(s.st
ationId, s.avgWaterLevel, s.dataCount) " +[] 
 []


Overfull \hbox (65.7422pt too wide) in paragraph at lines 7842--7842
[]    \TU/lmtt/m/n/12 List<StationSummaryDTO> findSummaryProjections(@Param("da
te") LocalDate date);[] 
 []


Underfull \vbox (badness 10000) has occurred while \output is active []

 [665]
Overfull \hbox (152.26204pt too wide) in paragraph at lines 7850--7850
[]                   \TU/lmtt/m/n/12 "WHERE summary_date >= :startOfMonth AND s
ummary_date < :startOfNextMonth " +[] 
 []


Overfull \hbox (10.12216pt too wide) in paragraph at lines 7859--7859
[]    \TU/lmtt/m/n/12 @Query("UPDATE WaterDataSummary s SET s.lastUpdated = :up
dateTime " +[] 
 []


Overfull \hbox (16.30219pt too wide) in paragraph at lines 7861--7861
[]    \TU/lmtt/m/n/12 int updateLastUpdatedBatch(@Param("stationIds") List<Long
> stationIds,[] 
 []


Overfull \hbox (34.84203pt too wide) in paragraph at lines 7862--7862
[]                              \TU/lmtt/m/n/12 @Param("updateTime") LocalDateT
ime updateTime);[] 
 []


Overfull \hbox (59.56212pt too wide) in paragraph at lines 7886--7886
[]        \TU/lmtt/m/n/12 for (Map.Entry<Long, List<WaterData>> entry : dataByS
tation.entrySet()) {[] 
 []


Underfull \vbox (badness 10000) has occurred while \output is active []

 [666]
[667]
Underfull \vbox (badness 10000) has occurred while \output is active []

 [668]
Overfull \hbox (53.38222pt too wide) in paragraph at lines 7987--7987
[]\TU/lmtt/m/n/12 public ResponseEntity<ApiResponse<UserDto>> getUserById(@Path
Variable Long id) {[] 
 []


Underfull \vbox (badness 10000) has occurred while \output is active []

 [669]
Underfull \vbox (badness 10000) has occurred while \output is active []

 [670]
Overfull \hbox (28.66222pt too wide) in paragraph at lines 8052--8052
[]\TU/lmtt/m/n/12 public ResponseEntity<ApiResponse<Void>> deleteUser(@PathVari
able Long id) {[] 
 []

! Too many }'s.
l.8063 }
        
You've closed more groups than you opened.
Such booboos are generally harmless, so keep going.

! Too many }'s.
l.8067 URL/api/v1API * * }
                          HTTP\textbf{RESTGET * POST * PUT * DELETE * *
You've closed more groups than you opened.
Such booboos are generally harmless, so keep going.

[671]
Overfull \hbox (96.64209pt too wide) in paragraph at lines 8110--8110
[]        \TU/lmtt/m/n/12 this.requestId = MDC.get("requestId");        // MDCM
apped Diagnostic ContextID[] 
 []


Underfull \vbox (badness 10000) has occurred while \output is active []

 [672]
Overfull \hbox (41.02216pt too wide) in paragraph at lines 8138--8138
[]    \TU/lmtt/m/n/12 public static <T> ApiResponse<T> error(String errorCode, 
String message) {[] 
 []


Overfull \hbox (121.36212pt too wide) in paragraph at lines 8147--8147
[]    \TU/lmtt/m/n/12 public static <T> ApiResponse<T> error(String errorCode, 
String message, T errorData) {[] 
 []


Overfull \hbox (41.02216pt too wide) in paragraph at lines 8167--8167
[]    \TU/lmtt/m/n/12 public void setErrorCode(String errorCode) { this.errorCo
de = errorCode; }[] 
 []


Overfull \hbox (28.66216pt too wide) in paragraph at lines 8170--8170
[]    \TU/lmtt/m/n/12 public void setTimestamp(Long timestamp) { this.timestamp
 = timestamp; }[] 
 []


Overfull \hbox (41.02216pt too wide) in paragraph at lines 8173--8173
[]    \TU/lmtt/m/n/12 public void setRequestId(String requestId) { this.request
Id = requestId; }[] 
 []


Underfull \vbox (badness 10000) has occurred while \output is active []

 [673]
Underfull \vbox (badness 10000) has occurred while \output is active []

 [674]
Underfull \vbox (badness 10000) has occurred while \output is active []

 [675]
Overfull \hbox (127.54216pt too wide) in paragraph at lines 8276--8276
[]    \TU/lmtt/m/n/12 public void setTotalElements(long totalElements) { this.t
otalElements = totalElements; }[] 
 []


Overfull \hbox (47.20216pt too wide) in paragraph at lines 8279--8279
[]    \TU/lmtt/m/n/12 public void setTotalPages(int totalPages) { this.totalPag
es = totalPages; }[] 
 []


Overfull \hbox (96.64217pt too wide) in paragraph at lines 8285--8285
[]    \TU/lmtt/m/n/12 public void setHasPrevious(boolean hasPrevious) { this.ha
sPrevious = hasPrevious; }[] 
 []


Underfull \vbox (badness 10000) has occurred while \output is active []

 [676]
Overfull \hbox (3.9422pt too wide) in paragraph at lines 8323--8323
[]    \TU/lmtt/m/n/12 public ResponseEntity<ApiResponse<List<OrderDataV1>>> get
RecentData([] 
 []


Overfull \hbox (22.48216pt too wide) in paragraph at lines 8326--8326
[]        \TU/lmtt/m/n/12 List<OrderDataV1> data = orderDataService.getRecentDa
taV1(userIds);[] 
 []


Underfull \vbox (badness 10000) has occurred while \output is active []

 [677]
Overfull \hbox (53.3822pt too wide) in paragraph at lines 8336--8336
[]    \TU/lmtt/m/n/12 public ResponseEntity<ApiResponse<PageResponse<OrderDataV
2>>> getRecentData([] 
 []


Overfull \hbox (10.12218pt too wide) in paragraph at lines 8361--8361
[]    \TU/lmtt/m/n/12 OrderTrendAnalysis analyzeTrend(Long userId, LocalDateTim
e startTime,[] 
 []


Overfull \hbox (28.66217pt too wide) in paragraph at lines 8367--8367
[]    \TU/lmtt/m/n/12 List<OrderAnomaly> detectAnomalies(Long userId, LocalDate
Time startTime,[] 
 []


Underfull \vbox (badness 10000) has occurred while \output is active []

 [678]
Overfull \hbox (59.56221pt too wide) in paragraph at lines 8381--8381
[]\TU/lmtt/m/n/12 public class WaterLevelAnalysisServiceImpl implements WaterLe
velAnalysisService {[] 
 []


Overfull \hbox (59.56221pt too wide) in paragraph at lines 8389--8389
[]    \TU/lmtt/m/n/12 public WaterLevelAnalysisServiceImpl(WaterLevelDataReposi
tory dataRepository,[] 
 []


Overfull \hbox (53.38196pt too wide) in paragraph at lines 8390--8390
[]                                       \TU/lmtt/m/n/12 StatisticalAnalysisEng
ine analysisEngine,[] 
 []


Overfull \hbox (3.94196pt too wide) in paragraph at lines 8391--8391
[]                                       \TU/lmtt/m/n/12 ForecastingEngine fore
castEngine,[] 
 []


Overfull \hbox (28.66196pt too wide) in paragraph at lines 8392--8392
[]                                       \TU/lmtt/m/n/12 AnomalyDetectionEngine
 anomalyEngine,[] 
 []


Overfull \hbox (102.82216pt too wide) in paragraph at lines 8403--8403
[]    \TU/lmtt/m/n/12 public WaterLevelTrendAnalysis analyzeTrend(Long stationI
d, LocalDateTime startTime,[] 
 []


Underfull \vbox (badness 10000) has occurred while \output is active []

 [679]
Overfull \hbox (47.20213pt too wide) in paragraph at lines 8410--8410
[]        \TU/lmtt/m/n/12 String cacheKey = generateTrendCacheKey(stationId, st
artTime, endTime);[] 
 []


Overfull \hbox (102.82184pt too wide) in paragraph at lines 8412--8412
[]                                                         \TU/lmtt/m/n/12 Wate
rLevelTrendAnalysis.class);[] 
 []


Overfull \hbox (28.6621pt too wide) in paragraph at lines 8419--8419
[]                \TU/lmtt/m/n/12 .findByStationIdAndTimeRange(stationId, start
Time, endTime);[] 
 []


Overfull \hbox (96.64215pt too wide) in paragraph at lines 8426--8426
[]        \TU/lmtt/m/n/12 List<DataPoint> processedData = preprocessDataForTren
dAnalysis(historicalData);[] 
 []


Overfull \hbox (53.38216pt too wide) in paragraph at lines 8429--8429
[]        \TU/lmtt/m/n/12 TrendAnalysisResult result = analysisEngine.analyzeTr
end(processedData);[] 
 []


Overfull \hbox (28.66217pt too wide) in paragraph at lines 8432--8432
[]        \TU/lmtt/m/n/12 WaterLevelTrendAnalysis analysis = WaterLevelTrendAna
lysis.builder()[] 
 []


Overfull \hbox (22.48213pt too wide) in paragraph at lines 8437--8437
[]                \TU/lmtt/m/n/12 .correlationCoefficient(result.getCorrelation
Coefficient())[] 
 []


Underfull \vbox (badness 10000) has occurred while \output is active []

 [680]
Overfull \hbox (121.36217pt too wide) in paragraph at lines 8452--8452
[]    \TU/lmtt/m/n/12 public List<WaterLevelAnomaly> detectAnomalies(Long stati
onId, LocalDateTime startTime,[] 
 []


Overfull \hbox (3.94186pt too wide) in paragraph at lines 8453--8453
[]                                                  \TU/lmtt/m/n/12 LocalDateTi
me endTime,[] 
 []


Overfull \hbox (65.74187pt too wide) in paragraph at lines 8454--8454
[]                                                  \TU/lmtt/m/n/12 AnomalyDete
ctionConfig config) {[] 
 []


Overfull \hbox (65.74217pt too wide) in paragraph at lines 8459--8459
[]        \TU/lmtt/m/n/12 LocalDateTime baselineStart = startTime.minus(config.
getBaselinePeriod());[] 
 []


Overfull \hbox (65.74211pt too wide) in paragraph at lines 8461--8461
[]                \TU/lmtt/m/n/12 .findByStationIdAndTimeRange(stationId, basel
ineStart, startTime);[] 
 []


Overfull \hbox (28.6621pt too wide) in paragraph at lines 8464--8464
[]                \TU/lmtt/m/n/12 .findByStationIdAndTimeRange(stationId, start
Time, endTime);[] 
 []


Overfull \hbox (47.2021pt too wide) in paragraph at lines 8471--8471
[]                \TU/lmtt/m/n/12 .map(anomaly -> convertToWaterLevelAnomaly(an
omaly, stationId))[] 
 []


Overfull \hbox (78.10216pt too wide) in paragraph at lines 8475--8475
[]    \TU/lmtt/m/n/12 private void validateTimeRange(LocalDateTime startTime, L
ocalDateTime endTime) {[] 
 []


Underfull \vbox (badness 10000) has occurred while \output is active []

 [681]
Overfull \hbox (90.4622pt too wide) in paragraph at lines 8508--8508
[]    \TU/lmtt/m/n/12 public AllocationExecutionResult execute(WaterAvailabilit
yAssessment assessment) {[] 
 []


Overfull \hbox (10.12213pt too wide) in paragraph at lines 8520--8520
[]            \TU/lmtt/m/n/12 AllocationExecution execution = AllocationExecuti
on.builder()[] 
 []


Underfull \vbox (badness 10000) has occurred while \output is active []

 [682]
Overfull \hbox (3.94217pt too wide) in paragraph at lines 8550--8550
[]        \TU/lmtt/m/n/12 if (exceedsResourceCapacity(context.getResourceConstr
aints())) {[] 
 []


Underfull \vbox (badness 10000) has occurred while \output is active []

 [683]
Overfull \hbox (65.74211pt too wide) in paragraph at lines 8591--8591
[]            \TU/lmtt/m/n/12 requests = conflictResolver.resolve(requests, con
flicts, constraints);[] 
 []


Overfull \hbox (127.54214pt too wide) in paragraph at lines 8595--8595
[]        \TU/lmtt/m/n/12 OptimizationResult result = optimizer.optimize(reques
ts, availability, constraints);[] 
 []


Underfull \vbox (badness 10000) has occurred while \output is active []

 [684]
Overfull \hbox (53.38219pt too wide) in paragraph at lines 8622--8622
[]        \TU/lmtt/m/n/12 BatchProcessResult result = monitoringService.process
BatchData(request);[] 
 []


Underfull \vbox (badness 10000) has occurred while \output is active []

 [685]
Overfull \hbox (3.94212pt too wide) in paragraph at lines 8653--8653
[]            \TU/lmtt/m/n/12 @RequestParam(required = false) List<String> seve
rityLevels,[] 
 []


Underfull \vbox (badness 10000) has occurred while \output is active []

 [686]
Overfull \hbox (10.12218pt too wide) in paragraph at lines 8693--8693
[]        \TU/lmtt/m/n/12 this.circuitBreaker = CircuitBreaker.ofDefaults("aler
t-service");[] 
 []


Overfull \hbox (47.20213pt too wide) in paragraph at lines 8698--8698
[]            \TU/lmtt/m/n/12 String url = "http://alert-service/api/alerts/act
ive?stationIds=" +[] 
 []


Overfull \hbox (214.06207pt too wide) in paragraph at lines 8699--8699
[]                        \TU/lmtt/m/n/12 String.join(",", stationIds.stream().
map(String::valueOf).toArray(String[]::new));[] 
 []


Overfull \hbox (28.66212pt too wide) in paragraph at lines 8701--8701
[]            \TU/lmtt/m/n/12 ResponseEntity<List<AlertDto>> response = restTem
plate.exchange([] 
 []


Underfull \vbox (badness 10000) has occurred while \output is active []

 [687]
Overfull \hbox (16.30219pt too wide) in paragraph at lines 8723--8723
[]    \TU/lmtt/m/n/12 private final JwtAuthenticationEntryPoint jwtAuthenticati
onEntryPoint;[] 
 []


Overfull \hbox (59.56206pt too wide) in paragraph at lines 8727--8727
[]                         \TU/lmtt/m/n/12 JwtAuthenticationEntryPoint jwtAuthe
nticationEntryPoint,[] 
 []


Overfull \hbox (53.38217pt too wide) in paragraph at lines 8746--8746
[]    \TU/lmtt/m/n/12 public SecurityFilterChain filterChain(HttpSecurity http)
 throws Exception {[] 
 []


Overfull \hbox (96.64217pt too wide) in paragraph at lines 8748--8748
[]            \TU/lmtt/m/n/12 .sessionManagement().sessionCreationPolicy(Sessio
nCreationPolicy.STATELESS)[] 
 []


Overfull \hbox (127.54211pt too wide) in paragraph at lines 8753--8753
[]                \TU/lmtt/m/n/12 .requestMatchers(HttpMethod.GET, "/api/monito
ring/stations").hasRole("USER")[] 
 []


Overfull \hbox (121.36212pt too wide) in paragraph at lines 8754--8754
[]                \TU/lmtt/m/n/12 .requestMatchers(HttpMethod.POST, "/api/monit
oring/**").hasRole("OPERATOR")[] 
 []


Overfull \hbox (16.30214pt too wide) in paragraph at lines 8756--8756
[]                \TU/lmtt/m/n/12 .requestMatchers("/api/system/**").hasRole("S
YSTEM_ADMIN")[] 
 []


Underfull \vbox (badness 10000) has occurred while \output is active []

 [688]
Overfull \hbox (90.46217pt too wide) in paragraph at lines 8759--8759
[]            \TU/lmtt/m/n/12 .exceptionHandling().authenticationEntryPoint(jwt
AuthenticationEntryPoint)[] 
 []


Overfull \hbox (121.36217pt too wide) in paragraph at lines 8761--8761
[]            \TU/lmtt/m/n/12 .addFilterBefore(jwtRequestFilter, UsernamePasswo
rdAuthenticationFilter.class);[] 
 []


Overfull \hbox (90.46211pt too wide) in paragraph at lines 8782--8782
[]    \TU/lmtt/m/n/12 public <T> T getClaimFromToken(String token, Function<Cla
ims, T> claimsResolver) {[] 
 []


Overfull \hbox (71.92218pt too wide) in paragraph at lines 8788--8788
[]        \TU/lmtt/m/n/12 return Jwts.parser().setSigningKey(SECRET).parseClaim
sJws(token).getBody();[] 
 []


Underfull \vbox (badness 10000) has occurred while \output is active []

 [689]
Overfull \hbox (115.18216pt too wide) in paragraph at lines 8800--8800
[]        \TU/lmtt/m/n/12 Collection<? extends GrantedAuthority> authorities = 
userDetails.getAuthorities();[] 
 []


Overfull \hbox (22.48213pt too wide) in paragraph at lines 8807--8807
[]            \TU/lmtt/m/n/12 CustomUserDetails customUser = (CustomUserDetails
) userDetails;[] 
 []


Overfull \hbox (10.12215pt too wide) in paragraph at lines 8809--8809
[]            \TU/lmtt/m/n/12 claims.put("organizationId", customUser.getOrgani
zationId());[] 
 []


Overfull \hbox (28.66214pt too wide) in paragraph at lines 8815--8815
[]    \TU/lmtt/m/n/12 private String createToken(Map<String, Object> claims, St
ring subject) {[] 
 []


Overfull \hbox (152.2621pt too wide) in paragraph at lines 8820--8820
[]                \TU/lmtt/m/n/12 .setExpiration(new Date(System.currentTimeMil
lis() + JWT_TOKEN_VALIDITY * 1000))[] 
 []


Overfull \hbox (10.12218pt too wide) in paragraph at lines 8825--8825
[]    \TU/lmtt/m/n/12 public Boolean validateToken(String token, UserDetails us
erDetails) {[] 
 []


Overfull \hbox (90.46217pt too wide) in paragraph at lines 8827--8827
[]        \TU/lmtt/m/n/12 return (username.equals(userDetails.getUsername()) &&
 !isTokenExpired(token));[] 
 []


Underfull \vbox (badness 10000) has occurred while \output is active []

 [690]
Overfull \hbox (195.52219pt too wide) in paragraph at lines 8842--8842
[]    \TU/lmtt/m/n/12 public ResponseEntity<ApiResponse<LoginResponse>> login(@
Valid @RequestBody LoginRequest request) {[] 
 []


Overfull \hbox (47.20215pt too wide) in paragraph at lines 8844--8844
[]            \TU/lmtt/m/n/12 Authentication authentication = authenticationMan
ager.authenticate([] 
 []


Overfull \hbox (195.52214pt too wide) in paragraph at lines 8845--8845
[]                \TU/lmtt/m/n/12 new UsernamePasswordAuthenticationToken(reque
st.getUsername(), request.getPassword()));[] 
 []


Overfull \hbox (65.74214pt too wide) in paragraph at lines 8847--8847
[]            \TU/lmtt/m/n/12 UserDetails userDetails = (UserDetails) authentic
ation.getPrincipal();[] 
 []


Overfull \hbox (3.94214pt too wide) in paragraph at lines 8857--8857
[]            \TU/lmtt/m/n/12 return ResponseEntity.ok(ApiResponse.success(resp
onse, ""));[] 
 []


Overfull \hbox (3.9421pt too wide) in paragraph at lines 8861--8861
[]                    \TU/lmtt/m/n/12 .body(ApiResponse.error("INVALID_CREDENTI
ALS", ""));[] 
 []


Overfull \hbox (16.3022pt too wide) in paragraph at lines 8866--8866
[]    \TU/lmtt/m/n/12 public ResponseEntity<ApiResponse<RefreshTokenResponse>> 
refreshToken([] 
 []


Overfull \hbox (90.46217pt too wide) in paragraph at lines 8873--8873
[]            \TU/lmtt/m/n/12 UserDetails userDetails = userDetailsService.load
UserByUsername(username);[] 
 []


Underfull \vbox (badness 10000) has occurred while \output is active []

 [691]
Overfull \hbox (16.30214pt too wide) in paragraph at lines 8876--8876
[]            \TU/lmtt/m/n/12 RefreshTokenResponse response = RefreshTokenRespo
nse.builder()[] 
 []


Overfull \hbox (3.94214pt too wide) in paragraph at lines 8881--8881
[]            \TU/lmtt/m/n/12 return ResponseEntity.ok(ApiResponse.success(resp
onse, ""));[] 
 []


Underfull \vbox (badness 10000) has occurred while \output is active []

 [692]
Overfull \hbox (28.66219pt too wide) in paragraph at lines 8927--8927
[]    \TU/lmtt/m/n/12 public boolean hasPermission(Long userId, SystemPermissio
n permission) {[] 
 []


Overfull \hbox (34.84212pt too wide) in paragraph at lines 8942--8942
[]                \TU/lmtt/m/n/12 .anyMatch(access -> access.getStationId().equ
als(stationId));[] 
 []


Overfull \hbox (71.9221pt too wide) in paragraph at lines 8951--8951
[]                \TU/lmtt/m/n/12 .anyMatch(access -> regionCode.startsWith(acc
ess.getRegionCode()));[] 
 []


Underfull \vbox (badness 10000) has occurred while \output is active []

 [693]
Overfull \hbox (300.58215pt too wide) in paragraph at lines 8978--8978
[]    \TU/lmtt/m/n/12 public Object checkPermission(ProceedingJoinPoint joinPoi
nt, RequirePermission requirePermission) throws Throwable {[] 
 []


Overfull \hbox (53.38216pt too wide) in paragraph at lines 8980--8980
[]        \TU/lmtt/m/n/12 WaterSystemPermission[] requiredPermissions = require
Permission.value();[] 
 []


Overfull \hbox (158.44206pt too wide) in paragraph at lines 8985--8985
[]                    \TU/lmtt/m/n/12 .allMatch(permission -> permissionService
.hasPermission(userId, permission));[] 
 []


Overfull \hbox (158.44206pt too wide) in paragraph at lines 8988--8988
[]                    \TU/lmtt/m/n/12 .anyMatch(permission -> permissionService
.hasPermission(userId, permission));[] 
 []


Underfull \vbox (badness 10000) has occurred while \output is active []

 [694]
Overfull \hbox (356.20215pt too wide) in paragraph at lines 8999--8999
[]    \TU/lmtt/m/n/12 public Object checkStationAccess(ProceedingJoinPoint join
Point, RequireStationAccess requireStationAccess) throws Throwable {[] 
 []


Overfull \hbox (41.02216pt too wide) in paragraph at lines 9008--9008
[]            \TU/lmtt/m/n/12 if (requireStationAccess.stationIdParam().equals(
paramNames[i])) {[] 
 []


Underfull \vbox (badness 10000) has occurred while \output is active []

 [695]
Overfull \hbox (47.2022pt too wide) in paragraph at lines 9034--9034
[]    \TU/lmtt/m/n/12 public ResponseEntity<ApiResponse<List<WaterLevelDataDto>
>> getStationData([] 
 []


Overfull \hbox (195.52213pt too wide) in paragraph at lines 9039--9039
[]        \TU/lmtt/m/n/12 List<WaterLevelDataDto> data = monitoringService.getS
tationData(stationId, startTime, endTime);[] 
 []


Overfull \hbox (22.48221pt too wide) in paragraph at lines 9045--9045
[]    \TU/lmtt/m/n/12 public ResponseEntity<ApiResponse<MonitoringStationDto>> 
createStation([] 
 []


Overfull \hbox (34.84216pt too wide) in paragraph at lines 9048--9048
[]        \TU/lmtt/m/n/12 MonitoringStationDto station = stationService.createS
tation(request);[] 
 []


Overfull \hbox (90.46213pt too wide) in paragraph at lines 9065--9065
[]    \TU/lmtt/m/n/12 protected WaterSystemException(String errorCode, String m
essage, Object... args) {[] 
 []


Underfull \vbox (badness 10000) has occurred while \output is active []

 [696]
Underfull \vbox (badness 10000) has occurred while \output is active []

 [697]
Overfull \hbox (3.9422pt too wide) in paragraph at lines 9111--9111
[]    \TU/lmtt/m/n/12 public ResponseEntity<ApiResponse<Void>> handleWaterSyste
mException([] 
 []


Overfull \hbox (96.64217pt too wide) in paragraph at lines 9118--9118
[]        \TU/lmtt/m/n/12 String localizedMessage = getLocalizedMessage(ex.getE
rrorCode(), ex.getArgs());[] 
 []


Overfull \hbox (41.02213pt too wide) in paragraph at lines 9121--9121
[]                \TU/lmtt/m/n/12 .body(ApiResponse.error(ex.getErrorCode(), lo
calizedMessage));[] 
 []


Overfull \hbox (90.46217pt too wide) in paragraph at lines 9125--9125
[]    \TU/lmtt/m/n/12 public ResponseEntity<ApiResponse<Map<String, String>>> h
andleValidationException([] 
 []


Overfull \hbox (10.1221pt too wide) in paragraph at lines 9136--9136
[]                \TU/lmtt/m/n/12 .body(ApiResponse.error("VALIDATION_ERROR", "
", errors));[] 
 []


Overfull \hbox (10.1222pt too wide) in paragraph at lines 9140--9140
[]    \TU/lmtt/m/n/12 public ResponseEntity<ApiResponse<Void>> handleAccessDeni
edException([] 
 []


Underfull \vbox (badness 10000) has occurred while \output is active []

 [698]
Overfull \hbox (71.9222pt too wide) in paragraph at lines 9150--9150
[]    \TU/lmtt/m/n/12 public ResponseEntity<ApiResponse<Void>> handleDataIntegr
ityViolationException([] 
 []


Overfull \hbox (41.02213pt too wide) in paragraph at lines 9161--9161
[]                \TU/lmtt/m/n/12 .body(ApiResponse.error("DATA_INTEGRITY_VIOLA
TION", message));[] 
 []


Overfull \hbox (34.84209pt too wide) in paragraph at lines 9170--9170
[]                \TU/lmtt/m/n/12 requestId, request.getRequestURL(), request.g
etMethod(), ex);[] 
 []


Overfull \hbox (10.12215pt too wide) in paragraph at lines 9176--9176
[]    \TU/lmtt/m/n/12 private String getLocalizedMessage(String errorCode, Obje
ct[] args) {[] 
 []


Underfull \vbox (badness 10000) has occurred while \output is active []

 [699]
Overfull \hbox (133.72217pt too wide) in paragraph at lines 9192--9192
[]    \TU/lmtt/m/n/12 public void doFilter(ServletRequest request, ServletRespo
nse response, FilterChain chain)[] 
 []


Overfull \hbox (3.94215pt too wide) in paragraph at lines 9195--9195
[]        \TU/lmtt/m/n/12 String requestId = UUID.randomUUID().toString().subst
ring(0, 8);[] 
 []


Overfull \hbox (41.02213pt too wide) in paragraph at lines 9199--9199
[]            \TU/lmtt/m/n/12 HttpServletResponse httpResponse = (HttpServletRe
sponse) response;[] 
 []


Underfull \vbox (badness 10000) has occurred while \output is active []

 [700]
Overfull \hbox (47.20215pt too wide) in paragraph at lines 9236--9236
[]            \TU/lmtt/m/n/12 log.info("USER_ACTION {}", objectMapper.writeValu
eAsString(entry));[] 
 []


Overfull \hbox (47.20213pt too wide) in paragraph at lines 9243--9243
[]    \TU/lmtt/m/n/12 public void logSystemEvent(String eventType, String messa
ge, Object data) {[] 
 []


Overfull \hbox (53.38216pt too wide) in paragraph at lines 9253--9253
[]            \TU/lmtt/m/n/12 log.info("SYSTEM_EVENT {}", objectMapper.writeVal
ueAsString(entry));[] 
 []


Overfull \hbox (102.82214pt too wide) in paragraph at lines 9260--9260
[]    \TU/lmtt/m/n/12 public void logPerformanceMetrics(String operation, long 
duration, Object context) {[] 
 []


Underfull \vbox (badness 10000) has occurred while \output is active []

 [701]
Overfull \hbox (102.82211pt too wide) in paragraph at lines 9271--9271
[]                \TU/lmtt/m/n/12 log.warn("PERFORMANCE_SLOW {}", objectMapper.
writeValueAsString(entry));[] 
 []


Overfull \hbox (71.92212pt too wide) in paragraph at lines 9273--9273
[]                \TU/lmtt/m/n/12 log.info("PERFORMANCE {}", objectMapper.write
ValueAsString(entry));[] 
 []


Overfull \hbox (10.1222pt too wide) in paragraph at lines 9290--9290
[]    \TU/lmtt/m/n/12 public PerformanceMonitoringAspect(AuditLogService auditL
ogService) {[] 
 []


Overfull \hbox (220.24214pt too wide) in paragraph at lines 9295--9295
[]    \TU/lmtt/m/n/12 public Object monitorPerformance(ProceedingJoinPoint join
Point, Monitored monitored) throws Throwable {[] 
 []


Underfull \vbox (badness 10000) has occurred while \output is active []

 [702]
Overfull \hbox (170.80211pt too wide) in paragraph at lines 9305--9305
[]            \TU/lmtt/m/n/12 context.put("resultType", result != null ? result
.getClass().getSimpleName() : "void");[] 
 []


Overfull \hbox (53.38213pt too wide) in paragraph at lines 9307--9307
[]            \TU/lmtt/m/n/12 auditLogService.logPerformanceMetrics(operation, 
duration, context);[] 
 []


Overfull \hbox (53.38213pt too wide) in paragraph at lines 9319--9319
[]            \TU/lmtt/m/n/12 auditLogService.logPerformanceMetrics(operation, 
duration, context);[] 
 []


Overfull \hbox (59.56221pt too wide) in paragraph at lines 9328--9328
[]\TU/lmtt/m/n/12 public class WaterLevelAnalysisServiceImpl implements WaterLe
velAnalysisService {[] 
 []


Overfull \hbox (102.82216pt too wide) in paragraph at lines 9334--9334
[]    \TU/lmtt/m/n/12 public WaterLevelTrendAnalysis analyzeTrend(Long stationI
d, LocalDateTime startTime,[] 
 []


Overfull \hbox (127.54207pt too wide) in paragraph at lines 9338--9338
[]                \TU/lmtt/m/n/12 Map.of("stationId", stationId, "startTime", s
tartTime, "endTime", endTime));[] 
 []


Overfull \hbox (158.4421pt too wide) in paragraph at lines 9341--9341
[]            \TU/lmtt/m/n/12 WaterLevelTrendAnalysis result = performTrendAnal
ysis(stationId, startTime, endTime);[] 
 []


Underfull \vbox (badness 10000) has occurred while \output is active []

 [703]
Overfull \hbox (115.18205pt too wide) in paragraph at lines 9345--9345
[]                    \TU/lmtt/m/n/12 Map.of("userId", userId, "trendDirection"
, result.getTrendDirection(),[] 
 []


Overfull \hbox (84.28206pt too wide) in paragraph at lines 9353--9353
[]                    \TU/lmtt/m/n/12 Map.of("userId", userId, "error", e.getCl
ass().getSimpleName()));[] 
 []

[704]
Underfull \vbox (badness 10000) has occurred while \output is active []

 [705]
Underfull \vbox (badness 10000) has occurred while \output is active []

 [706]
Underfull \vbox (badness 10000) has occurred while \output is active []

 [707]
Overfull \hbox (22.48212pt too wide) in paragraph at lines 9524--9524
[]        \TU/lmtt/m/n/12 'avg_water_level_24h': np.random.uniform(8, 15, n_sam
ples),    # 24[] 
 []


Overfull \hbox (22.48206pt too wide) in paragraph at lines 9525--9525
[]        \TU/lmtt/m/n/12 'rainfall_48h': np.random.uniform(0, 50, n_samples), 
          # 48[] 
 []


Overfull \hbox (3.94211pt too wide) in paragraph at lines 9526--9526
[]        \TU/lmtt/m/n/12 'upstream_flow': np.random.uniform(100, 500, n_sample
s),       #[] 
 []


Overfull \hbox (3.942pt too wide) in paragraph at lines 9527--9527
[]        \TU/lmtt/m/n/12 'season': np.random.randint(1, 5, n_samples),        
          #[] 
 []


Underfull \vbox (badness 10000) has occurred while \output is active []

 [708]
Underfull \vbox (badness 10000) has occurred while \output is active []

 [709]
Overfull \hbox (10.1221pt too wide) in paragraph at lines 9614--9614
[]        \TU/lmtt/m/n/12 limit = request.args.get('limit', default=100, type=i
nt)    # 100[] 
 []


Overfull \hbox (3.94208pt too wide) in paragraph at lines 9615--9615
[]        \TU/lmtt/m/n/12 hours = request.args.get('hours', default=24, type=in
t)     # 24[] 
 []


Underfull \vbox (badness 10000) has occurred while \output is active []

 [710]
Underfull \vbox (badness 10000) has occurred while \output is active []

 [711]
Underfull \vbox (badness 10000) has occurred while \output is active []

 [712]
Overfull \hbox (34.84216pt too wide) in paragraph at lines 9732--9732
[]        \TU/lmtt/m/n/12 'description': str(error.description) if error.descri
ption else None,[] 
 []


Underfull \vbox (badness 10000) has occurred while \output is active []

 [713]
Overfull \hbox (34.84216pt too wide) in paragraph at lines 9745--9745
[]        \TU/lmtt/m/n/12 'description': str(error.description) if error.descri
ption else None,[] 
 []


Overfull \hbox (152.26222pt too wide) in paragraph at lines 9768--9768
[]\TU/lmtt/m/n/12 **Werkzeug WSGI**FlaskWSGIWeb Server Gateway InterfacePython 
WebWebWerkzeugWSGIURL/WerkzeugFlask[] 
 []


Underfull \vbox (badness 10000) has occurred while \output is active []

 [714]
Overfull \hbox (3.94208pt too wide) in paragraph at lines 9811--9811
[]                \TU/lmtt/m/n/12 return {'error': '', 'code': 'INVALID_AUTH_FO
RMAT'}, 401[] 
 []


Overfull \hbox (96.63016pt too wide) in paragraph at lines 9818--9818
[]            \TU/lmtt/m/n/12 payload = jwt.decode(token, app.config['SECRET_KE
Y'], algorithms=['HS256'])[] 
 []


Underfull \vbox (badness 10000) has occurred while \output is active []

 [715]
Overfull \hbox (16.30211pt too wide) in paragraph at lines 9857--9857
[]                \TU/lmtt/m/n/12 app.logger.warning(f" {g.current_user_id}  {p
ermission} ")[] 
 []


Underfull \vbox (badness 10000) has occurred while \output is active []

 [716]
Underfull \vbox (badness 10000) has occurred while \output is active []

 [717]
Overfull \hbox (10.12218pt too wide) in paragraph at lines 9908--9908
[]        \TU/lmtt/m/n/12 app.logger.info(f" {g.current_user_id}  {len(monitori
ng_data)} ")[] 
 []


Underfull \vbox (badness 10000) has occurred while \output is active []

 [718]
Overfull \hbox (28.66219pt too wide) in paragraph at lines 9959--9959
[]        \TU/lmtt/m/n/12 app.logger.info(f" {g.current_user_id} ID: {result.ge
t('data_id')}")[] 
 []


Underfull \vbox (badness 10000) has occurred while \output is active []

 [719]
Overfull \hbox (3.94215pt too wide) in paragraph at lines 9987--9987
[]            \TU/lmtt/m/n/12 'station_id': query_params.get('station_id', 'DEF
AULT_001'),[] 
 []


Overfull \hbox (41.0222pt too wide) in paragraph at lines 10000--10000
[]    \TU/lmtt/m/n/12 data_id = f"upload_{datetime.datetime.utcnow().strftime('
%Y%m%d_%H%M%S')}"[] 
 []


Underfull \vbox (badness 10000) has occurred while \output is active []

 [720]
Underfull \vbox (badness 10000) has occurred while \output is active []

 [721]
Underfull \vbox (badness 10000) has occurred while \output is active []

 [722]
Underfull \vbox (badness 10000) has occurred while \output is active []

 [723]
Overfull \hbox (71.92213pt too wide) in paragraph at lines 10139--10139
[]            \TU/lmtt/m/n/12 'created_at': self.created_at.isoformat() if self
.created_at else None,[] 
 []


Overfull \hbox (65.74214pt too wide) in paragraph at lines 10140--10140
[]            \TU/lmtt/m/n/12 'updated_at': self.updated_at.isoformat() if self
.updated_at else None[] 
 []


Underfull \vbox (badness 10000) has occurred while \output is active []

 [724]
Underfull \vbox (badness 10000) has occurred while \output is active []

 [725]
Overfull \hbox (207.88214pt too wide) in paragraph at lines 10211--10211
[]        \TU/lmtt/m/n/12 return f'<MonitoringData Station:{self.station_id} Le
vel:{self.water_level} at {self.timestamp}>'[] 
 []


Overfull \hbox (53.38213pt too wide) in paragraph at lines 10222--10222
[]            \TU/lmtt/m/n/12 'timestamp': self.timestamp.isoformat() if self.t
imestamp else None,[] 
 []


Overfull \hbox (65.74214pt too wide) in paragraph at lines 10223--10223
[]            \TU/lmtt/m/n/12 'created_at': self.created_at.isoformat() if self
.created_at else None[] 
 []


Underfull \vbox (badness 10000) has occurred while \output is active []

 [726]
Overfull \hbox (65.74207pt too wide) in paragraph at lines 10250--10250
[]            \TU/lmtt/m/n/12 per_page = min(request.args.get('per_page', 10, t
ype=int), 100)  # 100[] 
 []


Overfull \hbox (3.9421pt too wide) in paragraph at lines 10258--10258
[]                \TU/lmtt/m/n/12 query = query.filter(MonitoringStation.status
 == status)[] 
 []


Overfull \hbox (47.20212pt too wide) in paragraph at lines 10272--10272
[]            \TU/lmtt/m/n/12 stations_data = [station.to_dict() for station in
 pagination.items][] 
 []


Underfull \vbox (badness 10000) has occurred while \output is active []

 [727]
Underfull \vbox (badness 10000) has occurred while \output is active []

 [728]
Underfull \vbox (badness 10000) has occurred while \output is active []

 [729]
Overfull \hbox (10.12215pt too wide) in paragraph at lines 10389--10389
[]            \TU/lmtt/m/n/12 query = MonitoringData.query.filter_by(station_id
=station_id)[] 
 []


Overfull \hbox (41.02206pt too wide) in paragraph at lines 10395--10395
[]                    \TU/lmtt/m/n/12 query = query.filter(MonitoringData.times
tamp >= start_dt)[] 
 []


Overfull \hbox (28.66206pt too wide) in paragraph at lines 10402--10402
[]                    \TU/lmtt/m/n/12 query = query.filter(MonitoringData.times
tamp <= end_dt)[] 
 []


Underfull \vbox (badness 10000) has occurred while \output is active []

 [730]
Overfull \hbox (28.6621pt too wide) in paragraph at lines 10408--10408
[]                \TU/lmtt/m/n/12 query = query.filter(MonitoringData.data_qual
ity == quality)[] 
 []


Overfull \hbox (53.38213pt too wide) in paragraph at lines 10411--10411
[]            \TU/lmtt/m/n/12 query = query.order_by(MonitoringData.timestamp.d
esc()).limit(limit)[] 
 []


Overfull \hbox (34.84221pt too wide) in paragraph at lines 10440--10440
[]\TU/lmtt/m/n/12 api.add_resource(MonitoringDataAPI, '/api/stations/<int:stati
on_id>/data')  #[] 
 []


Underfull \vbox (badness 10000) has occurred while \output is active []

 [731]
Overfull \hbox (47.20226pt too wide) in paragraph at lines 10465--10465
[]\TU/lmtt/m/n/12 **Django**""Batteries IncludedFlaskDjangoWebORMDjango********
********API****Web[] 
 []


Overfull \hbox (146.08226pt too wide) in paragraph at lines 10467--10467
[]\TU/lmtt/m/n/12 **MTV**Model-Template-ViewDjangoMVCMTV**Model**MVCModel**Temp
late**MVCView**View**MVCController[] 
 []


Overfull \hbox (28.66219pt too wide) in paragraph at lines 10482--10482
[]    \TU/lmtt/m/n/12 station = models.ForeignKey(MonitoringStation, on_delete=
models.CASCADE)[] 
 []


Underfull \vbox (badness 10000) has occurred while \output is active []

 [732]
Overfull \hbox (152.26225pt too wide) in paragraph at lines 10488--10488
[]\TU/lmtt/m/n/12 **Django ORM**Object-Relational MappingDjangoPythonDjango ORM
**********API**Python****schema****[] 
 []


Underfull \vbox (badness 10000) has occurred while \output is active []

 [733]
Overfull \hbox (16.30217pt too wide) in paragraph at lines 10557--10557
[]    \TU/lmtt/m/n/12 return render(request, 'monitoring_data.html', {'stations
': stations})[] 
 []

[734]
Underfull \vbox (badness 10000) has occurred while \output is active []

 [735]
Underfull \vbox (badness 10000) has occurred while \output is active []

 [736]
Underfull \vbox (badness 10000) has occurred while \output is active []

 [737]
Overfull \hbox (41.02225pt too wide) in paragraph at lines 10694--10694
[]\TU/lmtt/m/n/12 **API**WebFlaskAPI**RESTful API****API**URL**API**Swagger/Ope
nAPIAPI**API**API[] 
 []


Underfull \vbox (badness 10000) has occurred while \output is active []

 [738]
Overfull \hbox (183.16225pt too wide) in paragraph at lines 10742--10742
[]\TU/lmtt/m/n/12 ****Django**Django REST Framework**DjangoAPI**GraphQL**Graphe
ne-DjangoAPI****Django ChannelsWebSocket[] 
 []


Underfull \vbox (badness 10000) has occurred while \output is active []

 [739]
Overfull \hbox (195.52223pt too wide) in paragraph at lines 10798--10798
[]\TU/lmtt/m/n/12 ****Python WebDevOps**Docker******PythonAlpine Linux****requi
rements.txtpipenv/poetry****Dockerfile****[] 
 []


Underfull \vbox (badness 10000) has occurred while \output is active []

 [740]
Overfull \hbox (84.28224pt too wide) in paragraph at lines 10800--10800
[]\TU/lmtt/m/n/12 **CI/CD**Python****API****pylintflake8black****banditsafety**
**KubernetesDocker Swarm[] 
 []


Overfull \hbox (201.70222pt too wide) in paragraph at lines 10802--10802
[]\TU/lmtt/m/n/12 ********APMNew RelicDatadogPrometheus + Grafana****ELK StackE
lasticsearchLogstashKibanaEFK Stack********[] 
 []


Underfull \vbox (badness 10000) has occurred while \output is active []

 [741]
Overfull \hbox (28.66225pt too wide) in paragraph at lines 10864--10864
[]\TU/lmtt/m/n/12 ******Python**DjangoPythonFlaskPython**Web**WebFlaskWebDjango
****FlaskDjango[] 
 []


Overfull \hbox (22.48222pt too wide) in paragraph at lines 10866--10866
[]\TU/lmtt/m/n/12 ********Django AdminAPIFlask****Django ORMFlask + SQLAlchemy*
***FlaskDjango[] 
 []


Underfull \vbox (badness 10000) has occurred while \output is active []

 [742]
Underfull \vbox (badness 10000) has occurred while \output is active []

 [743]
Overfull \hbox (3.94211pt too wide) in paragraph at lines 10943--10943
[]    \TU/lmtt/m/n/12 slope, intercept, r_value, p_value, std_err = stats.linre
gress(x, y)[] 
 []


Overfull \hbox (193.02626pt too wide) in paragraph at lines 10955--10958
[]\TU/lmr/m/n/12 ****Python Web\TU/lmr/bx/n/12 Django\TU/lmr/m/n/12 Django 3.1D
jango 4.1ORMDjangoI/O\TU/lmr/bx/n/12 FastAPI\TU/lmr/m/n/12 WebStarlettePydantic
API\TU/lmr/bx/n/12 ASGI\TU/lmr/m/n/12 Asynchronous
 []


Underfull \vbox (badness 10000) has occurred while \output is active []

 [744])
(./chapters/chapter06.tex [745] [746] [747] [748]
Overfull \hbox (9.91827pt too wide) in paragraph at lines 245--247
 []\TU/lmr/bx/n/12 6.1.1.1[] \TU/lmr/m/n/12 Digital Elevation ModelDEM)Digital 
Terrain ModelDTMDigital Terrain Model
 []

[749]
Missing character: There is no ① (U+2460) in font [lmroman12-regular]:mapping=t
ex-text;!
Missing character: There is no ② (U+2461) in font [lmroman12-regular]:mapping=t
ex-text;!
Missing character: There is no ③ (U+2462) in font [lmroman12-regular]:mapping=t
ex-text;!
Missing character: There is no ④ (U+2463) in font [lmroman12-regular]:mapping=t
ex-text;!
Missing character: There is no ⑤ (U+2464) in font [lmroman12-regular]:mapping=t
ex-text;!
Missing character: There is no ⑥ (U+2465) in font [lmroman12-regular]:mapping=t
ex-text;!
Missing character: There is no ⑦ (U+2466) in font [lmroman12-regular]:mapping=t
ex-text;!
Missing character: There is no ⑧ (U+2467) in font [lmroman12-regular]:mapping=t
ex-text;!
Missing character: There is no ⑨ (U+2468) in font [lmroman12-regular]:mapping=t
ex-text;!
[750]
File: images/ch6_image19.png Graphic file (type bmp)
<images/ch6_image19.png>
File: images/ch6_image20.png Graphic file (type bmp)
<images/ch6_image20.png>

Missing character: There is no β (U+03B2) in font [lmroman12-regular]:mapping=t
ex-text;!
File: images/ch6_image21.png Graphic file (type bmp)
<images/ch6_image21.png>

Overfull \hbox (0.63116pt too wide) in paragraph at lines 390--391
 [][] 
 []

File: images/ch6_image25.png Graphic file (type bmp)
<images/ch6_image25.png>
[751] [752]
File: images/ch6_image26.png Graphic file (type bmp)
<images/ch6_image26.png>
File: images/ch6_image27.png Graphic file (type bmp)
<images/ch6_image27.png>
File: images/ch6_image28.png Graphic file (type bmp)
<images/ch6_image28.png>
File: images/ch6_image29.png Graphic file (type bmp)
<images/ch6_image29.png>
File: images/ch6_image33.png Graphic file (type bmp)
<images/ch6_image33.png>

Overfull \hbox (145.53111pt too wide) in paragraph at lines 444--445
[][] 
 []

File: images/ch6_image34.png Graphic file (type bmp)
<images/ch6_image34.png>

Overfull \hbox (130.47359pt too wide) in paragraph at lines 448--449
[][] 
 []


Underfull \vbox (badness 3815) has occurred while \output is active []

 [753]
File: images/ch6_image32.png Graphic file (type bmp)
<images/ch6_image32.png>
File: images/ch6_image33.png Graphic file (type bmp)
<images/ch6_image33.png>

Overfull \hbox (121.53111pt too wide) in paragraph at lines 474--475
 [][] 
 []

File: images/ch6_image34.png Graphic file (type bmp)
<images/ch6_image34.png>

Overfull \hbox (106.47359pt too wide) in paragraph at lines 486--487
 [][] 
 []

File: images/ch6_image35.png Graphic file (type bmp)
<images/ch6_image35.png>
File: images/ch6_image36.png Graphic file (type bmp)
<images/ch6_image36.png>

Underfull \vbox (badness 10000) has occurred while \output is active []

 [754]
[755]
Missing character: There is no ① (U+2460) in font [lmroman12-regular]:mapping=t
ex-text;!
Missing character: There is no ② (U+2461) in font [lmroman12-regular]:mapping=t
ex-text;!
Missing character: There is no ③ (U+2462) in font [lmroman12-regular]:mapping=t
ex-text;!
Missing character: There is no ① (U+2460) in font [lmroman12-regular]:mapping=t
ex-text;!
Missing character: There is no ② (U+2461) in font [lmroman12-regular]:mapping=t
ex-text;!
Missing character: There is no ③ (U+2462) in font [lmroman12-regular]:mapping=t
ex-text;!
File: images/ch6_image37.png Graphic file (type bmp)
<images/ch6_image37.png>
Missing character: There is no ① (U+2460) in font [lmroman12-regular]:mapping=t
ex-text;!
Missing character: There is no ② (U+2461) in font [lmroman12-regular]:mapping=t
ex-text;!
Missing character: There is no ③ (U+2462) in font [lmroman12-regular]:mapping=t
ex-text;!
Missing character: There is no ④ (U+2463) in font [lmroman12-regular]:mapping=t
ex-text;!
Missing character: There is no ⑤ (U+2464) in font [lmroman12-regular]:mapping=t
ex-text;!

Overfull \hbox (29.4547pt too wide) in paragraph at lines 533--536
[]\TU/lmr/m/n/12 ①53%60%$[]$40% 8%“”65%45%②15 12°8°10%8°15°,10°10%215°30°20°315
°10%③\TU/lmr/m/it/12 d\TU/lmr/m/n/12 3%
 []

[756]
File: images/ch6_image41.png Graphic file (type bmp)
<images/ch6_image41.png>

Overfull \hbox (22.59027pt too wide) in paragraph at lines 571--577
\TU/lmr/m/n/12 Polyline Autodesk.Revit.DBCurveLineArcCADGeometryModelTeighaLine
 ArcRevit Curve
 []


Overfull \hbox (19.81027pt too wide) in paragraph at lines 571--577
\TU/lmr/m/n/12 TeighaCircleRevitArcTeighaPolylineXYZCadPolylinePointsLayerNameC
adTextList CAD-
 []


Overfull \hbox (219.41168pt too wide) in paragraph at lines 580--583
[]\TU/lmr/m/n/12 CAD RevitTeihgaCAD BlockTable GetRXClass()NameAcDbTextAcDbMTex
tTeigha.DatabaseServicesTextMTextLayerCAD
 []

Missing character: There is no φ (U+03C6) in font [lmroman12-regular]:mapping=t
ex-text;!
[757]
File: images/ch6_image42.png Graphic file (type bmp)
<images/ch6_image42.png>
File: images/ch6_image44.png Graphic file (type bmp)
<images/ch6_image44.png>

Overfull \hbox (135.38405pt too wide) in paragraph at lines 616--617
 [][] 
 []

File: images/ch6_image44.png Graphic file (type bmp)
<images/ch6_image44.png>

Overfull \hbox (135.38405pt too wide) in paragraph at lines 628--629
 [][] 
 []


Overfull \hbox (164.62216pt too wide) in paragraph at lines 645--645
[]\TU/lmtt/m/n/12 function createTerrainFromHeightmap(heightmapData, width, hei
ght, widthSegments, heightSegments) {[] 
 []

[758] [759] [760]
Underfull \vbox (badness 10000) has occurred while \output is active []

 [761]
Overfull \hbox (214.06218pt too wide) in paragraph at lines 689--689
[]\TU/lmtt/m/n/12 GIS Three.js  PlaneGeometry  Z  widthSegments  heightSegments
 computeVertexNormals()  terrain\_texture.jpg[] 
 []


Overfull \hbox (10.1222pt too wide) in paragraph at lines 706--706
[]\TU/lmtt/m/n/12 const highDetailGeometry = new THREE.PlaneGeometry(1000, 1000
, 255, 255);[] 
 []


Overfull \hbox (22.4822pt too wide) in paragraph at lines 722--722
[]\TU/lmtt/m/n/12 const mediumDetailGeometry = new THREE.PlaneGeometry(1000, 10
00, 127, 127);[] 
 []


Underfull \vbox (badness 10000) has occurred while \output is active []

 [762]
Overfull \hbox (492.11415pt too wide) in paragraph at lines 757--757
[] \TU/lmtt/m/n/12 PlaneGeometry  255x255, 127x127, 63x63applyHeightmap Z1.00.9
50.9LOD lod.addLevel(mesh, distance) LODThree.js  highResTexturemedResTexturelo
wResTexture[] 
 []


Underfull \vbox (badness 10000) has occurred while \output is active []

 [763]
Overfull \hbox (115.18217pt too wide) in paragraph at lines 785--785
[]\TU/lmtt/m/n/12 Point LightDirectional LightSpot LightArea Light Phong  Blinn
-Phong AmbientDiffuseSpecular[] 
 []


Underfull \vbox (badness 10000) has occurred while \output is active []

 [764]
[765] [766]
Overfull \hbox (78.1022pt too wide) in paragraph at lines 925--925
[]\TU/lmtt/m/n/12 waterNormals: new THREE.TextureLoader().load('waternormals.jp
g', function(texture) {[] 
 []


Underfull \vbox (badness 10000) has occurred while \output is active []

 [767]
Overfull \hbox (22.4822pt too wide) in paragraph at lines 969--969
[]\TU/lmtt/m/n/12 Orbit ControlsFirstPerson Controls \TU/FangSong(0)/m/n/12 “ ”
 \TU/lmtt/m/n/12 Fly ControlsGISThree.js OrbitControls[] 
 []

[768]
Underfull \vbox (badness 10000) has occurred while \output is active []

 [769]
[770]
Overfull \hbox (343.83017pt too wide) in paragraph at lines 1102--1102
[]\TU/lmtt/m/n/12 $$\frac{{\partial h}}{{\partial t}} + \frac{{\partial (uh)}}{
{\partial x}} + \frac{{\partial (vh)}}{{\partial y}} = R$$ (6.1.5)[] 
 []


Overfull \hbox (504.49811pt too wide) in paragraph at lines 1106--1106
[]\TU/lmtt/m/n/12 $\frac{{\partial (uh)}}{{\partial t}} + \frac{{\partial ({u^2
}h + \frac{1}{2}g{h^2})}}{{\partial x}} =  - gh\frac{{\partial z}}{{\partial x}
} + $ (6.1.6)[] 
 []

! Too many }'s.
l.1131 }
         else \{
You've closed more groups than you opened.
Such booboos are generally harmless, so keep going.

[771]
! Too many }'s.
l.1137 }
        
You've closed more groups than you opened.
Such booboos are generally harmless, so keep going.

! Too many }'s.
l.1139 }
        
You've closed more groups than you opened.
Such booboos are generally harmless, so keep going.

! Too many }'s.
l.1141 return \{ mask, waterDepth }
                                   ;
You've closed more groups than you opened.
Such booboos are generally harmless, so keep going.

! Too many }'s.
l.1143 }
        
You've closed more groups than you opened.
Such booboos are generally harmless, so keep going.

! Too many }'s.
l.1181 }
        
You've closed more groups than you opened.
Such booboos are generally harmless, so keep going.

! Too many }'s.
l.1185 }
        
You've closed more groups than you opened.
Such booboos are generally harmless, so keep going.

[772]
Underfull \vbox (badness 10000) has occurred while \output is active []

 [773]
Underfull \vbox (badness 10000) has occurred while \output is active []

 [774]
Underfull \vbox (badness 10000) has occurred while \output is active []

 [775]
Underfull \vbox (badness 10000) has occurred while \output is active []

 [776]
Overfull \hbox (47.20222pt too wide) in paragraph at lines 1367--1367
[]\TU/lmtt/m/n/12 WebGLWeb Graphics LibraryJavaScriptAPIWeb3DWebGLOpenGL ES 2.0
/3.0HTML5CanvasGPU[] 
 []


Overfull \hbox (3.94225pt too wide) in paragraph at lines 1371--1371
[]\TU/lmtt/m/n/12 WebGLGPUShaderVertex ShaderFragment ShaderGLSLOpenGL Shading 
LanguageGPU[] 
 []


Underfull \vbox (badness 10000) has occurred while \output is active []

 [777]
Overfull \hbox (498.34224pt too wide) in paragraph at lines 1421--1421
[]\TU/lmtt/m/n/12 Three.jsBoxGeometrySphereGeometryPlaneGeometryCylinderGeometr
yMeshBasicMaterialMeshLambertMaterialMeshPhongMaterialMeshStandardMaterialPBRSh
aderMaterial[] 
 []


Underfull \vbox (badness 10000) has occurred while \output is active []

 [778]
Underfull \vbox (badness 10000) has occurred while \output is active []

 [779]
Underfull \vbox (badness 10000) has occurred while \output is active []

 [780]
Underfull \vbox (badness 10000) has occurred while \output is active []

 [781]
Overfull \hbox (28.66214pt too wide) in paragraph at lines 1579--1579
[]\TU/lmtt/m/n/12 SuperMap iClient3D OSGBS3M BIM RevitIFCgltfLASS3MSuperMap iCl
ient3D  \TU/FangSong(0)/m/n/12 “ — — ” [] 
 []


Overfull \hbox (251.14221pt too wide) in paragraph at lines 1583--1583
[] \TU/lmtt/m/n/12 GIS S3MOSGBGLTF3DSOBJLAS OGC WMSWFSWMTSKMLGeoJSONREST SuperM
ap REST  ShapefileGeoTIFFPostGISOracle Spatial  GIS[] 
 []


Underfull \vbox (badness 10000) has occurred while \output is active []

 [782]
Underfull \vbox (badness 10000) has occurred while \output is active []

 [783]
Overfull \hbox (183.16214pt too wide) in paragraph at lines 1637--1637
[]\TU/lmtt/m/n/12 Unity Asset Store  GaiaMapMagic CrestLux Water Chart And Grap
hXR  XR Interaction Toolkit MQTTREST API[] 
 []


Underfull \vbox (badness 10000) has occurred while \output is active []

 [784]
Underfull \vbox (badness 10000) has occurred while \output is active []

 [785]
Missing character: There is no ≈ (U+2248) in font [lmmono12-regular]:!

Underfull \vbox (badness 10000) has occurred while \output is active []

 [786]
Missing character: There is no ≈ (U+2248) in font [lmmono12-regular]:!
Missing character: There is no ≈ (U+2248) in font [lmmono12-regular]:!

Underfull \vbox (badness 10000) has occurred while \output is active []

 [787]
Missing character: There is no ≈ (U+2248) in font [lmmono12-regular]:!
Missing character: There is no ≈ (U+2248) in font [lmmono12-regular]:!

Underfull \vbox (badness 10000) has occurred while \output is active []

 [788]
Overfull \hbox (158.44217pt too wide) in paragraph at lines 1827--1827
[]\TU/lmtt/m/n/12 Three.jsThree.js  3D  3D Three.js Babylon.js Three.js Babylon
.js  WebGL Three.js  Babylon.js  Web[] 
 []


Overfull \hbox (109.00218pt too wide) in paragraph at lines 1831--1831
[]\TU/lmtt/m/n/12 CesiumCesium Cesium  GIS SuperMap iClient3DSuperMap  GIS  GIS
  iClient3D  Cesium SuperMap[] 
 []


Overfull \hbox (109.00215pt too wide) in paragraph at lines 1839--1839
[]\TU/lmtt/m/n/12 Unreal EngineUnreal Engine Unreal Engine  Chaos Unreal Engine
  VR/AR Unity  Unreal Engine[] 
 []


Overfull \hbox (232.60216pt too wide) in paragraph at lines 1849--1849
[]\TU/lmtt/m/n/12 CesiumCesium  JavaScript  Cesium  WebCesium  Web  Web Three.j
sBabylon.js  Cesium Three.js  Babylon.js  Cesium[] 
 []


Overfull \hbox (41.02219pt too wide) in paragraph at lines 1853--1853
[] \TU/lmtt/m/n/12 GIS CesiumCesium Cesium  Tiles SuperMapSuperMap  GIS  iClien
t3D SuperMap  GIS[] 
 []


Underfull \vbox (badness 10000) has occurred while \output is active []

 [789]
Overfull \hbox (127.54214pt too wide) in paragraph at lines 1859--1859
[]\TU/lmtt/m/n/12 UnityUnity Unity Unity  VR/AR /Unreal EngineUnreal Engine  Ch
aos Unreal Engine Unreal Engine[] 
 []


Overfull \hbox (3.9422pt too wide) in paragraph at lines 1863--1863
[]\TU/lmtt/m/n/12 Web Three.jsBabylon.js  CesiumCesium  SuperMap  GIS Unity  Un
real Engine[] 
 []


Overfull \hbox (3.94221pt too wide) in paragraph at lines 1867--1867
[]\TU/lmtt/m/n/12 WebJavaScriptHTMLCSSThree.jsThree.js  WebGL  WebThree.js  API
WebThree.js[] 
 []


Overfull \hbox (22.4822pt too wide) in paragraph at lines 1879--1879
[]\TU/lmtt/m/n/12 SuperMapSuperMap  GIS  GIS SuperMap  iClient3D  GIS SuperMap 
 GIS  GIS  GIS[] 
 []


Underfull \vbox (badness 10000) has occurred while \output is active []

 [790]
Overfull \hbox (244.96213pt too wide) in paragraph at lines 1909--1909
[]\TU/lmtt/m/n/12 UnityUnity Unity Unity  VR/AR Unreal EngineUnreal Engine Unre
al Engine Unreal Engine VR/AR Unity  Unreal Engine[] 
 []


Underfull \vbox (badness 10000) has occurred while \output is active []

 [791]
Underfull \vbox (badness 10000) has occurred while \output is active []

 [792]
Overfull \hbox (529.24202pt too wide) in paragraph at lines 1977--1977
[] \TU/lmtt/m/n/12 Cesium  Unity  JavaScript Cesium  JavaScript API Unity  WebG
L  iframe JavaScript  JavaScript  Cesium  Unity  Cesium Unity  Cesium  UnityUni
ty  Cesium  Unity[] 
 []


Overfull \hbox (3.94211pt too wide) in paragraph at lines 1979--1979
[]\TU/lmtt/m/n/12 Cesium  Unity Cesium  Unity  Cesium  Unity  Cesium  Unity  Un
ity  Cesium[] 
 []


Overfull \hbox (597.22202pt too wide) in paragraph at lines 2003--2003
[]\TU/lmtt/m/n/12 IoT HTTP  MQTT  Node.js  Python  InfluxDB PostgreSQL  MySQL P
ython  PandasNumPy  TensorFlow  PyTorch Web  Three.js  Cesium  Vue.js  React  W
ebGL AI  TensorFlow  PyTorch[] 
 []


Underfull \vbox (badness 10000) has occurred while \output is active []

 [793]
Missing character: There is no ① (U+2460) in font [lmmono12-regular]:!
Missing character: There is no ② (U+2461) in font [lmmono12-regular]:!
Missing character: There is no ③ (U+2462) in font [lmmono12-regular]:!

Underfull \vbox (badness 10000) has occurred while \output is active []

 [794]
Underfull \vbox (badness 10000) has occurred while \output is active []

 [795]
Overfull \hbox (22.4822pt too wide) in paragraph at lines 2118--2118
[]\TU/lmtt/m/n/12 BNon-Uniform Rational B -SplinesNubs) Triangu-lated Irregular
 NetworkTINTIN[] 
 []


Overfull \hbox (183.1501pt too wide) in paragraph at lines 2122--2122
[]\TU/lmtt/m/n/12 $\sigma  = \sqrt {\frac{1}{N}\sum\limits_{i = 1}^N {{{\left( 
{{Z_i} - {z_i}} \right)}^2}} } $ (6.3.1)[] 
 []


Overfull \hbox (207.8701pt too wide) in paragraph at lines 2126--2126
[]\TU/lmtt/m/n/12 ${S_1} = \sqrt {\frac{1}{{N - 1}}\sum\limits_{i = 1}^N {{{\le
ft( {{Z_i} - {z_i}} \right)}^2}} } $ (6.3.2)[] 
 []


Underfull \vbox (badness 10000) has occurred while \output is active []

 [796]
Overfull \hbox (207.8701pt too wide) in paragraph at lines 2130--2130
[]\TU/lmtt/m/n/12 ${S_2} = \sqrt {\frac{1}{{N - 1}}\sum\limits_{i = 1}^N {{{\le
ft( {{D_i} - {D_0}} \right)}^2}} } $ (6.3.3)[] 
 []

Missing character: There is no ① (U+2460) in font [lmmono12-regular]:!
Missing character: There is no ② (U+2461) in font [lmmono12-regular]:!
Missing character: There is no ③ (U+2462) in font [lmmono12-regular]:!
Missing character: There is no ④ (U+2463) in font [lmmono12-regular]:!
Missing character: There is no ⑤ (U+2464) in font [lmmono12-regular]:!
Missing character: There is no ⑥ (U+2465) in font [lmmono12-regular]:!
Missing character: There is no ⑦ (U+2466) in font [lmmono12-regular]:!
Missing character: There is no ⑤ (U+2464) in font [lmmono12-regular]:!
Missing character: There is no ⑥ (U+2465) in font [lmmono12-regular]:!
Missing character: There is no ① (U+2460) in font [lmmono12-regular]:!
Missing character: There is no ② (U+2461) in font [lmmono12-regular]:!
Missing character: There is no ① (U+2460) in font [lmmono12-regular]:!
Missing character: There is no ② (U+2461) in font [lmmono12-regular]:!
Missing character: There is no ③ (U+2462) in font [lmmono12-regular]:!

Underfull \vbox (badness 10000) has occurred while \output is active []

 [797]
Overfull \hbox (170.70625pt too wide) in paragraph at lines 2172--2172
[]\TU/lmtt/m/n/12 **![06.4](images/ch6_image56.jpg) ![06.5](images/ch6_image57.
jpg) ![06.6](images/ch6_image58.jpg)**[] 
 []


Underfull \vbox (badness 10000) has occurred while \output is active []

 [798]
Underfull \vbox (badness 10000) has occurred while \output is active []

 [799]
Underfull \vbox (badness 10000) has occurred while \output is active []

 [800]
Overfull \hbox (164.62225pt too wide) in paragraph at lines 2290--2290
[]\TU/lmtt/m/n/12 DEMDSMLiDARGISArcGISRhinoSketchUpRevit3ds MaxMAYACADBIMNavier
-StokesWebGISUnity3DCesiumIoT5G//LoRa[] 
 []


Underfull \vbox (badness 10000) has occurred while \output is active []

 [801]
Underfull \vbox (badness 10000) has occurred while \output is active []

 [802]
Overfull \hbox (170.80223pt too wide) in paragraph at lines 2375--2375
[]\TU/lmtt/m/n/12 ContextCaptureSmart3D CaptureContext CaptureContext CaptureCe
nter MasterSettingsCenter EngineViewer[] 
 []


Overfull \hbox (881.5022pt too wide) in paragraph at lines 2379--2379
[]\TU/lmtt/m/n/12 ContextCaptureContextCaptureContextCapturePictometryMidasAMCA
3  OBJOSGBDAEXMLGIS Context Capture Smart3D CaptureContext CaptureContext Captu
reCenter MasterSettingsCenter EngineViewerMasterSettingsEngineEngineViewer[] 
 []


Underfull \vbox (badness 10000) has occurred while \output is active []

 [803]
Overfull \hbox (127.53014pt too wide) in paragraph at lines 2431--2431
[]\TU/lmtt/m/n/12 ${m_x} = \sqrt {\frac{1}{n}\sum\limits_{i = 1}^n {{{\left( {D
{X_i}} \right)}^2}} } $ (6.4.1)[] 
 []


Overfull \hbox (121.35016pt too wide) in paragraph at lines 2433--2433
[]\TU/lmtt/m/n/12 ${m_x} = \sqrt {\frac{1}{n}\sum\limits_{i = 1}^n {{{\left( {D
{X_i}} \right)}^2}} } $(6.4.2)[] 
 []


Overfull \hbox (121.35016pt too wide) in paragraph at lines 2435--2435
[]\TU/lmtt/m/n/12 ${m_x} = \sqrt {\frac{1}{n}\sum\limits_{i = 1}^n {{{\left( {D
{X_i}} \right)}^2}} } $(6.4.3)[] 
 []


Underfull \vbox (badness 10000) has occurred while \output is active []

 [804]
Overfull \hbox (3.94223pt too wide) in paragraph at lines 2480--2480
[]\TU/lmtt/m/n/12 Point LightDirectional LightSpot LightAmbient LightPhongBlinn
-PhongPhong[] 
 []


Underfull \vbox (badness 10000) has occurred while \output is active []

 [805]
Overfull \hbox (467.43015pt too wide) in paragraph at lines 2506--2506
[]\TU/lmtt/m/n/12 ${L_0}\left( {p,{w_0}} \right) = \int_\Omega  {{f_r}\left( {p
,{w_i},{w_0}} \right) \cdot {L_i}\left( {p,{w_i}} \right)n \cdot {w_i}d{w_i}} $
(6.5.3)[] 
 []


Overfull \hbox (183.16223pt too wide) in paragraph at lines 2508--2508
[]\TU/lmtt/m/n/12 $w_0$$w_i$*n**p*${L_0}\left( {p,{w_0}} \right)$$w_0$*p*$f_r$B
RDF$L_i$*p*$dw_i$)BRDFCook-Torrance BRDF[] 
 []


Underfull \vbox (badness 10000) has occurred while \output is active []

 [806]
Overfull \hbox (998.91003pt too wide) in paragraph at lines 2524--2524
[]\TU/lmtt/m/n/12 ${L_0}\left( {p,{w_0}} \right) = \int\limits_\Omega  {\left( 
{{k_d}\frac{c}{\pi } + {k_s}\frac{{DFG}}{{4\left( {{w_0} \cdot n} \right)\left(
 {{w_i} \cdot n} \right)}}} \right){L_i}} \left( {p,{w_i}} \right)n \cdot {w_i}
d{w_i}$(6.5.7)[] 
 []


Overfull \hbox (374.7181pt too wide) in paragraph at lines 2536--2536
[]\TU/lmtt/m/n/12 $Lu{m_{ave}} = \exp \left( {\frac{1}{N}\sum\limits_{p = 1}^N 
{\ln \left( {\delta  + Lum\left( p \right)} \right)} } \right)$ (6.5.9)[] 
 []


Overfull \hbox (176.97015pt too wide) in paragraph at lines 2542--2542
[]\TU/lmtt/m/n/12 $${L_{scaled}}\left( p \right) = \frac{{\alpha  \cdot Lum\lef
t( p \right)}}{{Lu{m_{ave}}}}$$(6.5.10)[] 
 []


Overfull \hbox (257.31015pt too wide) in paragraph at lines 2546--2546
[]\TU/lmtt/m/n/12 ${L_{final}}\left( p \right) = \frac{{{L_{scaled}}\left( p \r
ight)}}{{1 + {L_{scaled}}\left( p \right)}}$(6.5.11)[] 
 []


Underfull \vbox (badness 10000) has occurred while \output is active []

 [807]
Underfull \vbox (badness 10000) has occurred while \output is active []

 [808]
Underfull \vbox (badness 10000) has occurred while \output is active []

 [809]
Underfull \vbox (badness 10000) has occurred while \output is active []

 [810]
Underfull \vbox (badness 10000) has occurred while \output is active []

 [811]
Underfull \vbox (badness 10000) has occurred while \output is active []

 [812]
Overfull \hbox (53.38217pt too wide) in paragraph at lines 2767--2767
[]        \TU/lmtt/m/n/12 processed_data = self.data_processor.process_real_tim
e_data(sensor_data)[] 
 []


Overfull \hbox (121.36217pt too wide) in paragraph at lines 2776--2776
[]        \TU/lmtt/m/n/12 control_commands = self.service_layer.generate_contro
l_commands(simulation_results)[] 
 []


Underfull \vbox (badness 10000) has occurred while \output is active []

 [813]
Underfull \vbox (badness 10000) has occurred while \output is active []

 [814]
Overfull \hbox (10.12216pt too wide) in paragraph at lines 2833--2833
[]        \TU/lmtt/m/n/12 structural_response = self.dam_model.analyze_structur
al_response([] 
 []


Overfull \hbox (3.94217pt too wide) in paragraph at lines 2843--2843
[]        \TU/lmtt/m/n/12 thermal_effect = self.temperature_model.analyze_therm
al_effect()[] 
 []


Underfull \vbox (badness 10000) has occurred while \output is active []

 [815]
Overfull \hbox (34.84216pt too wide) in paragraph at lines 2872--2872
[]        \TU/lmtt/m/n/12 future_displacement = displacement_predictor.predict(
forecast_period)[] 
 []


Overfull \hbox (16.30215pt too wide) in paragraph at lines 2884--2884
[]            \TU/lmtt/m/n/12 'confidence_interval': self.calculate_prediction_
confidence(),[] 
 []


Underfull \vbox (badness 10000) has occurred while \output is active []

 [816]
Overfull \hbox (10.12216pt too wide) in paragraph at lines 2917--2917
[]        \TU/lmtt/m/n/12 hydraulic_state = self.hydraulic_model.calculate_hydr
aulic_state([] 
 []

[817] [818]) (./chapters/chapter07.tex [819] [820] [821] [822] [823] [824]
[825] [826]
Overfull \hbox (90.46216pt too wide) in paragraph at lines 264--264
[]        \TU/lmtt/m/n/12 const intersection = this.raycastController.detectObj
ect(event, this.sensors);[] 
 []

[827] [828]
Overfull \hbox (84.165pt too wide) in paragraph at lines 380--382
[]\TU/lmr/m/n/12 [2] Chart.js Team. Chart.js Documentation[EB/OL]. [2024-08-27]
. https://www.chartjs.org/docs/. 
 []

[829] [830] [831]
Underfull \vbox (badness 10000) has occurred while \output is active []

 [832]
Underfull \vbox (badness 10000) has occurred while \output is active []

 [833]
[834] [835] [836]
Overfull \hbox (47.20215pt too wide) in paragraph at lines 729--729
[]        \TU/lmtt/m/n/12 let standardData = await this.mapFields(sourceData, r
ule.fieldMapping);[] 
 []


Overfull \hbox (65.74214pt too wide) in paragraph at lines 732--732
[]        \TU/lmtt/m/n/12 standardData = await this.convertUnits(standardData, 
rule.unitConversion);[] 
 []


Overfull \hbox (71.92218pt too wide) in paragraph at lines 735--735
[]        \TU/lmtt/m/n/12 standardData.timestamp = this.standardizeTimestamp(st
andardData.timestamp);[] 
 []

[837] [838]
Overfull \hbox (10.12215pt too wide) in paragraph at lines 873--873
[]        \TU/lmtt/m/n/12 const chartPlane = this.createTexturedPlane(container
, position);[] 
 []

[839]
Underfull \vbox (badness 10000) has occurred while \output is active []

 [840]
Overfull \hbox (22.482pt too wide) in paragraph at lines 953--953
[]                \TU/lmtt/m/n/12 { name: '', type: 'line', data: data.fitted, 
smooth: true }[] 
 []


Underfull \vbox (badness 10000) has occurred while \output is active []

 [841]
Overfull \hbox (47.20215pt too wide) in paragraph at lines 971--971
[]            \TU/lmtt/m/n/12 dataBuffer.push([new Date(timestamp).toLocaleTime
String(), value]);[] 
 []


Underfull \vbox (badness 10000) has occurred while \output is active []

 [842]
Underfull \vbox (badness 10000) has occurred while \output is active []

 [843]
Overfull \hbox (3.94215pt too wide) in paragraph at lines 1063--1063
[]            \TU/lmtt/m/n/12 return this.compressionEngine.lttbDownsample(rawD
ata, 1000);[] 
 []


Underfull \vbox (badness 10000) has occurred while \output is active []

 [844]
Underfull \vbox (badness 10000) has occurred while \output is active []

 [845]
Overfull \hbox (96.64207pt too wide) in paragraph at lines 1114--1114
[]            \TU/lmtt/m/n/12 const left = this.douglasPeucker(points.slice(0, 
splitIndex + 1), epsilon);[] 
 []


Overfull \hbox (59.56212pt too wide) in paragraph at lines 1115--1115
[]            \TU/lmtt/m/n/12 const right = this.douglasPeucker(points.slice(sp
litIndex), epsilon);[] 
 []

[846] [847]
Underfull \vbox (badness 10000) has occurred while \output is active []

 [848]
Overfull \hbox (139.90207pt too wide) in paragraph at lines 1263--1263
[]                    \TU/lmtt/m/n/12 this.handleLongPress(chartInstance, touch
State.startX, touchState.startY);[] 
 []


Overfull \hbox (78.1021pt too wide) in paragraph at lines 1274--1274
[]                \TU/lmtt/m/n/12 this.handleTap(chartInstance, touchState.star
tX, touchState.startY);[] 
 []


Underfull \vbox (badness 10000) has occurred while \output is active []

 [849]
[850] [851]
Underfull \vbox (badness 10000) has occurred while \output is active []

 [852]
Overfull \hbox (71.92215pt too wide) in paragraph at lines 1466--1466
[]        \TU/lmtt/m/n/12 const mainBody = this.createDeviceBody(deviceInfo.typ
e, deviceInfo.status);[] 
 []


Overfull \hbox (41.02216pt too wide) in paragraph at lines 1470--1470
[]        \TU/lmtt/m/n/12 const statusIndicator = this.createStatusIndicator(de
viceInfo.status);[] 
 []


Underfull \vbox (badness 10000) has occurred while \output is active []

 [853]
[854] [855]
Overfull \hbox (41.02214pt too wide) in paragraph at lines 1610--1610
[]            \TU/lmtt/m/n/12 const distance = camera.position.distanceTo(devic
eGroup.position);[] 
 []

[856]
Overfull \hbox (3.94215pt too wide) in paragraph at lines 1630--1630
[]        \TU/lmtt/m/n/12 if (distance < this.lodThresholds.BILLBOARD) return '
BILLBOARD';[] 
 []

Missing character: There is no α (U+03B1) in font [lmmono12-regular]:!

Underfull \vbox (badness 10000) has occurred while \output is active []

 [857]
[858] [859]
Overfull \hbox (47.20212pt too wide) in paragraph at lines 1778--1778
[]        \TU/lmtt/m/n/12 const gridSize = this.clusterRadius * Math.pow(2, 15 
- this.zoomLevel);[] 
 []


Underfull \vbox (badness 10000) has occurred while \output is active []

 [860]
Overfull \hbox (22.4821pt too wide) in paragraph at lines 1793--1793
[]                \TU/lmtt/m/n/12 const clusterVisual = this.createClusterVisua
l(gridPoints);[] 
 []

[861] [862] [863] [864]
Overfull \hbox (59.56215pt too wide) in paragraph at lines 2043--2043
[]        \TU/lmtt/m/n/12 const intersects = this.raycaster.intersectObjects(sc
ene.children, true);[] 
 []


Overfull \hbox (3.9421pt too wide) in paragraph at lines 2053--2053
[]        \TU/lmtt/m/n/12 const v1 = this.getVertexFromArray(vertices, faceInde
x * 3 + 1);[] 
 []


Overfull \hbox (3.9421pt too wide) in paragraph at lines 2054--2054
[]        \TU/lmtt/m/n/12 const v2 = this.getVertexFromArray(vertices, faceInde
x * 3 + 2);[] 
 []


Underfull \vbox (badness 10000) has occurred while \output is active []

 [865]
Missing character: There is no ≥ (U+2265) in font [lmmono12-regular]:!

Overfull \hbox (16.30203pt too wide) in paragraph at lines 2105--2105
[]\TU/lmtt/m/n/12 `NDC_x = (screen_x / width) * 2 - 1``NDC_y = -(screen_y / hei
ght) * 2 + 1`[] 
 []


Underfull \vbox (badness 10000) has occurred while \output is active []

 [866]
Missing character: There is no ≥ (U+2265) in font [lmmono12-regular]:!
Missing character: There is no ≥ (U+2265) in font [lmmono12-regular]:!
Missing character: There is no ≤ (U+2264) in font [lmmono12-regular]:!

Underfull \vbox (badness 10000) has occurred while \output is active []

 [867]
Overfull \hbox (41.02205pt too wide) in paragraph at lines 2169--2169
[]            \TU/lmtt/m/n/12 WATER_LEVEL: { title: '', icon: '', primaryMetric
: 'waterLevel' },[] 
 []


Overfull \hbox (47.20204pt too wide) in paragraph at lines 2171--2171
[]            \TU/lmtt/m/n/12 PRESSURE_SENSOR: { title: '', icon: '', primaryMe
tric: 'pressure' }[] 
 []


Overfull \hbox (71.92213pt too wide) in paragraph at lines 2177--2177
[]        \TU/lmtt/m/n/12 const screenPosition = this.worldToScreen(worldPositi
on, camera, renderer);[] 
 []


Overfull \hbox (65.74214pt too wide) in paragraph at lines 2181--2181
[]        \TU/lmtt/m/n/12 this.panels.set(`panel_${deviceInfo.id}`, { element: 
panel, deviceInfo });[] 
 []


Underfull \vbox (badness 10000) has occurred while \output is active []

 [868]
Overfull \hbox (102.82214pt too wide) in paragraph at lines 2199--2199
[]            \TU/lmtt/m/n/12 <div class="panel-header">${this.createHeaderHTML
(deviceInfo, config)}</div>[] 
 []


Overfull \hbox (176.98212pt too wide) in paragraph at lines 2200--2200
[]            \TU/lmtt/m/n/12 <div class="realtime-section">${await this.create
RealtimeHTML(deviceInfo, config)}</div>[] 
 []


Underfull \vbox (badness 10000) has occurred while \output is active []

 [869]
Missing character: There is no ≤ (U+2264) in font [lmmono12-regular]:!

Underfull \vbox (badness 10000) has occurred while \output is active []

 [870]
Underfull \vbox (badness 10000) has occurred while \output is active []

 [871]
Underfull \vbox (badness 10000) has occurred while \output is active []

 [872]
Overfull \hbox (115.18211pt too wide) in paragraph at lines 2345--2345
[]            \TU/lmtt/m/n/12 if (this.dwellTime >= 1000 && this.currentLevel =
== this.infoLevels.TOOLTIP) {[] 
 []


Overfull \hbox (115.18211pt too wide) in paragraph at lines 2351--2351
[]            \TU/lmtt/m/n/12 if (this.dwellTime >= 3000 && this.currentLevel =
== this.infoLevels.SUMMARY) {[] 
 []


Overfull \hbox (10.12215pt too wide) in paragraph at lines 2359--2359
[]        \TU/lmtt/m/n/12 const realtimeData = await this.fetchRealtimeData(dev
iceInfo.id);[] 
 []


Overfull \hbox (47.20215pt too wide) in paragraph at lines 2360--2360
[]        \TU/lmtt/m/n/12 const summaryPanel = this.createSummaryPanel(deviceIn
fo, realtimeData);[] 
 []


Overfull \hbox (3.94208pt too wide) in paragraph at lines 2377--2377
[]        \TU/lmtt/m/n/12 const screenX = (vector.x * 0.5 + 0.5) * rect.width +
 rect.left;[] 
 []


Overfull \hbox (10.12207pt too wide) in paragraph at lines 2378--2378
[]        \TU/lmtt/m/n/12 const screenY = (-vector.y * 0.5 + 0.5) * rect.height
 + rect.top;[] 
 []


Underfull \vbox (badness 10000) has occurred while \output is active []

 [873]
Missing character: There is no τ (U+03C4) in font [lmroman12-regular]:mapping=t
ex-text;!
Missing character: There is no τ (U+03C4) in font [lmmono12-regular]:!
[874]
Underfull \vbox (badness 10000) has occurred while \output is active []

 [875]
[876]
Overfull \hbox (41.02219pt too wide) in paragraph at lines 2519--2519
[]        \TU/lmtt/m/n/12 this.gestureRecognizer = new TouchGestureRecognizer(t
his.touchConfig);[] 
 []


Overfull \hbox (84.2822pt too wide) in paragraph at lines 2525--2525
[]        \TU/lmtt/m/n/12 return /Android|webOS|iPhone|iPad|iPod|BlackBerry|IEM
obile|Opera Mini/i.test([] 
 []


Overfull \hbox (3.94215pt too wide) in paragraph at lines 2527--2527
[]        \TU/lmtt/m/n/12 ) || (navigator.maxTouchPoints && navigator.maxTouchP
oints > 2);[] 
 []


Overfull \hbox (232.60214pt too wide) in paragraph at lines 2535--2535
[]        \TU/lmtt/m/n/12 this.domElement.addEventListener('touchstart', this.h
andleTouchStart.bind(this), { passive: false });[] 
 []


Overfull \hbox (220.24214pt too wide) in paragraph at lines 2536--2536
[]        \TU/lmtt/m/n/12 this.domElement.addEventListener('touchmove', this.ha
ndleTouchMove.bind(this), { passive: false });[] 
 []


Overfull \hbox (207.88213pt too wide) in paragraph at lines 2537--2537
[]        \TU/lmtt/m/n/12 this.domElement.addEventListener('touchend', this.han
dleTouchEnd.bind(this), { passive: false });[] 
 []


Underfull \vbox (badness 10000) has occurred while \output is active []

 [877]
Overfull \hbox (3.94215pt too wide) in paragraph at lines 2568--2568
[]        \TU/lmtt/m/n/12 const touchInfo = this.touchState.touches.get(touch.i
dentifier);[] 
 []


Overfull \hbox (164.62212pt too wide) in paragraph at lines 2574--2574
[]        \TU/lmtt/m/n/12 if (currentTime - lastTap.time < this.touchConfig.dou
bleTapInterval && lastTap.position) {[] 
 []


Overfull \hbox (78.10213pt too wide) in paragraph at lines 2588--2588
[]            \TU/lmtt/m/n/12 if (this.touchState.touches.has(touch.identifier)
 && !touchInfo.moved) {[] 
 []


Underfull \vbox (badness 10000) has occurred while \output is active []

 [878]
Overfull \hbox (59.56215pt too wide) in paragraph at lines 2614--2614
[]        \TU/lmtt/m/n/12 const intersects = raycaster.intersectObjects(this.sc
ene.children, true);[] 
 []


Overfull \hbox (22.48213pt too wide) in paragraph at lines 2617--2617
[]            \TU/lmtt/m/n/12 const deviceGroup = this.findDeviceGroup(intersec
ts[0].object);[] 
 []


Overfull \hbox (16.3021pt too wide) in paragraph at lines 2619--2619
[]                \TU/lmtt/m/n/12 this.handleDeviceTouch(deviceGroup, touch, in
tersects[0]);[] 
 []


Underfull \vbox (badness 10000) has occurred while \output is active []

 [879]
Overfull \hbox (59.56216pt too wide) in paragraph at lines 2691--2691
[]\TU/lmtt/m/n/12 effectiveRadius = baseRadius + (depth_distance / max_distance
) * expansion_factor[] 
 []

[880] [881]) (./chapters/chapter08.tex [882] [883] [884] [885]
Underfull \vbox (badness 10000) has occurred while \output is active []

 [886]
Overfull \hbox (189.34221pt too wide) in paragraph at lines 244--244
[]\TU/lmtt/m/n/12 [2] Three.js Development Team. Three.js Documentation[EB/OL].
 [2024-08-27]. https://threejs.org/docs/.[] 
 []


Overfull \hbox (294.40219pt too wide) in paragraph at lines 246--246
[]\TU/lmtt/m/n/12 [3] Spring Boot Team. Spring Boot Reference Documentation[EB/
OL]. [2024-08-27]. https://spring.io/projects/spring-boot.[] 
 []


Underfull \vbox (badness 10000) has occurred while \output is active []

 [887]
Overfull \hbox (78.10222pt too wide) in paragraph at lines 250--250
[]\TU/lmtt/m/n/12 [5] Docker Inc. Docker Documentation[EB/OL]. [2024-08-27]. ht
tps://docs.docker.com/.[] 
 []


Overfull \hbox (306.7502pt too wide) in paragraph at lines 252--252
[]\TU/lmtt/m/n/12 [6] Apache Software Foundation. Apache Kafka Documentation[EB
/OL]. [2024-08-27]. https://kafka.apache.org/documentation/.[] 
 []


Underfull \vbox (badness 10000) has occurred while \output is active []

 [888]
Overfull \hbox (109.00217pt too wide) in paragraph at lines 297--297
[]        \TU/lmtt/m/n/12 const constraints = this.defineOperationalConstraints
(safetyLevel, currentState);[] 
 []


Overfull \hbox (10.12215pt too wide) in paragraph at lines 301--301
[]            \TU/lmtt/m/n/12 floodControl: this.calculateFloodControlBenefit(c
onstraints),[] 
 []


Overfull \hbox (53.38217pt too wide) in paragraph at lines 311--311
[]            \TU/lmtt/m/n/12 monitoringFeedback: this.generateMonitoringFeedba
ck(optimizedParams)[] 
 []


Overfull \hbox (152.26213pt too wide) in paragraph at lines 316--316
[]        \TU/lmtt/m/n/12 const availableCapacity = constraints.waterLevel.max 
- this.monitoringData.currentLevel;[] 
 []


Overfull \hbox (22.48213pt too wide) in paragraph at lines 320--320
[]        \TU/lmtt/m/n/12 return availableCapacity * protectedValue * (1 - floo
dProbability);[] 
 []


Underfull \vbox (badness 10000) has occurred while \output is active []

 [889]
Missing character: There is no ₁ (U+2081) in font [lmroman12-regular]:mapping=t
ex-text;!
Missing character: There is no ₂ (U+2082) in font [lmroman12-regular]:mapping=t
ex-text;!
Missing character: There is no ₃ (U+2083) in font [lmroman12-regular]:mapping=t
ex-text;!
Missing character: There is no ₄ (U+2084) in font [lmroman12-regular]:mapping=t
ex-text;!
Missing character: There is no ₁ (U+2081) in font [lmroman12-regular]:mapping=t
ex-text;!
Missing character: There is no ≥ (U+2265) in font [lmroman12-regular]:mapping=t
ex-text;!
Missing character: There is no ₂ (U+2082) in font [lmroman12-regular]:mapping=t
ex-text;!
Missing character: There is no ≤ (U+2264) in font [lmroman12-regular]:mapping=t
ex-text;!
Missing character: There is no ₃ (U+2083) in font [lmroman12-regular]:mapping=t
ex-text;!
Missing character: There is no ≥ (U+2265) in font [lmroman12-regular]:mapping=t
ex-text;!
Missing character: There is no ₁ (U+2081) in font [lmmono12-regular]:!
Missing character: There is no ₂ (U+2082) in font [lmmono12-regular]:!
Missing character: There is no ₃ (U+2083) in font [lmmono12-regular]:!
Missing character: There is no ₄ (U+2084) in font [lmmono12-regular]:!

Overfull \hbox (195.52217pt too wide) in paragraph at lines 347--347
[]\TU/lmtt/m/n/12 safetyFactor(t) = base_factor * health_coefficient(t) * envir
onmental_factor(t) * operational_factor(t)[] 
 []


Overfull \hbox (71.92218pt too wide) in paragraph at lines 391--391
[]\TU/lmtt/m/n/12 decision_confidence = base_confidence × data_quality_factor ×
 model_accuracy_factor[] 
 []

[890] [891]
Overfull \hbox (65.7421pt too wide) in paragraph at lines 443--443
[]            \TU/lmtt/m/n/12 .map(([id, source]) => this.collectSourceData(id,
 source, timeRange));[] 
 []

Missing character: There is no ∑ (U+2211) in font [lmroman12-regular]:mapping=t
ex-text;!
Missing character: There is no ₂ (U+2082) in font [lmroman12-regular]:mapping=t
ex-text;!
! Too many }'s.
<recently read> }
                 
l.474 minimize: T\_total = max\{T\_i + W\_i}
                                             for i ∈ {[}1,n{]} subject to:
You've closed more groups than you opened.
Such booboos are generally harmless, so keep going.

Missing character: There is no ∈ (U+2208) in font [lmroman12-regular]:mapping=t
ex-text;!
Missing character: There is no ∑ (U+2211) in font [lmroman12-regular]:mapping=t
ex-text;!
Missing character: There is no ≤ (U+2264) in font [lmroman12-regular]:mapping=t
ex-text;!
[892]
Missing character: There is no χ (U+03C7) in font [lmmono12-regular]:!
[893]
Overfull \hbox (3.94211pt too wide) in paragraph at lines 544--544
[]        \TU/lmtt/m/n/12 this.processingModes = ['real-time', 'near-real-time'
, 'batch'];[] 
 []


Overfull \hbox (59.56204pt too wide) in paragraph at lines 565--565
[]            \TU/lmtt/m/n/12 return { mode: 'real-time', accuracy: 'medium', l
atency: 'minimal' };[] 
 []


Underfull \vbox (badness 10000) has occurred while \output is active []

 [894]
Overfull \hbox (53.38203pt too wide) in paragraph at lines 567--567
[]            \TU/lmtt/m/n/12 return { mode: 'near-real-time', accuracy: 'high'
, latency: 'low' };[] 
 []


Overfull \hbox (59.56207pt too wide) in paragraph at lines 569--569
[]            \TU/lmtt/m/n/12 return { mode: 'batch', accuracy: 'maximum', late
ncy: 'acceptable' };[] 
 []

Missing character: There is no ∫ (U+222B) in font [lmroman12-regular]:mapping=t
ex-text;!
Missing character: There is no τ (U+03C4) in font [lmroman12-regular]:mapping=t
ex-text;!
Missing character: There is no τ (U+03C4) in font [lmroman12-regular]:mapping=t
ex-text;!
Missing character: There is no ₁ (U+2081) in font [lmroman12-regular]:mapping=t
ex-text;!
Missing character: There is no ₂ (U+2082) in font [lmroman12-regular]:mapping=t
ex-text;!
Missing character: There is no ₁ (U+2081) in font [lmroman12-regular]:mapping=t
ex-text;!
Missing character: There is no ₂ (U+2082) in font [lmroman12-regular]:mapping=t
ex-text;!

Overfull \hbox (18.99193pt too wide) in paragraph at lines 600--602
[]\TU/lmr/m/n/12 minimize: F(x) = [f₁(x), f₂(x)] where: f₁(x) = processing_time
, f₂(x) = -accuracy_score 
 []

Missing character: There is no μ (U+03BC) in font [lmmono12-regular]:!
Missing character: There is no λ (U+03BB) in font [lmmono12-regular]:!
Missing character: There is no ρ (U+03C1) in font [lmmono12-regular]:!
Missing character: There is no λ (U+03BB) in font [lmmono12-regular]:!
Missing character: There is no μ (U+03BC) in font [lmmono12-regular]:!
Missing character: There is no ρ (U+03C1) in font [lmmono12-regular]:!
Missing character: There is no ρ (U+03C1) in font [lmmono12-regular]:!
Missing character: There is no λ (U+03BB) in font [lmmono12-regular]:!
Missing character: There is no μ (U+03BC) in font [lmmono12-regular]:!
Missing character: There is no ρ (U+03C1) in font [lmmono12-regular]:!
[895]
Missing character: There is no π (U+03C0) in font [lmmono12-regular]:!
Missing character: There is no ∑ (U+2211) in font [lmmono12-regular]:!
Missing character: There is no γ (U+03B3) in font [lmmono12-regular]:!
! Too many }'s.
<recently read> }
                 
l.628 V(n,W) = max\{v\_i + V(n-1, W-w\_i)}
                                           for i ∈ {[}1,n{]}
You've closed more groups than you opened.
Such booboos are generally harmless, so keep going.

Missing character: There is no ∈ (U+2208) in font [lmroman12-regular]:mapping=t
ex-text;!
Missing character: There is no θ (U+03B8) in font [lmroman12-regular]:mapping=t
ex-text;!
Missing character: There is no θ (U+03B8) in font [lmroman12-regular]:mapping=t
ex-text;!
Missing character: There is no θ (U+03B8) in font [lmroman12-regular]:mapping=t
ex-text;!
Missing character: There is no θ (U+03B8) in font [lmmono12-regular]:!
Missing character: There is no σ (U+03C3) in font [lmmono12-regular]:!
Missing character: There is no μ (U+03BC) in font [lmmono12-regular]:!
Missing character: There is no σ (U+03C3) in font [lmmono12-regular]:!
Missing character: There is no α (U+03B1) in font [lmroman12-regular]:mapping=t
ex-text;!
[896]
Missing character: There is no λ (U+03BB) in font [lmroman12-regular]:mapping=t
ex-text;!
Missing character: There is no ᵗ (U+1D57) in font [lmroman12-regular]:mapping=t
ex-text;!
Missing character: There is no λ (U+03BB) in font [lmroman12-regular]:mapping=t
ex-text;!
Missing character: There is no λ (U+03BB) in font [lmmono12-regular]:!
[897]
Missing character: There is no ≥ (U+2265) in font [lmmono12-regular]:!
Missing character: There is no ≥ (U+2265) in font [lmroman12-regular]:mapping=t
ex-text;!
Missing character: There is no ≥ (U+2265) in font [lmroman12-regular]:mapping=t
ex-text;!
Missing character: There is no ≥ (U+2265) in font [lmroman12-regular]:mapping=t
ex-text;!
Missing character: There is no ω (U+03C9) in font [lmmono12-regular]:!
Missing character: There is no ω (U+03C9) in font [lmmono12-regular]:!
Missing character: There is no ω (U+03C9) in font [lmmono12-regular]:!
Missing character: There is no ω (U+03C9) in font [lmroman12-regular]:mapping=t
ex-text;!
Missing character: There is no μ (U+03BC) in font [lmmono12-regular]:!
Missing character: There is no σ (U+03C3) in font [lmmono12-regular]:!
[898]
Missing character: There is no σ (U+03C3) in font [lmroman12-regular]:mapping=t
ex-text;!
Missing character: There is no ₂ (U+2082) in font [lmmono12-regular]:!
Missing character: There is no ∫ (U+222B) in font [lmmono12-regular]:!
Missing character: There is no ψ (U+03C8) in font [lmmono12-regular]:!
Missing character: There is no ψ (U+03C8) in font [lmroman12-regular]:mapping=t
ex-text;!
Missing character: There is no λ (U+03BB) in font [lmmono12-regular]:!
Missing character: There is no θ (U+03B8) in font [lmmono12-regular]:!
[899]
Missing character: There is no δ (U+03B4) in font [lmmono12-regular]:!
Missing character: There is no θ (U+03B8) in font [lmroman12-regular]:mapping=t
ex-text;!
Missing character: There is no δ (U+03B4) in font [lmroman12-regular]:mapping=t
ex-text;!
Missing character: There is no β (U+03B2) in font [lmmono12-regular]:!
Missing character: There is no η (U+03B7) in font [lmmono12-regular]:!
Missing character: There is no η (U+03B7) in font [lmmono12-regular]:!
Missing character: There is no β (U+03B2) in font [lmmono12-regular]:!
Missing character: There is no η (U+03B7) in font [lmmono12-regular]:!
Missing character: There is no β (U+03B2) in font [lmmono12-regular]:!
Missing character: There is no β (U+03B2) in font [lmroman12-regular]:mapping=t
ex-text;!
Missing character: There is no η (U+03B7) in font [lmroman12-regular]:mapping=t
ex-text;!
[900]
Overfull \hbox (3.94215pt too wide) in paragraph at lines 890--890
[]            \TU/lmtt/m/n/12 await this.evaluateOperational(monitoringData.ope
rational));[] 
 []


Overfull \hbox (121.36217pt too wide) in paragraph at lines 893--893
[]        \TU/lmtt/m/n/12 evaluation.overallSafety = this.calculateOverallSafet
y(evaluation.componentSafety);[] 
 []


Overfull \hbox (121.36215pt too wide) in paragraph at lines 896--896
[]        \TU/lmtt/m/n/12 evaluation.predictions = await this.predictionEngine.
predictTrends(monitoringData);[] 
 []


Overfull \hbox (47.20216pt too wide) in paragraph at lines 911--911
[]        \TU/lmtt/m/n/12 const ruleResults = await this.warningRules.evaluate(
safetyEvaluation);[] 
 []


Overfull \hbox (47.20216pt too wide) in paragraph at lines 912--912
[]        \TU/lmtt/m/n/12 warningDecision.warningLevel = this.determineWarningL
evel(ruleResults);[] 
 []


Underfull \vbox (badness 10000) has occurred while \output is active []

 [901]
Overfull \hbox (10.12209pt too wide) in paragraph at lines 945--945
[]                \TU/lmtt/m/n/12 permissions: ['system.config', 'user.manage',
 'data.all'][] 
 []


Overfull \hbox (78.10208pt too wide) in paragraph at lines 951--951
[]                \TU/lmtt/m/n/12 permissions: ['monitoring.analyze', 'alert.ha
ndle', 'report.safety'][] 
 []

[902]
Overfull \hbox (34.84215pt too wide) in paragraph at lines 967--967
[]        \TU/lmtt/m/n/12 const user = await this.authService.validateCredentia
ls(credentials);[] 
 []


Overfull \hbox (146.08215pt too wide) in paragraph at lines 985--985
[]        \TU/lmtt/m/n/12 const hasBasicPermission = this.hasPermission(session
.permissions, requiredPermission);[] 
 []


Overfull \hbox (102.82213pt too wide) in paragraph at lines 988--988
[]        \TU/lmtt/m/n/12 const contextAllowed = await this.checkContextPermiss
ion(session.user, context);[] 
 []


Overfull \hbox (139.90211pt too wide) in paragraph at lines 989--989
[]        \TU/lmtt/m/n/12 if (!contextAllowed.allowed) return { granted: false,
 reason: contextAllowed.reason };[] 
 []


Overfull \hbox (65.74217pt too wide) in paragraph at lines 991--991
[]        \TU/lmtt/m/n/12 await this.auditLogger.logPermissionUse(session.user,
 requiredPermission);[] 
 []


Underfull \vbox (badness 10000) has occurred while \output is active []

 [903]
[904]
Overfull \hbox (78.10207pt too wide) in paragraph at lines 1066--1066
[]                \TU/lmtt/m/n/12 const result = await this.executeStage(stage,
 execution, inputData);[] 
 []


Underfull \vbox (badness 10000) has occurred while \output is active []

 [905]
Missing character: There is no ≥ (U+2265) in font [lmmono12-regular]:!
Missing character: There is no ≤ (U+2264) in font [lmmono12-regular]:!
[906]
Overfull \hbox (78.1021pt too wide) in paragraph at lines 1131--1131
[]            \TU/lmtt/m/n/12 presentation: { rendering_engine: "Cesium.js", ui
_framework: "Vue.js" },[] 
 []


Overfull \hbox (22.4821pt too wide) in paragraph at lines 1134--1134
[]            \TU/lmtt/m/n/12 infrastructure: { web_server: "Nginx", database: 
"PostgreSQL" }[] 
 []


Underfull \vbox (badness 10000) has occurred while \output is active []

 [907]
Missing character: There is no ≥ (U+2265) in font [lmmono12-regular]:!
Missing character: There is no ≤ (U+2264) in font [lmmono12-regular]:!
[908]
Overfull \hbox (133.72206pt too wide) in paragraph at lines 1253--1253
[]            \TU/lmtt/m/n/12 macro: { scale: "1:100000", elements: ["", ""], v
iew_distance: [50000, 200000] },[] 
 []


Overfull \hbox (109.00204pt too wide) in paragraph at lines 1254--1254
[]            \TU/lmtt/m/n/12 meso: { scale: "1:10000", elements: ["", ""], vie
w_distance: [5000, 50000] },[] 
 []


Overfull \hbox (90.46207pt too wide) in paragraph at lines 1255--1255
[]            \TU/lmtt/m/n/12 micro: { scale: "1:1000", elements: ["", ""], vie
w_distance: [10, 5000] },[] 
 []


Overfull \hbox (84.28207pt too wide) in paragraph at lines 1256--1256
[]            \TU/lmtt/m/n/12 equipment: { scale: "1:10", elements: ["", ""], v
iew_distance: [1, 100] }[] 
 []


Overfull \hbox (3.94214pt too wide) in paragraph at lines 1263--1263
[]            \TU/lmtt/m/n/12 const targetLevel = this.determineLevelByDistance
(distance);[] 
 []

[909]
Overfull \hbox (78.10214pt too wide) in paragraph at lines 1299--1299
[]        \TU/lmtt/m/n/12 return {'tiles': tiles, 'metadata': metadata, 'lod_le
vels': len(lod_levels)}[] 
 []


Underfull \vbox (badness 10000) has occurred while \output is active []

 [910]
Overfull \hbox (102.82207pt too wide) in paragraph at lines 1316--1316
[]                \TU/lmtt/m/n/12 data[mask] = np.sum(weights * data[~mask], ax
is=1) / weights.sum(axis=1)[] 
 []


Overfull \hbox (22.4821pt too wide) in paragraph at lines 1325--1325
[]            \TU/lmtt/m/n/12 target_shape = (data.shape[0] // scale, data.shap
e[1] // scale)[] 
 []


Overfull \hbox (34.84215pt too wide) in paragraph at lines 1326--1326
[]            \TU/lmtt/m/n/12 downsampled = self.downsample_terrain(lod_data[-1
], target_shape)[] 
 []

Missing character: There is no μ (U+03BC) in font [lmroman12-regular]:mapping=t
ex-text;!
Missing character: There is no σ (U+03C3) in font [lmroman12-regular]:mapping=t
ex-text;!
Missing character: There is no α (U+03B1) in font [lmroman12-regular]:mapping=t
ex-text;!
Missing character: There is no α (U+03B1) in font [lmroman12-regular]:mapping=t
ex-text;!
[911]
Missing character: There is no ω (U+03C9) in font [lmroman12-regular]:mapping=t
ex-text;!
Missing character: There is no ω (U+03C9) in font [lmroman12-regular]:mapping=t
ex-text;!
Missing character: There is no σ (U+03C3) in font [lmroman12-regular]:mapping=t
ex-text;!
Missing character: There is no σ (U+03C3) in font [lmmono12-regular]:!

Overfull \hbox (22.48215pt too wide) in paragraph at lines 1393--1393
[]        \TU/lmtt/m/n/12 const samplingPoints = this.createSamplingGrid(bounds
, resolution);[] 
 []


Overfull \hbox (41.02216pt too wide) in paragraph at lines 1394--1394
[]        \TU/lmtt/m/n/12 const elevations = await this.sampleTerrainElevations
(samplingPoints);[] 
 []


Overfull \hbox (34.84213pt too wide) in paragraph at lines 1397--1397
[]        \TU/lmtt/m/n/12 const mesh = this.createTriangleMesh(elevations, boun
ds, resolution);[] 
 []

[912]
Underfull \vbox (badness 10000) has occurred while \output is active []

 [913]
Overfull \hbox (65.74214pt too wide) in paragraph at lines 1456--1456
[]        \TU/lmtt/m/n/12 const waterSurface = this.createWaterSurface(waterLev
el, reservoirBounds);[] 
 []


Overfull \hbox (10.11006pt too wide) in paragraph at lines 1469--1469
[]                    \TU/lmtt/m/n/12 baseWaterColor: new Cesium.Color(0.2, 0.3
, 0.6, 1.0),[] 
 []

[914]
Overfull \hbox (22.48215pt too wide) in paragraph at lines 1484--1484
[]            \TU/lmtt/m/n/12 czm_material czm_getMaterial(czm_materialInput ma
terialInput) {[] 
 []


Overfull \hbox (41.02211pt too wide) in paragraph at lines 1485--1485
[]                \TU/lmtt/m/n/12 czm_material material = czm_getDefaultMateria
l(materialInput);[] 
 []


Overfull \hbox (139.90201pt too wide) in paragraph at lines 1491--1491
[]                \TU/lmtt/m/n/12 vec2 wave1 = vec2(sin(time + st.s * frequency
), cos(time + st.t * frequency));[] 
 []


Overfull \hbox (214.062pt too wide) in paragraph at lines 1493--1493
[]                \TU/lmtt/m/n/12 vec3 color = mix(baseWaterColor.rgb, blendCol
or.rgb, sin(time + st.s * 10.0) * 0.5 + 0.5);[] 
 []


Overfull \hbox (22.48218pt too wide) in paragraph at lines 1504--1504
[]        \TU/lmtt/m/n/12 const waterEntity = this.scene.entities.getById('rese
rvoir_water');[] 
 []


Overfull \hbox (41.02216pt too wide) in paragraph at lines 1520--1520
[]        \TU/lmtt/m/n/12 this.onWaterLevelChange(newWaterLevel, newWaterLevel 
- currentHeight);[] 
 []


Underfull \vbox (badness 10000) has occurred while \output is active []

 [915]
Missing character: There is no η (U+03B7) in font [lmmono12-regular]:!
Missing character: There is no ω (U+03C9) in font [lmmono12-regular]:!
Missing character: There is no φ (U+03C6) in font [lmmono12-regular]:!
Missing character: There is no η (U+03B7) in font [lmroman12-regular]:mapping=t
ex-text;!
Missing character: There is no π (U+03C0) in font [lmroman12-regular]:mapping=t
ex-text;!
Missing character: There is no λ (U+03BB) in font [lmroman12-regular]:mapping=t
ex-text;!
Missing character: There is no ω (U+03C9) in font [lmroman12-regular]:mapping=t
ex-text;!
Missing character: There is no φ (U+03C6) in font [lmroman12-regular]:mapping=t
ex-text;!
[916]
Overfull \hbox (41.02211pt too wide) in paragraph at lines 1631--1631
[]                \TU/lmtt/m/n/12 return this.createGravityDam(dimensions, posi
tion, materials);[] 
 []


Overfull \hbox (22.48212pt too wide) in paragraph at lines 1633--1633
[]                \TU/lmtt/m/n/12 return this.createArchDam(dimensions, positio
n, materials);[] 
 []


Overfull \hbox (53.38211pt too wide) in paragraph at lines 1635--1635
[]                \TU/lmtt/m/n/12 return this.createEarthRockDam(dimensions, po
sition, materials);[] 
 []

[917]
Overfull \hbox (78.10213pt too wide) in paragraph at lines 1645--1645
[]        \TU/lmtt/m/n/12 const profile = this.createGravityDamProfile(height, 
topWidth, bottomWidth);[] 
 []


Underfull \vbox (badness 10000) has occurred while \output is active []

 [918]
Overfull \hbox (28.66211pt too wide) in paragraph at lines 1681--1681
[]        \TU/lmtt/m/n/12 const { height, crownThickness, radius, centralAngle 
} = dimensions;[] 
 []

Missing character: There is no ≤ (U+2264) in font [lmroman12-regular]:mapping=t
ex-text;!
Missing character: There is no ≥ (U+2265) in font [lmroman12-regular]:mapping=t
ex-text;!
Missing character: There is no ≤ (U+2264) in font [lmroman12-regular]:mapping=t
ex-text;!
Missing character: There is no ∈ (U+2208) in font [lmmono12-regular]:!
Missing character: There is no ∈ (U+2208) in font [lmmono12-regular]:!
[919]
Missing character: There is no θ (U+03B8) in font [lmmono12-regular]:!
Missing character: There is no θ (U+03B8) in font [lmmono12-regular]:!
Missing character: There is no θ (U+03B8) in font [lmmono12-regular]:!
[920]
Overfull \hbox (28.66216pt too wide) in paragraph at lines 1829--1829
[]        \TU/lmtt/m/n/12 const generators = this.addGenerators(equipment.gener
ators, layout);[] 
 []


Overfull \hbox (71.92218pt too wide) in paragraph at lines 1830--1830
[]        \TU/lmtt/m/n/12 const auxiliaryEquipment = this.addAuxiliaryEquipment
(equipment.auxiliary);[] 
 []


Overfull \hbox (59.56215pt too wide) in paragraph at lines 1836--1836
[]            \TU/lmtt/m/n/12 systems: this.createSystemConnections(generators,
 auxiliaryEquipment)[] 
 []


Underfull \vbox (badness 10000) has occurred while \output is active []

 [921]
Overfull \hbox (3.94215pt too wide) in paragraph at lines 1856--1856
[]        \TU/lmtt/m/n/12 const details = this.addStructuralDetails(framework, 
structure);[] 
 []


Overfull \hbox (59.56216pt too wide) in paragraph at lines 1881--1881
[]        \TU/lmtt/m/n/12 const components = this.addGeneratorComponents(turbin
eGenerator, config);[] 
 []


Overfull \hbox (59.56216pt too wide) in paragraph at lines 1882--1882
[]        \TU/lmtt/m/n/12 const monitoring = this.addGeneratorMonitoring(turbin
eGenerator, config);[] 
 []


Overfull \hbox (16.30212pt too wide) in paragraph at lines 1884--1884
[]        \TU/lmtt/m/n/12 return { main: turbineGenerator, components, monitori
ng, config };[] 
 []


Underfull \vbox (badness 10000) has occurred while \output is active []

 [922]
Missing character: There is no η (U+03B7) in font [lmmono12-regular]:!
Missing character: There is no ρ (U+03C1) in font [lmmono12-regular]:!
Missing character: There is no η (U+03B7) in font [lmmono12-regular]:!
[923] [924]
Missing character: There is no ∏ (U+220F) in font [lmmono12-regular]:!
[925] [926]
Overfull \hbox (71.92218pt too wide) in paragraph at lines 2177--2177
[]        \TU/lmtt/m/n/12 this.collectors.set('serial', new SerialDataCollector
(this.config.serial));[] 
 []


Overfull \hbox (34.84218pt too wide) in paragraph at lines 2178--2178
[]        \TU/lmtt/m/n/12 this.collectors.set('mqtt', new MQTTDataCollector(thi
s.config.mqtt));[] 
 []


Overfull \hbox (127.54219pt too wide) in paragraph at lines 2179--2179
[]        \TU/lmtt/m/n/12 this.collectors.set('database', new DatabasePollingCo
llector(this.config.database));[] 
 []

[927]
Missing character: There is no λ (U+03BB) in font [lmmono12-regular]:!
Missing character: There is no μ (U+03BC) in font [lmmono12-regular]:!
Missing character: There is no μ (U+03BC) in font [lmmono12-regular]:!
Missing character: There is no λ (U+03BB) in font [lmmono12-regular]:!
Missing character: There is no λ (U+03BB) in font [lmmono12-regular]:!
Missing character: There is no μ (U+03BC) in font [lmmono12-regular]:!
Missing character: There is no λ (U+03BB) in font [lmroman12-regular]:mapping=t
ex-text;!
Missing character: There is no μ (U+03BC) in font [lmroman12-regular]:mapping=t
ex-text;!
[928]
Overfull \hbox (10.12212pt too wide) in paragraph at lines 2247--2247
[]                \TU/lmtt/m/n/12 temporal_result = self.temporal_consistency_c
heck(record)[] 
 []


Overfull \hbox (139.90208pt too wide) in paragraph at lines 2249--2249
[]                \TU/lmtt/m/n/12 if range_result['status'] == 'valid' and temp
oral_result['status'] == 'valid':[] 
 []


Overfull \hbox (65.74208pt too wide) in paragraph at lines 2250--2250
[]                    \TU/lmtt/m/n/12 record['quality_level'] = self.calculate_
quality_level(record)[] 
 []


Overfull \hbox (90.45009pt too wide) in paragraph at lines 2262--2262
[]        \TU/lmtt/m/n/12 return 'excellent' if score >= 95 else 'good' if scor
e >= 85 else 'acceptable'[] 
 []

Missing character: There is no σ (U+03C3) in font [lmmono12-regular]:!
Missing character: There is no μ (U+03BC) in font [lmmono12-regular]:!
Missing character: There is no σ (U+03C3) in font [lmmono12-regular]:!
Missing character: There is no σ (U+03C3) in font [lmmono12-regular]:!
Missing character: There is no σ (U+03C3) in font [lmmono12-regular]:!
Missing character: There is no μ (U+03BC) in font [lmroman12-regular]:mapping=t
ex-text;!
Missing character: There is no σ (U+03C3) in font [lmroman12-regular]:mapping=t
ex-text;!
Missing character: There is no ≤ (U+2264) in font [lmmono12-regular]:!
[929]
Missing character: There is no ȳ (U+0233) in font [lmroman12-regular]:mapping=t
ex-text;!
Missing character: There is no ȳ (U+0233) in font [lmroman12-regular]:mapping=t
ex-text;!

Overfull \hbox (3.94212pt too wide) in paragraph at lines 2309--2309
[]            \TU/lmtt/m/n/12 new DataReceivingStage({bufferSize: 10000, batchS
ize: 100}),[] 
 []


Overfull \hbox (78.10216pt too wide) in paragraph at lines 2310--2310
[]            \TU/lmtt/m/n/12 new DataValidationStage({validationRules: this.co
nfig.validationRules}),[] 
 []


Overfull \hbox (109.00212pt too wide) in paragraph at lines 2311--2311
[]            \TU/lmtt/m/n/12 new AnomalyDetectionStage({algorithms: ['isolatio
n_forest', 'statistical']}),[] 
 []


Overfull \hbox (22.48209pt too wide) in paragraph at lines 2312--2312
[]            \TU/lmtt/m/n/12 new DataAggregationStage({windows: ['1min', '5min
', '1hour']}),[] 
 []


Overfull \hbox (28.66216pt too wide) in paragraph at lines 2313--2313
[]            \TU/lmtt/m/n/12 new DataDistributionStage({targets: this.config.s
torageTargets})[] 
 []


Overfull \hbox (53.38213pt too wide) in paragraph at lines 2323--2323
[]                \TU/lmtt/m/n/12 this.metrics.recordStageMetrics(stage.name, c
urrentData.length);[] 
 []


Overfull \hbox (176.98204pt too wide) in paragraph at lines 2325--2325
[]                \TU/lmtt/m/n/12 const handled = await this.errorHandler.handl
eStageError(error, stage, currentData);[] 
 []

[930]
Underfull \hbox (badness 10000) in paragraph at lines 2383--2385

 []

[931]
Overfull \hbox (53.38217pt too wide) in paragraph at lines 2400--2400
[]        \TU/lmtt/m/n/12 self.write_api = self.influx_client.write_api(write_o
ptions=SYNCHRONOUS)[] 
 []


Overfull \hbox (3.94211pt too wide) in paragraph at lines 2415--2415
[]                    \TU/lmtt/m/n/12 .tag("parameter_type", data_point['parame
ter_type'])[] 
 []


Overfull \hbox (90.46217pt too wide) in paragraph at lines 2422--2422
[]    \TU/lmtt/m/n/12 def query_time_range_data(self, station_id, parameter_typ
e, start_time, end_time):[] 
 []


Overfull \hbox (71.92212pt too wide) in paragraph at lines 2425--2425
[]            \TU/lmtt/m/n/12 |> range(start: {start_time.isoformat()}, stop: {
end_time.isoformat()})[] 
 []


Overfull \hbox (22.4821pt too wide) in paragraph at lines 2427--2427
[]            \TU/lmtt/m/n/12 |> filter(fn: (r) => r["parameter_type"] == "{par
ameter_type}")[] 
 []


Underfull \vbox (badness 1259) has occurred while \output is active []

 [932]
Missing character: There is no ₀ (U+2080) in font [lmmono12-regular]:!
Missing character: There is no λ (U+03BB) in font [lmmono12-regular]:!
Missing character: There is no ₀ (U+2080) in font [lmroman12-regular]:mapping=t
ex-text;!
Missing character: There is no λ (U+03BB) in font [lmroman12-regular]:mapping=t
ex-text;!
[933]
Overfull \hbox (10.1101pt too wide) in paragraph at lines 2505--2505
[]            \TU/lmtt/m/n/12 historical: {storage: 'redis', ttl: 3600, compres
sion: true},[] 
 []


Underfull \vbox (badness 10000) has occurred while \output is active []

 [934]
Overfull \hbox (22.4821pt too wide) in paragraph at lines 2544--2544
[]                \TU/lmtt/m/n/12 this.preloadTimeSeriesData(stationId, paramet
er, timeRange)[] 
 []

Missing character: There is no ≈ (U+2248) in font [lmmono12-regular]:!
Missing character: There is no α (U+03B1) in font [lmmono12-regular]:!
Missing character: There is no α (U+03B1) in font [lmroman12-regular]:mapping=t
ex-text;!

Underfull \hbox (badness 10000) in paragraph at lines 2592--2594

 []

[935]
Missing character: There is no φ (U+03C6) in font [lmmono12-regular]:!
Missing character: There is no φ (U+03C6) in font [lmroman12-regular]:mapping=t
ex-text;!
[936]
Overfull \hbox (146.0821pt too wide) in paragraph at lines 2719--2719
[]            \TU/lmtt/m/n/12 structural: {name: '', weight: 0.3, calculate: th
is.evaluateStructural.bind(this)},[] 
 []


Overfull \hbox (115.18208pt too wide) in paragraph at lines 2720--2720
[]            \TU/lmtt/m/n/12 seepage: {name: '', weight: 0.25, calculate: this
.evaluateSeepage.bind(this)},[] 
 []


Overfull \hbox (139.90208pt too wide) in paragraph at lines 2721--2721
[]            \TU/lmtt/m/n/12 stability: {name: '', weight: 0.25, calculate: th
is.evaluateStability.bind(this)},[] 
 []


Overfull \hbox (152.2621pt too wide) in paragraph at lines 2722--2722
[]            \TU/lmtt/m/n/12 operational: {name: '', weight: 0.2, calculate: t
his.evaluateOperational.bind(this)}[] 
 []

[937]
Overfull \hbox (10.12215pt too wide) in paragraph at lines 2731--2731
[]        \TU/lmtt/m/n/12 for (const [key, indicator] of Object.entries(this.in
dicators)) {[] 
 []


Overfull \hbox (16.30212pt too wide) in paragraph at lines 2732--2732
[]            \TU/lmtt/m/n/12 const result = await indicator.calculate(monitori
ngData[key]);[] 
 []


Underfull \vbox (badness 10000) has occurred while \output is active []

 [938]
Overfull \hbox (28.66212pt too wide) in paragraph at lines 2763--2763
[]            \TU/lmtt/m/n/12 score: Math.max(displacementScore, stressScore, v
ibrationScore),[] 
 []


Overfull \hbox (207.88213pt too wide) in paragraph at lines 2764--2764
[]            \TU/lmtt/m/n/12 components: {displacement: displacementScore, str
ess: stressScore, vibration: vibrationScore}[] 
 []

Missing character: There is no ᵀ (U+1D40) in font [lmmono12-regular]:!
[939]
Overfull \hbox (90.46217pt too wide) in paragraph at lines 2857--2857
[]        \TU/lmtt/m/n/12 iso_forest_score = self.isolation_forest_detect(curre
nt_data, historical_data)[] 
 []


Overfull \hbox (71.92216pt too wide) in paragraph at lines 2860--2860
[]        \TU/lmtt/m/n/12 spc_score = self.statistical_process_control(current_
data, historical_data)[] 
 []


Underfull \vbox (badness 10000) has occurred while \output is active []

 [940]
Overfull \hbox (10.12218pt too wide) in paragraph at lines 2863--2863
[]        \TU/lmtt/m/n/12 autoencoder_score = self.autoencoder_anomaly_detect(c
urrent_data)[] 
 []


Overfull \hbox (41.0221pt too wide) in paragraph at lines 2866--2866
[]        \TU/lmtt/m/n/12 anomaly_score = (iso_forest_score + spc_score + autoe
ncoder_score) / 3[] 
 []


Overfull \hbox (3.94214pt too wide) in paragraph at lines 2870--2870
[]            \TU/lmtt/m/n/12 'is_anomaly': anomaly_score > self.config.anomaly
_threshold,[] 
 []


Overfull \hbox (84.28218pt too wide) in paragraph at lines 2874--2874
[]    \TU/lmtt/m/n/12 def generate_warning(self, evaluation_result, prediction_
result, anomaly_result):[] 
 []


Overfull \hbox (84.28214pt too wide) in paragraph at lines 2897--2897
[]            \TU/lmtt/m/n/12 'recommendations': self.generate_recommendations(
warning_level, evidence)[] 
 []


Underfull \vbox (badness 10000) has occurred while \output is active []

 [941]
Missing character: There is no σ (U+03C3) in font [lmroman12-regular]:mapping=t
ex-text;!
Missing character: There is no σ (U+03C3) in font [lmroman12-regular]:mapping=t
ex-text;!
Missing character: There is no φ (U+03C6) in font [lmroman12-regular]:mapping=t
ex-text;!
Missing character: There is no φ (U+03C6) in font [lmroman12-regular]:mapping=t
ex-text;!
Missing character: There is no φ (U+03C6) in font [lmroman12-regular]:mapping=t
ex-text;!
Missing character: There is no ᵖ (U+1D56) in font [lmroman12-regular]:mapping=t
ex-text;!
Missing character: There is no ᵈ (U+1D48) in font [lmroman12-regular]:mapping=t
ex-text;!
Missing character: There is no θ (U+03B8) in font [lmroman12-regular]:mapping=t
ex-text;!
Missing character: There is no θ (U+03B8) in font [lmroman12-regular]:mapping=t
ex-text;!
Missing character: There is no θ (U+03B8) in font [lmroman12-regular]:mapping=t
ex-text;!
Missing character: There is no ᵠ (U+1D60) in font [lmroman12-regular]:mapping=t
ex-text;!
Missing character: There is no ε (U+03B5) in font [lmroman12-regular]:mapping=t
ex-text;!
Missing character: There is no φ (U+03C6) in font [lmmono12-regular]:!
Missing character: There is no θ (U+03B8) in font [lmmono12-regular]:!
Missing character: There is no α (U+03B1) in font [lmroman12-regular]:mapping=t
ex-text;!
Missing character: There is no α (U+03B1) in font [lmmono12-regular]:!
Missing character: There is no α (U+03B1) in font [lmroman12-regular]:mapping=t
ex-text;!
Missing character: There is no μ (U+03BC) in font [lmroman12-regular]:mapping=t
ex-text;!
Missing character: There is no σ (U+03C3) in font [lmroman12-regular]:mapping=t
ex-text;!
Missing character: There is no μ (U+03BC) in font [lmroman12-regular]:mapping=t
ex-text;!
Missing character: There is no σ (U+03C3) in font [lmroman12-regular]:mapping=t
ex-text;!
Missing character: There is no σ (U+03C3) in font [lmmono12-regular]:!
Missing character: There is no σ (U+03C3) in font [lmmono12-regular]:!
[942]
Overfull \hbox (158.44202pt too wide) in paragraph at lines 2974--2974
[]                    \TU/lmtt/m/n/12 {name: '', duration: 30, actions: ['notif
y_personnel', 'prepare_resources']},[] 
 []


Overfull \hbox (201.70203pt too wide) in paragraph at lines 2975--2975
[]                    \TU/lmtt/m/n/12 {name: '', duration: 120, actions: ['impl
ement_measures', 'coordinate_evacuation']},[] 
 []


Overfull \hbox (170.80203pt too wide) in paragraph at lines 2976--2976
[]                    \TU/lmtt/m/n/12 {name: '', duration: 480, actions: ['dama
ge_assessment', 'system_restoration']}[] 
 []


Overfull \hbox (16.30208pt too wide) in paragraph at lines 2982--2982
[]                \TU/lmtt/m/n/12 trigger: {structural_alert: 'red', displaceme
nt: '>10mm'},[] 
 []


Overfull \hbox (146.08202pt too wide) in paragraph at lines 2984--2984
[]                    \TU/lmtt/m/n/12 {name: '', duration: 10, actions: ['emerg
ency_stop', 'safety_assessment']},[] 
 []


Overfull \hbox (164.61003pt too wide) in paragraph at lines 2985--2985
[]                    \TU/lmtt/m/n/12 {name: '', duration: 60, actions: ['imple
ment_repairs', 'enhance_monitoring']}[] 
 []


Underfull \vbox (badness 10000) has occurred while \output is active []

 [943]
Overfull \hbox (65.74214pt too wide) in paragraph at lines 3000--3000
[]        \TU/lmtt/m/n/12 const selectedPlan = this.selectOptimalPlan(applicabl
ePlans, triggerData);[] 
 []


Overfull \hbox (59.56212pt too wide) in paragraph at lines 3022--3022
[]        \TU/lmtt/m/n/12 for (let phaseIndex = 0; phaseIndex < plan.phases.len
gth; phaseIndex++) {[] 
 []


Underfull \vbox (badness 10000) has occurred while \output is active []

 [944]
Overfull \hbox (22.48215pt too wide) in paragraph at lines 3039--3039
[]            \TU/lmtt/m/n/12 responseInstance.executionLog[phaseIndex].endTime
 = new Date();[] 
 []


Overfull \hbox (22.48216pt too wide) in paragraph at lines 3040--3040
[]            \TU/lmtt/m/n/12 responseInstance.executionLog[phaseIndex].status 
= 'completed';[] 
 []

[945]
Overfull \hbox (28.6622pt too wide) in paragraph at lines 3111--3111
[]    \TU/lmtt/m/n/12 def multi_objective_optimization(self, decision_variables
, constraints):[] 
 []


Overfull \hbox (146.08215pt too wide) in paragraph at lines 3121--3121
[]        \TU/lmtt/m/n/12 pareto_solutions = self.nsga2_optimization(objectives
, constraints, decision_variables)[] 
 []


Overfull \hbox (47.2022pt too wide) in paragraph at lines 3124--3124
[]        \TU/lmtt/m/n/12 recommended_solution = self.select_preferred_solution
(pareto_solutions)[] 
 []


Overfull \hbox (109.0022pt too wide) in paragraph at lines 3132--3132
[]    \TU/lmtt/m/n/12 def generate_decision_recommendations(self, situation_ana
lysis, available_resources):[] 
 []

[946]
Overfull \hbox (28.66219pt too wide) in paragraph at lines 3137--3137
[]        \TU/lmtt/m/n/12 rule_recommendations = self.rule_based_reasoning(situ
ation_analysis)[] 
 []


Overfull \hbox (28.66219pt too wide) in paragraph at lines 3141--3141
[]        \TU/lmtt/m/n/12 case_recommendations = self.case_based_reasoning(situ
ation_analysis)[] 
 []


Overfull \hbox (170.80217pt too wide) in paragraph at lines 3145--3145
[]        \TU/lmtt/m/n/12 model_recommendations = self.model_based_reasoning(si
tuation_analysis, available_resources)[] 
 []


Overfull \hbox (3.94218pt too wide) in paragraph at lines 3149--3149
[]        \TU/lmtt/m/n/12 filtered_recommendations = self.filter_and_rank_recom
mendations([] 
 []


Overfull \hbox (158.44215pt too wide) in paragraph at lines 3160--3160
[]        \TU/lmtt/m/n/12 mc_results = self.monte_carlo_simulation(decision_sce
nario, time_horizon, n_samples=1000)[] 
 []


Overfull \hbox (16.30219pt too wide) in paragraph at lines 3164--3164
[]        \TU/lmtt/m/n/12 sensitivity_results = self.sensitivity_analysis(decis
ion_scenario)[] 
 []


Overfull \hbox (3.94217pt too wide) in paragraph at lines 3168--3168
[]        \TU/lmtt/m/n/12 robustness_results = self.robustness_analysis(decisio
n_scenario)[] 
 []


Overfull \hbox (78.10214pt too wide) in paragraph at lines 3173--3173
[]            \TU/lmtt/m/n/12 'confidence_intervals': self.calculate_confidence
_intervals(mc_results),[] 
 []


Overfull \hbox (34.84216pt too wide) in paragraph at lines 3174--3174
[]            \TU/lmtt/m/n/12 'risk_assessment': self.assess_scenario_risks(sim
ulation_results)[] 
 []


Underfull \vbox (badness 10000) has occurred while \output is active []

 [947]
Missing character: There is no ₁ (U+2081) in font [lmmono12-regular]:!
Missing character: There is no ₂ (U+2082) in font [lmmono12-regular]:!
Missing character: There is no ∀ (U+2200) in font [lmmono12-regular]:!
Missing character: There is no ₁ (U+2081) in font [lmmono12-regular]:!
Missing character: There is no ≤ (U+2264) in font [lmmono12-regular]:!
Missing character: There is no ₂ (U+2082) in font [lmmono12-regular]:!
Missing character: There is no ∃ (U+2203) in font [lmmono12-regular]:!
Missing character: There is no ₁ (U+2081) in font [lmmono12-regular]:!
Missing character: There is no ₂ (U+2082) in font [lmmono12-regular]:!
Missing character: There is no ≈ (U+2248) in font [lmmono12-regular]:!
Missing character: There is no ξ (U+03BE) in font [lmmono12-regular]:!
Missing character: There is no ξ (U+03BE) in font [lmmono12-regular]:!
Missing character: There is no ≤ (U+2264) in font [lmmono12-regular]:!
Missing character: There is no ∀ (U+2200) in font [lmmono12-regular]:!
Missing character: There is no ξ (U+03BE) in font [lmmono12-regular]:!
Missing character: There is no ∈ (U+2208) in font [lmmono12-regular]:!
Missing character: There is no ξ (U+03BE) in font [lmmono12-regular]:!
[948] [949]
Overfull \hbox (53.38217pt too wide) in paragraph at lines 3343--3343
[]        \TU/lmtt/m/n/12 this.loadBalancers.set(serviceName, new LoadBalancer(
config.instances));[] 
 []


Overfull \hbox (84.2821pt too wide) in paragraph at lines 3355--3355
[]            \TU/lmtt/m/n/12 const healthyInstances = service.instances.filter
(i => i.healthy).length;[] 
 []


Underfull \vbox (badness 10000) has occurred while \output is active []

 [950]
Overfull \hbox (10.12215pt too wide) in paragraph at lines 3391--3391
[]        \TU/lmtt/m/n/12 const instance = instances[this.currentIndex % instan
ces.length];[] 
 []


Overfull \hbox (28.66211pt too wide) in paragraph at lines 3397--3397
[]        \TU/lmtt/m/n/12 const totalWeight = instances.reduce((sum, i) => sum 
+ i.weight, 0);[] 
 []


Underfull \vbox (badness 10000) has occurred while \output is active []

 [951]
Missing character: There is no ∑ (U+2211) in font [lmmono12-regular]:!
Missing character: There is no ∈ (U+2208) in font [lmmono12-regular]:!
[952]
Missing character: There is no ∑ (U+2211) in font [lmmono12-regular]:!
[953]
Underfull \vbox (badness 10000) has occurred while \output is active []

 [954]
Missing character: There is no α (U+03B1) in font [lmroman12-regular]:mapping=t
ex-text;!
Missing character: There is no β (U+03B2) in font [lmroman12-regular]:mapping=t
ex-text;!
Missing character: There is no α (U+03B1) in font [lmmono12-regular]:!
Missing character: There is no β (U+03B2) in font [lmmono12-regular]:!
Missing character: There is no ≥ (U+2265) in font [lmroman12-regular]:mapping=t
ex-text;!
Missing character: There is no ≥ (U+2265) in font [lmmono12-regular]:!
Missing character: There is no ≥ (U+2265) in font [lmmono12-regular]:!
Missing character: There is no ≥ (U+2265) in font [lmmono12-regular]:!
Missing character: There is no ∑ (U+2211) in font [lmroman12-regular]:mapping=t
ex-text;!
Missing character: There is no ₂ (U+2082) in font [lmroman12-regular]:mapping=t
ex-text;!
Missing character: There is no ≈ (U+2248) in font [lmroman12-regular]:mapping=t
ex-text;!
Missing character: There is no μ (U+03BC) in font [lmroman12-regular]:mapping=t
ex-text;!
Missing character: There is no σ (U+03C3) in font [lmroman12-regular]:mapping=t
ex-text;!
Missing character: There is no λ (U+03BB) in font [lmroman12-regular]:mapping=t
ex-text;!
Missing character: There is no λ (U+03BB) in font [lmroman12-regular]:mapping=t
ex-text;!
Missing character: There is no μ (U+03BC) in font [lmroman12-regular]:mapping=t
ex-text;!
Missing character: There is no σ (U+03C3) in font [lmroman12-regular]:mapping=t
ex-text;!
Missing character: There is no λ (U+03BB) in font [lmroman12-regular]:mapping=t
ex-text;!
Missing character: There is no λ (U+03BB) in font [lmroman12-regular]:mapping=t
ex-text;!
Missing character: There is no λ (U+03BB) in font [lmroman12-regular]:mapping=t
ex-text;!
Missing character: There is no ∑ (U+2211) in font [lmroman12-regular]:mapping=t
ex-text;!
! Too many }'s.
<recently read> }
                 
l.3619 Shortest Path = min\{∑weight(edge)}
                                           for all paths
You've closed more groups than you opened.
Such booboos are generally harmless, so keep going.

[955]
Overfull \hbox (47.20213pt too wide) in paragraph at lines 3650--3650
[]        \TU/lmtt/m/n/12 if (level === 'ERROR' || this.logBuffer.length >= thi
s.maxBufferSize) {[] 
 []

[956]
Missing character: There is no ≤ (U+2264) in font [lmmono12-regular]:!
Missing character: There is no ≤ (U+2264) in font [lmmono12-regular]:!
Missing character: There is no ∑ (U+2211) in font [lmmono12-regular]:!
[957]
Overfull \hbox (22.48222pt too wide) in paragraph at lines 3729--3729
[]    \TU/lmtt/m/n/12 volumes: ["./monitoring/prometheus.yml:/etc/prometheus/pr
ometheus.yml"][] 
 []

Missing character: There is no λ (U+03BB) in font [lmroman12-regular]:mapping=t
ex-text;!
[958]
Overfull \hbox (152.26218pt too wide) in paragraph at lines 3800--3800
[]    \TU/lmtt/m/n/12 - docker build -t $DOCKER_REGISTRY/data-collection:$CI_CO
MMIT_SHA ./services/data-collection[] 
 []

[959]
Overfull \hbox (121.36208pt too wide) in paragraph at lines 3832--3832
[]                \TU/lmtt/m/n/12 'recovery': ['restart_service', 'scale_out_re
plicas', 'fallback_to_backup'][] 
 []


Overfull \hbox (65.7421pt too wide) in paragraph at lines 3841--3841
[]                \TU/lmtt/m/n/12 'recovery': ['scale_out_replicas', 'optimize_
resource_allocation'][] 
 []

[960]
Overfull \hbox (78.1021pt too wide) in paragraph at lines 3865--3865
[]                \TU/lmtt/m/n/12 success = await self.execute_recovery_action(
recovery_action, issue)[] 
 []


Overfull \hbox (47.20213pt too wide) in paragraph at lines 3878--3878
[]            \TU/lmtt/m/n/12 return await self.wait_for_service_ready(service_
name, timeout=120)[] 
 []

[961]
Missing character: There is no ∫ (U+222B) in font [lmmono12-regular]:!
Missing character: There is no τ (U+03C4) in font [lmmono12-regular]:!
Missing character: There is no τ (U+03C4) in font [lmmono12-regular]:!
Missing character: There is no ∏ (U+220F) in font [lmmono12-regular]:!
[962]) (./chapters/chapter09.tex [963] [964] [965] [966]
! Extra }, or forgotten $.
l.237 \[\min \{Cost, Latency, Energy}
                                     \]
I've deleted a group-closing symbol because it seems to be
spurious, as in `$x}$'. But perhaps the } is legitimate and
you forgot something else, as in `\hbox{$x}'. In such cases
the way to recover is to insert both the forgotten and the
deleted material, e.g., by typing `I$}'.

[967] [968] [969] [970] [971] [972] [973] [974] [975]) [976] (./教材.aux)
 ***********
LaTeX2e <2023-11-01> patch level 1
L3 programming layer <2022/08/05>
 ***********


LaTeX Warning: There were undefined references.


LaTeX Warning: There were multiply-defined labels.

Package rerunfilecheck Info: File `教材.out' has not changed.
(rerunfilecheck)             Checksum: 8267D7B3021A92D44EF9F51178E89FD2;16290.
 ) 
Here is how much of TeX's memory you used:
 36887 strings out of 474773
 777289 string characters out of 5761289
 1940842 words of memory out of 5000000
 58336 multiletter control sequences out of 15000+600000
 565070 words of font info for 89 fonts, out of 8000000 for 9000
 1348 hyphenation exceptions out of 8191
 93i,12n,97p,768b,990s stack positions out of 10000i,1000n,20000p,200000b,200000s

Output written on ./教材.pdf (976 pages).
