This is XeTeX, Version 3.141592653-2.6-0.999997 (TeX Live 2025) (preloaded format=xelatex)
 restricted \write18 enabled.
entering extended mode
(./main.tex
LaTeX2e <2024-11-01> patch level 2
L3 programming layer <2025-01-18>
(./templates/basic-config.tex
(/usr/local/texlive/2025/texmf-dist/tex/latex/ctex/ctexbook.cls
(/usr/local/texlive/2025/texmf-dist/tex/latex/ctex/config/ctexbackend.cfg)
(/usr/local/texlive/2025/texmf-dist/tex/latex/l3kernel/expl3.sty
(/usr/local/texlive/2025/texmf-dist/tex/latex/l3backend/l3backend-xetex.def))
Document Class: ctexbook 2022/07/14 v2.5.10 Chinese adapter for class book (CTE
X)
(/usr/local/texlive/2025/texmf-dist/tex/latex/ctex/ctexhook.sty)
(/usr/local/texlive/2025/texmf-dist/tex/latex/ctex/ctexpatch.sty)
(/usr/local/texlive/2025/texmf-dist/tex/latex/base/fix-cm.sty
(/usr/local/texlive/2025/texmf-dist/tex/latex/base/ts1enc.def))
(/usr/local/texlive/2025/texmf-dist/tex/latex/ctex/config/ctexopts.cfg)
(/usr/local/texlive/2025/texmf-dist/tex/latex/base/book.cls
Document Class: book 2024/06/29 v1.4n Standard LaTeX document class
(/usr/local/texlive/2025/texmf-dist/tex/latex/base/bk12.clo))
(/usr/local/texlive/2025/texmf-dist/tex/latex/ctex/engine/ctex-engine-xetex.def
(/usr/local/texlive/2025/texmf-dist/tex/xelatex/xecjk/xeCJK.sty
(/usr/local/texlive/2025/texmf-dist/tex/latex/l3packages/xtemplate/xtemplate.st
y) (/usr/local/texlive/2025/texmf-dist/tex/latex/fontspec/fontspec.sty
(/usr/local/texlive/2025/texmf-dist/tex/latex/l3packages/xparse/xparse.sty)
(/usr/local/texlive/2025/texmf-dist/tex/latex/fontspec/fontspec-xetex.sty
(/usr/local/texlive/2025/texmf-dist/tex/latex/base/fontenc.sty)
(/usr/local/texlive/2025/texmf-dist/tex/latex/fontspec/fontspec.cfg)))
(/usr/local/texlive/2025/texmf-dist/tex/xelatex/xecjk/xeCJK.cfg)))
(/usr/local/texlive/2025/texmf-dist/tex/latex/zhnumber/zhnumber.sty
(/usr/local/texlive/2025/texmf-dist/tex/latex/zhnumber/zhnumber-utf8.cfg))
(/usr/local/texlive/2025/texmf-dist/tex/latex/ctex/scheme/ctex-scheme-chinese-b
ook.def
(/usr/local/texlive/2025/texmf-dist/tex/latex/ctex/config/ctex-name-utf8.cfg))
(/usr/local/texlive/2025/texmf-dist/tex/latex/ctex/fontset/ctex-fontset-fandol.
def)) (/usr/local/texlive/2025/texmf-dist/tex/latex/ctex/config/ctex.cfg)
(/usr/local/texlive/2025/texmf-dist/tex/latex/amsmath/amsmath.sty
For additional information on amsmath, use the `?' option.
(/usr/local/texlive/2025/texmf-dist/tex/latex/amsmath/amstext.sty
(/usr/local/texlive/2025/texmf-dist/tex/latex/amsmath/amsgen.sty))
(/usr/local/texlive/2025/texmf-dist/tex/latex/amsmath/amsbsy.sty)
(/usr/local/texlive/2025/texmf-dist/tex/latex/amsmath/amsopn.sty))
(/usr/local/texlive/2025/texmf-dist/tex/latex/amsfonts/amssymb.sty
(/usr/local/texlive/2025/texmf-dist/tex/latex/amsfonts/amsfonts.sty))
(/usr/local/texlive/2025/texmf-dist/tex/latex/amscls/amsthm.sty)
(/usr/local/texlive/2025/texmf-dist/tex/latex/psnfss/pifont.sty
(/usr/local/texlive/2025/texmf-dist/tex/latex/psnfss/upzd.fd)
(/usr/local/texlive/2025/texmf-dist/tex/latex/psnfss/upsy.fd))
(/usr/local/texlive/2025/texmf-dist/tex/latex/graphics/graphicx.sty
(/usr/local/texlive/2025/texmf-dist/tex/latex/graphics/keyval.sty)
(/usr/local/texlive/2025/texmf-dist/tex/latex/graphics/graphics.sty
(/usr/local/texlive/2025/texmf-dist/tex/latex/graphics/trig.sty)
(/usr/local/texlive/2025/texmf-dist/tex/latex/graphics-cfg/graphics.cfg)
(/usr/local/texlive/2025/texmf-dist/tex/latex/graphics-def/xetex.def)))
(/usr/local/texlive/2025/texmf-dist/tex/latex/xcolor/xcolor.sty
(/usr/local/texlive/2025/texmf-dist/tex/latex/graphics-cfg/color.cfg)
(/usr/local/texlive/2025/texmf-dist/tex/latex/graphics/mathcolor.ltx))
(/usr/local/texlive/2025/texmf-dist/tex/latex/pgf/frontendlayer/tikz.sty
(/usr/local/texlive/2025/texmf-dist/tex/latex/pgf/basiclayer/pgf.sty
(/usr/local/texlive/2025/texmf-dist/tex/latex/pgf/utilities/pgfrcs.sty
(/usr/local/texlive/2025/texmf-dist/tex/generic/pgf/utilities/pgfutil-common.te
x)
(/usr/local/texlive/2025/texmf-dist/tex/generic/pgf/utilities/pgfutil-latex.def
) (/usr/local/texlive/2025/texmf-dist/tex/generic/pgf/utilities/pgfrcs.code.tex
(/usr/local/texlive/2025/texmf-dist/tex/generic/pgf/pgf.revision.tex)))
(/usr/local/texlive/2025/texmf-dist/tex/latex/pgf/basiclayer/pgfcore.sty
(/usr/local/texlive/2025/texmf-dist/tex/latex/pgf/systemlayer/pgfsys.sty
(/usr/local/texlive/2025/texmf-dist/tex/generic/pgf/systemlayer/pgfsys.code.tex
(/usr/local/texlive/2025/texmf-dist/tex/generic/pgf/utilities/pgfkeys.code.tex
(/usr/local/texlive/2025/texmf-dist/tex/generic/pgf/utilities/pgfkeyslibraryfil
tered.code.tex))
(/usr/local/texlive/2025/texmf-dist/tex/generic/pgf/systemlayer/pgf.cfg)
(/usr/local/texlive/2025/texmf-dist/tex/generic/pgf/systemlayer/pgfsys-xetex.de
f
(/usr/local/texlive/2025/texmf-dist/tex/generic/pgf/systemlayer/pgfsys-dvipdfmx
.def
(/usr/local/texlive/2025/texmf-dist/tex/generic/pgf/systemlayer/pgfsys-common-p
df.def))))
(/usr/local/texlive/2025/texmf-dist/tex/generic/pgf/systemlayer/pgfsyssoftpath.
code.tex)
(/usr/local/texlive/2025/texmf-dist/tex/generic/pgf/systemlayer/pgfsysprotocol.
code.tex))
(/usr/local/texlive/2025/texmf-dist/tex/generic/pgf/basiclayer/pgfcore.code.tex
(/usr/local/texlive/2025/texmf-dist/tex/generic/pgf/math/pgfmath.code.tex
(/usr/local/texlive/2025/texmf-dist/tex/generic/pgf/math/pgfmathutil.code.tex)
(/usr/local/texlive/2025/texmf-dist/tex/generic/pgf/math/pgfmathparser.code.tex
)
(/usr/local/texlive/2025/texmf-dist/tex/generic/pgf/math/pgfmathfunctions.code.
tex)
(/usr/local/texlive/2025/texmf-dist/tex/generic/pgf/math/pgfmathfunctions.basic
.code.tex)
(/usr/local/texlive/2025/texmf-dist/tex/generic/pgf/math/pgfmathfunctions.trigo
nometric.code.tex)
(/usr/local/texlive/2025/texmf-dist/tex/generic/pgf/math/pgfmathfunctions.rando
m.code.tex)
(/usr/local/texlive/2025/texmf-dist/tex/generic/pgf/math/pgfmathfunctions.compa
rison.code.tex)
(/usr/local/texlive/2025/texmf-dist/tex/generic/pgf/math/pgfmathfunctions.base.
code.tex)
(/usr/local/texlive/2025/texmf-dist/tex/generic/pgf/math/pgfmathfunctions.round
.code.tex)
(/usr/local/texlive/2025/texmf-dist/tex/generic/pgf/math/pgfmathfunctions.misc.
code.tex)
(/usr/local/texlive/2025/texmf-dist/tex/generic/pgf/math/pgfmathfunctions.integ
erarithmetics.code.tex)
(/usr/local/texlive/2025/texmf-dist/tex/generic/pgf/math/pgfmathcalc.code.tex)
(/usr/local/texlive/2025/texmf-dist/tex/generic/pgf/math/pgfmathfloat.code.tex)
) (/usr/local/texlive/2025/texmf-dist/tex/generic/pgf/math/pgfint.code.tex)
(/usr/local/texlive/2025/texmf-dist/tex/generic/pgf/basiclayer/pgfcorepoints.co
de.tex)
(/usr/local/texlive/2025/texmf-dist/tex/generic/pgf/basiclayer/pgfcorepathconst
ruct.code.tex)
(/usr/local/texlive/2025/texmf-dist/tex/generic/pgf/basiclayer/pgfcorepathusage
.code.tex)
(/usr/local/texlive/2025/texmf-dist/tex/generic/pgf/basiclayer/pgfcorescopes.co
de.tex)
(/usr/local/texlive/2025/texmf-dist/tex/generic/pgf/basiclayer/pgfcoregraphicst
ate.code.tex)
(/usr/local/texlive/2025/texmf-dist/tex/generic/pgf/basiclayer/pgfcoretransform
ations.code.tex)
(/usr/local/texlive/2025/texmf-dist/tex/generic/pgf/basiclayer/pgfcorequick.cod
e.tex)
(/usr/local/texlive/2025/texmf-dist/tex/generic/pgf/basiclayer/pgfcoreobjects.c
ode.tex)
(/usr/local/texlive/2025/texmf-dist/tex/generic/pgf/basiclayer/pgfcorepathproce
ssing.code.tex)
(/usr/local/texlive/2025/texmf-dist/tex/generic/pgf/basiclayer/pgfcorearrows.co
de.tex)
(/usr/local/texlive/2025/texmf-dist/tex/generic/pgf/basiclayer/pgfcoreshade.cod
e.tex)
(/usr/local/texlive/2025/texmf-dist/tex/generic/pgf/basiclayer/pgfcoreimage.cod
e.tex)
(/usr/local/texlive/2025/texmf-dist/tex/generic/pgf/basiclayer/pgfcoreexternal.
code.tex)
(/usr/local/texlive/2025/texmf-dist/tex/generic/pgf/basiclayer/pgfcorelayers.co
de.tex)
(/usr/local/texlive/2025/texmf-dist/tex/generic/pgf/basiclayer/pgfcoretranspare
ncy.code.tex)
(/usr/local/texlive/2025/texmf-dist/tex/generic/pgf/basiclayer/pgfcorepatterns.
code.tex)
(/usr/local/texlive/2025/texmf-dist/tex/generic/pgf/basiclayer/pgfcorerdf.code.
tex)))
(/usr/local/texlive/2025/texmf-dist/tex/generic/pgf/modules/pgfmoduleshapes.cod
e.tex)
(/usr/local/texlive/2025/texmf-dist/tex/generic/pgf/modules/pgfmoduleplot.code.
tex)
(/usr/local/texlive/2025/texmf-dist/tex/latex/pgf/compatibility/pgfcomp-version
-0-65.sty)
(/usr/local/texlive/2025/texmf-dist/tex/latex/pgf/compatibility/pgfcomp-version
-1-18.sty))
(/usr/local/texlive/2025/texmf-dist/tex/latex/pgf/utilities/pgffor.sty
(/usr/local/texlive/2025/texmf-dist/tex/latex/pgf/utilities/pgfkeys.sty
(/usr/local/texlive/2025/texmf-dist/tex/generic/pgf/utilities/pgfkeys.code.tex)
) (/usr/local/texlive/2025/texmf-dist/tex/latex/pgf/math/pgfmath.sty
(/usr/local/texlive/2025/texmf-dist/tex/generic/pgf/math/pgfmath.code.tex))
(/usr/local/texlive/2025/texmf-dist/tex/generic/pgf/utilities/pgffor.code.tex))

(/usr/local/texlive/2025/texmf-dist/tex/generic/pgf/frontendlayer/tikz/tikz.cod
e.tex
(/usr/local/texlive/2025/texmf-dist/tex/generic/pgf/libraries/pgflibraryplothan
dlers.code.tex)
(/usr/local/texlive/2025/texmf-dist/tex/generic/pgf/modules/pgfmodulematrix.cod
e.tex)
(/usr/local/texlive/2025/texmf-dist/tex/generic/pgf/frontendlayer/tikz/librarie
s/tikzlibrarytopaths.code.tex)))
(/usr/local/texlive/2025/texmf-dist/tex/generic/pgf/frontendlayer/tikz/librarie
s/tikzlibraryshapes.code.tex
(/usr/local/texlive/2025/texmf-dist/tex/generic/pgf/frontendlayer/tikz/librarie
s/tikzlibraryshapes.geometric.code.tex
(/usr/local/texlive/2025/texmf-dist/tex/generic/pgf/libraries/shapes/pgflibrary
shapes.geometric.code.tex))
(/usr/local/texlive/2025/texmf-dist/tex/generic/pgf/frontendlayer/tikz/librarie
s/tikzlibraryshapes.misc.code.tex
(/usr/local/texlive/2025/texmf-dist/tex/generic/pgf/libraries/shapes/pgflibrary
shapes.misc.code.tex))
(/usr/local/texlive/2025/texmf-dist/tex/generic/pgf/frontendlayer/tikz/librarie
s/tikzlibraryshapes.symbols.code.tex
(/usr/local/texlive/2025/texmf-dist/tex/generic/pgf/libraries/shapes/pgflibrary
shapes.symbols.code.tex))
(/usr/local/texlive/2025/texmf-dist/tex/generic/pgf/frontendlayer/tikz/librarie
s/tikzlibraryshapes.arrows.code.tex
(/usr/local/texlive/2025/texmf-dist/tex/generic/pgf/libraries/shapes/pgflibrary
shapes.arrows.code.tex))
(/usr/local/texlive/2025/texmf-dist/tex/generic/pgf/frontendlayer/tikz/librarie
s/tikzlibraryshapes.callouts.code.tex
(/usr/local/texlive/2025/texmf-dist/tex/generic/pgf/libraries/shapes/pgflibrary
shapes.callouts.code.tex))
(/usr/local/texlive/2025/texmf-dist/tex/generic/pgf/frontendlayer/tikz/librarie
s/tikzlibraryshapes.multipart.code.tex
(/usr/local/texlive/2025/texmf-dist/tex/generic/pgf/libraries/shapes/pgflibrary
shapes.multipart.code.tex)))
(/usr/local/texlive/2025/texmf-dist/tex/generic/pgf/frontendlayer/tikz/librarie
s/tikzlibraryarrows.code.tex
(/usr/local/texlive/2025/texmf-dist/tex/generic/pgf/libraries/pgflibraryarrows.
code.tex))
(/usr/local/texlive/2025/texmf-dist/tex/generic/pgf/frontendlayer/tikz/librarie
s/tikzlibrarypositioning.code.tex)
(/usr/local/texlive/2025/texmf-dist/tex/generic/pgf/frontendlayer/tikz/librarie
s/tikzlibrarycalc.code.tex)
(/usr/local/texlive/2025/texmf-dist/tex/generic/pgf/frontendlayer/tikz/librarie
s/tikzlibrarypatterns.code.tex
(/usr/local/texlive/2025/texmf-dist/tex/generic/pgf/libraries/pgflibrarypattern
s.code.tex))
(/usr/local/texlive/2025/texmf-dist/tex/latex/epstopdf-pkg/epstopdf.sty
(/usr/local/texlive/2025/texmf-dist/tex/generic/infwarerr/infwarerr.sty)
(/usr/local/texlive/2025/texmf-dist/tex/latex/grfext/grfext.sty
(/usr/local/texlive/2025/texmf-dist/tex/generic/kvdefinekeys/kvdefinekeys.sty))
 (/usr/local/texlive/2025/texmf-dist/tex/latex/kvoptions/kvoptions.sty
(/usr/local/texlive/2025/texmf-dist/tex/generic/ltxcmds/ltxcmds.sty)
(/usr/local/texlive/2025/texmf-dist/tex/latex/kvsetkeys/kvsetkeys.sty))
(/usr/local/texlive/2025/texmf-dist/tex/generic/pdftexcmds/pdftexcmds.sty
(/usr/local/texlive/2025/texmf-dist/tex/generic/iftex/iftex.sty))
(/usr/local/texlive/2025/texmf-dist/tex/latex/epstopdf-pkg/epstopdf-base.sty

Package epstopdf Warning: Drivers other than `pdftex' and `luatex' are not supp
orted.

)) (/usr/local/texlive/2025/texmf-dist/tex/latex/geometry/geometry.sty
(/usr/local/texlive/2025/texmf-dist/tex/generic/iftex/ifvtex.sty))
(/usr/local/texlive/2025/texmf-dist/tex/latex/setspace/setspace.sty)
(/usr/local/texlive/2025/texmf-dist/tex/latex/tools/longtable.sty)
(/usr/local/texlive/2025/texmf-dist/tex/latex/booktabs/booktabs.sty)
(/usr/local/texlive/2025/texmf-dist/tex/latex/tools/array.sty)
(/usr/local/texlive/2025/texmf-dist/tex/latex/multirow/multirow.sty)
(/usr/local/texlive/2025/texmf-dist/tex/latex/tools/multicol.sty)
(/usr/local/texlive/2025/texmf-dist/tex/latex/enumitem/enumitem.sty)
(/usr/local/texlive/2025/texmf-dist/tex/latex/listings/listings.sty
(/usr/local/texlive/2025/texmf-dist/tex/latex/listings/lstpatch.sty)
(/usr/local/texlive/2025/texmf-dist/tex/latex/listings/lstmisc.sty)
(/usr/local/texlive/2025/texmf-dist/tex/latex/listings/listings.cfg))
(/usr/local/texlive/2025/texmf-dist/tex/xelatex/xecjk/xeCJK-listings.sty)
(/usr/local/texlive/2025/texmf-dist/tex/latex/tcolorbox/tcolorbox.sty
(/usr/local/texlive/2025/texmf-dist/tex/latex/tools/verbatim.sty)
(/usr/local/texlive/2025/texmf-dist/tex/latex/environ/environ.sty
(/usr/local/texlive/2025/texmf-dist/tex/latex/trimspaces/trimspaces.sty))
(/usr/local/texlive/2025/texmf-dist/tex/latex/etoolbox/etoolbox.sty))
(/usr/local/texlive/2025/texmf-dist/tex/latex/tcolorbox/tcbraster.code.tex
Library (tcolorbox): 'tcbraster.code.tex' version '6.4.1'
) (/usr/local/texlive/2025/texmf-dist/tex/latex/tcolorbox/tcbskins.code.tex
Library (tcolorbox): 'tcbskins.code.tex' version '6.4.1'
(/usr/local/texlive/2025/texmf-dist/tex/latex/tikzfill/tikzfill.image.sty
(/usr/local/texlive/2025/texmf-dist/tex/latex/tikzfill/tikzfill-common.sty)
(/usr/local/texlive/2025/texmf-dist/tex/latex/tikzfill/tikzlibraryfill.image.co
de.tex))
(/usr/local/texlive/2025/texmf-dist/tex/latex/tcolorbox/tcbskinsjigsaw.code.tex
Library (tcolorbox): 'tcbskinsjigsaw.code.tex' version '6.4.1'
))
(/usr/local/texlive/2025/texmf-dist/tex/latex/tcolorbox/tcbbreakable.code.tex
Library (tcolorbox): 'tcbbreakable.code.tex' version '6.4.1'
(/usr/local/texlive/2025/texmf-dist/tex/latex/pdfcol/pdfcol.sty))
(/usr/local/texlive/2025/texmf-dist/tex/latex/tcolorbox/tcbhooks.code.tex
Library (tcolorbox): 'tcbhooks.code.tex' version '6.4.1'
) (/usr/local/texlive/2025/texmf-dist/tex/latex/tcolorbox/tcbtheorems.code.tex
Library (tcolorbox): 'tcbtheorems.code.tex' version '6.4.1'
) (/usr/local/texlive/2025/texmf-dist/tex/latex/tcolorbox/tcbfitting.code.tex
Library (tcolorbox): 'tcbfitting.code.tex' version '6.4.1'
)
(/usr/local/texlive/2025/texmf-dist/tex/latex/tcolorbox/tcblistingsutf8.code.te
x
Library (tcolorbox): 'tcblistingsutf8.code.tex' version '6.4.1'
(/usr/local/texlive/2025/texmf-dist/tex/latex/tcolorbox/tcblistings.code.tex
Library (tcolorbox): 'tcblistings.code.tex' version '6.4.1'

(/usr/local/texlive/2025/texmf-dist/tex/latex/tcolorbox/tcblistingscore.code.te
x
Library (tcolorbox): 'tcblistingscore.code.tex' version '6.4.1'
(/usr/local/texlive/2025/texmf-dist/tex/latex/tcolorbox/tcbprocessing.code.tex
Library (tcolorbox): 'tcbprocessing.code.tex' version '6.4.1'
))))
(/usr/local/texlive/2025/texmf-dist/tex/latex/tcolorbox/tcbexternal.code.tex
Library (tcolorbox): 'tcbexternal.code.tex' version '6.4.1'
) (/usr/local/texlive/2025/texmf-dist/tex/latex/tcolorbox/tcbmagazine.code.tex
Library (tcolorbox): 'tcbmagazine.code.tex' version '6.4.1'
) (/usr/local/texlive/2025/texmf-dist/tex/latex/tcolorbox/tcbvignette.code.tex
Library (tcolorbox): 'tcbvignette.code.tex' version '6.4.1'

(/usr/local/texlive/2025/texmf-dist/tex/generic/pgf/frontendlayer/tikz/librarie
s/tikzlibraryfadings.code.tex
(/usr/local/texlive/2025/texmf-dist/tex/generic/pgf/libraries/pgflibraryfadings
.code.tex)))
(/usr/local/texlive/2025/texmf-dist/tex/latex/tcolorbox/tcbposter.code.tex
Library (tcolorbox): 'tcbposter.code.tex' version '6.4.1'
) (/usr/local/texlive/2025/texmf-dist/tex/latex/fancyhdr/fancyhdr.sty)
(/usr/local/texlive/2025/texmf-dist/tex/latex/hyperref/hyperref.sty
(/usr/local/texlive/2025/texmf-dist/tex/generic/pdfescape/pdfescape.sty)
(/usr/local/texlive/2025/texmf-dist/tex/latex/hycolor/hycolor.sty)
(/usr/local/texlive/2025/texmf-dist/tex/latex/hyperref/nameref.sty
(/usr/local/texlive/2025/texmf-dist/tex/latex/refcount/refcount.sty)
(/usr/local/texlive/2025/texmf-dist/tex/generic/gettitlestring/gettitlestring.s
ty)) (/usr/local/texlive/2025/texmf-dist/tex/generic/stringenc/stringenc.sty)
(/usr/local/texlive/2025/texmf-dist/tex/latex/hyperref/pd1enc.def)
(/usr/local/texlive/2025/texmf-dist/tex/generic/intcalc/intcalc.sty)
(/usr/local/texlive/2025/texmf-dist/tex/latex/hyperref/puenc.def)
(/usr/local/texlive/2025/texmf-dist/tex/latex/url/url.sty)
(/usr/local/texlive/2025/texmf-dist/tex/generic/bitset/bitset.sty
(/usr/local/texlive/2025/texmf-dist/tex/generic/bigintcalc/bigintcalc.sty))
(/usr/local/texlive/2025/texmf-dist/tex/latex/base/atbegshi-ltx.sty))
(/usr/local/texlive/2025/texmf-dist/tex/latex/hyperref/hxetex.def
(/usr/local/texlive/2025/texmf-dist/tex/latex/rerunfilecheck/rerunfilecheck.sty
(/usr/local/texlive/2025/texmf-dist/tex/latex/base/atveryend-ltx.sty)
(/usr/local/texlive/2025/texmf-dist/tex/generic/uniquecounter/uniquecounter.sty
))) (/usr/local/texlive/2025/texmf-dist/tex/latex/cite/cite.sty)
(/usr/local/texlive/2025/texmf-dist/tex/latex/fontawesome5/fontawesome5.sty
(/usr/local/texlive/2025/texmf-dist/tex/latex/l3packages/l3keys2e/l3keys2e.sty)

(/usr/local/texlive/2025/texmf-dist/tex/latex/fontawesome5/fontawesome5-utex-he
lper.sty
(/usr/local/texlive/2025/texmf-dist/tex/latex/fontawesome5/tufontawesomefree.fd
)
(/usr/local/texlive/2025/texmf-dist/tex/latex/fontawesome5/tufontawesomebrands.
fd)))
kpathsea: Running mktextfm SimSun/OT
/usr/local/texlive/2025/texmf-dist/web2c/mktexnam: Could not map source abbreviation O for OT.
/usr/local/texlive/2025/texmf-dist/web2c/mktexnam: Need to update /usr/local/texlive/2025/texmf-dist/fonts/map/fontname/special.map?
mktextfm: Running mf-nowin -progname=mf \mode:=ljfour; mag:=1; ; nonstopmode; input OT
This is METAFONT, Version 2.71828182 (TeX Live 2025) (preloaded base=mf)

kpathsea: Running mktexmf OT

! I can't find file `OT'.
<*> \mode:=ljfour; mag:=1; ; nonstopmode; input OT
                                                  
Please type another input file name
! Emergency stop.
<*> \mode:=ljfour; mag:=1; ; nonstopmode; input OT
                                                  
Transcript written on mfput.log.
grep: OT.log: No such file or directory
mktextfm: `mf-nowin -progname=mf \mode:=ljfour; mag:=1; ; nonstopmode; input OT' failed to make OT.tfm.
kpathsea: Appending font creation commands to missfont.log.

kpathsea: Running mktextfm SimSun/OT
/usr/local/texlive/2025/texmf-dist/web2c/mktexnam: Could not map source abbreviation O for OT.
/usr/local/texlive/2025/texmf-dist/web2c/mktexnam: Need to update /usr/local/texlive/2025/texmf-dist/fonts/map/fontname/special.map?
mktextfm: Running mf-nowin -progname=mf \mode:=ljfour; mag:=1; ; nonstopmode; input OT
This is METAFONT, Version 2.71828182 (TeX Live 2025) (preloaded base=mf)

kpathsea: Running mktexmf OT

! I can't find file `OT'.
<*> \mode:=ljfour; mag:=1; ; nonstopmode; input OT
                                                  
Please type another input file name
! Emergency stop.
<*> \mode:=ljfour; mag:=1; ; nonstopmode; input OT
                                                  
Transcript written on mfput.log.
grep: OT.log: No such file or directory
mktextfm: `mf-nowin -progname=mf \mode:=ljfour; mag:=1; ; nonstopmode; input OT' failed to make OT.tfm.

kpathsea: Running mktextfm KaiTi/OT
/usr/local/texlive/2025/texmf-dist/web2c/mktexnam: Could not map source abbreviation O for OT.
/usr/local/texlive/2025/texmf-dist/web2c/mktexnam: Need to update /usr/local/texlive/2025/texmf-dist/fonts/map/fontname/special.map?
mktextfm: Running mf-nowin -progname=mf \mode:=ljfour; mag:=1; ; nonstopmode; input OT
This is METAFONT, Version 2.71828182 (TeX Live 2025) (preloaded base=mf)

kpathsea: Running mktexmf OT

! I can't find file `OT'.
<*> \mode:=ljfour; mag:=1; ; nonstopmode; input OT
                                                  
Please type another input file name
! Emergency stop.
<*> \mode:=ljfour; mag:=1; ; nonstopmode; input OT
                                                  
Transcript written on mfput.log.
grep: OT.log: No such file or directory
mktextfm: `mf-nowin -progname=mf \mode:=ljfour; mag:=1; ; nonstopmode; input OT' failed to make OT.tfm.

kpathsea: Running mktextfm KaiTi/B/OT
/usr/local/texlive/2025/texmf-dist/web2c/mktexnam: Could not map source abbreviation O for OT.
/usr/local/texlive/2025/texmf-dist/web2c/mktexnam: Need to update /usr/local/texlive/2025/texmf-dist/fonts/map/fontname/special.map?
mktextfm: Running mf-nowin -progname=mf \mode:=ljfour; mag:=1; ; nonstopmode; input OT
This is METAFONT, Version 2.71828182 (TeX Live 2025) (preloaded base=mf)

kpathsea: Running mktexmf OT

! I can't find file `OT'.
<*> \mode:=ljfour; mag:=1; ; nonstopmode; input OT
                                                  
Please type another input file name
! Emergency stop.
<*> \mode:=ljfour; mag:=1; ; nonstopmode; input OT
                                                  
Transcript written on mfput.log.
grep: OT.log: No such file or directory
mktextfm: `mf-nowin -progname=mf \mode:=ljfour; mag:=1; ; nonstopmode; input OT' failed to make OT.tfm.

kpathsea: Running mktextfm SimHei/OT
/usr/local/texlive/2025/texmf-dist/web2c/mktexnam: Could not map source abbreviation O for OT.
/usr/local/texlive/2025/texmf-dist/web2c/mktexnam: Need to update /usr/local/texlive/2025/texmf-dist/fonts/map/fontname/special.map?
mktextfm: Running mf-nowin -progname=mf \mode:=ljfour; mag:=1; ; nonstopmode; input OT
This is METAFONT, Version 2.71828182 (TeX Live 2025) (preloaded base=mf)

kpathsea: Running mktexmf OT

! I can't find file `OT'.
<*> \mode:=ljfour; mag:=1; ; nonstopmode; input OT
                                                  
Please type another input file name
! Emergency stop.
<*> \mode:=ljfour; mag:=1; ; nonstopmode; input OT
                                                  
Transcript written on mfput.log.
grep: OT.log: No such file or directory
mktextfm: `mf-nowin -progname=mf \mode:=ljfour; mag:=1; ; nonstopmode; input OT' failed to make OT.tfm.

kpathsea: Running mktextfm SimHei/I/OT
/usr/local/texlive/2025/texmf-dist/web2c/mktexnam: Could not map source abbreviation O for OT.
/usr/local/texlive/2025/texmf-dist/web2c/mktexnam: Need to update /usr/local/texlive/2025/texmf-dist/fonts/map/fontname/special.map?
mktextfm: Running mf-nowin -progname=mf \mode:=ljfour; mag:=1; ; nonstopmode; input OT
This is METAFONT, Version 2.71828182 (TeX Live 2025) (preloaded base=mf)

kpathsea: Running mktexmf OT

! I can't find file `OT'.
<*> \mode:=ljfour; mag:=1; ; nonstopmode; input OT
                                                  
Please type another input file name
! Emergency stop.
<*> \mode:=ljfour; mag:=1; ; nonstopmode; input OT
                                                  
Transcript written on mfput.log.
grep: OT.log: No such file or directory
mktextfm: `mf-nowin -progname=mf \mode:=ljfour; mag:=1; ; nonstopmode; input OT' failed to make OT.tfm.

kpathsea: Running mktextfm SimSun/OT
/usr/local/texlive/2025/texmf-dist/web2c/mktexnam: Could not map source abbreviation O for OT.
/usr/local/texlive/2025/texmf-dist/web2c/mktexnam: Need to update /usr/local/texlive/2025/texmf-dist/fonts/map/fontname/special.map?
mktextfm: Running mf-nowin -progname=mf \mode:=ljfour; mag:=1; ; nonstopmode; input OT
This is METAFONT, Version 2.71828182 (TeX Live 2025) (preloaded base=mf)

kpathsea: Running mktexmf OT

! I can't find file `OT'.
<*> \mode:=ljfour; mag:=1; ; nonstopmode; input OT
                                                  
Please type another input file name
! Emergency stop.
<*> \mode:=ljfour; mag:=1; ; nonstopmode; input OT
                                                  
Transcript written on mfput.log.
grep: OT.log: No such file or directory
mktextfm: `mf-nowin -progname=mf \mode:=ljfour; mag:=1; ; nonstopmode; input OT' failed to make OT.tfm.

kpathsea: Running mktextfm SimSun/BI/OT
/usr/local/texlive/2025/texmf-dist/web2c/mktexnam: Could not map source abbreviation O for OT.
/usr/local/texlive/2025/texmf-dist/web2c/mktexnam: Need to update /usr/local/texlive/2025/texmf-dist/fonts/map/fontname/special.map?
mktextfm: Running mf-nowin -progname=mf \mode:=ljfour; mag:=1; ; nonstopmode; input OT
This is METAFONT, Version 2.71828182 (TeX Live 2025) (preloaded base=mf)

kpathsea: Running mktexmf OT

! I can't find file `OT'.
<*> \mode:=ljfour; mag:=1; ; nonstopmode; input OT
                                                  
Please type another input file name
! Emergency stop.
<*> \mode:=ljfour; mag:=1; ; nonstopmode; input OT
                                                  
Transcript written on mfput.log.
grep: OT.log: No such file or directory
mktextfm: `mf-nowin -progname=mf \mode:=ljfour; mag:=1; ; nonstopmode; input OT' failed to make OT.tfm.

kpathsea: Running mktextfm SimSun/OT
/usr/local/texlive/2025/texmf-dist/web2c/mktexnam: Could not map source abbreviation O for OT.
/usr/local/texlive/2025/texmf-dist/web2c/mktexnam: Need to update /usr/local/texlive/2025/texmf-dist/fonts/map/fontname/special.map?
mktextfm: Running mf-nowin -progname=mf \mode:=ljfour; mag:=1; ; nonstopmode; input OT
This is METAFONT, Version 2.71828182 (TeX Live 2025) (preloaded base=mf)

kpathsea: Running mktexmf OT

! I can't find file `OT'.
<*> \mode:=ljfour; mag:=1; ; nonstopmode; input OT
                                                  
Please type another input file name
! Emergency stop.
<*> \mode:=ljfour; mag:=1; ; nonstopmode; input OT
                                                  
Transcript written on mfput.log.
grep: OT.log: No such file or directory
mktextfm: `mf-nowin -progname=mf \mode:=ljfour; mag:=1; ; nonstopmode; input OT' failed to make OT.tfm.

kpathsea: Running mktextfm SimSun/OT
/usr/local/texlive/2025/texmf-dist/web2c/mktexnam: Could not map source abbreviation O for OT.
/usr/local/texlive/2025/texmf-dist/web2c/mktexnam: Need to update /usr/local/texlive/2025/texmf-dist/fonts/map/fontname/special.map?
mktextfm: Running mf-nowin -progname=mf \mode:=ljfour; mag:=1; ; nonstopmode; input OT
This is METAFONT, Version 2.71828182 (TeX Live 2025) (preloaded base=mf)

kpathsea: Running mktexmf OT

! I can't find file `OT'.
<*> \mode:=ljfour; mag:=1; ; nonstopmode; input OT
                                                  
Please type another input file name
! Emergency stop.
<*> \mode:=ljfour; mag:=1; ; nonstopmode; input OT
                                                  
Transcript written on mfput.log.
grep: OT.log: No such file or directory
mktextfm: `mf-nowin -progname=mf \mode:=ljfour; mag:=1; ; nonstopmode; input OT' failed to make OT.tfm.

kpathsea: Running mktextfm SimHei/OT
/usr/local/texlive/2025/texmf-dist/web2c/mktexnam: Could not map source abbreviation O for OT.
/usr/local/texlive/2025/texmf-dist/web2c/mktexnam: Need to update /usr/local/texlive/2025/texmf-dist/fonts/map/fontname/special.map?
mktextfm: Running mf-nowin -progname=mf \mode:=ljfour; mag:=1; ; nonstopmode; input OT
This is METAFONT, Version 2.71828182 (TeX Live 2025) (preloaded base=mf)

kpathsea: Running mktexmf OT

! I can't find file `OT'.
<*> \mode:=ljfour; mag:=1; ; nonstopmode; input OT
                                                  
Please type another input file name
! Emergency stop.
<*> \mode:=ljfour; mag:=1; ; nonstopmode; input OT
                                                  
Transcript written on mfput.log.
grep: OT.log: No such file or directory
mktextfm: `mf-nowin -progname=mf \mode:=ljfour; mag:=1; ; nonstopmode; input OT' failed to make OT.tfm.

kpathsea: Running mktextfm SimHei/OT
/usr/local/texlive/2025/texmf-dist/web2c/mktexnam: Could not map source abbreviation O for OT.
/usr/local/texlive/2025/texmf-dist/web2c/mktexnam: Need to update /usr/local/texlive/2025/texmf-dist/fonts/map/fontname/special.map?
mktextfm: Running mf-nowin -progname=mf \mode:=ljfour; mag:=1; ; nonstopmode; input OT
This is METAFONT, Version 2.71828182 (TeX Live 2025) (preloaded base=mf)

kpathsea: Running mktexmf OT

! I can't find file `OT'.
<*> \mode:=ljfour; mag:=1; ; nonstopmode; input OT
                                                  
Please type another input file name
! Emergency stop.
<*> \mode:=ljfour; mag:=1; ; nonstopmode; input OT
                                                  
Transcript written on mfput.log.
grep: OT.log: No such file or directory
mktextfm: `mf-nowin -progname=mf \mode:=ljfour; mag:=1; ; nonstopmode; input OT' failed to make OT.tfm.

kpathsea: Running mktextfm KaiTi/OT
/usr/local/texlive/2025/texmf-dist/web2c/mktexnam: Could not map source abbreviation O for OT.
/usr/local/texlive/2025/texmf-dist/web2c/mktexnam: Need to update /usr/local/texlive/2025/texmf-dist/fonts/map/fontname/special.map?
mktextfm: Running mf-nowin -progname=mf \mode:=ljfour; mag:=1; ; nonstopmode; input OT
This is METAFONT, Version 2.71828182 (TeX Live 2025) (preloaded base=mf)

kpathsea: Running mktexmf OT

! I can't find file `OT'.
<*> \mode:=ljfour; mag:=1; ; nonstopmode; input OT
                                                  
Please type another input file name
! Emergency stop.
<*> \mode:=ljfour; mag:=1; ; nonstopmode; input OT
                                                  
Transcript written on mfput.log.
grep: OT.log: No such file or directory
mktextfm: `mf-nowin -progname=mf \mode:=ljfour; mag:=1; ; nonstopmode; input OT' failed to make OT.tfm.

kpathsea: Running mktextfm KaiTi/OT
/usr/local/texlive/2025/texmf-dist/web2c/mktexnam: Could not map source abbreviation O for OT.
/usr/local/texlive/2025/texmf-dist/web2c/mktexnam: Need to update /usr/local/texlive/2025/texmf-dist/fonts/map/fontname/special.map?
mktextfm: Running mf-nowin -progname=mf \mode:=ljfour; mag:=1; ; nonstopmode; input OT
This is METAFONT, Version 2.71828182 (TeX Live 2025) (preloaded base=mf)

kpathsea: Running mktexmf OT

! I can't find file `OT'.
<*> \mode:=ljfour; mag:=1; ; nonstopmode; input OT
                                                  
Please type another input file name
! Emergency stop.
<*> \mode:=ljfour; mag:=1; ; nonstopmode; input OT
                                                  
Transcript written on mfput.log.
grep: OT.log: No such file or directory
mktextfm: `mf-nowin -progname=mf \mode:=ljfour; mag:=1; ; nonstopmode; input OT' failed to make OT.tfm.


Package xeCJK Warning: Redefining CJKfamily `\CJKrmdefault'
(xeCJK)                (FandolSong-Regular(0)).


! Package fontspec Error: 
(fontspec)                The font "SimSun" cannot be found; this may be but
(fontspec)                usually is not a fontspec bug. Either there is a
(fontspec)                typo in the font name/file, the font is not
(fontspec)                installed (correctly), or there is a bug in the
(fontspec)                underlying font loading engine (XeTeX/luaotfload).

For immediate help type H <return>.
 ...                                              
                                                  
l.116 ]
       

! Package fontspec Error: 
(fontspec)                The font "SimSun" cannot be found; this may be but
(fontspec)                usually is not a fontspec bug. Either there is a
(fontspec)                typo in the font name/file, the font is not
(fontspec)                installed (correctly), or there is a bug in the
(fontspec)                underlying font loading engine (XeTeX/luaotfload).

For immediate help type H <return>.
 ...                                              
                                                  
l.116 ]
       

! Package fontspec Error: 
(fontspec)                The font "SimSun" cannot be found; this may be but
(fontspec)                usually is not a fontspec bug. Either there is a
(fontspec)                typo in the font name/file, the font is not
(fontspec)                installed (correctly), or there is a bug in the
(fontspec)                underlying font loading engine (XeTeX/luaotfload).

For immediate help type H <return>.
 ...                                              
                                                  
l.116 ]
       

! Package fontspec Error: 
(fontspec)                The font "SimHei" cannot be found; this may be but
(fontspec)                usually is not a fontspec bug. Either there is a
(fontspec)                typo in the font name/file, the font is not
(fontspec)                installed (correctly), or there is a bug in the
(fontspec)                underlying font loading engine (XeTeX/luaotfload).

For immediate help type H <return>.
 ...                                              
                                                  
l.116 ]
       

! Package fontspec Error: 
(fontspec)                The font "SimHei" cannot be found; this may be but
(fontspec)                usually is not a fontspec bug. Either there is a
(fontspec)                typo in the font name/file, the font is not
(fontspec)                installed (correctly), or there is a bug in the
(fontspec)                underlying font loading engine (XeTeX/luaotfload).

For immediate help type H <return>.
 ...                                              
                                                  
l.116 ]
       

! Package fontspec Error: 
(fontspec)                The font "KaiTi" cannot be found; this may be but
(fontspec)                usually is not a fontspec bug. Either there is a
(fontspec)                typo in the font name/file, the font is not
(fontspec)                installed (correctly), or there is a bug in the
(fontspec)                underlying font loading engine (XeTeX/luaotfload).

For immediate help type H <return>.
 ...                                              
                                                  
l.116 ]
       

! Package fontspec Error: 
(fontspec)                The font "KaiTi" cannot be found; this may be but
(fontspec)                usually is not a fontspec bug. Either there is a
(fontspec)                typo in the font name/file, the font is not
(fontspec)                installed (correctly), or there is a bug in the
(fontspec)                underlying font loading engine (XeTeX/luaotfload).

For immediate help type H <return>.
 ...                                              
                                                  
l.116 ]
       

Package xeCJK Warning: Redefining CJKfamily `\CJKsfdefault'
(xeCJK)                (FandolHei-
kpathsea: Running mktextfm Arial
/usr/local/texlive/2025/texmf-dist/web2c/mktexnam: Could not map source abbreviation A for Arial.
/usr/local/texlive/2025/texmf-dist/web2c/mktexnam: Need to update /usr/local/texlive/2025/texmf-dist/fonts/map/fontname/special.map?
mktextfm: Running mf-nowin -progname=mf \mode:=ljfour; mag:=1; ; nonstopmode; input Arial
This is METAFONT, Version 2.71828182 (TeX Live 2025) (preloaded base=mf)

kpathsea: Running mktexmf Arial

! I can't find file `Arial'.
<*> ...=ljfour; mag:=1; ; nonstopmode; input Arial
                                                  
Please type another input file name
! Emergency stop.
<*> ...=ljfour; mag:=1; ; nonstopmode; input Arial
                                                  
Transcript written on mfput.log.
grep: Arial.log: No such file or directory
mktextfm: `mf-nowin -progname=mf \mode:=ljfour; mag:=1; ; nonstopmode; input Arial' failed to make Arial.tfm.

kpathsea: Running mktextfm Arial
/usr/local/texlive/2025/texmf-dist/web2c/mktexnam: Could not map source abbreviation A for Arial.
/usr/local/texlive/2025/texmf-dist/web2c/mktexnam: Need to update /usr/local/texlive/2025/texmf-dist/fonts/map/fontname/special.map?
mktextfm: Running mf-nowin -progname=mf \mode:=ljfour; mag:=1; ; nonstopmode; input Arial
This is METAFONT, Version 2.71828182 (TeX Live 2025) (preloaded base=mf)

kpathsea: Running mktexmf Arial

! I can't find file `Arial'.
<*> ...=ljfour; mag:=1; ; nonstopmode; input Arial
                                                  
Please type another input file name
! Emergency stop.
<*> ...=ljfour; mag:=1; ; nonstopmode; input Arial
                                                  
Transcript written on mfput.log.
grep: Arial.log: No such file or directory
mktextfm: `mf-nowin -progname=mf \mode:=ljfour; mag:=1; ; nonstopmode; input Arial' failed to make Arial.tfm.

kpathsea: Running mktextfm Arial
/usr/local/texlive/2025/texmf-dist/web2c/mktexnam: Could not map source abbreviation A for Arial.
/usr/local/texlive/2025/texmf-dist/web2c/mktexnam: Need to update /usr/local/texlive/2025/texmf-dist/fonts/map/fontname/special.map?
mktextfm: Running mf-nowin -progname=mf \mode:=ljfour; mag:=1; ; nonstopmode; input Arial
This is METAFONT, Version 2.71828182 (TeX Live 2025) (preloaded base=mf)

kpathsea: Running mktexmf Arial

! I can't find file `Arial'.
<*> ...=ljfour; mag:=1; ; nonstopmode; input Arial
                                                  
Please type another input file name
! Emergency stop.
<*> ...=ljfour; mag:=1; ; nonstopmode; input Arial
                                                  
Transcript written on mfput.log.
grep: Arial.log: No such file or directory
mktextfm: `mf-nowin -progname=mf \mode:=ljfour; mag:=1; ; nonstopmode; input Arial' failed to make Arial.tfm.

kpathsea: Running mktextfm Arial/BI
/usr/local/texlive/2025/texmf-dist/web2c/mktexnam: Could not map source abbreviation B for BI.
/usr/local/texlive/2025/texmf-dist/web2c/mktexnam: Need to update /usr/local/texlive/2025/texmf-dist/fonts/map/fontname/special.map?
mktextfm: Running mf-nowin -progname=mf \mode:=ljfour; mag:=1; ; nonstopmode; input BI
This is METAFONT, Version 2.71828182 (TeX Live 2025) (preloaded base=mf)

kpathsea: Running mktexmf BI

! I can't find file `BI'.
<*> \mode:=ljfour; mag:=1; ; nonstopmode; input BI
                                                  
Please type another input file name
! Emergency stop.
<*> \mode:=ljfour; mag:=1; ; nonstopmode; input BI
                                                  
Transcript written on mfput.log.
grep: BI.log: No such file or directory
mktextfm: `mf-nowin -progname=mf \mode:=ljfour; mag:=1; ; nonstopmode; input BI' failed to make BI.tfm.

kpathsea: Running mktextfm Arial
/usr/local/texlive/2025/texmf-dist/web2c/mktexnam: Could not map source abbreviation A for Arial.
/usr/local/texlive/2025/texmf-dist/web2c/mktexnam: Need to update /usr/local/texlive/2025/texmf-dist/fonts/map/fontname/special.map?
mktextfm: Running mf-nowin -progname=mf \mode:=ljfour; mag:=1; ; nonstopmode; input Arial
This is METAFONT, Version 2.71828182 (TeX Live 2025) (preloaded base=mf)

kpathsea: Running mktexmf Arial

! I can't find file `Arial'.
<*> ...=ljfour; mag:=1; ; nonstopmode; input Arial
                                                  
Please type another input file name
! Emergency stop.
<*> ...=ljfour; mag:=1; ; nonstopmode; input Arial
                                                  
Transcript written on mfput.log.
grep: Arial.log: No such file or directory
mktextfm: `mf-nowin -progname=mf \mode:=ljfour; mag:=1; ; nonstopmode; input Arial' failed to make Arial.tfm.

kpathsea: Running mktextfm Arial/B
/usr/local/texlive/2025/texmf-dist/web2c/mktexnam: Could not map source abbreviation B for B.
/usr/local/texlive/2025/texmf-dist/web2c/mktexnam: Need to update /usr/local/texlive/2025/texmf-dist/fonts/map/fontname/special.map?
mktextfm: Running mf-nowin -progname=mf \mode:=ljfour; mag:=1; ; nonstopmode; input B
This is METAFONT, Version 2.71828182 (TeX Live 2025) (preloaded base=mf)

kpathsea: Running mktexmf B

! I can't find file `B'.
<*> \mode:=ljfour; mag:=1; ; nonstopmode; input B
                                                 
Please type another input file name
! Emergency stop.
<*> \mode:=ljfour; mag:=1; ; nonstopmode; input B
                                                 
Transcript written on mfput.log.
grep: B.log: No such file or directory
mktextfm: `mf-nowin -progname=mf \mode:=ljfour; mag:=1; ; nonstopmode; input B' failed to make B.tfm.

kpathsea: Running mktextfm Arial
/usr/local/texlive/2025/texmf-dist/web2c/mktexnam: Could not map source abbreviation A for Arial.
/usr/local/texlive/2025/texmf-dist/web2c/mktexnam: Need to update /usr/local/texlive/2025/texmf-dist/fonts/map/fontname/special.map?
mktextfm: Running mf-nowin -progname=mf \mode:=ljfour; mag:=1; ; nonstopmode; input Arial
This is METAFONT, Version 2.71828182 (TeX Live 2025) (preloaded base=mf)

kpathsea: Running mktexmf Arial

! I can't find file `Arial'.
<*> ...=ljfour; mag:=1; ; nonstopmode; input Arial
                                                  
Please type another input file name
! Emergency stop.
<*> ...=ljfour; mag:=1; ; nonstopmode; input Arial
                                                  
Transcript written on mfput.log.
grep: Arial.log: No such file or directory
mktextfm: `mf-nowin -progname=mf \mode:=ljfour; mag:=1; ; nonstopmode; input Arial' failed to make Arial.tfm.

kpathsea: Running mktextfm Arial/I
/usr/local/texlive/2025/texmf-dist/web2c/mktexnam: Could not map source abbreviation I for I.
/usr/local/texlive/2025/texmf-dist/web2c/mktexnam: Need to update /usr/local/texlive/2025/texmf-dist/fonts/map/fontname/special.map?
mktextfm: Running mf-nowin -progname=mf \mode:=ljfour; mag:=1; ; nonstopmode; input I
This is METAFONT, Version 2.71828182 (TeX Live 2025) (preloaded base=mf)

kpathsea: Running mktexmf I

! I can't find file `I'.
<*> \mode:=ljfour; mag:=1; ; nonstopmode; input I
                                                 
Please type another input file name
! Emergency stop.
<*> \mode:=ljfour; mag:=1; ; nonstopmode; input I
                                                 
Transcript written on mfput.log.
grep: I.log: No such file or directory
mktextfm: `mf-nowin -progname=mf \mode:=ljfour; mag:=1; ; nonstopmode; input I' failed to make I.tfm.

kpathsea: Running mktextfm Arial
/usr/local/texlive/2025/texmf-dist/web2c/mktexnam: Could not map source abbreviation A for Arial.
/usr/local/texlive/2025/texmf-dist/web2c/mktexnam: Need to update /usr/local/texlive/2025/texmf-dist/fonts/map/fontname/special.map?
mktextfm: Running mf-nowin -progname=mf \mode:=ljfour; mag:=1; ; nonstopmode; input Arial
This is METAFONT, Version 2.71828182 (TeX Live 2025) (preloaded base=mf)

kpathsea: Running mktexmf Arial

! I can't find file `Arial'.
<*> ...=ljfour; mag:=1; ; nonstopmode; input Arial
                                                  
Please type another input file name
! Emergency stop.
<*> ...=ljfour; mag:=1; ; nonstopmode; input Arial
                                                  
Transcript written on mfput.log.
grep: Arial.log: No such file or directory
mktextfm: `mf-nowin -progname=mf \mode:=ljfour; mag:=1; ; nonstopmode; input Arial' failed to make Arial.tfm.

kpathsea: Running mktextfm Arial
/usr/local/texlive/2025/texmf-dist/web2c/mktexnam: Could not map source abbreviation A for Arial.
/usr/local/texlive/2025/texmf-dist/web2c/mktexnam: Need to update /usr/local/texlive/2025/texmf-dist/fonts/map/fontname/special.map?
mktextfm: Running mf-nowin -progname=mf \mode:=ljfour; mag:=1; ; nonstopmode; input Arial
This is METAFONT, Version 2.71828182 (TeX Live 2025) (preloaded base=mf)

kpathsea: Running mktexmf Arial

! I can't find file `Arial'.
<*> ...=ljfour; mag:=1; ; nonstopmode; input Arial
                                                  
Please type another input file name
! Emergency stop.
<*> ...=ljfour; mag:=1; ; nonstopmode; input Arial
                                                  
Transcript written on mfput.log.
grep: Arial.log: No such file or directory
mktextfm: `mf-nowin -progname=mf \mode:=ljfour; mag:=1; ; nonstopmode; input Arial' failed to make Arial.tfm.
Regular).


Package xeCJK Warning: Redefining CJKfamily `\CJKttdefault'
(xeCJK)                (FandolFang-Regular).


! Package fontspec Error: 
(fontspec)                The font "Times New Roman" cannot be found; this
(fontspec)                may be but usually is not a fontspec bug. Either
(fontspec)                there is a typo in the font name/file, the font is
(fontspec)                not installed (correctly), or there is a bug in
(fontspec)                the underlying font loading engine
(fontspec)                (XeTeX/luaotfload).

For immediate help type H <return>.
 ...                                              
                                                  
l.122 \setsansfont
                  {Arial}

! Package fontspec Error: 
(fontspec)                The font "Times New Roman" cannot be found; this
(fontspec)                may be but usually is not a fontspec bug. Either
(fontspec)                there is a typo in the font name/file, the font is
(fontspec)                not installed (correctly), or there is a bug in
(fontspec)                the underlying font loading engine
(fontspec)                (XeTeX/luaotfload).

For immediate help type H <return>.
 ...                                              
                                                  
l.122 \setsansfont
                  {Arial}

! Package fontspec Error: 
(fontspec)                The font "Times New Roman" cannot be found; this
(fontspec)                may be but usually is not a fontspec bug. Either
(fontspec)                there is a typo in the font name/file, the font is
(fontspec)                not installed (correctly), or there is a bug in
(fontspec)                the underlying font loading engine
(fontspec)                (XeTeX/luaotfload).

For immediate help type H <return>.
 ...                                              
                                                  
l.122 \setsansfont
                  {Arial}
! Font TU/TimesNewRoman(0)/m/n/12="Times New Roman" at 12.0pt not loadable: Met
ric (TFM) file or installed font not found.
<to be read again> 
                   relax 
l.122 \setsansfont
                  {Arial}

! Package fontspec Error: 
(fontspec)                The font "Arial" cannot be found; this may be but
(fontspec)                usually is not a fontspec bug. Either there is a
(fontspec)                typo in the font name/file, the font is not
(fontspec)                installed (correctly), or there is a bug in the
(fontspec)                underlying font loading engine (XeTeX/luaotfload).

For immediate help type H <return>.
 ...                                              
                                                  
l.123 \setmonofont
                  {Courier New}

! Package fontspec Error: 
(fontspec)                The font "Arial" cannot be found; this may be but
(fontspec)                usually is not a fontspec bug. Either there is a
(fontspec)                typo in the font name/file, the font is not
(fontspec)                installed (correctly), or there is a bug in the
(fontspec)                underlying font loading engine (XeTeX/luaotfload).

For immediate help type H <return>.
 ...                                              
                                                  
l.123 \setmonofont
                  {Courier New}

! Package fontspec Error: 
(fontspec)                The font "Arial" cannot be found; this may be but
(fontspec)                usually is not a fontspec bug. Either there is a
(fontspec)                typo in the font name/file, the font is not
(fontspec)                installed (correctly), or there is a bug in the
(fontspec)                underlying font loading engine (XeTeX/luaotfload).

For immediate help type H <return>.
 ...                                              
                                                  
l.123 \setmonofont
                  {Courier New}

! Package fontspec Error: 
(fontspec)                The font "Courier New" cannot be found; this may
(fontspec)                be but usually is not a fontspec bug. Either there
(fontspec)                is a typo in the font name/file, the font is not
(fontspec)                installed (correctly), or there is a bug in the
(fontspec)                underlying font loading engine (XeTeX/luaotfload).

For immediate help type H <return>.
 ...                                              
                                                  
l.124 
      

! Package fontspec Error: 
(fontspec)                The font "Courier New" cannot be found; this may
(fontspec)                be but usually is not a fontspec bug. Either there
(fontspec)                is a typo in the font name/file, the font is not
(fontspec)                installed (correctly), or there is a bug in the
(fontspec)                underlying font loading engine (XeTeX/luaotfload).

For immediate help type H <return>.
 ...                                              
                                                  
l.124 
      

! Package fontspec Error: 
(fontspec)                The font "Courier New" cannot be found; this may
(fontspec)                be but usually is not a fontspec bug. Either there
(fontspec)                is a typo in the font name/file, the font is not
(fontspec)                installed (correctly), or there is a bug in the
(fontspec)                underlying font loading engine (XeTeX/luaotfload).

For immediate help type H <return>.
 ...                                              
                                                  
l.124 
      
(/usr/local/texlive/2025/texmf-dist/tex/latex/caption/caption.sty
(/usr/local/texlive/2025/texmf-dist/tex/latex/caption/caption3.sty)
(/usr/local/texlive/2025/texmf-dist/tex/latex/caption/ltcaption.sty)))
(./main.aux

LaTeX Warning: Label `ux601dux8003ux9898ux4e0eux7ec3ux4e60' multiply defined.


LaTeX Warning: Label `ux57faux7840ux9898' multiply defined.


LaTeX Warning: Label `ux63d0ux9ad8ux9898' multiply defined.


LaTeX Warning: Label `ux8ba8ux8bbaux9898' multiply defined.


LaTeX Warning: Label `ux672cux8282ux5c0fux7ed3' multiply defined.


LaTeX Warning: Label `ux53c2ux8003ux6587ux732e' multiply defined.


LaTeX Warning: Label `ux601dux8003ux9898ux4e0eux7ec3ux4e60' multiply defined.


LaTeX Warning: Label `ux57faux7840ux9898' multiply defined.


LaTeX Warning: Label `ux63d0ux9ad8ux9898' multiply defined.


LaTeX Warning: Label `ux8ba8ux8bbaux9898' multiply defined.


LaTeX Warning: Label `ux672cux8282ux5c0fux7ed3' multiply defined.


LaTeX Warning: Label `ux5b66ux4e60ux76eeux6807' multiply defined.


LaTeX Warning: Label `ux5f15ux8a00' multiply defined.


LaTeX Warning: Label `ux672cux7ae0ux5c0fux8282' multiply defined.


LaTeX Warning: Label `ux601dux8003ux9898ux4e0eux7ec3ux4e60' multiply defined.


LaTeX Warning: Label `ux57faux7840ux9898' multiply defined.


LaTeX Warning: Label `ux63d0ux9ad8ux9898' multiply defined.


LaTeX Warning: Label `ux8ba8ux8bbaux9898' multiply defined.


LaTeX Warning: Label `ux672cux8282ux5c0fux7ed3' multiply defined.

)
*geometry* driver: auto-detecting
*geometry* detected driver: xetex
(./main.out) (./main.out)
kpathsea: Running mktextfm SimHei/OT
/usr/local/texlive/2025/texmf-dist/web2c/mktexnam: Could not map source abbreviation O for OT.
/usr/local/texlive/2025/texmf-dist/web2c/mktexnam: Need to update /usr/local/texlive/2025/texmf-dist/fonts/map/fontname/special.map?
mktextfm: Running mf-nowin -progname=mf \mode:=ljfour; mag:=1; ; nonstopmode; input OT
This is METAFONT, Version 2.71828182 (TeX Live 2025) (preloaded base=mf)

kpathsea: Running mktexmf OT

! I can't find file `OT'.
<*> \mode:=ljfour; mag:=1; ; nonstopmode; input OT
                                                  
Please type another input file name
! Emergency stop.
<*> \mode:=ljfour; mag:=1; ; nonstopmode; input OT
                                                  
Transcript written on mfput.log.
grep: OT.log: No such file or directory
mktextfm: `mf-nowin -progname=mf \mode:=ljfour; mag:=1; ; nonstopmode; input OT' failed to make OT.tfm.

kpathsea: Running mktextfm SimHei/OT
/usr/local/texlive/2025/texmf-dist/web2c/mktexnam: Could not map source abbreviation O for OT.
/usr/local/texlive/2025/texmf-dist/web2c/mktexnam: Need to update /usr/local/texlive/2025/texmf-dist/fonts/map/fontname/special.map?
mktextfm: Running mf-nowin -progname=mf \mode:=ljfour; mag:=1; ; nonstopmode; input OT
This is METAFONT, Version 2.71828182 (TeX Live 2025) (preloaded base=mf)

kpathsea: Running mktexmf OT

! I can't find file `OT'.
<*> \mode:=ljfour; mag:=1; ; nonstopmode; input OT
                                                  
Please type another input file name
! Emergency stop.
<*> \mode:=ljfour; mag:=1; ; nonstopmode; input OT
                                                  
Transcript written on mfput.log.
grep: OT.log: No such file or directory
mktextfm: `mf-nowin -progname=mf \mode:=ljfour; mag:=1; ; nonstopmode; input OT' failed to make OT.tfm.

kpathsea: Running mktextfm SimSun/OT
/usr/local/texlive/2025/texmf-dist/web2c/mktexnam: Could not map source abbreviation O for OT.
/usr/local/texlive/2025/texmf-dist/web2c/mktexnam: Need to update /usr/local/texlive/2025/texmf-dist/fonts/map/fontname/special.map?
mktextfm: Running mf-nowin -progname=mf \mode:=ljfour; mag:=1; ; nonstopmode; input OT
This is METAFONT, Version 2.71828182 (TeX Live 2025) (preloaded base=mf)

kpathsea: Running mktexmf OT

! I can't find file `OT'.
<*> \mode:=ljfour; mag:=1; ; nonstopmode; input OT
                                                  
Please type another input file name
! Emergency stop.
<*> \mode:=ljfour; mag:=1; ; nonstopmode; input OT
                                                  
Transcript written on mfput.log.
grep: OT.log: No such file or directory
mktextfm: `mf-nowin -progname=mf \mode:=ljfour; mag:=1; ; nonstopmode; input OT' failed to make OT.tfm.

! Font TU/TimesNewRoman(0)/m/n/17.28="Times New Roman" at 17.28pt not loadable:
 Metric (TFM) file or installed font not found.
<to be read again> 
                   relax 
l.24 \makecustomtitle
                     

LaTeX Font Warning: Font shape `TU/TimesNewRoman(0)/b/n' undefined
(Font)              using `TU/TimesNewRoman(0)/m/n' instead on input line 24.

! Font TU/SimSun(0)/b/n/17.28=SimHei/OT at 17.28pt not loadable: Metric (TFM) f
ile or installed font not found.
<to be read again> 
                   relax 
l.24 \makecustomtitle
                     
Missing character: There is no 高 ("9AD8) in font nullfont!
Missing character: There is no 等 ("7B49) in font nullfont!
Missing character: There is no 教 ("6559) in font nullfont!
Missing character: There is no 育 ("80B2) in font nullfont!
Missing character: There is no 出 ("51FA) in font nullfont!
Missing character: There is no 版 ("7248) in font nullfont!
Missing character: There is no 社 ("793E) in font nullfont!
! Font TU/TimesNewRoman(0)/m/n/24.88="Times New Roman" at 24.88pt not loadable:
 Metric (TFM) file or installed font not found.
<to be read again> 
                   relax 
l.24 \makecustomtitle
                     
! Font TU/TimesNewRoman(0)/b/n/24.88="Times New Roman" at 24.88pt not loadable:
 Metric (TFM) file or installed font not found.
<to be read again> 
                   relax 
l.24 \makecustomtitle
                     
! Font TU/SimSun(0)/b/n/24.88=SimHei/OT at 24.88pt not loadable: Metric (TFM) f
ile or installed font not found.
<to be read again> 
                   relax 
l.24 \makecustomtitle
                     
Missing character: There is no 智 ("667A) in font nullfont!
Missing character: There is no 慧 ("6167) in font nullfont!
Missing character: There is no 水 ("6C34) in font nullfont!
Missing character: There is no 利 ("5229) in font nullfont!
Missing character: There is no 平 ("5E73) in font nullfont!
Missing character: There is no 台 ("53F0) in font nullfont!
Missing character: There is no 架 ("67B6) in font nullfont!
Missing character: There is no 构 ("6784) in font nullfont!
Missing character: There is no 与 ("4E0E) in font nullfont!
Missing character: There is no 开 ("5F00) in font nullfont!
Missing character: There is no 发 ("53D1) in font nullfont!
! Font TU/SimSun(0)/m/n/17.28=SimSun/OT at 17.28pt not loadable: Metric (TFM) f
ile or installed font not found.
<to be read again> 
                   relax 
l.24 \makecustomtitle
                     
Missing character: There is no 理 ("7406) in font nullfont!
Missing character: There is no 论 ("8BBA) in font nullfont!
Missing character: There is no 与 ("4E0E) in font nullfont!
Missing character: There is no 实 ("5B9E) in font nullfont!
Missing character: There is no 践 ("8DF5) in font nullfont!
Missing character: There is no 教 ("6559) in font nullfont!
Missing character: There is no 程 ("7A0B) in font nullfont!
! Font TU/TimesNewRoman(0)/m/n/14.4="Times New Roman" at 14.4pt not loadable: M
etric (TFM) file or installed font not found.
<to be read again> 
                   relax 
l.24 \makecustomtitle
                     
! Font TU/TimesNewRoman(0)/m/n/10="Times New Roman" at 10.0pt not loadable: Met
ric (TFM) file or installed font not found.
<to be read again> 
                   relax 
l.24 \makecustomtitle
                     
! Font TU/TimesNewRoman(0)/m/n/7="Times New Roman" at 7.0pt not loadable: Metri
c (TFM) file or installed font not found.
<to be read again> 
                   relax 
l.24 \makecustomtitle
                     
(/usr/local/texlive/2025/texmf-dist/tex/latex/amsfonts/umsa.fd)
(/usr/local/texlive/2025/texmf-dist/tex/latex/amsfonts/umsb.fd)
kpathsea: Running mktextfm SimSun/OT
/usr/local/texlive/2025/texmf-dist/web2c/mktexnam: Could not map source abbreviation O for OT.
/usr/local/texlive/2025/texmf-dist/web2c/mktexnam: Need to update /usr/local/texlive/2025/texmf-dist/fonts/map/fontname/special.map?
mktextfm: Running mf-nowin -progname=mf \mode:=ljfour; mag:=1; ; nonstopmode; input OT
This is METAFONT, Version 2.71828182 (TeX Live 2025) (preloaded base=mf)

kpathsea: Running mktexmf OT

! I can't find file `OT'.
<*> \mode:=ljfour; mag:=1; ; nonstopmode; input OT
                                                  
Please type another input file name
! Emergency stop.
<*> \mode:=ljfour; mag:=1; ; nonstopmode; input OT
                                                  
Transcript written on mfput.log.
grep: OT.log: No such file or directory
mktextfm: `mf-nowin -progname=mf \mode:=ljfour; mag:=1; ; nonstopmode; input OT' failed to make OT.tfm.

! Font TU/SimSun(0)/m/n/14.4=SimSun/OT at 14.4pt not loadable: Metric (TFM) fil
e or installed font not found.
<to be read again> 
                   relax 
l.24 \makecustomtitle
                     
Missing character: There is no 主 ("4E3B) in font nullfont!
Missing character: There is no 编 ("7F16) in font nullfont!
Missing character: There is no : ("3A) in font nullfont!
! Missing } inserted.
<inserted text> 
                }
l.24 \makecustomtitle
                     
Missing character: There is no 教 ("6559) in font nullfont!
Missing character: There is no 材 ("6750) in font nullfont!
Missing character: There is no 编 ("7F16) in font nullfont!
Missing character: There is no 写 ("5199) in font nullfont!
Missing character: There is no 组 ("7EC4) in font nullfont!
Missing character: There is no 高 ("9AD8) in font nullfont!
Missing character: There is no 等 ("7B49) in font nullfont!
Missing character: There is no 教 ("6559) in font nullfont!
Missing character: There is no 育 ("80B2) in font nullfont!
Missing character: There is no 出 ("51FA) in font nullfont!
Missing character: There is no 版 ("7248) in font nullfont!
Missing character: There is no 社 ("793E) in font nullfont!
Missing character: There is no 2 ("32) in font nullfont!
Missing character: There is no 0 ("30) in font nullfont!
Missing character: There is no 2 ("32) in font nullfont!
Missing character: There is no 5 ("35) in font nullfont!
Missing character: There is no 年 ("5E74) in font nullfont!
Missing character: There is no 9 ("39) in font nullfont!
Missing character: There is no 月 ("6708) in font nullfont!
Missing character: There is no 5 ("35) in font nullfont!
Missing character: There is no 日 ("65E5) in font nullfont!

[1]
Missing character: There is no 2 ("32) in font nullfont!
[2]
Missing character: There is no 目 ("76EE) in font nullfont!
Missing character: There is no 录 ("5F55) in font nullfont!
(./main.toc) (./chapters/preface.tex
kpathsea: Running mktextfm SimHei/OT
/usr/local/texlive/2025/texmf-dist/web2c/mktexnam: Could not map source abbreviation O for OT.
/usr/local/texlive/2025/texmf-dist/web2c/mktexnam: Need to update /usr/local/texlive/2025/texmf-dist/fonts/map/fontname/special.map?
mktextfm: Running mf-nowin -progname=mf \mode:=ljfour; mag:=1; ; nonstopmode; input OT
This is METAFONT, Version 2.71828182 (TeX Live 2025) (preloaded base=mf)

kpathsea: Running mktexmf OT

! I can't find file `OT'.
<*> \mode:=ljfour; mag:=1; ; nonstopmode; input OT
                                                  
Please type another input file name
! Emergency stop.
<*> \mode:=ljfour; mag:=1; ; nonstopmode; input OT
                                                  
Transcript written on mfput.log.
grep: OT.log: No such file or directory
mktextfm: `mf-nowin -progname=mf \mode:=ljfour; mag:=1; ; nonstopmode; input OT' failed to make OT.tfm.

kpathsea: Running mktextfm SimSun/OT
/usr/local/texlive/2025/texmf-dist/web2c/mktexnam: Could not map source abbreviation O for OT.
/usr/local/texlive/2025/texmf-dist/web2c/mktexnam: Need to update /usr/local/texlive/2025/texmf-dist/fonts/map/fontname/special.map?
mktextfm: Running mf-nowin -progname=mf \mode:=ljfour; mag:=1; ; nonstopmode; input OT
This is METAFONT, Version 2.71828182 (TeX Live 2025) (preloaded base=mf)

kpathsea: Running mktexmf OT

! I can't find file `OT'.
<*> \mode:=ljfour; mag:=1; ; nonstopmode; input OT
                                                  
Please type another input file name
! Emergency stop.
<*> \mode:=ljfour; mag:=1; ; nonstopmode; input OT
                                                  
Transcript written on mfput.log.
grep: OT.log: No such file or directory
mktextfm: `mf-nowin -progname=mf \mode:=ljfour; mag:=1; ; nonstopmode; input OT' failed to make OT.tfm.

! Font TU/TimesNewRoman(0)/b/n/17.28="Times New Roman" at 17.28pt not loadable:
 Metric (TFM) file or installed font not found.
<to be read again> 
                   relax 
l.1 \section{前言}
                \label{ux524dux8a00} \subsection{编写背景}\label{ux7f16ux5199ux8...

Missing character: There is no 0 ("30) in font nullfont!
Missing character: There is no . ("2E) in font nullfont!
Missing character: There is no 1 ("31) in font nullfont!
Missing character: There is no 前 ("524D) in font nullfont!
Missing character: There is no 言 ("8A00) in font nullfont!
! Font TU/TimesNewRoman(0)/b/n/14.4="Times New Roman" at 14.4pt not loadable: M
etric (TFM) file or installed font not found.
<to be read again> 
                   relax 
l.1 ...n{前言}\label{ux524dux8a00} \subsection{编写背景}
                                                  \label{ux7f16ux5199ux80ccu...

Missing character: There is no 0 ("30) in font nullfont!
Missing character: There is no . ("2E) in font nullfont!
Missing character: There is no 1 ("31) in font nullfont!
Missing character: There is no . ("2E) in font nullfont!
Missing character: There is no 1 ("31) in font nullfont!
! Font TU/SimSun(0)/b/n/14.4=SimHei/OT at 14.4pt not loadable: Metric (TFM) fil
e or installed font not found.
<to be read again> 
                   relax 
l.1 ...n{前言}\label{ux524dux8a00} \subsection{编写背景}
                                                  \label{ux7f16ux5199ux80ccu...

Missing character: There is no 编 ("7F16) in font nullfont!
Missing character: There is no 写 ("5199) in font nullfont!
Missing character: There is no 背 ("80CC) in font nullfont!
Missing character: There is no 景 ("666F) in font nullfont!
! Font TU/SimSun(0)/m/n/12=SimSun/OT at 12.0pt not loadable: Metric (TFM) file 
or installed font not found.
<to be read again> 
                   relax 
l.1 ...ion{编写背景}\label{ux7f16ux5199ux80ccux666f} 智
                                                  慧水利是新时代水利现代化的重要标志，是构建数字中国、...

Missing character: There is no 智 ("667A) in font nullfont!
Missing character: There is no 慧 ("6167) in font nullfont!
Missing character: There is no 水 ("6C34) in font nullfont!
Missing character: There is no 利 ("5229) in font nullfont!
Missing character: There is no 是 ("662F) in font nullfont!
Missing character: There is no 新 ("65B0) in font nullfont!
Missing character: There is no 时 ("65F6) in font nullfont!
Missing character: There is no 代 ("4EE3) in font nullfont!
Missing character: There is no 水 ("6C34) in font nullfont!
Missing character: There is no 利 ("5229) in font nullfont!
Missing character: There is no 现 ("73B0) in font nullfont!
Missing character: There is no 代 ("4EE3) in font nullfont!
Missing character: There is no 化 ("5316) in font nullfont!
Missing character: There is no 的 ("7684) in font nullfont!
Missing character: There is no 重 ("91CD) in font nullfont!
Missing character: There is no 要 ("8981) in font nullfont!
Missing character: There is no 标 ("6807) in font nullfont!
Missing character: There is no 志 ("5FD7) in font nullfont!
Missing character: There is no ， ("FF0C) in font nullfont!
Missing character: There is no 是 ("662F) in font nullfont!
Missing character: There is no 构 ("6784) in font nullfont!
Missing character: There is no 建 ("5EFA) in font nullfont!
Missing character: There is no 数 ("6570) in font nullfont!
Missing character: There is no 字 ("5B57) in font nullfont!
Missing character: There is no 中 ("4E2D) in font nullfont!
Missing character: There is no 国 ("56FD) in font nullfont!
Missing character: There is no 、 ("3001) in font nullfont!
Missing character: There is no 网 ("7F51) in font nullfont!
Missing character: There is no 络 ("7EDC) in font nullfont!
Missing character: There is no 强 ("5F3A) in font nullfont!
Missing character: There is no 国 ("56FD) in font nullfont!
Missing character: There is no 的 ("7684) in font nullfont!
Missing character: There is no 重 ("91CD) in font nullfont!
Missing character: There is no 要 ("8981) in font nullfont!
Missing character: There is no 组 ("7EC4) in font nullfont!
Missing character: There is no 成 ("6210) in font nullfont!
Missing character: There is no 部 ("90E8) in font nullfont!
Missing character: There is no 分 ("5206) in font nullfont!
Missing character: There is no 。 ("3002) in font nullfont!
Missing character: There is no 当 ("5F53) in font nullfont!
Missing character: There is no 前 ("524D) in font nullfont!
Missing character: There is no ， ("FF0C) in font nullfont!
Missing character: There is no 我 ("6211) in font nullfont!
Missing character: There is no 国 ("56FD) in font nullfont!
Missing character: There is no 正 ("6B63) in font nullfont!
Missing character: There is no 处 ("5904) in font nullfont!
Missing character: There is no 于 ("4E8E) in font nullfont!
Missing character: There is no 新 ("65B0) in font nullfont!
Missing character: There is no 一 ("4E00) in font nullfont!
Missing character: There is no 轮 ("8F6E) in font nullfont!
Missing character: There is no 科 ("79D1) in font nullfont!
Missing character: There is no 技 ("6280) in font nullfont!
Missing character: There is no 革 ("9769) in font nullfont!
Missing character: There is no 命 ("547D) in font nullfont!
Missing character: There is no 和 ("548C) in font nullfont!
Missing character: There is no 产 ("4EA7) in font nullfont!
Missing character: There is no 业 ("4E1A) in font nullfont!
Missing character: There is no 变 ("53D8) in font nullfont!
Missing character: There is no 革 ("9769) in font nullfont!
Missing character: There is no 的 ("7684) in font nullfont!
Missing character: There is no 历 ("5386) in font nullfont!
Missing character: There is no 史 ("53F2) in font nullfont!
Missing character: There is no 交 ("4EA4) in font nullfont!
Missing character: There is no 汇 ("6C47) in font nullfont!
Missing character: There is no 期 ("671F) in font nullfont!
Missing character: There is no ， ("FF0C) in font nullfont!
Missing character: There is no 物 ("7269) in font nullfont!
Missing character: There is no 联 ("8054) in font nullfont!
Missing character: There is no 网 ("7F51) in font nullfont!
Missing character: There is no 、 ("3001) in font nullfont!
Missing character: There is no 大 ("5927) in font nullfont!
Missing character: There is no 数 ("6570) in font nullfont!
Missing character: There is no 据 ("636E) in font nullfont!
Missing character: There is no 、 ("3001) in font nullfont!
Missing character: There is no 云 ("4E91) in font nullfont!
Missing character: There is no 计 ("8BA1) in font nullfont!
Missing character: There is no 算 ("7B97) in font nullfont!
Missing character: There is no 、 ("3001) in font nullfont!
Missing character: There is no 人 ("4EBA) in font nullfont!
Missing character: There is no 工 ("5DE5) in font nullfont!
Missing character: There is no 智 ("667A) in font nullfont!
Missing character: There is no 能 ("80FD) in font nullfont!
Missing character: There is no 等 ("7B49) in font nullfont!
Missing character: There is no 新 ("65B0) in font nullfont!
Missing character: There is no 兴 ("5174) in font nullfont!
Missing character: There is no 技 ("6280) in font nullfont!
Missing character: There is no 术 ("672F) in font nullfont!
Missing character: There is no 蓬 ("84EC) in font nullfont!
Missing character: There is no 勃 ("52C3) in font nullfont!
Missing character: There is no 发 ("53D1) in font nullfont!
Missing character: There is no 展 ("5C55) in font nullfont!
Missing character: There is no ， ("FF0C) in font nullfont!
Missing character: There is no 为 ("4E3A) in font nullfont!
Missing character: There is no 传 ("4F20) in font nullfont!
Missing character: There is no 统 ("7EDF) in font nullfont!
Missing character: There is no 水 ("6C34) in font nullfont!
Missing character: There is no 利 ("5229) in font nullfont!
Missing character: There is no 行 ("884C) in font nullfont!
Missing character: There is no 业 ("4E1A) in font nullfont!
Missing character: There is no 的 ("7684) in font nullfont!
Missing character: There is no 数 ("6570) in font nullfont!
Missing character: There is no 字 ("5B57) in font nullfont!
Missing character: There is no 化 ("5316) in font nullfont!
Missing character: There is no 转 ("8F6C) in font nullfont!
Missing character: There is no 型 ("578B) in font nullfont!
Missing character: There is no 提 ("63D0) in font nullfont!
Missing character: There is no 供 ("4F9B) in font nullfont!
Missing character: There is no 了 ("4E86) in font nullfont!
Missing character: There is no 重 ("91CD) in font nullfont!
Missing character: There is no 要 ("8981) in font nullfont!
Missing character: There is no 机 ("673A) in font nullfont!
Missing character: There is no 遇 ("9047) in font nullfont!
Missing character: There is no 。 ("3002) in font nullfont!
! Missing number, treated as zero.
<to be read again> 
                   \c__xeCJK_xeCJK/SimSun(0)/m/n/12/quanjiao/dim/rule/right/...
l.1 ...数据、云计算、人工智能等新兴技术蓬勃发展，为传统水利行业的数字化转型提供了重要机遇。 
                                                  根据《国家水网建设规划纲要》和《水利信息化发展''十...

! Illegal unit of measure (pt inserted).
<to be read again> 
                   \c__xeCJK_xeCJK/SimSun(0)/m/n/12/quanjiao/dim/rule/right/...
l.1 ...数据、云计算、人工智能等新兴技术蓬勃发展，为传统水利行业的数字化转型提供了重要机遇。 
                                                  根据《国家水网建设规划纲要》和《水利信息化发展''十...

Missing character: There is no d ("64) in font nullfont!
Missing character: There is no e ("65) in font nullfont!
Missing character: There is no p ("70) in font nullfont!
Missing character: There is no t ("74) in font nullfont!
Missing character: There is no h ("68) in font nullfont!
! Missing number, treated as zero.
<to be read again> 
                   h
l.1 ...数据、云计算、人工智能等新兴技术蓬勃发展，为传统水利行业的数字化转型提供了重要机遇。 
                                                  根据《国家水网建设规划纲要》和《水利信息化发展''十...

! Illegal unit of measure (pt inserted).
<to be read again> 
                   h
l.1 ...数据、云计算、人工智能等新兴技术蓬勃发展，为传统水利行业的数字化转型提供了重要机遇。 
                                                  根据《国家水网建设规划纲要》和《水利信息化发展''十...

Missing character: There is no h ("68) in font nullfont!
Missing character: There is no e ("65) in font nullfont!
Missing character: There is no i ("69) in font nullfont!
Missing character: There is no g ("67) in font nullfont!
Missing character: There is no h ("68) in font nullfont!
Missing character: There is no t ("74) in font nullfont!
! Missing number, treated as zero.
<to be read again> 
                   \scan_stop: 
l.1 ...数据、云计算、人工智能等新兴技术蓬勃发展，为传统水利行业的数字化转型提供了重要机遇。 
                                                  根据《国家水网建设规划纲要》和《水利信息化发展''十...

! Illegal unit of measure (pt inserted).
<to be read again> 
                   \scan_stop: 
l.1 ...数据、云计算、人工智能等新兴技术蓬勃发展，为传统水利行业的数字化转型提供了重要机遇。 
                                                  根据《国家水网建设规划纲要》和《水利信息化发展''十...

! Missing \endcsname inserted.
<to be read again> 
                   \skip_horizontal:N 
l.1 ...数据、云计算、人工智能等新兴技术蓬勃发展，为传统水利行业的数字化转型提供了重要机遇。 
                                                  根据《国家水网建设规划纲要》和《水利信息化发展''十...

! Missing number, treated as zero.
<to be read again> 
                   \c__xeCJK_xeCJK/SimSun(0)/m/n/12/quanjiao/dim/bound/right/ 
l.1 ...数据、云计算、人工智能等新兴技术蓬勃发展，为传统水利行业的数字化转型提供了重要机遇。 
                                                  根据《国家水网建设规划纲要》和《水利信息化发展''十...

! Illegal unit of measure (pt inserted).
<to be read again> 
                   \c__xeCJK_xeCJK/SimSun(0)/m/n/12/quanjiao/dim/bound/right/ 
l.1 ...数据、云计算、人工智能等新兴技术蓬勃发展，为传统水利行业的数字化转型提供了重要机遇。 
                                                  根据《国家水网建设规划纲要》和《水利信息化发展''十...

! Missing number, treated as zero.
<to be read again> 
                   \c__xeCJK_xeCJK/SimSun(0)/m/n/12/quanjiao/skip/glue///t/tl 
l.1 ...数据、云计算、人工智能等新兴技术蓬勃发展，为传统水利行业的数字化转型提供了重要机遇。 
                                                  根据《国家水网建设规划纲要》和《水利信息化发展''十...

! Illegal unit of measure (pt inserted).
<to be read again> 
                   \c__xeCJK_xeCJK/SimSun(0)/m/n/12/quanjiao/skip/glue///t/tl 
l.1 ...数据、云计算、人工智能等新兴技术蓬勃发展，为传统水利行业的数字化转型提供了重要机遇。 
                                                  根据《国家水网建设规划纲要》和《水利信息化发展''十...

Missing character: There is no l ("6C) in font nullfont!
! Extra \endcsname.
<recently read> \cs_end: 
                         
l.1 ...数据、云计算、人工智能等新兴技术蓬勃发展，为传统水利行业的数字化转型提供了重要机遇。 
                                                  根据《国家水网建设规划纲要》和《水利信息化发展''十...

! Improper alphabetic constant.
<to be read again> 
                   \__xeCJK_punct_glue:NN 
l.1 ...数据、云计算、人工智能等新兴技术蓬勃发展，为传统水利行业的数字化转型提供了重要机遇。 
                                                  根据《国家水网建设规划纲要》和《水利信息化发展''十...

! Illegal unit of measure (pt inserted).
<to be read again> 
                   \skip_horizontal:N 
l.1 ...数据、云计算、人工智能等新兴技术蓬勃发展，为传统水利行业的数字化转型提供了重要机遇。 
                                                  根据《国家水网建设规划纲要》和《水利信息化发展''十...

! Missing number, treated as zero.
<to be read again> 
                   \c__xeCJK_xeCJK/SimSun(0)/m/n/12/quanjiao/skip/glue/s/p/tl 
l.1 ...数据、云计算、人工智能等新兴技术蓬勃发展，为传统水利行业的数字化转型提供了重要机遇。 
                                                  根据《国家水网建设规划纲要》和《水利信息化发展''十...

! Illegal unit of measure (pt inserted).
<to be read again> 
                   \c__xeCJK_xeCJK/SimSun(0)/m/n/12/quanjiao/skip/glue/s/p/tl 
l.1 ...数据、云计算、人工智能等新兴技术蓬勃发展，为传统水利行业的数字化转型提供了重要机遇。 
                                                  根据《国家水网建设规划纲要》和《水利信息化发展''十...

Missing character: There is no r ("72) in font nullfont!
Missing character: There is no i ("69) in font nullfont!
Missing character: There is no g ("67) in font nullfont!
Missing character: There is no h ("68) in font nullfont!
Missing character: There is no t ("74) in font nullfont!
Missing character: There is no 根 ("6839) in font nullfont!
Missing character: There is no 据 ("636E) in font nullfont!
Missing character: There is no 《 ("300A) in font nullfont!
Missing character: There is no 国 ("56FD) in font nullfont!
Missing character: There is no 家 ("5BB6) in font nullfont!
Missing character: There is no 水 ("6C34) in font nullfont!
Missing character: There is no 网 ("7F51) in font nullfont!
Missing character: There is no 建 ("5EFA) in font nullfont!
Missing character: There is no 设 ("8BBE) in font nullfont!
Missing character: There is no 规 ("89C4) in font nullfont!
Missing character: There is no 划 ("5212) in font nullfont!
Missing character: There is no 纲 ("7EB2) in font nullfont!
Missing character: There is no 要 ("8981) in font nullfont!
Missing character: There is no 》 ("300B) in font nullfont!
Missing character: There is no 和 ("548C) in font nullfont!
Missing character: There is no 《 ("300A) in font nullfont!
Missing character: There is no 水 ("6C34) in font nullfont!
Missing character: There is no 利 ("5229) in font nullfont!
Missing character: There is no 信 ("4FE1) in font nullfont!
Missing character: There is no 息 ("606F) in font nullfont!
Missing character: There is no 化 ("5316) in font nullfont!
Missing character: There is no 发 ("53D1) in font nullfont!
Missing character: There is no 展 ("5C55) in font nullfont!
Missing character: There is no ' ("27) in font nullfont!
Missing character: There is no ' ("27) in font nullfont!
Missing character: There is no 十 ("5341) in font nullfont!
Missing character: There is no 四 ("56DB) in font nullfont!
Missing character: There is no 五 ("4E94) in font nullfont!
Missing character: There is no ' ("27) in font nullfont!
Missing character: There is no ' ("27) in font nullfont!
Missing character: There is no 规 ("89C4) in font nullfont!
Missing character: There is no 划 ("5212) in font nullfont!
Missing character: There is no 》 ("300B) in font nullfont!
Missing character: There is no 要 ("8981) in font nullfont!
Missing character: There is no 求 ("6C42) in font nullfont!
Missing character: There is no ， ("FF0C) in font nullfont!
Missing character: There is no 到 ("5230) in font nullfont!
Missing character: There is no 2 ("32) in font nullfont!
Missing character: There is no 0 ("30) in font nullfont!
Missing character: There is no 2 ("32) in font nullfont!
Missing character: There is no 5 ("35) in font nullfont!
Missing character: There is no 年 ("5E74) in font nullfont!
Missing character: There is no ， ("FF0C) in font nullfont!
Missing character: There is no 基 ("57FA) in font nullfont!
Missing character: There is no 本 ("672C) in font nullfont!
Missing character: There is no 建 ("5EFA) in font nullfont!
Missing character: There is no 成 ("6210) in font nullfont!
Missing character: There is no 与 ("4E0E) in font nullfont!
Missing character: There is no 数 ("6570) in font nullfont!
Missing character: There is no 字 ("5B57) in font nullfont!
Missing character: There is no 中 ("4E2D) in font nullfont!
Missing character: There is no 国 ("56FD) in font nullfont!
Missing character: There is no 相 ("76F8) in font nullfont!
Missing character: There is no 适 ("9002) in font nullfont!
Missing character: There is no 应 ("5E94) in font nullfont!
Missing character: There is no 的 ("7684) in font nullfont!
Missing character: There is no 智 ("667A) in font nullfont!
Missing character: There is no 慧 ("6167) in font nullfont!
Missing character: There is no 水 ("6C34) in font nullfont!
Missing character: There is no 利 ("5229) in font nullfont!
Missing character: There is no 体 ("4F53) in font nullfont!
Missing character: There is no 系 ("7CFB) in font nullfont!
Missing character: There is no ， ("FF0C) in font nullfont!
Missing character: There is no 实 ("5B9E) in font nullfont!
Missing character: There is no 现 ("73B0) in font nullfont!
Missing character: There is no 水 ("6C34) in font nullfont!
Missing character: There is no 利 ("5229) in font nullfont!
Missing character: There is no 数 ("6570) in font nullfont!
Missing character: There is no 字 ("5B57) in font nullfont!
Missing character: There is no 化 ("5316) in font nullfont!
Missing character: There is no 、 ("3001) in font nullfont!
Missing character: There is no 网 ("7F51) in font nullfont!
Missing character: There is no 络 ("7EDC) in font nullfont!
Missing character: There is no 化 ("5316) in font nullfont!
Missing character: There is no 、 ("3001) in font nullfont!
Missing character: There is no 智 ("667A) in font nullfont!
Missing character: There is no 能 ("80FD) in font nullfont!
Missing character: There is no 化 ("5316) in font nullfont!
Missing character: There is no 发 ("53D1) in font nullfont!
Missing character: There is no 展 ("5C55) in font nullfont!
Missing character: There is no 。 ("3002) in font nullfont!
Missing character: There is no 这 ("8FD9) in font nullfont!
Missing character: There is no 对 ("5BF9) in font nullfont!
Missing character: There is no 水 ("6C34) in font nullfont!
Missing character: There is no 利 ("5229) in font nullfont!
Missing character: There is no 人 ("4EBA) in font nullfont!
Missing character: There is no 才 ("624D) in font nullfont!
Missing character: There is no 培 ("57F9) in font nullfont!
Missing character: There is no 养 ("517B) in font nullfont!
Missing character: There is no 提 ("63D0) in font nullfont!
Missing character: There is no 出 ("51FA) in font nullfont!
Missing character: There is no 了 ("4E86) in font nullfont!
Missing character: There is no 新 ("65B0) in font nullfont!
Missing character: There is no 的 ("7684) in font nullfont!
Missing character: There is no 要 ("8981) in font nullfont!
Missing character: There is no 求 ("6C42) in font nullfont!
Missing character: There is no ， ("FF0C) in font nullfont!
Missing character: There is no 急 ("6025) in font nullfont!
Missing character: There is no 需 ("9700) in font nullfont!
Missing character: There is no 培 ("57F9) in font nullfont!
Missing character: There is no 养 ("517B) in font nullfont!
Missing character: There is no 既 ("65E2) in font nullfont!
Missing character: There is no 掌 ("638C) in font nullfont!
Missing character: There is no 握 ("63E1) in font nullfont!
Missing character: There is no 水 ("6C34) in font nullfont!
Missing character: There is no 利 ("5229) in font nullfont!
Missing character: There is no 专 ("4E13) in font nullfont!
Missing character: There is no 业 ("4E1A) in font nullfont!
Missing character: There is no 知 ("77E5) in font nullfont!
Missing character: There is no 识 ("8BC6) in font nullfont!
Missing character: There is no ， ("FF0C) in font nullfont!
Missing character: There is no 又 ("53C8) in font nullfont!
Missing character: There is no 具 ("5177) in font nullfont!
Missing character: There is no 备 ("5907) in font nullfont!
Missing character: There is no 现 ("73B0) in font nullfont!
Missing character: There is no 代 ("4EE3) in font nullfont!
Missing character: There is no 软 ("8F6F) in font nullfont!
Missing character: There is no 件 ("4EF6) in font nullfont!
Missing character: There is no 开 ("5F00) in font nullfont!
Missing character: There is no 发 ("53D1) in font nullfont!
Missing character: There is no 能 ("80FD) in font nullfont!
Missing character: There is no 力 ("529B) in font nullfont!
Missing character: There is no 的 ("7684) in font nullfont!
Missing character: There is no 复 ("590D) in font nullfont!
Missing character: There is no 合 ("5408) in font nullfont!
Missing character: There is no 型 ("578B) in font nullfont!
Missing character: There is no 人 ("4EBA) in font nullfont!
Missing character: There is no 才 ("624D) in font nullfont!
Missing character: There is no 。 ("3002) in font nullfont!
! Missing number, treated as zero.
<to be read again> 
                   \c__xeCJK_xeCJK/SimSun(0)/m/n/12/quanjiao/dim/rule/right/...
l.1 ...培养提出了新的要求，急需培养既掌握水利专业知识，又具备现代软件开发能力的复合型人才。 
                                                  随着智慧水利技术的快速发展和实际工程需求的不断增长，...

! Illegal unit of measure (pt inserted).
<to be read again> 
                   \c__xeCJK_xeCJK/SimSun(0)/m/n/12/quanjiao/dim/rule/right/...
l.1 ...培养提出了新的要求，急需培养既掌握水利专业知识，又具备现代软件开发能力的复合型人才。 
                                                  随着智慧水利技术的快速发展和实际工程需求的不断增长，...

Missing character: There is no d ("64) in font nullfont!
Missing character: There is no e ("65) in font nullfont!
Missing character: There is no p ("70) in font nullfont!
Missing character: There is no t ("74) in font nullfont!
Missing character: There is no h ("68) in font nullfont!
! Missing number, treated as zero.
<to be read again> 
                   h
l.1 ...培养提出了新的要求，急需培养既掌握水利专业知识，又具备现代软件开发能力的复合型人才。 
                                                  随着智慧水利技术的快速发展和实际工程需求的不断增长，...

! Illegal unit of measure (pt inserted).
<to be read again> 
                   h
l.1 ...培养提出了新的要求，急需培养既掌握水利专业知识，又具备现代软件开发能力的复合型人才。 
                                                  随着智慧水利技术的快速发展和实际工程需求的不断增长，...

Missing character: There is no h ("68) in font nullfont!
Missing character: There is no e ("65) in font nullfont!
Missing character: There is no i ("69) in font nullfont!
Missing character: There is no g ("67) in font nullfont!
Missing character: There is no h ("68) in font nullfont!
Missing character: There is no t ("74) in font nullfont!
! Missing number, treated as zero.
<to be read again> 
                   \scan_stop: 
l.1 ...培养提出了新的要求，急需培养既掌握水利专业知识，又具备现代软件开发能力的复合型人才。 
                                                  随着智慧水利技术的快速发展和实际工程需求的不断增长，...

! Illegal unit of measure (pt inserted).
<to be read again> 
                   \scan_stop: 
l.1 ...培养提出了新的要求，急需培养既掌握水利专业知识，又具备现代软件开发能力的复合型人才。 
                                                  随着智慧水利技术的快速发展和实际工程需求的不断增长，...

! Missing \endcsname inserted.
<to be read again> 
                   \skip_horizontal:N 
l.1 ...培养提出了新的要求，急需培养既掌握水利专业知识，又具备现代软件开发能力的复合型人才。 
                                                  随着智慧水利技术的快速发展和实际工程需求的不断增长，...

! Missing number, treated as zero.
<to be read again> 
                   \c__xeCJK_xeCJK/SimSun(0)/m/n/12/quanjiao/dim/bound/right/ 
l.1 ...培养提出了新的要求，急需培养既掌握水利专业知识，又具备现代软件开发能力的复合型人才。 
                                                  随着智慧水利技术的快速发展和实际工程需求的不断增长，...

! Illegal unit of measure (pt inserted).
<to be read again> 
                   \c__xeCJK_xeCJK/SimSun(0)/m/n/12/quanjiao/dim/bound/right/ 
l.1 ...培养提出了新的要求，急需培养既掌握水利专业知识，又具备现代软件开发能力的复合型人才。 
                                                  随着智慧水利技术的快速发展和实际工程需求的不断增长，...

! Missing number, treated as zero.
<to be read again> 
                   \c__xeCJK_xeCJK/SimSun(0)/m/n/12/quanjiao/skip/glue///t/tl 
l.1 ...培养提出了新的要求，急需培养既掌握水利专业知识，又具备现代软件开发能力的复合型人才。 
                                                  随着智慧水利技术的快速发展和实际工程需求的不断增长，...

! Illegal unit of measure (pt inserted).
<to be read again> 
                   \c__xeCJK_xeCJK/SimSun(0)/m/n/12/quanjiao/skip/glue///t/tl 
l.1 ...培养提出了新的要求，急需培养既掌握水利专业知识，又具备现代软件开发能力的复合型人才。 
                                                  随着智慧水利技术的快速发展和实际工程需求的不断增长，...

Missing character: There is no l ("6C) in font nullfont!
! Extra \endcsname.
<recently read> \cs_end: 
                         
l.1 ...培养提出了新的要求，急需培养既掌握水利专业知识，又具备现代软件开发能力的复合型人才。 
                                                  随着智慧水利技术的快速发展和实际工程需求的不断增长，...

! Improper alphabetic constant.
<to be read again> 
                   \__xeCJK_punct_glue:NN 
l.1 ...培养提出了新的要求，急需培养既掌握水利专业知识，又具备现代软件开发能力的复合型人才。 
                                                  随着智慧水利技术的快速发展和实际工程需求的不断增长，...

! Illegal unit of measure (pt inserted).
<to be read again> 
                   \skip_horizontal:N 
l.1 ...培养提出了新的要求，急需培养既掌握水利专业知识，又具备现代软件开发能力的复合型人才。 
                                                  随着智慧水利技术的快速发展和实际工程需求的不断增长，...

! Missing number, treated as zero.
<to be read again> 
                   \c__xeCJK_xeCJK/SimSun(0)/m/n/12/quanjiao/skip/glue/s/p/tl 
l.1 ...培养提出了新的要求，急需培养既掌握水利专业知识，又具备现代软件开发能力的复合型人才。 
                                                  随着智慧水利技术的快速发展和实际工程需求的不断增长，...

! Illegal unit of measure (pt inserted).
<to be read again> 
                   \c__xeCJK_xeCJK/SimSun(0)/m/n/12/quanjiao/skip/glue/s/p/tl 
l.1 ...培养提出了新的要求，急需培养既掌握水利专业知识，又具备现代软件开发能力的复合型人才。 
                                                  随着智慧水利技术的快速发展和实际工程需求的不断增长，...

Missing character: There is no r ("72) in font nullfont!
Missing character: There is no i ("69) in font nullfont!
Missing character: There is no g ("67) in font nullfont!
Missing character: There is no h ("68) in font nullfont!
Missing character: There is no t ("74) in font nullfont!
Missing character: There is no 随 ("968F) in font nullfont!
Missing character: There is no 着 ("7740) in font nullfont!
Missing character: There is no 智 ("667A) in font nullfont!
Missing character: There is no 慧 ("6167) in font nullfont!
Missing character: There is no 水 ("6C34) in font nullfont!
Missing character: There is no 利 ("5229) in font nullfont!
Missing character: There is no 技 ("6280) in font nullfont!
Missing character: There is no 术 ("672F) in font nullfont!
Missing character: There is no 的 ("7684) in font nullfont!
Missing character: There is no 快 ("5FEB) in font nullfont!
Missing character: There is no 速 ("901F) in font nullfont!
Missing character: There is no 发 ("53D1) in font nullfont!
Missing character: There is no 展 ("5C55) in font nullfont!
Missing character: There is no 和 ("548C) in font nullfont!
Missing character: There is no 实 ("5B9E) in font nullfont!
Missing character: There is no 际 ("9645) in font nullfont!
Missing character: There is no 工 ("5DE5) in font nullfont!
Missing character: There is no 程 ("7A0B) in font nullfont!
Missing character: There is no 需 ("9700) in font nullfont!
Missing character: There is no 求 ("6C42) in font nullfont!
Missing character: There is no 的 ("7684) in font nullfont!
Missing character: There is no 不 ("4E0D) in font nullfont!
Missing character: There is no 断 ("65AD) in font nullfont!
Missing character: There is no 增 ("589E) in font nullfont!
Missing character: There is no 长 ("957F) in font nullfont!
Missing character: There is no ， ("FF0C) in font nullfont!
Missing character: There is no 传 ("4F20) in font nullfont!
Missing character: There is no 统 ("7EDF) in font nullfont!
Missing character: There is no 的 ("7684) in font nullfont!
Missing character: There is no 教 ("6559) in font nullfont!
Missing character: There is no 学 ("5B66) in font nullfont!
Missing character: There is no 模 ("6A21) in font nullfont!
Missing character: There is no 式 ("5F0F) in font nullfont!
Missing character: There is no 已 ("5DF2) in font nullfont!
Missing character: There is no 难 ("96BE) in font nullfont!
Missing character: There is no 以 ("4EE5) in font nullfont!
Missing character: There is no 满 ("6EE1) in font nullfont!
Missing character: There is no 足 ("8DB3) in font nullfont!
Missing character: There is no 现 ("73B0) in font nullfont!
Missing character: There is no 代 ("4EE3) in font nullfont!
Missing character: There is no 化 ("5316) in font nullfont!
Missing character: There is no 人 ("4EBA) in font nullfont!
Missing character: There is no 才 ("624D) in font nullfont!
Missing character: There is no 培 ("57F9) in font nullfont!
Missing character: There is no 养 ("517B) in font nullfont!
Missing character: There is no 的 ("7684) in font nullfont!
Missing character: There is no 需 ("9700) in font nullfont!
Missing character: There is no 要 ("8981) in font nullfont!
Missing character: There is no 。 ("3002) in font nullfont!
Missing character: There is no 本 ("672C) in font nullfont!
Missing character: There is no 教 ("6559) in font nullfont!
Missing character: There is no 材 ("6750) in font nullfont!
Missing character: There is no 采 ("91C7) in font nullfont!
Missing character: There is no 用 ("7528) in font nullfont!
Missing character: There is no 现 ("73B0) in font nullfont!
Missing character: There is no 代 ("4EE3) in font nullfont!
Missing character: There is no 化 ("5316) in font nullfont!
Missing character: There is no 的 ("7684) in font nullfont!
Missing character: There is no 数 ("6570) in font nullfont!
Missing character: There is no 字 ("5B57) in font nullfont!
Missing character: There is no 出 ("51FA) in font nullfont!
Missing character: There is no 版 ("7248) in font nullfont!
Missing character: There is no 技 ("6280) in font nullfont!
Missing character: There is no 术 ("672F) in font nullfont!
Missing character: There is no ， ("FF0C) in font nullfont!
Missing character: There is no 基 ("57FA) in font nullfont!
Missing character: There is no 于 ("4E8E) in font nullfont!
Missing character: There is no M ("4D) in font nullfont!
Missing character: There is no k ("6B) in font nullfont!
Missing character: There is no D ("44) in font nullfont!
Missing character: There is no o ("6F) in font nullfont!
Missing character: There is no c ("63) in font nullfont!
Missing character: There is no s ("73) in font nullfont!
Missing character: There is no + ("2B) in font nullfont!
Missing character: There is no M ("4D) in font nullfont!
Missing character: There is no a ("61) in font nullfont!
Missing character: There is no t ("74) in font nullfont!
Missing character: There is no e ("65) in font nullfont!
Missing character: There is no r ("72) in font nullfont!
Missing character: There is no i ("69) in font nullfont!
Missing character: There is no a ("61) in font nullfont!
Missing character: There is no l ("6C) in font nullfont!
Missing character: There is no 主 ("4E3B) in font nullfont!
Missing character: There is no 题 ("9898) in font nullfont!
Missing character: There is no 构 ("6784) in font nullfont!
Missing character: There is no 建 ("5EFA) in font nullfont!
Missing character: There is no ， ("FF0C) in font nullfont!
Missing character: There is no 支 ("652F) in font nullfont!
Missing character: There is no 持 ("6301) in font nullfont!
Missing character: There is no 在 ("5728) in font nullfont!
Missing character: There is no 线 ("7EBF) in font nullfont!
Missing character: There is no 交 ("4EA4) in font nullfont!
Missing character: There is no 互 ("4E92) in font nullfont!
Missing character: There is no 学 ("5B66) in font nullfont!
Missing character: There is no 习 ("4E60) in font nullfont!
Missing character: There is no 和 ("548C) in font nullfont!
Missing character: There is no 离 ("79BB) in font nullfont!
Missing character: There is no 线 ("7EBF) in font nullfont!
Missing character: There is no P ("50) in font nullfont!
Missing character: There is no D ("44) in font nullfont!
Missing character: There is no F ("46) in font nullfont!
Missing character: There is no 阅 ("9605) in font nullfont!
Missing character: There is no 读 ("8BFB) in font nullfont!
Missing character: There is no ， ("FF0C) in font nullfont!
Missing character: There is no 为 ("4E3A) in font nullfont!
Missing character: There is no 学 ("5B66) in font nullfont!
Missing character: There is no 生 ("751F) in font nullfont!
Missing character: There is no 提 ("63D0) in font nullfont!
Missing character: There is no 供 ("4F9B) in font nullfont!
Missing character: There is no 更 ("66F4) in font nullfont!
Missing character: There is no 加 ("52A0) in font nullfont!
Missing character: There is no 灵 ("7075) in font nullfont!
Missing character: There is no 活 ("6D3B) in font nullfont!
Missing character: There is no 便 ("4FBF) in font nullfont!
Missing character: There is no 捷 ("6377) in font nullfont!
Missing character: There is no 的 ("7684) in font nullfont!
Missing character: There is no 学 ("5B66) in font nullfont!
Missing character: There is no 习 ("4E60) in font nullfont!
Missing character: There is no 方 ("65B9) in font nullfont!
Missing character: There is no 式 ("5F0F) in font nullfont!
Missing character: There is no 。 ("3002) in font nullfont!
! Missing number, treated as zero.
<to be read again> 
                   \c__xeCJK_xeCJK/SimSun(0)/m/n/12/quanjiao/dim/rule/right/...
l.1 ...ial主题构建，支持在线交互学习和离线PDF阅读，为学生提供更加灵活便捷的学习方式。 
                                                  \subsection{编写目标}\label{ux...

! Illegal unit of measure (pt inserted).
<to be read again> 
                   \c__xeCJK_xeCJK/SimSun(0)/m/n/12/quanjiao/dim/rule/right/...
l.1 ...ial主题构建，支持在线交互学习和离线PDF阅读，为学生提供更加灵活便捷的学习方式。 
                                                  \subsection{编写目标}\label{ux...

Missing character: There is no d ("64) in font nullfont!
Missing character: There is no e ("65) in font nullfont!
Missing character: There is no p ("70) in font nullfont!
Missing character: There is no t ("74) in font nullfont!
Missing character: There is no h ("68) in font nullfont!
! Missing number, treated as zero.
<to be read again> 
                   h
l.1 ...ial主题构建，支持在线交互学习和离线PDF阅读，为学生提供更加灵活便捷的学习方式。 
                                                  \subsection{编写目标}\label{ux...

! Illegal unit of measure (pt inserted).
<to be read again> 
                   h
l.1 ...ial主题构建，支持在线交互学习和离线PDF阅读，为学生提供更加灵活便捷的学习方式。 
                                                  \subsection{编写目标}\label{ux...

Missing character: There is no h ("68) in font nullfont!
Missing character: There is no e ("65) in font nullfont!
Missing character: There is no i ("69) in font nullfont!
Missing character: There is no g ("67) in font nullfont!
Missing character: There is no h ("68) in font nullfont!
Missing character: There is no t ("74) in font nullfont!
! Missing number, treated as zero.
<to be read again> 
                   \scan_stop: 
l.1 ...ial主题构建，支持在线交互学习和离线PDF阅读，为学生提供更加灵活便捷的学习方式。 
                                                  \subsection{编写目标}\label{ux...

! Illegal unit of measure (pt inserted).
<to be read again> 
                   \scan_stop: 
l.1 ...ial主题构建，支持在线交互学习和离线PDF阅读，为学生提供更加灵活便捷的学习方式。 
                                                  \subsection{编写目标}\label{ux...

! Missing \endcsname inserted.
<to be read again> 
                   \skip_horizontal:N 
l.1 ...ial主题构建，支持在线交互学习和离线PDF阅读，为学生提供更加灵活便捷的学习方式。 
                                                  \subsection{编写目标}\label{ux...

! Missing number, treated as zero.
<to be read again> 
                   \c__xeCJK_xeCJK/SimSun(0)/m/n/12/quanjiao/dim/bound/right/ 
l.1 ...ial主题构建，支持在线交互学习和离线PDF阅读，为学生提供更加灵活便捷的学习方式。 
                                                  \subsection{编写目标}\label{ux...

! Illegal unit of measure (pt inserted).
<to be read again> 
                   \c__xeCJK_xeCJK/SimSun(0)/m/n/12/quanjiao/dim/bound/right/ 
l.1 ...ial主题构建，支持在线交互学习和离线PDF阅读，为学生提供更加灵活便捷的学习方式。 
                                                  \subsection{编写目标}\label{ux...

! Missing number, treated as zero.
<to be read again> 
                   \c__xeCJK_xeCJK/SimSun(0)/m/n/12/quanjiao/skip/glue///t/tl 
l.1 ...ial主题构建，支持在线交互学习和离线PDF阅读，为学生提供更加灵活便捷的学习方式。 
                                                  \subsection{编写目标}\label{ux...

! Illegal unit of measure (pt inserted).
<to be read again> 
                   \c__xeCJK_xeCJK/SimSun(0)/m/n/12/quanjiao/skip/glue///t/tl 
l.1 ...ial主题构建，支持在线交互学习和离线PDF阅读，为学生提供更加灵活便捷的学习方式。 
                                                  \subsection{编写目标}\label{ux...

Missing character: There is no l ("6C) in font nullfont!
! Extra \endcsname.
<recently read> \cs_end: 
                         
l.1 ...ial主题构建，支持在线交互学习和离线PDF阅读，为学生提供更加灵活便捷的学习方式。 
                                                  \subsection{编写目标}\label{ux...

! Improper alphabetic constant.
<to be read again> 
                   \__xeCJK_punct_glue:NN 
l.1 ...ial主题构建，支持在线交互学习和离线PDF阅读，为学生提供更加灵活便捷的学习方式。 
                                                  \subsection{编写目标}\label{ux...

! Illegal unit of measure (pt inserted).
<to be read again> 
                   \skip_horizontal:N 
l.1 ...ial主题构建，支持在线交互学习和离线PDF阅读，为学生提供更加灵活便捷的学习方式。 
                                                  \subsection{编写目标}\label{ux...

! Missing number, treated as zero.
<to be read again> 
                   \c__xeCJK_xeCJK/SimSun(0)/m/n/12/quanjiao/skip/glue/s/p/tl 
l.1 ...ial主题构建，支持在线交互学习和离线PDF阅读，为学生提供更加灵活便捷的学习方式。 
                                                  \subsection{编写目标}\label{ux...

! Illegal unit of measure (pt inserted).
<to be read again> 
                   \c__xeCJK_xeCJK/SimSun(0)/m/n/12/quanjiao/skip/glue/s/p/tl 
l.1 ...ial主题构建，支持在线交互学习和离线PDF阅读，为学生提供更加灵活便捷的学习方式。 
                                                  \subsection{编写目标}\label{ux...

Missing character: There is no r ("72) in font nullfont!
Missing character: There is no i ("69) in font nullfont!
Missing character: There is no g ("67) in font nullfont!
Missing character: There is no h ("68) in font nullfont!
Missing character: There is no t ("74) in font nullfont!
Missing character: There is no 0 ("30) in font nullfont!
Missing character: There is no . ("2E) in font nullfont!
Missing character: There is no 1 ("31) in font nullfont!
Missing character: There is no . ("2E) in font nullfont!
Missing character: There is no 2 ("32) in font nullfont!
Missing character: There is no 编 ("7F16) in font nullfont!
Missing character: There is no 写 ("5199) in font nullfont!
Missing character: There is no 目 ("76EE) in font nullfont!
Missing character: There is no 标 ("6807) in font nullfont!
Missing character: There is no 本 ("672C) in font nullfont!
Missing character: There is no 教 ("6559) in font nullfont!
Missing character: There is no 材 ("6750) in font nullfont!
Missing character: There is no 旨 ("65E8) in font nullfont!
Missing character: There is no 在 ("5728) in font nullfont!
Missing character: There is no 为 ("4E3A) in font nullfont!
Missing character: There is no 高 ("9AD8) in font nullfont!
Missing character: There is no 等 ("7B49) in font nullfont!
Missing character: There is no 院 ("9662) in font nullfont!
Missing character: There is no 校 ("6821) in font nullfont!
Missing character: There is no 水 ("6C34) in font nullfont!
Missing character: There is no 利 ("5229) in font nullfont!
Missing character: There is no 工 ("5DE5) in font nullfont!
Missing character: There is no 程 ("7A0B) in font nullfont!
Missing character: There is no 专 ("4E13) in font nullfont!
Missing character: There is no 业 ("4E1A) in font nullfont!
Missing character: There is no 大 ("5927) in font nullfont!
Missing character: There is no 三 ("4E09) in font nullfont!
Missing character: There is no 年 ("5E74) in font nullfont!
Missing character: There is no 级 ("7EA7) in font nullfont!
Missing character: There is no 学 ("5B66) in font nullfont!
Missing character: There is no 生 ("751F) in font nullfont!
Missing character: There is no 提 ("63D0) in font nullfont!
Missing character: There is no 供 ("4F9B) in font nullfont!
Missing character: There is no 系 ("7CFB) in font nullfont!
Missing character: There is no 统 ("7EDF) in font nullfont!
Missing character: There is no 、 ("3001) in font nullfont!
Missing character: There is no 实 ("5B9E) in font nullfont!
Missing character: There is no 用 ("7528) in font nullfont!
Missing character: There is no 的 ("7684) in font nullfont!
Missing character: There is no 智 ("667A) in font nullfont!
Missing character: There is no 慧 ("6167) in font nullfont!
Missing character: There is no 水 ("6C34) in font nullfont!
Missing character: There is no 利 ("5229) in font nullfont!
Missing character: There is no 平 ("5E73) in font nullfont!
Missing character: There is no 台 ("53F0) in font nullfont!
Missing character: There is no 架 ("67B6) in font nullfont!
Missing character: There is no 构 ("6784) in font nullfont!
Missing character: There is no 与 ("4E0E) in font nullfont!
Missing character: There is no 开 ("5F00) in font nullfont!
Missing character: There is no 发 ("53D1) in font nullfont!
Missing character: There is no 知 ("77E5) in font nullfont!
Missing character: There is no 识 ("8BC6) in font nullfont!
Missing character: There is no 体 ("4F53) in font nullfont!
Missing character: There is no 系 ("7CFB) in font nullfont!
Missing character: There is no 。 ("3002) in font nullfont!
Missing character: There is no 基 ("57FA) in font nullfont!
Missing character: There is no 于 ("4E8E) in font nullfont!
Missing character: There is no 现 ("73B0) in font nullfont!
Missing character: There is no 代 ("4EE3) in font nullfont!
Missing character: There is no 软 ("8F6F) in font nullfont!
Missing character: There is no 件 ("4EF6) in font nullfont!
Missing character: There is no 工 ("5DE5) in font nullfont!
Missing character: There is no 程 ("7A0B) in font nullfont!
Missing character: There is no 方 ("65B9) in font nullfont!
Missing character: There is no 法 ("6CD5) in font nullfont!
Missing character: There is no 论 ("8BBA) in font nullfont!
Missing character: There is no ， ("FF0C) in font nullfont!
Missing character: There is no 结 ("7ED3) in font nullfont!
Missing character: There is no 合 ("5408) in font nullfont!
Missing character: There is no 智 ("667A) in font nullfont!
Missing character: There is no 慧 ("6167) in font nullfont!
Missing character: There is no 水 ("6C34) in font nullfont!
Missing character: There is no 利 ("5229) in font nullfont!
Missing character: There is no 行 ("884C) in font nullfont!
Missing character: There is no 业 ("4E1A) in font nullfont!
Missing character: There is no 实 ("5B9E) in font nullfont!
Missing character: There is no 际 ("9645) in font nullfont!
Missing character: There is no 需 ("9700) in font nullfont!
Missing character: There is no 求 ("6C42) in font nullfont!
Missing character: There is no ， ("FF0C) in font nullfont!
Missing character: There is no 通 ("901A) in font nullfont!
Missing character: There is no 过 ("8FC7) in font nullfont!
Missing character: There is no 理 ("7406) in font nullfont!
Missing character: There is no 论 ("8BBA) in font nullfont!
Missing character: There is no 学 ("5B66) in font nullfont!
Missing character: There is no 习 ("4E60) in font nullfont!
Missing character: There is no 与 ("4E0E) in font nullfont!
Missing character: There is no 实 ("5B9E) in font nullfont!
Missing character: There is no 践 ("8DF5) in font nullfont!
Missing character: There is no 应 ("5E94) in font nullfont!
Missing character: There is no 用 ("7528) in font nullfont!
Missing character: There is no 相 ("76F8) in font nullfont!
Missing character: There is no 结 ("7ED3) in font nullfont!
Missing character: There is no 合 ("5408) in font nullfont!
Missing character: There is no 的 ("7684) in font nullfont!
Missing character: There is no 方 ("65B9) in font nullfont!
Missing character: There is no 式 ("5F0F) in font nullfont!
Missing character: There is no ， ("FF0C) in font nullfont!
Missing character: There is no 帮 ("5E2E) in font nullfont!
Missing character: There is no 助 ("52A9) in font nullfont!
Missing character: There is no 学 ("5B66) in font nullfont!
Missing character: There is no 生 ("751F) in font nullfont!
Missing character: There is no ： ("FF1A) in font nullfont!
! Missing number, treated as zero.
<to be read again> 
                   \c__xeCJK_xeCJK/SimSun(0)/m/n/12/quanjiao/dim/rule/right/...
l.1 ...工程方法论，结合智慧水利行业实际需求，通过理论学习与实践应用相结合的方式，帮助学生： 
                                                  \begin{enumerate} \def\lab...

! Illegal unit of measure (pt inserted).
<to be read again> 
                   \c__xeCJK_xeCJK/SimSun(0)/m/n/12/quanjiao/dim/rule/right/...
l.1 ...工程方法论，结合智慧水利行业实际需求，通过理论学习与实践应用相结合的方式，帮助学生： 
                                                  \begin{enumerate} \def\lab...

Missing character: There is no d ("64) in font nullfont!
Missing character: There is no e ("65) in font nullfont!
Missing character: There is no p ("70) in font nullfont!
Missing character: There is no t ("74) in font nullfont!
Missing character: There is no h ("68) in font nullfont!
! Missing number, treated as zero.
<to be read again> 
                   h
l.1 ...工程方法论，结合智慧水利行业实际需求，通过理论学习与实践应用相结合的方式，帮助学生： 
                                                  \begin{enumerate} \def\lab...

! Illegal unit of measure (pt inserted).
<to be read again> 
                   h
l.1 ...工程方法论，结合智慧水利行业实际需求，通过理论学习与实践应用相结合的方式，帮助学生： 
                                                  \begin{enumerate} \def\lab...

Missing character: There is no h ("68) in font nullfont!
Missing character: There is no e ("65) in font nullfont!
Missing character: There is no i ("69) in font nullfont!
Missing character: There is no g ("67) in font nullfont!
Missing character: There is no h ("68) in font nullfont!
Missing character: There is no t ("74) in font nullfont!
! Missing number, treated as zero.
<to be read again> 
                   \scan_stop: 
l.1 ...工程方法论，结合智慧水利行业实际需求，通过理论学习与实践应用相结合的方式，帮助学生： 
                                                  \begin{enumerate} \def\lab...

! Illegal unit of measure (pt inserted).
<to be read again> 
                   \scan_stop: 
l.1 ...工程方法论，结合智慧水利行业实际需求，通过理论学习与实践应用相结合的方式，帮助学生： 
                                                  \begin{enumerate} \def\lab...

! Missing \endcsname inserted.
<to be read again> 
                   \skip_horizontal:N 
l.1 ...工程方法论，结合智慧水利行业实际�
kpathsea: Running mktextfm SimHei/OT
/usr/local/texlive/2025/texmf-dist/web2c/mktexnam: Could not map source abbreviation O for OT.
/usr/local/texlive/2025/texmf-dist/web2c/mktexnam: Need to update /usr/local/texlive/2025/texmf-dist/fonts/map/fontname/special.map?
mktextfm: Running mf-nowin -progname=mf \mode:=ljfour; mag:=1; ; nonstopmode; input OT
This is METAFONT, Version 2.71828182 (TeX Live 2025) (preloaded base=mf)

kpathsea: Running mktexmf OT

! I can't find file `OT'.
<*> \mode:=ljfour; mag:=1; ; nonstopmode; input OT
                                                  
Please type another input file name
! Emergency stop.
<*> \mode:=ljfour; mag:=1; ; nonstopmode; input OT
                                                  
Transcript written on mfput.log.
grep: OT.log: No such file or directory
mktextfm: `mf-nowin -progname=mf \mode:=ljfour; mag:=1; ; nonstopmode; input OT' failed to make OT.tfm.
��求，通过理论学习与实践应用相结合的方式，帮助学生： 
                                                  \begin{enumerate} \def\lab...

! Missing number, treated as zero.
<to be read again> 
                   \c__xeCJK_xeCJK/SimSun(0)/m/n/12/quanjiao/dim/bound/right/ 
l.1 ...工程方法论，结合智慧水利行业实际需求，通过理论学习与实践应用相结合的方式，帮助学生： 
                                                  \begin{enumerate} \def\lab...

! Illegal unit of measure (pt inserted).
<to be read again> 
                   \c__xeCJK_xeCJK/SimSun(0)/m/n/12/quanjiao/dim/bound/right/ 
l.1 ...工程方法论，结合智慧水利行业实际需求，通过理论学习与实践应用相结合的方式，帮助学生： 
                                                  \begin{enumerate} \def\lab...

! Missing number, treated as zero.
<to be read again> 
                   \c__xeCJK_xeCJK/SimSun(0)/m/n/12/quanjiao/skip/glue///t/tl 
l.1 ...工程方法论，结合智慧水利行业实际需求，通过理论学习与实践应用相结合的方式，帮助学生： 
                                                  \begin{enumerate} \def\lab...

! Illegal unit of measure (pt inserted).
<to be read again> 
                   \c__xeCJK_xeCJK/SimSun(0)/m/n/12/quanjiao/skip/glue///t/tl 
l.1 ...工程方法论，结合智慧水利行业实际需求，通过理论学习与实践应用相结合的方式，帮助学生： 
                                                  \begin{enumerate} \def\lab...

Missing character: There is no l ("6C) in font nullfont!
! Extra \endcsname.
<recently read> \cs_end: 
                         
l.1 ...工程方法论，结合智慧水利行业实际需求，通过理论学习与实践应用相结合的方式，帮助学生： 
                                                  \begin{enumerate} \def\lab...

! Improper alphabetic constant.
<to be read again> 
                   \__xeCJK_punct_glue:NN 
l.1 ...工程方法论，结合智慧水利行业实际需求，通过理论学习与实践应用相结合的方式，帮助学生： 
                                                  \begin{enumerate} \def\lab...

! Illegal unit of measure (pt inserted).
<to be read again> 
                   \skip_horizontal:N 
l.1 ...工程方法论，结合智慧水利行业实际需求，通过理论学习与实践应用相结合的方式，帮助学生： 
                                                  \begin{enumerate} \def\lab...

! Missing number, treated as zero.
<to be read again> 
                   \c__xeCJK_xeCJK/SimSun(0)/m/n/12/quanjiao/skip/glue/s/p/tl 
l.1 ...工程方法论，结合智慧水利行业实际需求，通过理论学习与实践应用相结合的方式，帮助学生： 
                                                  \begin{enumerate} \def\lab...

! Illegal unit of measure (pt inserted).
<to be read again> 
                   \c__xeCJK_xeCJK/SimSun(0)/m/n/12/quanjiao/skip/glue/s/p/tl 
l.1 ...工程方法论，结合智慧水利行业实际需求，通过理论学习与实践应用相结合的方式，帮助学生： 
                                                  \begin{enumerate} \def\lab...

Missing character: There is no r ("72) in font nullfont!
Missing character: There is no i ("69) in font nullfont!
Missing character: There is no g ("67) in font nullfont!
Missing character: There is no h ("68) in font nullfont!
Missing character: There is no t ("74) in font nullfont!
Missing character: There is no 1 ("31) in font nullfont!
Missing character: There is no . ("2E) in font nullfont!
! Font TU/TimesNewRoman(0)/b/n/12="Times New Roman" at 12.0pt not loadable: Met
ric (TFM) file or installed font not found.
<to be read again> 
                   relax 
l.1 ...mi{\arabic{enumi}.} \item \textbf{掌握软件工程基础}
                                                  ：理解现代软件开发的基本理念、方法和工程实践 \it...

! Font TU/SimSun(0)/b/n/12=SimHei/OT at 12.0pt not loadable: Metric (TFM) file 
or installed font not found.
<to be read again> 
                   relax 
l.1 ...mi{\arabic{enumi}.} \item \textbf{掌握软件工程基础}
                                                  ：理解现代软件开发的基本理念、方法和工程实践 \it...

Missing character: There is no 掌 ("638C) in font nullfont!
Missing character: There is no 握 ("63E1) in font nullfont!
Missing character: There is no 软 ("8F6F) in font nullfont!
Missing character: There is no 件 ("4EF6) in font nullfont!
Missing character: There is no 工 ("5DE5) in font nullfont!
Missing character: There is no 程 ("7A0B) in font nullfont!
Missing character: There is no 基 ("57FA) in font nullfont!
Missing character: There is no 础 ("7840) in font nullfont!
! Cannot use \XeTeXglyphbounds with nullfont; not a native platform font.
<recently read> \tex_XeTeXglyphbounds:D 
                                        
l.1 ...i{\arabic{enumi}.} \item \textbf{掌握软件工程基础}：
                                                  理解现代软件开发的基本理念、方法和工程实践 \ite...

! Cannot use \XeTeXglyphbounds with nullfont; not a native platform font.
<recently read> \tex_XeTeXglyphbounds:D 
                                        
l.1 ...i{\arabic{enumi}.} \item \textbf{掌握软件工程基础}：
                                                  理解现代软件开发的基本理念、方法和工程实践 \ite...

! Missing ) inserted for expression.
<to be read again> 
                   1
l.1 ...i{\arabic{enumi}.} \item \textbf{掌握软件工程基础}：
                                                  理解现代软件开发的基本理念、方法和工程实践 \ite...

Missing character: There is no 3 ("33) in font nullfont!
! You can't use `\XeTeXcharglyph' in horizontal mode.
\c__xeCJK_xeCJK/SimSun(0)/m/n/12/quanjiao/dim/bound/right/：/tl ...
                                                  `：\exp_stop_f: \__dim_eval...
l.1 ...i{\arabic{enumi}.} \item \textbf{掌握软件工程基础}：
                                                  理解现代软件开发的基本理念、方法和工程实践 \ite...

Missing character: There is no ` ("60) in font nullfont!
! Cannot use \XeTeXglyphbounds with nullfont; not a native platform font.
<recently read> \tex_XeTeXglyphbounds:D 
                                        
l.1 ...i{\arabic{enumi}.} \item \textbf{掌握软件工程基础}：
                                                  理解现代软件开发的基本理念、方法和工程实践 \ite...


! LaTeX Error: Control sequence
(LaTeX)        \c__xeCJK_xeCJK/SimSun(0)/m/n/12/quanjiao/dim/bound/left/：/tl
(LaTeX)        already defined.

For immediate help type H <return>.
 ...                                              
                                                  
l.1 ...i{\arabic{enumi}.} \item \textbf{掌握软件工程基础}：
                                                  理解现代软件开发的基本理念、方法和工程实践 \ite...

! Cannot use \XeTeXglyphbounds with nullfont; not a native platform font.
<recently read> \tex_XeTeXglyphbounds:D 
                                        
l.1 ...i{\arabic{enumi}.} \item \textbf{掌握软件工程基础}：
                                                  理解现代软件开发的基本理念、方法和工程实践 \ite...


! LaTeX Error: Control sequence
(LaTeX)        \c__xeCJK_xeCJK/SimSun(0)/m/n/12/quanjiao/dim/bound/right/：/tl
(LaTeX)        already defined.

For immediate help type H <return>.
 ...                                              
                                                  
l.1 ...i{\arabic{enumi}.} \item \textbf{掌握软件工程基础}：
                                                  理解现代软件开发的基本理念、方法和工程实践 \ite...


! LaTeX Error: Control sequence
(LaTeX)        \c__xeCJK_xeCJK/SimSun(0)/m/n/12/quanjiao/dim/width/：/tl
(LaTeX)        already defined.

For immediate help type H <return>.
 ...                                              
                                                  
l.1 ...i{\arabic{enumi}.} \item \textbf{掌握软件工程基础}：
                                                  理解现代软件开发的基本理念、方法和工程实践 \ite...

! Missing ) inserted for expression.
<to be read again> 
                   1
l.1 ...i{\arabic{enumi}.} \item \textbf{掌握软件工程基础}：
                                                  理解现代软件开发的基本理念、方法和工程实践 \ite...


! LaTeX Error: Control sequence
(LaTeX)        \c__xeCJK_xeCJK/SimSun(0)/m/n/12/quanjiao/dim/dimen/：/tl
(LaTeX)        already defined.

For immediate help type H <return>.
 ...                                              
                                                  
l.1 ...i{\arabic{enumi}.} \item \textbf{掌握软件工程基础}：
                                                  理解现代软件开发的基本理念、方法和工程实践 \ite...

Missing character: There is no 3 ("33) in font nullfont!
! You can't use `\XeTeXcharglyph' in horizontal mode.
\c__xeCJK_xeCJK/SimSun(0)/m/n/12/quanjiao/dim/bound/right/：/tl ...
                                                  `：\exp_stop_f: \__dim_eval...
l.1 ...i{\arabic{enumi}.} \item \textbf{掌握软件工程基础}：
                                                  理解现代软件开发的基本理念、方法和工程实践 \ite...

Missing character: There is no ` ("60) in font nullfont!
! Cannot use \XeTeXglyphbounds with nullfont; not a native platform font.
<recently read> \tex_XeTeXglyphbounds:D 
                                        
l.1 ...i{\arabic{enumi}.} \item \textbf{掌握软件工程基础}：
                                                  理解现代软件开发的基本理念、方法和工程实践 \ite...


! LaTeX Error: Control sequence
(LaTeX)        \c__xeCJK_xeCJK/SimSun(0)/m/n/12/quanjiao/dim/bound/left/：/tl
(LaTeX)        already defined.

For immediate help type H <return>.
 ...                                              
                                                  
l.1 ...i{\arabic{enumi}.} \item \textbf{掌握软件工程基础}：
                                                  理解现代软件开发的基本理念、方法和工程实践 \ite...

! Cannot use \XeTeXglyphbounds with nullfont; not a native platform font.
<recently read> \tex_XeTeXglyphbounds:D 
                                        
l.1 ...i{\arabic{enumi}.} \item \textbf{掌握软件工程基础}：
                                                  理解现代软件开发的基本理念、方法和工程实践 \ite...


! LaTeX Error: Control sequence
(LaTeX)        \c__xeCJK_xeCJK/SimSun(0)/m/n/12/quanjiao/dim/bound/right/：/tl
(LaTeX)        already defined.

For immediate help type H <return>.
 ...                                              
                                                  
l.1 ...i{\arabic{enumi}.} \item \textbf{掌握软件工程基础}：
                                                  理解现代软件开发的基本理念、方法和工程实践 \ite...


! LaTeX Error: Control sequence
(LaTeX)        \c__xeCJK_xeCJK/SimSun(0)/m/n/12/quanjiao/dim/width/：/tl
(LaTeX)        already defined.

For immediate help type H <return>.
 ...                                              
                                                  
l.1 ...i{\arabic{enumi}.} \item \textbf{掌握软件工程基础}：
                                                  理解现代软件开发的基本理念、方法和工程实践 \ite...

! Missing ) inserted for expression.
<to be read again> 
                   1
l.1 ...i{\arabic{enumi}.} \item \textbf{掌握软件工程基础}：
                                                  理解现代软件开发的基本理念、方法和工程实践 \ite...


! LaTeX Error: Control sequence
(LaTeX)        \c__xeCJK_xeCJK/SimSun(0)/m/n/12/quanjiao/dim/dimen/：/tl
(LaTeX)        already defined.

For immediate help type H <return>.
 ...                                              
                                                  
l.1 ...i{\arabic{enumi}.} \item \textbf{掌握软件工程基础}：
                                                  理解现代软件开发的基本理念、方法和工程实践 \ite...

Missing character: There is no 3 ("33) in font nullfont!
! You can't use `\XeTeXcharglyph' in horizontal mode.
\c__xeCJK_xeCJK/SimSun(0)/m/n/12/quanjiao/dim/bound/right/：/tl ...
                                                  `：\exp_stop_f: \__dim_eval...
l.1 ...i{\arabic{enumi}.} \item \textbf{掌握软件工程基础}：
                                                  理解现代软件开发的基本理念、方法和工程实践 \ite...

Missing character: There is no ` ("60) in font nullfont!
! Cannot use \XeTeXglyphbounds with nullfont; not a native platform font.
<recently read> \tex_XeTeXglyphbounds:D 
                                        
l.1 ...i{\arabic{enumi}.} \item \textbf{掌握软件工程基础}：
                                                  理解现代软件开发的基本理念、方法和工程实践 \ite...


! LaTeX Error: Control sequence
(LaTeX)        \c__xeCJK_xeCJK/SimSun(0)/m/n/12/quanjiao/dim/bound/left/：/tl
(LaTeX)        already defined.

For immediate help type H <return>.
 ...                                              
                                                  
l.1 ...i{\arabic{enumi}.} \item \textbf{掌握软件工程基础}：
                                                  理解现代软件开发的基本理念、方法和工程实践 \ite...

! Cannot use \XeTeXglyphbounds with nullfont; not a native platform font.
<recently read> \tex_XeTeXglyphbounds:D 
                                        
l.1 ...i{\arabic{enumi}.} \item \textbf{掌握软件工程基础}：
                                                  理解现代软件开发的基本理念、方法和工程实践 \ite...


! LaTeX Error: Control sequence
(LaTeX)        \c__xeCJK_xeCJK/SimSun(0)/m/n/12/quanjiao/dim/bound/right/：/tl
(LaTeX)        already defined.

For immediate help type H <return>.
 ...                                              
                                                  
l.1 ...i{\arabic{enumi}.} \item \textbf{掌握软件工程基础}：
                                                  理解现代软件开发的基本理念、方法和工程实践 \ite...


! LaTeX Error: Control sequence
(LaTeX)        \c__xeCJK_xeCJK/SimSun(0)/m/n/12/quanjiao/dim/width/：/tl
(LaTeX)        already defined.

For immediate help type H <return>.
 ...                                              
                                                  
l.1 ...i{\arabic{enumi}.} \item \textbf{掌握软件工程基础}：
                                                  理解现代软件开发的基本理念、方法和工程实践 \ite...

! Missing ) inserted for expression.
<to be read again> 
                   1
l.1 ...i{\arabic{enumi}.} \item \textbf{掌握软件工程基础}：
                                                  理解现代软件开发的基本理念、方法和工程实践 \ite...


! LaTeX Error: Control sequence
(LaTeX)        \c__xeCJK_xeCJK/SimSun(0)/m/n/12/quanjiao/dim/dimen/：/tl
(LaTeX)        already defined.

For immediate help type H <return>.
 ...                                              
                                                  
l.1 ...i{\arabic{enumi}.} \item \textbf{掌握软件工程基础}：
                                                  理解现代软件开发的基本理念、方法和工程实践 \ite...

Missing character: There is no 3 ("33) in font nullfont!
! You can't use `\XeTeXcharglyph' in horizontal mode.
\c__xeCJK_xeCJK/SimSun(0)/m/n/12/quanjiao/dim/bound/right/：/tl ...
                                                  `：\exp_stop_f: \__dim_eval...
l.1 ...i{\arabic{enumi}.} \item \textbf{掌握软件工程基础}：
                                                  理解现代软件开发的基本理念、方法和工程实践 \ite...

Missing character: There is no ` ("60) in font nullfont!
! Cannot use \XeTeXglyphbounds with nullfont; not a native platform font.
<recently read> \tex_XeTeXglyphbounds:D 
                                        
l.1 ...i{\arabic{enumi}.} \item \textbf{掌握软件工程基础}：
                                                  理解现代软件开发的基本理念、方法和工程实践 \ite...


! LaTeX Error: Control sequence
(LaTeX)        \c__xeCJK_xeCJK/SimSun(0)/m/n/12/quanjiao/dim/bound/left/：/tl
(LaTeX)        already defined.

For immediate help type H <return>.
 ...                                              
                                                  
l.1 ...i{\arabic{enumi}.} \item \textbf{掌握软件工程基础}：
                                                  理解现代软件开发的基本理念、方法和工程实践 \ite...

! Cannot use \XeTeXglyphbounds with nullfont; not a native platform font.
<recently read> \tex_XeTeXglyphbounds:D 
                                        
l.1 ...i{\arabic{enumi}.} \item \textbf{掌握软件工程基础}：
                                                  理解现代软件开发的基本理念、方法和工程实践 \ite...


! LaTeX Error: Control sequence
(LaTeX)        \c__xeCJK_xeCJK/SimSun(0)/m/n/12/quanjiao/dim/bound/right/：/tl
(LaTeX)        already defined.

For immediate help type H <return>.
 ...                                              
                                                  
l.1 ...i{\arabic{enumi}.} \item \textbf{掌握软件工程基础}：
                                                  理解现代软件开发的基本理念、方法和工程实践 \ite...


! LaTeX Error: Control sequence
(LaTeX)        \c__xeCJK_xeCJK/SimSun(0)/m/n/12/quanjiao/dim/width/：/tl
(LaTeX)        already defined.

For immediate help type H <return>.
 ...                                              
                                                  
l.1 ...i{\arabic{enumi}.} \item \textbf{掌握软件工程基础}：
                                                  理解现代软件开发的基本理念、方法和工程实践 \ite...

! Missing ) inserted for expression.
<to be read again> 
                   1
l.1 ...i{\arabic{enumi}.} \item \textbf{掌握软件工程基础}：
                                                  理解现代软件开发的基本理念、方法和工程实践 \ite...


! LaTeX Error: Control sequence
(LaTeX)        \c__xeCJK_xeCJK/SimSun(0)/m/n/12/quanjiao/dim/dimen/：/tl
(LaTeX)        already defined.

For immediate help type H <return>.
 ...                                              
                                                  
l.1 ...i{\arabic{enumi}.} \item \textbf{掌握软件工程基础}：
                                                  理解现代软件开发的基本理念、方法和工程实践 \ite...

Missing character: There is no 3 ("33) in font nullfont!
! You can't use `\XeTeXcharglyph' in horizontal mode.
\c__xeCJK_xeCJK/SimSun(0)/m/n/12/quanjiao/dim/bound/right/：/tl ...
                                                  `：\exp_stop_f: \__dim_eval...
l.1 ...i{\arabic{enumi}.} \item \textbf{掌握软件工程基础}：
                                                  理解现代软件开发的基本理念、方法和工程实践 \ite...

Missing character: There is no ` ("60) in font nullfont!
! Cannot use \XeTeXglyphbounds with nullfont; not a native platform font.
<recently read> \tex_XeTeXglyphbounds:D 
                                        
l.1 ...i{\arabic{enumi}.} \item \textbf{掌握软件工程基础}：
                                                  理解现代软件开发的基本理念、方法和工程实践 \ite...


! LaTeX Error: Control sequence
(LaTeX)        \c__xeCJK_xeCJK/SimSun(0)/m/n/12/quanjiao/dim/bound/left/：/tl
(LaTeX)        already defined.

For immediate help type H <return>.
 ...                                              
                                                  
l.1 ...i{\arabic{enumi}.} \item \textbf{掌握软件工程基础}：
                                                  理解现代软件开发的基本理念、方法和工程实践 \ite...

! Cannot use \XeTeXglyphbounds with nullfont; not a native platform font.
<recently read> \tex_XeTeXglyphbounds:D 
                                        
l.1 ...i{\arabic{enumi}.} \item \textbf{掌握软件工程基础}：
                                                  理解现代软件开发的基本理念、方法和工程实践 \ite...


! LaTeX Error: Control sequence
(LaTeX)        \c__xeCJK_xeCJK/SimSun(0)/m/n/12/quanjiao/dim/bound/right/：/tl
(LaTeX)        already defined.

For immediate help type H <return>.
 ...                                              
                                                  
l.1 ...i{\arabic{enumi}.} \item \textbf{掌握软件工程基础}：
                                                  理解现代软件开发的基本理念、方法和工程实践 \ite...


! LaTeX Error: Control sequence
(LaTeX)        \c__xeCJK_xeCJK/SimSun(0)/m/n/12/quanjiao/dim/width/：/tl
(LaTeX)        already defined.

For immediate help type H <return>.
 ...                                              
                                                  
l.1 ...i{\arabic{enumi}.} \item \textbf{掌握软件工程基础}：
                                                  理解现代软件开发的基本理念、方法和工程实践 \ite...

! Missing ) inserted for expression.
<to be read again> 
                   1
l.1 ...i{\arabic{enumi}.} \item \textbf{掌握软件工程基础}：
                                                  理解现代软件开发的基本理念、方法和工程实践 \ite...


! LaTeX Error: Control sequence
(LaTeX)        \c__xeCJK_xeCJK/SimSun(0)/m/n/12/quanjiao/dim/dimen/：/tl
(LaTeX)        already defined.

For immediate help type H <return>.
 ...                                              
                                                  
l.1 ...i{\arabic{enumi}.} \item \textbf{掌握软件工程基础}：
                                                  理解现代软件开发的基本理念、方法和工程实践 \ite...

Missing character: There is no 3 ("33) in font nullfont!
! You can't use `\XeTeXcharglyph' in horizontal mode.
\c__xeCJK_xeCJK/SimSun(0)/m/n/12/quanjiao/dim/bound/right/：/tl ...
                                                  `：\exp_stop_f: \__dim_eval...
l.1 ...i{\arabic{enumi}.} \item \textbf{掌握软件工程基础}：
                                                  理解现代软件开发的基本理念、方法和工程实践 \ite...

Missing character: There is no ` ("60) in font nullfont!
! Cannot use \XeTeXglyphbounds with nullfont; not a native platform font.
<recently read> \tex_XeTeXglyphbounds:D 
                                        
l.1 ...i{\arabic{enumi}.} \item \textbf{掌握软件工程基础}：
                                                  理解现代软件开发的基本理念、方法和工程实践 \ite...


! LaTeX Error: Control sequence
(LaTeX)        \c__xeCJK_xeCJK/SimSun(0)/m/n/12/quanjiao/dim/bound/left/：/tl
(LaTeX)        already defined.

For immediate help type H <return>.
 ...                                              
                                                  
l.1 ...i{\arabic{enumi}.} \item \textbf{掌握软件工程基础}：
                                                  理解现代软件开发的基本理念、方法和工程实践 \ite...

! Cannot use \XeTeXglyphbounds with nullfont; not a native platform font.
<recently read> \tex_XeTeXglyphbounds:D 
                                        
l.1 ...i{\arabic{enumi}.} \item \textbf{掌握软件工程基础}：
                                                  理解现代软件开发的基本理念、方法和工程实践 \ite...


! LaTeX Error: Control sequence
(LaTeX)        \c__xeCJK_xeCJK/SimSun(0)/m/n/12/quanjiao/dim/bound/right/：/tl
(LaTeX)        already defined.

For immediate help type H <return>.
 ...                                              
                                                  
l.1 ...i{\arabic{enumi}.} \item \textbf{掌握软件工程基础}：
                                                  理解现代软件开发的基本理念、方法和工程实践 \ite...


! LaTeX Error: Control sequence
(LaTeX)        \c__xeCJK_xeCJK/SimSun(0)/m/n/12/quanjiao/dim/width/：/tl
(LaTeX)        already defined.

For immediate help type H <return>.
 ...                                              
                                                  
l.1 ...i{\arabic{enumi}.} \item \textbf{掌握软件工程基础}：
                                                  理解现代软件开发的基本理念、方法和工程实践 \ite...

! Missing ) inserted for expression.
<to be read again> 
                   1
l.1 ...i{\arabic{enumi}.} \item \textbf{掌握软件工程基础}：
                                                  理解现代软件开发的基本理念、方法和工程实践 \ite...


! LaTeX Error: Control sequence
(LaTeX)        \c__xeCJK_xeCJK/SimSun(0)/m/n/12/quanjiao/dim/dimen/：/tl
(LaTeX)        already defined.

For immediate help type H <return>.
 ...                                              
                                                  
l.1 ...i{\arabic{enumi}.} \item \textbf{掌握软件工程基础}：
                                                  理解现代软件开发的基本理念、方法和工程实践 \ite...

Missing character: There is no 3 ("33) in font nullfont!
! You can't use `\XeTeXcharglyph' in horizontal mode.
\c__xeCJK_xeCJK/SimSun(0)/m/n/12/quanjiao/dim/bound/right/：/tl ...
                                                  `：\exp_stop_f: \__dim_eval...
l.1 ...i{\arabic{enumi}.} \item \textbf{掌握软件工程基础}：
                                                  理解现代软件开发的基本理念、方法和工程实践 \ite...

Missing character: There is no ` ("60) in font nullfont!
! Cannot use \XeTeXglyphbounds with nullfont; not a native platform font.
<recently read> \tex_XeTeXglyphbounds:D 
                                        
l.1 ...i{\arabic{enumi}.} \item \textbf{掌握软件工程基础}：
                                                  理解现代软件开发的基本理念、方法和工程实践 \ite...


! LaTeX Error: Control sequence
(LaTeX)        \c__xeCJK_xeCJK/SimSun(0)/m/n/12/quanjiao/dim/bound/left/：/tl
(LaTeX)        already defined.

For immediate help type H <return>.
 ...                                              
                                                  
l.1 ...i{\arabic{enumi}.} \item \textbf{掌握软件工程基础}：
                                                  理解现代软件开发的基本理念、方法和工程实践 \ite...

! Cannot use \XeTeXglyphbounds with nullfont; not a native platform font.
<recently read> \tex_XeTeXglyphbounds:D 
                                        
l.1 ...i{\arabic{enumi}.} \item \textbf{掌握软件工程基础}：
                                                  理解现代软件开发的基本理念、方法和工程实践 \ite...


! LaTeX Error: Control sequence
(LaTeX)        \c__xeCJK_xeCJK/SimSun(0)/m/n/12/quanjiao/dim/bound/right/：/tl
(LaTeX)        already defined.

For immediate help type H <return>.
 ...                                              
                                                  
l.1 ...i{\arabic{enumi}.} \item \textbf{掌握软件工程基础}：
                                                  理解现代软件开发的基本理念、方法和工程实践 \ite...


! LaTeX Error: Control sequence
(LaTeX)        \c__xeCJK_xeCJK/SimSun(0)/m/n/12/quanjiao/dim/width/：/tl
(LaTeX)        already defined.

For immediate help type H <return>.
 ...                                              
                                                  
l.1 ...i{\arabic{enumi}.} \item \textbf{掌握软件工程基础}：
                                                  理解现代软件开发的基本理念、方法和工程实践 \ite...

! Missing ) inserted for expression.
<to be read again> 
                   1
l.1 ...i{\arabic{enumi}.} \item \textbf{掌握软件工程基础}：
                                                  理解现代软件开发的基本理念、方法和工程实践 \ite...


! LaTeX Error: Control sequence
(LaTeX)        \c__xeCJK_xeCJK/SimSun(0)/m/n/12/quanjiao/dim/dimen/：/tl
(LaTeX)        already defined.

For immediate help type H <return>.
 ...                                              
                                                  
l.1 ...i{\arabic{enumi}.} \item \textbf{掌握软件工程基础}：
                                                  理解现代软件开发的基本理念、方法和工程实践 \ite...

Missing character: There is no 3 ("33) in font nullfont!
! You can't use `\XeTeXcharglyph' in horizontal mode.
\c__xeCJK_xeCJK/SimSun(0)/m/n/12/quanjiao/dim/bound/right/：/tl ...
                                                  `：\exp_stop_f: \__dim_eval...
l.1 ...i{\arabic{enumi}.} \item \textbf{掌握软件工程基础}：
                                                  理解现代软件开发的基本理念、方法和工程实践 \ite...

Missing character: There is no ` ("60) in font nullfont!
! Cannot use \XeTeXglyphbounds with nullfont; not a native platform font.
<recently read> \tex_XeTeXglyphbounds:D 
                                        
l.1 ...i{\arabic{enumi}.} \item \textbf{掌握软件工程基础}：
                                                  理解现代软件开发的基本理念、方法和工程实践 \ite...


! LaTeX Error: Control sequence
(LaTeX)        \c__xeCJK_xeCJK/SimSun(0)/m/n/12/quanjiao/dim/bound/left/：/tl
(LaTeX)        already defined.

For immediate help type H <return>.
 ...                                              
                                                  
l.1 ...i{\arabic{enumi}.} \item \textbf{掌握软件工程基础}：
                                                  理解现代软件开发的基本理念、方法和工程实践 \ite...

! Cannot use \XeTeXglyphbounds with nullfont; not a native platform font.
<recently read> \tex_XeTeXglyphbounds:D 
                                        
l.1 ...i{\arabic{enumi}.} \item \textbf{掌握软件工程基础}：
                                                  理解现代软件开发的基本理念、方法和工程实践 \ite...


! LaTeX Error: Control sequence
(LaTeX)        \c__xeCJK_xeCJK/SimSun(0)/m/n/12/quanjiao/dim/bound/right/：/tl
(LaTeX)        already defined.

For immediate help type H <return>.
 ...                                              
                                                  
l.1 ...i{\arabic{enumi}.} \item \textbf{掌握软件工程基础}：
                                                  理解现代软件开发的基本理念、方法和工程实践 \ite...


! LaTeX Error: Control sequence
(LaTeX)        \c__xeCJK_xeCJK/SimSun(0)/m/n/12/quanjiao/dim/width/：/tl
(LaTeX)        already defined.

For immediate help type H <return>.
 ...                                              
                                                  
l.1 ...i{\arabic{enumi}.} \item \textbf{掌握软件工程基础}：
                                                  理解现代软件开发的基本理念、方法和工程实践 \ite...

! Missing ) inserted for expression.
<to be read again> 
                   1
l.1 ...i{\arabic{enumi}.} \item \textbf{掌握软件工程基础}：
                                                  理解现代软件开发的基本理念、方法和工程实践 \ite...


! LaTeX Error: Control sequence
(LaTeX)        \c__xeCJK_xeCJK/SimSun(0)/m/n/12/quanjiao/dim/dimen/：/tl
(LaTeX)        already defined.

For immediate help type H <return>.
 ...                                              
                                                  
l.1 ...i{\arabic{enumi}.} \item \textbf{掌握软件工程基础}：
                                                  理解现代软件开发的基本理念、方法和工程实践 \ite...

Missing character: There is no 3 ("33) in font nullfont!
! You can't use `\XeTeXcharglyph' in horizontal mode.
\c__xeCJK_xeCJK/SimSun(0)/m/n/12/quanjiao/dim/bound/right/：/tl ...
                                                  `：\exp_stop_f: \__dim_eval...
l.1 ...i{\arabic{enumi}.} \item \textbf{掌握软件工程基础}：
                                                  理解现代软件开发的基本理念、方法和工程实践 \ite...

Missing character: There is no ` ("60) in font nullfont!
! Cannot use \XeTeXglyphbounds with nullfont; not a native platform font.
<recently read> \tex_XeTeXglyphbounds:D 
                                        
l.1 ...i{\arabic{enumi}.} \item \textbf{掌握软件工程基础}：
                                                  理解现代软件开发的基本理念、方法和工程实践 \ite...


! LaTeX Error: Control sequence
(LaTeX)        \c__xeCJK_xeCJK/SimSun(0)/m/n/12/quanjiao/dim/bound/left/：/tl
(LaTeX)        already defined.

For immediate help type H <return>.
 ...                                              
                                                  
l.1 ...i{\arabic{enumi}.} \item \textbf{掌握软件工程基础}：
                                                  理解现代软件开发的基本理念、方法和工程实践 \ite...

! Cannot use \XeTeXglyphbounds with nullfont; not a native platform font.
<recently read> \tex_XeTeXglyphbounds:D 
                                        
l.1 ...i{\arabic{enumi}.} \item \textbf{掌握软件工程基础}：
                                                  理解现代软件开发的基本理念、方法和工程实践 \ite...


! LaTeX Error: Control sequence
(LaTeX)        \c__xeCJK_xeCJK/SimSun(0)/m/n/12/quanjiao/dim/bound/right/：/tl
(LaTeX)        already defined.

For immediate help type H <return>.
 ...                                              
                                                  
l.1 ...i{\arabic{enumi}.} \item \textbf{掌握软件工程基础}：
                                                  理解现代软件开发的基本理念、方法和工程实践 \ite...


! LaTeX Error: Control sequence
(LaTeX)        \c__xeCJK_xeCJK/SimSun(0)/m/n/12/quanjiao/dim/width/：/tl
(LaTeX)        already defined.

For immediate help type H <return>.
 ...                                              
                                                  
l.1 ...i{\arabic{enumi}.} \item \textbf{掌握软件工程基础}：
                                                  理解现代软件开发的基本理念、方法和工程实践 \ite...

! Missing ) inserted for expression.
<to be read again> 
                   1
l.1 ...i{\arabic{enumi}.} \item \textbf{掌握软件工程基础}：
                                                  理解现代软件开发的基本理念、方法和工程实践 \ite...


! LaTeX Error: Control sequence
(LaTeX)        \c__xeCJK_xeCJK/SimSun(0)/m/n/12/quanjiao/dim/dimen/：/tl
(LaTeX)        already defined.

For immediate help type H <return>.
 ...                                              
                                                  
l.1 ...i{\arabic{enumi}.} \item \textbf{掌握软件工程基础}：
                                                  理解现代软件开发的基本理念、方法和工程实践 \ite...

Missing character: There is no 3 ("33) in font nullfont!
! You can't use `\XeTeXcharglyph' in horizontal mode.
\c__xeCJK_xeCJK/SimSun(0)/m/n/12/quanjiao/dim/bound/right/：/tl ...
                                                  `：\exp_stop_f: \__dim_eval...
l.1 ...i{\arabic{enumi}.} \item \textbf{掌握软件工程基础}：
                                                  理解现代软件开发的基本理念、方法和工程实践 \ite...

Missing character: There is no ` ("60) in font nullfont!
! Cannot use \XeTeXglyphbounds with nullfont; not a native platform font.
<recently read> \tex_XeTeXglyphbounds:D 
                                        
l.1 ...i{\arabic{enumi}.} \item \textbf{掌握软件工程基础}：
                                                  理解现代软件开发的基本理念、方法和工程实践 \ite...


! LaTeX Error: Control sequence
(LaTeX)        \c__xeCJK_xeCJK/SimSun(0)/m/n/12/quanjiao/dim/bound/left/：/tl
(LaTeX)        already defined.

For immediate help type H <return>.
 ...                                              
                                                  
l.1 ...i{\arabic{enumi}.} \item \textbf{掌握软件工程基础}：
                                                  理解现代软件开发的基本理念、方法和工程实践 \ite...

! Cannot use \XeTeXglyphbounds with nullfont; not a native platform font.
<recently read> \tex_XeTeXglyphbounds:D 
                                        
l.1 ...i{\arabic{enumi}.} \item \textbf{掌握软件工程基础}：
                                                  理解现代软件开发的基本理念、方法和工程实践 \ite...


! LaTeX Error: Control sequence
(LaTeX)        \c__xeCJK_xeCJK/SimSun(0)/m/n/12/quanjiao/dim/bound/right/：/tl
(LaTeX)        already defined.

For immediate help type H <return>.
 ...                                              
                                                  
l.1 ...i{\arabic{enumi}.} \item \textbf{掌握软件工程基础}：
                                                  理解现代软件开发的基本理念、方法和工程实践 \ite...


! LaTeX Error: Control sequence
(LaTeX)        \c__xeCJK_xeCJK/SimSun(0)/m/n/12/quanjiao/dim/width/：/tl
(LaTeX)        already defined.

For immediate help type H <return>.
 ...                                              
                                                  
l.1 ...i{\arabic{enumi}.} \item \textbf{掌握软件工程基础}：
                                                  理解现代软件开发的基本理念、方法和工程实践 \ite...

! Missing ) inserted for expression.
<to be read again> 
                   1
l.1 ...i{\arabic{enumi}.} \item \textbf{掌握软件工程基础}：
                                                  理解现代软件开发的基本理念、方法和工程实践 \ite...


! LaTeX Error: Control sequence
(LaTeX)        \c__xeCJK_xeCJK/SimSun(0)/m/n/12/quanjiao/dim/dimen/：/tl
(LaTeX)        already defined.

For immediate help type H <return>.
 ...                                              
                                                  
l.1 ...i{\arabic{enumi}.} \item \textbf{掌握软件工程基础}：
                                                  理解现代软件开发的基本理念、方法和工程实践 \ite...

Missing character: There is no 3 ("33) in font nullfont!
! You can't use `\XeTeXcharglyph' in horizontal mode.
\c__xeCJK_xeCJK/SimSun(0)/m/n/12/quanjiao/dim/bound/right/：/tl ...
                                                  `：\exp_stop_f: \__dim_eval...
l.1 ...i{\arabic{enumi}.} \item \textbf{掌握软件工程基础}：
                                                  理解现代软件开发的基本理念、方法和工程实践 \ite...

Missing character: There is no ` ("60) in font nullfont!
! Cannot use \XeTeXglyphbounds with nullfont; not a native platform font.
<recently read> \tex_XeTeXglyphbounds:D 
                                        
l.1 ...i{\arabic{enumi}.} \item \textbf{掌握软件工程基础}：
                                                  理解现代软件开发的基本理念、方法和工程实践 \ite...


! LaTeX Error: Control sequence
(LaTeX)        \c__xeCJK_xeCJK/SimSun(0)/m/n/12/quanjiao/dim/bound/left/：/tl
(LaTeX)        already defined.

For immediate help type H <return>.
 ...                                              
                                                  
l.1 ...i{\arabic{enumi}.} \item \textbf{掌握软件工程基础}：
                                                  理解现代软件开发的基本理念、方法和工程实践 \ite...

! Cannot use \XeTeXglyphbounds with nullfont; not a native platform font.
<recently read> \tex_XeTeXglyphbounds:D 
                                        
l.1 ...i{\arabic{enumi}.} \item \textbf{掌握软件工程基础}：
                                                  理解现代软件开发的基本理念、方法和工程实践 \ite...


! LaTeX Error: Control sequence
(LaTeX)        \c__xeCJK_xeCJK/SimSun(0)/m/n/12/quanjiao/dim/bound/right/：/tl
(LaTeX)        already defined.

For immediate help type H <return>.
 ...                                              
                                                  
l.1 ...i{\arabic{enumi}.} \item \textbf{掌握软件工程基础}：
                                                  理解现代软件开发的基本理念、方法和工程实践 \ite...


! LaTeX Error: Control sequence
(LaTeX)        \c__xeCJK_xeCJK/SimSun(0)/m/n/12/quanjiao/dim/width/：/tl
(LaTeX)        already defined.

For immediate help type H <return>.
 ...                                              
                                                  
l.1 ...i{\arabic{enumi}.} \item \textbf{掌握软件工程基础}：
                                                  理解现代软件开发的基本理念、方法和工程实践 \ite...

! Missing ) inserted for expression.
<to be read again> 
                   1
l.1 ...i{\arabic{enumi}.} \item \textbf{掌握软件工程基础}：
                                                  理解现代软件开发的基本理念、方法和工程实践 \ite...


! LaTeX Error: Control sequence
(LaTeX)        \c__xeCJK_xeCJK/SimSun(0)/m/n/12/quanjiao/dim/dimen/：/tl
(LaTeX)        already defined.

For immediate help type H <return>.
 ...                                              
                                                  
l.1 ...i{\arabic{enumi}.} \item \textbf{掌握软件工程基础}：
                                                  理解现代软件开发的基本理念、方法和工程实践 \ite...

Missing character: There is no 3 ("33) in font nullfont!
! You can't use `\XeTeXcharglyph' in horizontal mode.
\c__xeCJK_xeCJK/SimSun(0)/m/n/12/quanjiao/dim/bound/right/：/tl ...
                                                  `：\exp_stop_f: \__dim_eval...
l.1 ...i{\arabic{enumi}.} \item \textbf{掌握软件工程基础}：
                                                  理解现代软件开发的基本理念、方法和工程实践 \ite...

Missing character: There is no ` ("60) in font nullfont!
! Cannot use \XeTeXglyphbounds with nullfont; not a native platform font.
<recently read> \tex_XeTeXglyphbounds:D 
                                        
l.1 ...i{\arabic{enumi}.} \item \textbf{掌握软件工程基础}：
                                                  理解现代软件开发的基本理念、方法和工程实践 \ite...


! LaTeX Error: Control sequence
(LaTeX)        \c__xeCJK_xeCJK/SimSun(0)/m/n/12/quanjiao/dim/bound/left/：/tl
(LaTeX)        already defined.

For immediate help type H <return>.
 ...                                              
                                                  
l.1 ...i{\arabic{enumi}.} \item \textbf{掌握软件工程基础}：
                                                  理解现代软件开发的基本理念、方法和工程实践 \ite...

! Cannot use \XeTeXglyphbounds with nullfont; not a native platform font.
<recently read> \tex_XeTeXglyphbounds:D 
                                        
l.1 ...i{\arabic{enumi}.} \item \textbf{掌握软件工程基础}：
                                                  理解现代软件开发的基本理念、方法和工程实践 \ite...


! LaTeX Error: Control sequence
(LaTeX)        \c__xeCJK_xeCJK/SimSun(0)/m/n/12/quanjiao/dim/bound/right/：/tl
(LaTeX)        already defined.

For immediate help type H <return>.
 ...                                              
                                                  
l.1 ...i{\arabic{enumi}.} \item \textbf{掌握软件工程基础}：
                                                  理解现代软件开发的基本理念、方法和工程实践 \ite...


! LaTeX Error: Control sequence
(LaTeX)        \c__xeCJK_xeCJK/SimSun(0)/m/n/12/quanjiao/dim/width/：/tl
(LaTeX)        already defined.

For immediate help type H <return>.
 ...                                              
                                                  
l.1 ...i{\arabic{enumi}.} \item \textbf{掌握软件工程基础}：
                                                  理解现代软件开发的基本理念、方法和工程实践 \ite...

! Missing ) inserted for expression.
<to be read again> 
                   1
l.1 ...i{\arabic{enumi}.} \item \textbf{掌握软件工程基础}：
                                                  理解现代软件开发的基本理念、方法和工程实践 \ite...
(That makes 100 errors; please try again.)
Output written on main.pdf (2 pages).
Transcript written on main.log.
