This is XeTeX, Version 3.141592653-2.6-0.999996 (TeX Live 2024) (preloaded format=xelatex 2024.9.19)  8 AUG 2025 09:22
entering extended mode
 restricted \write18 enabled.
 %&-line parsing enabled.
**main.tex
(./main.tex
LaTeX2e <2023-11-01> patch level 1
L3 programming layer <2024-02-20>
(c:/texlive/2024/texmf-dist/tex/latex/ctex/ctexbook.cls
(c:/texlive/2024/texmf-dist/tex/latex/ctex/config/ctexbackend.cfg
File: ctexbackend.cfg 2022/07/14 v2.5.10 Backend configuration file (CTEX)
)
(c:/texlive/2024/texmf-dist/tex/latex/l3kernel/expl3.sty
Package: expl3 2024-02-20 L3 programming layer (loader) 

(c:/texlive/2024/texmf-dist/tex/latex/l3backend/l3backend-xetex.def
File: l3backend-xetex.def 2024-02-20 L3 backend support: XeTeX
\g__graphics_track_int=\count184
\l__pdf_internal_box=\box51
\g__pdf_backend_object_int=\count185
\g__pdf_backend_annotation_int=\count186
\g__pdf_backend_link_int=\count187
))
Document Class: ctexbook 2022/07/14 v2.5.10 Chinese adapter for class book (CTE
X)
(c:/texlive/2024/texmf-dist/tex/latex/ctex/ctexhook.sty
Package: ctexhook 2022/07/14 v2.5.10 Document and package hooks (CTEX)
)
(c:/texlive/2024/texmf-dist/tex/latex/ctex/ctexpatch.sty
Package: ctexpatch 2022/07/14 v2.5.10 Patching commands (CTEX)
)
(c:/texlive/2024/texmf-dist/tex/latex/base/fix-cm.sty
Package: fix-cm 2020/11/24 v1.1t fixes to LaTeX

(c:/texlive/2024/texmf-dist/tex/latex/base/ts1enc.def
File: ts1enc.def 2001/06/05 v3.0e (jk/car/fm) Standard LaTeX file
LaTeX Font Info:    Redeclaring font encoding TS1 on input line 47.
))
\l__ctex_tmp_int=\count188
\l__ctex_tmp_box=\box52
\l__ctex_tmp_dim=\dimen140
\g__ctex_section_depth_int=\count189
\g__ctex_font_size_int=\count190

(c:/texlive/2024/texmf-dist/tex/latex/ctex/config/ctexopts.cfg
File: ctexopts.cfg 2022/07/14 v2.5.10 Option configuration file (CTEX)
)
(c:/texlive/2024/texmf-dist/tex/latex/base/book.cls
Document Class: book 2023/05/17 v1.4n Standard LaTeX document class
(c:/texlive/2024/texmf-dist/tex/latex/base/bk12.clo
File: bk12.clo 2023/05/17 v1.4n Standard LaTeX file (size option)
)
\c@part=\count191
\c@chapter=\count192
\c@section=\count193
\c@subsection=\count194
\c@subsubsection=\count195
\c@paragraph=\count196
\c@subparagraph=\count197
\c@figure=\count198
\c@table=\count199
\abovecaptionskip=\skip48
\belowcaptionskip=\skip49
\bibindent=\dimen141
)
(c:/texlive/2024/texmf-dist/tex/latex/ctex/engine/ctex-engine-xetex.def
File: ctex-engine-xetex.def 2022/07/14 v2.5.10 XeLaTeX adapter (CTEX)

(c:/texlive/2024/texmf-dist/tex/xelatex/xecjk/xeCJK.sty
Package: xeCJK 2022/08/05 v3.9.1 Typesetting CJK scripts with XeLaTeX

(c:/texlive/2024/texmf-dist/tex/latex/l3packages/xtemplate/xtemplate.sty
(c:/texlive/2024/texmf-dist/tex/latex/l3packages/xtemplate/xtemplate-2023-10-10
.sty
Package: xtemplate 2023-10-10 L3 Experimental prototype document functions
\l__xtemplate_tmp_dim=\dimen142
\l__xtemplate_tmp_int=\count266
\l__xtemplate_tmp_muskip=\muskip16
\l__xtemplate_tmp_skip=\skip50
))
\l__xeCJK_tmp_int=\count267
\l__xeCJK_tmp_box=\box53
\l__xeCJK_tmp_dim=\dimen143
\l__xeCJK_tmp_skip=\skip51
\g__xeCJK_space_factor_int=\count268
\l__xeCJK_begin_int=\count269
\l__xeCJK_end_int=\count270
\c__xeCJK_CJK_class_int=\XeTeXcharclass1
\c__xeCJK_FullLeft_class_int=\XeTeXcharclass2
\c__xeCJK_FullRight_class_int=\XeTeXcharclass3
\c__xeCJK_HalfLeft_class_int=\XeTeXcharclass4
\c__xeCJK_HalfRight_class_int=\XeTeXcharclass5
\c__xeCJK_NormalSpace_class_int=\XeTeXcharclass6
\c__xeCJK_CM_class_int=\XeTeXcharclass7
\c__xeCJK_HangulJamo_class_int=\XeTeXcharclass8
\l__xeCJK_last_skip=\skip52
\c__xeCJK_none_node=\count271
\g__xeCJK_node_int=\count272
\c__xeCJK_CJK_node_dim=\dimen144
\c__xeCJK_CJK-space_node_dim=\dimen145
\c__xeCJK_default_node_dim=\dimen146
\c__xeCJK_CJK-widow_node_dim=\dimen147
\c__xeCJK_normalspace_node_dim=\dimen148
\c__xeCJK_default-space_node_skip=\skip53
\l__xeCJK_ccglue_skip=\skip54
\l__xeCJK_ecglue_skip=\skip55
\l__xeCJK_punct_kern_skip=\skip56
\l__xeCJK_indent_box=\box54
\l__xeCJK_last_penalty_int=\count273
\l__xeCJK_last_bound_dim=\dimen149
\l__xeCJK_last_kern_dim=\dimen150
\l__xeCJK_widow_penalty_int=\count274

Package xtemplate Info: Declaring object type 'xeCJK/punctuation' taking 0
(xtemplate)             argument(s) on line 2396.

\l__xeCJK_fixed_punct_width_dim=\dimen151
\l__xeCJK_mixed_punct_width_dim=\dimen152
\l__xeCJK_middle_punct_width_dim=\dimen153
\l__xeCJK_fixed_margin_width_dim=\dimen154
\l__xeCJK_mixed_margin_width_dim=\dimen155
\l__xeCJK_middle_margin_width_dim=\dimen156
\l__xeCJK_bound_punct_width_dim=\dimen157
\l__xeCJK_bound_margin_width_dim=\dimen158
\l__xeCJK_margin_minimum_dim=\dimen159
\l__xeCJK_kerning_total_width_dim=\dimen160
\l__xeCJK_same_align_margin_dim=\dimen161
\l__xeCJK_different_align_margin_dim=\dimen162
\l__xeCJK_kerning_margin_width_dim=\dimen163
\l__xeCJK_kerning_margin_minimum_dim=\dimen164
\l__xeCJK_bound_dim=\dimen165
\l__xeCJK_reverse_bound_dim=\dimen166
\l__xeCJK_margin_dim=\dimen167
\l__xeCJK_minimum_bound_dim=\dimen168
\l__xeCJK_kerning_margin_dim=\dimen169
\g__xeCJK_family_int=\count275
\l__xeCJK_fam_int=\count276
\g__xeCJK_fam_allocation_int=\count277
\l__xeCJK_verb_case_int=\count278
\l__xeCJK_verb_exspace_skip=\skip57
 (c:/texlive/2024/texmf-dist/tex/latex/fontspec/fontspec.sty
(c:/texlive/2024/texmf-dist/tex/latex/l3packages/xparse/xparse.sty
Package: xparse 2024-02-18 L3 Experimental document command parser
)
Package: fontspec 2024/02/13 v2.9a Font selection for XeLaTeX and LuaLaTeX

(c:/texlive/2024/texmf-dist/tex/latex/fontspec/fontspec-xetex.sty
Package: fontspec-xetex 2024/02/13 v2.9a Font selection for XeLaTeX and LuaLaTe
X
\l__fontspec_script_int=\count279
\l__fontspec_language_int=\count280
\l__fontspec_strnum_int=\count281
\l__fontspec_tmp_int=\count282
\l__fontspec_tmpa_int=\count283
\l__fontspec_tmpb_int=\count284
\l__fontspec_tmpc_int=\count285
\l__fontspec_em_int=\count286
\l__fontspec_emdef_int=\count287
\l__fontspec_strong_int=\count288
\l__fontspec_strongdef_int=\count289
\l__fontspec_tmpa_dim=\dimen170
\l__fontspec_tmpb_dim=\dimen171
\l__fontspec_tmpc_dim=\dimen172

(c:/texlive/2024/texmf-dist/tex/latex/base/fontenc.sty
Package: fontenc 2021/04/29 v2.0v Standard LaTeX package
)
(c:/texlive/2024/texmf-dist/tex/latex/fontspec/fontspec.cfg)))
(c:/texlive/2024/texmf-dist/tex/xelatex/xecjk/xeCJK.cfg
File: xeCJK.cfg 2022/08/05 v3.9.1 Configuration file for xeCJK package
))
\ccwd=\dimen173
\l__ctex_ccglue_skip=\skip58
)
\l__ctex_ziju_dim=\dimen174

(c:/texlive/2024/texmf-dist/tex/latex/zhnumber/zhnumber.sty
Package: zhnumber 2022/07/14 v3.0 Typesetting numbers with Chinese glyphs
\l__zhnum_scale_int=\count290
\l__zhnum_tmp_int=\count291

(c:/texlive/2024/texmf-dist/tex/latex/zhnumber/zhnumber-utf8.cfg
File: zhnumber-utf8.cfg 2022/07/14 v3.0 Chinese numerals with UTF8 encoding
))
\l__ctex_heading_skip=\skip59

(c:/texlive/2024/texmf-dist/tex/latex/ctex/scheme/ctex-scheme-chinese-book.def
File: ctex-scheme-chinese-book.def 2022/07/14 v2.5.10 Chinese scheme for book (
CTEX)

(c:/texlive/2024/texmf-dist/tex/latex/ctex/config/ctex-name-utf8.cfg
File: ctex-name-utf8.cfg 2022/07/14 v2.5.10 Caption with encoding UTF-8 (CTEX)
))
(c:/texlive/2024/texmf-dist/tex/latex/ctex/fontset/ctex-fontset-windows.def
File: ctex-fontset-windows.def 2022/07/14 v2.5.10 Windows fonts definition (CTE
X)

Package fontspec Info: Could not resolve font "KaiTi/B" (it probably doesn't
(fontspec)             exist).


Package fontspec Info: Could not resolve font "SimHei/I" (it probably doesn't
(fontspec)             exist).


Package fontspec Info: Could not resolve font "SimSun/BI" (it probably doesn't
(fontspec)             exist).


Package fontspec Info: Font family 'SimSun(0)' created for font 'SimSun' with
(fontspec)             options
(fontspec)             [Script={CJK},BoldFont={SimHei},ItalicFont={KaiTi}].
(fontspec)              
(fontspec)              This font family consists of the following NFSS
(fontspec)             series/shapes:
(fontspec)              
(fontspec)             - 'normal' (m/n) with NFSS spec.:
(fontspec)             <->"SimSun/OT:script=hani;language=dflt;"
(fontspec)             - 'small caps'  (m/sc) with NFSS spec.: 
(fontspec)             - 'bold' (b/n) with NFSS spec.:
(fontspec)             <->"SimHei/OT:script=hani;language=dflt;"
(fontspec)             - 'bold small caps'  (b/sc) with NFSS spec.: 
(fontspec)             - 'italic' (m/it) with NFSS spec.:
(fontspec)             <->"KaiTi/OT:script=hani;language=dflt;"
(fontspec)             - 'italic small caps'  (m/scit) with NFSS spec.: 

))
(c:/texlive/2024/texmf-dist/tex/latex/ctex/config/ctex.cfg
File: ctex.cfg 2022/07/14 v2.5.10 Configuration file (CTEX)
)
(./templates/basic-config.tex
(c:/texlive/2024/texmf-dist/tex/latex/amsmath/amsmath.sty
Package: amsmath 2023/05/13 v2.17o AMS math features
\@mathmargin=\skip60

For additional information on amsmath, use the `?' option.
(c:/texlive/2024/texmf-dist/tex/latex/amsmath/amstext.sty
Package: amstext 2021/08/26 v2.01 AMS text

(c:/texlive/2024/texmf-dist/tex/latex/amsmath/amsgen.sty
File: amsgen.sty 1999/11/30 v2.0 generic functions
\@emptytoks=\toks17
\ex@=\dimen175
))
(c:/texlive/2024/texmf-dist/tex/latex/amsmath/amsbsy.sty
Package: amsbsy 1999/11/29 v1.2d Bold Symbols
\pmbraise@=\dimen176
)
(c:/texlive/2024/texmf-dist/tex/latex/amsmath/amsopn.sty
Package: amsopn 2022/04/08 v2.04 operator names
)
\inf@bad=\count292
LaTeX Info: Redefining \frac on input line 234.
\uproot@=\count293
\leftroot@=\count294
LaTeX Info: Redefining \overline on input line 399.
LaTeX Info: Redefining \colon on input line 410.
\classnum@=\count295
\DOTSCASE@=\count296
LaTeX Info: Redefining \ldots on input line 496.
LaTeX Info: Redefining \dots on input line 499.
LaTeX Info: Redefining \cdots on input line 620.
\Mathstrutbox@=\box55
\strutbox@=\box56
LaTeX Info: Redefining \big on input line 722.
LaTeX Info: Redefining \Big on input line 723.
LaTeX Info: Redefining \bigg on input line 724.
LaTeX Info: Redefining \Bigg on input line 725.
\big@size=\dimen177
LaTeX Font Info:    Redeclaring font encoding OML on input line 743.
LaTeX Font Info:    Redeclaring font encoding OMS on input line 744.
\macc@depth=\count297
LaTeX Info: Redefining \bmod on input line 905.
LaTeX Info: Redefining \pmod on input line 910.
LaTeX Info: Redefining \smash on input line 940.
LaTeX Info: Redefining \relbar on input line 970.
LaTeX Info: Redefining \Relbar on input line 971.
\c@MaxMatrixCols=\count298
\dotsspace@=\muskip17
\c@parentequation=\count299
\dspbrk@lvl=\count300
\tag@help=\toks18
\row@=\count301
\column@=\count302
\maxfields@=\count303
\andhelp@=\toks19
\eqnshift@=\dimen178
\alignsep@=\dimen179
\tagshift@=\dimen180
\tagwidth@=\dimen181
\totwidth@=\dimen182
\lineht@=\dimen183
\@envbody=\toks20
\multlinegap=\skip61
\multlinetaggap=\skip62
\mathdisplay@stack=\toks21
LaTeX Info: Redefining \[ on input line 2953.
LaTeX Info: Redefining \] on input line 2954.
)
(c:/texlive/2024/texmf-dist/tex/latex/amsfonts/amssymb.sty
Package: amssymb 2013/01/14 v3.01 AMS font symbols

(c:/texlive/2024/texmf-dist/tex/latex/amsfonts/amsfonts.sty
Package: amsfonts 2013/01/14 v3.01 Basic AMSFonts support
\symAMSa=\mathgroup4
\symAMSb=\mathgroup5
LaTeX Font Info:    Redeclaring math symbol \hbar on input line 98.
LaTeX Font Info:    Overwriting math alphabet `\mathfrak' in version `bold'
(Font)                  U/euf/m/n --> U/euf/b/n on input line 106.
))
(c:/texlive/2024/texmf-dist/tex/latex/amscls/amsthm.sty
Package: amsthm 2020/05/29 v2.20.6
\thm@style=\toks22
\thm@bodyfont=\toks23
\thm@headfont=\toks24
\thm@notefont=\toks25
\thm@headpunct=\toks26
\thm@preskip=\skip63
\thm@postskip=\skip64
\thm@headsep=\skip65
\dth@everypar=\toks27
)
(c:/texlive/2024/texmf-dist/tex/latex/mathtools/mathtools.sty
Package: mathtools 2024/03/11 v1.30 mathematical typesetting tools

(c:/texlive/2024/texmf-dist/tex/latex/graphics/keyval.sty
Package: keyval 2022/05/29 v1.15 key=value parser (DPC)
\KV@toks@=\toks28
)
(c:/texlive/2024/texmf-dist/tex/latex/tools/calc.sty
Package: calc 2023/07/08 v4.3 Infix arithmetic (KKT,FJ)
\calc@Acount=\count304
\calc@Bcount=\count305
\calc@Adimen=\dimen184
\calc@Bdimen=\dimen185
\calc@Askip=\skip66
\calc@Bskip=\skip67
LaTeX Info: Redefining \setlength on input line 80.
LaTeX Info: Redefining \addtolength on input line 81.
\calc@Ccount=\count306
\calc@Cskip=\skip68
)
(c:/texlive/2024/texmf-dist/tex/latex/mathtools/mhsetup.sty
Package: mhsetup 2021/03/18 v1.4 programming setup (MH)
)
\g_MT_multlinerow_int=\count307
\l_MT_multwidth_dim=\dimen186
\origjot=\skip69
\l_MT_shortvdotswithinadjustabove_dim=\dimen187
\l_MT_shortvdotswithinadjustbelow_dim=\dimen188
\l_MT_above_intertext_sep=\dimen189
\l_MT_below_intertext_sep=\dimen190
\l_MT_above_shortintertext_sep=\dimen191
\l_MT_below_shortintertext_sep=\dimen192
\xmathstrut@box=\box57
\xmathstrut@dim=\dimen193
)
(c:/texlive/2024/texmf-dist/tex/latex/graphics/graphicx.sty
Package: graphicx 2021/09/16 v1.2d Enhanced LaTeX Graphics (DPC,SPQR)

(c:/texlive/2024/texmf-dist/tex/latex/graphics/graphics.sty
Package: graphics 2022/03/10 v1.4e Standard LaTeX Graphics (DPC,SPQR)

(c:/texlive/2024/texmf-dist/tex/latex/graphics/trig.sty
Package: trig 2021/08/11 v1.11 sin cos tan (DPC)
)
(c:/texlive/2024/texmf-dist/tex/latex/graphics-cfg/graphics.cfg
File: graphics.cfg 2016/06/04 v1.11 sample graphics configuration
)
Package graphics Info: Driver file: xetex.def on input line 107.

(c:/texlive/2024/texmf-dist/tex/latex/graphics-def/xetex.def
File: xetex.def 2022/09/22 v5.0n Graphics/color driver for xetex
))
\Gin@req@height=\dimen194
\Gin@req@width=\dimen195
)
(c:/texlive/2024/texmf-dist/tex/latex/xcolor/xcolor.sty
Package: xcolor 2023/11/15 v3.01 LaTeX color extensions (UK)

(c:/texlive/2024/texmf-dist/tex/latex/graphics-cfg/color.cfg
File: color.cfg 2016/01/02 v1.6 sample color configuration
)
Package xcolor Info: Driver file: xetex.def on input line 274.

(c:/texlive/2024/texmf-dist/tex/latex/graphics/mathcolor.ltx)
Package xcolor Info: Model `cmy' substituted by `cmy0' on input line 1350.
Package xcolor Info: Model `RGB' extended on input line 1366.
Package xcolor Info: Model `HTML' substituted by `rgb' on input line 1368.
Package xcolor Info: Model `Hsb' substituted by `hsb' on input line 1369.
Package xcolor Info: Model `tHsb' substituted by `hsb' on input line 1370.
Package xcolor Info: Model `HSB' substituted by `hsb' on input line 1371.
Package xcolor Info: Model `Gray' substituted by `gray' on input line 1372.
Package xcolor Info: Model `wave' substituted by `hsb' on input line 1373.
)
(c:/texlive/2024/texmf-dist/tex/latex/pgf/frontendlayer/tikz.sty
(c:/texlive/2024/texmf-dist/tex/latex/pgf/basiclayer/pgf.sty
(c:/texlive/2024/texmf-dist/tex/latex/pgf/utilities/pgfrcs.sty
(c:/texlive/2024/texmf-dist/tex/generic/pgf/utilities/pgfutil-common.tex
\pgfutil@everybye=\toks29
\pgfutil@tempdima=\dimen196
\pgfutil@tempdimb=\dimen197
)
(c:/texlive/2024/texmf-dist/tex/generic/pgf/utilities/pgfutil-latex.def
\pgfutil@abb=\box58
)
(c:/texlive/2024/texmf-dist/tex/generic/pgf/utilities/pgfrcs.code.tex
(c:/texlive/2024/texmf-dist/tex/generic/pgf/pgf.revision.tex)
Package: pgfrcs 2023-01-15 v3.1.10 (3.1.10)
))
Package: pgf 2023-01-15 v3.1.10 (3.1.10)

(c:/texlive/2024/texmf-dist/tex/latex/pgf/basiclayer/pgfcore.sty
(c:/texlive/2024/texmf-dist/tex/latex/pgf/systemlayer/pgfsys.sty
(c:/texlive/2024/texmf-dist/tex/generic/pgf/systemlayer/pgfsys.code.tex
Package: pgfsys 2023-01-15 v3.1.10 (3.1.10)

(c:/texlive/2024/texmf-dist/tex/generic/pgf/utilities/pgfkeys.code.tex
\pgfkeys@pathtoks=\toks30
\pgfkeys@temptoks=\toks31

(c:/texlive/2024/texmf-dist/tex/generic/pgf/utilities/pgfkeyslibraryfiltered.co
de.tex
\pgfkeys@tmptoks=\toks32
))
\pgf@x=\dimen198
\pgf@y=\dimen199
\pgf@xa=\dimen256
\pgf@ya=\dimen257
\pgf@xb=\dimen258
\pgf@yb=\dimen259
\pgf@xc=\dimen260
\pgf@yc=\dimen261
\pgf@xd=\dimen262
\pgf@yd=\dimen263
\w@pgf@writea=\write3
\r@pgf@reada=\read2
\c@pgf@counta=\count308
\c@pgf@countb=\count309
\c@pgf@countc=\count310
\c@pgf@countd=\count311
\t@pgf@toka=\toks33
\t@pgf@tokb=\toks34
\t@pgf@tokc=\toks35
\pgf@sys@id@count=\count312
 (c:/texlive/2024/texmf-dist/tex/generic/pgf/systemlayer/pgf.cfg
File: pgf.cfg 2023-01-15 v3.1.10 (3.1.10)
)
Driver file for pgf: pgfsys-xetex.def

(c:/texlive/2024/texmf-dist/tex/generic/pgf/systemlayer/pgfsys-xetex.def
File: pgfsys-xetex.def 2023-01-15 v3.1.10 (3.1.10)

(c:/texlive/2024/texmf-dist/tex/generic/pgf/systemlayer/pgfsys-dvipdfmx.def
File: pgfsys-dvipdfmx.def 2023-01-15 v3.1.10 (3.1.10)

(c:/texlive/2024/texmf-dist/tex/generic/pgf/systemlayer/pgfsys-common-pdf.def
File: pgfsys-common-pdf.def 2023-01-15 v3.1.10 (3.1.10)
)
\pgfsys@objnum=\count313
)))
(c:/texlive/2024/texmf-dist/tex/generic/pgf/systemlayer/pgfsyssoftpath.code.tex
File: pgfsyssoftpath.code.tex 2023-01-15 v3.1.10 (3.1.10)
\pgfsyssoftpath@smallbuffer@items=\count314
\pgfsyssoftpath@bigbuffer@items=\count315
)
(c:/texlive/2024/texmf-dist/tex/generic/pgf/systemlayer/pgfsysprotocol.code.tex
File: pgfsysprotocol.code.tex 2023-01-15 v3.1.10 (3.1.10)
)) (c:/texlive/2024/texmf-dist/tex/generic/pgf/basiclayer/pgfcore.code.tex
Package: pgfcore 2023-01-15 v3.1.10 (3.1.10)

(c:/texlive/2024/texmf-dist/tex/generic/pgf/math/pgfmath.code.tex
(c:/texlive/2024/texmf-dist/tex/generic/pgf/math/pgfmathutil.code.tex)
(c:/texlive/2024/texmf-dist/tex/generic/pgf/math/pgfmathparser.code.tex
\pgfmath@dimen=\dimen264
\pgfmath@count=\count316
\pgfmath@box=\box59
\pgfmath@toks=\toks36
\pgfmath@stack@operand=\toks37
\pgfmath@stack@operation=\toks38
)
(c:/texlive/2024/texmf-dist/tex/generic/pgf/math/pgfmathfunctions.code.tex)
(c:/texlive/2024/texmf-dist/tex/generic/pgf/math/pgfmathfunctions.basic.code.te
x)
(c:/texlive/2024/texmf-dist/tex/generic/pgf/math/pgfmathfunctions.trigonometric
.code.tex)
(c:/texlive/2024/texmf-dist/tex/generic/pgf/math/pgfmathfunctions.random.code.t
ex)
(c:/texlive/2024/texmf-dist/tex/generic/pgf/math/pgfmathfunctions.comparison.co
de.tex)
(c:/texlive/2024/texmf-dist/tex/generic/pgf/math/pgfmathfunctions.base.code.tex
)
(c:/texlive/2024/texmf-dist/tex/generic/pgf/math/pgfmathfunctions.round.code.te
x)
(c:/texlive/2024/texmf-dist/tex/generic/pgf/math/pgfmathfunctions.misc.code.tex
)
(c:/texlive/2024/texmf-dist/tex/generic/pgf/math/pgfmathfunctions.integerarithm
etics.code.tex)
(c:/texlive/2024/texmf-dist/tex/generic/pgf/math/pgfmathcalc.code.tex)
(c:/texlive/2024/texmf-dist/tex/generic/pgf/math/pgfmathfloat.code.tex
\c@pgfmathroundto@lastzeros=\count317
))
(c:/texlive/2024/texmf-dist/tex/generic/pgf/math/pgfint.code.tex)
(c:/texlive/2024/texmf-dist/tex/generic/pgf/basiclayer/pgfcorepoints.code.tex
File: pgfcorepoints.code.tex 2023-01-15 v3.1.10 (3.1.10)
\pgf@picminx=\dimen265
\pgf@picmaxx=\dimen266
\pgf@picminy=\dimen267
\pgf@picmaxy=\dimen268
\pgf@pathminx=\dimen269
\pgf@pathmaxx=\dimen270
\pgf@pathminy=\dimen271
\pgf@pathmaxy=\dimen272
\pgf@xx=\dimen273
\pgf@xy=\dimen274
\pgf@yx=\dimen275
\pgf@yy=\dimen276
\pgf@zx=\dimen277
\pgf@zy=\dimen278
)
(c:/texlive/2024/texmf-dist/tex/generic/pgf/basiclayer/pgfcorepathconstruct.cod
e.tex
File: pgfcorepathconstruct.code.tex 2023-01-15 v3.1.10 (3.1.10)
\pgf@path@lastx=\dimen279
\pgf@path@lasty=\dimen280
)
(c:/texlive/2024/texmf-dist/tex/generic/pgf/basiclayer/pgfcorepathusage.code.te
x
File: pgfcorepathusage.code.tex 2023-01-15 v3.1.10 (3.1.10)
\pgf@shorten@end@additional=\dimen281
\pgf@shorten@start@additional=\dimen282
)
(c:/texlive/2024/texmf-dist/tex/generic/pgf/basiclayer/pgfcorescopes.code.tex
File: pgfcorescopes.code.tex 2023-01-15 v3.1.10 (3.1.10)
\pgfpic=\box60
\pgf@hbox=\box61
\pgf@layerbox@main=\box62
\pgf@picture@serial@count=\count318
)
(c:/texlive/2024/texmf-dist/tex/generic/pgf/basiclayer/pgfcoregraphicstate.code
.tex
File: pgfcoregraphicstate.code.tex 2023-01-15 v3.1.10 (3.1.10)
\pgflinewidth=\dimen283
)
(c:/texlive/2024/texmf-dist/tex/generic/pgf/basiclayer/pgfcoretransformations.c
ode.tex
File: pgfcoretransformations.code.tex 2023-01-15 v3.1.10 (3.1.10)
\pgf@pt@x=\dimen284
\pgf@pt@y=\dimen285
\pgf@pt@temp=\dimen286
)
(c:/texlive/2024/texmf-dist/tex/generic/pgf/basiclayer/pgfcorequick.code.tex
File: pgfcorequick.code.tex 2023-01-15 v3.1.10 (3.1.10)
)
(c:/texlive/2024/texmf-dist/tex/generic/pgf/basiclayer/pgfcoreobjects.code.tex
File: pgfcoreobjects.code.tex 2023-01-15 v3.1.10 (3.1.10)
)
(c:/texlive/2024/texmf-dist/tex/generic/pgf/basiclayer/pgfcorepathprocessing.co
de.tex
File: pgfcorepathprocessing.code.tex 2023-01-15 v3.1.10 (3.1.10)
)
(c:/texlive/2024/texmf-dist/tex/generic/pgf/basiclayer/pgfcorearrows.code.tex
File: pgfcorearrows.code.tex 2023-01-15 v3.1.10 (3.1.10)
\pgfarrowsep=\dimen287
)
(c:/texlive/2024/texmf-dist/tex/generic/pgf/basiclayer/pgfcoreshade.code.tex
File: pgfcoreshade.code.tex 2023-01-15 v3.1.10 (3.1.10)
\pgf@max=\dimen288
\pgf@sys@shading@range@num=\count319
\pgf@shadingcount=\count320
)
(c:/texlive/2024/texmf-dist/tex/generic/pgf/basiclayer/pgfcoreimage.code.tex
File: pgfcoreimage.code.tex 2023-01-15 v3.1.10 (3.1.10)
)
(c:/texlive/2024/texmf-dist/tex/generic/pgf/basiclayer/pgfcoreexternal.code.tex
File: pgfcoreexternal.code.tex 2023-01-15 v3.1.10 (3.1.10)
\pgfexternal@startupbox=\box63
) (c:/texlive/2024/texmf-dist/tex/generic/pgf/basiclayer/pgfcorelayers.code.tex
File: pgfcorelayers.code.tex 2023-01-15 v3.1.10 (3.1.10)
)
(c:/texlive/2024/texmf-dist/tex/generic/pgf/basiclayer/pgfcoretransparency.code
.tex
File: pgfcoretransparency.code.tex 2023-01-15 v3.1.10 (3.1.10)
)
(c:/texlive/2024/texmf-dist/tex/generic/pgf/basiclayer/pgfcorepatterns.code.tex
File: pgfcorepatterns.code.tex 2023-01-15 v3.1.10 (3.1.10)
) (c:/texlive/2024/texmf-dist/tex/generic/pgf/basiclayer/pgfcorerdf.code.tex
File: pgfcorerdf.code.tex 2023-01-15 v3.1.10 (3.1.10)
))) (c:/texlive/2024/texmf-dist/tex/generic/pgf/modules/pgfmoduleshapes.code.te
x
File: pgfmoduleshapes.code.tex 2023-01-15 v3.1.10 (3.1.10)
\pgfnodeparttextbox=\box64
)
(c:/texlive/2024/texmf-dist/tex/generic/pgf/modules/pgfmoduleplot.code.tex
File: pgfmoduleplot.code.tex 2023-01-15 v3.1.10 (3.1.10)
)
(c:/texlive/2024/texmf-dist/tex/latex/pgf/compatibility/pgfcomp-version-0-65.st
y
Package: pgfcomp-version-0-65 2023-01-15 v3.1.10 (3.1.10)
\pgf@nodesepstart=\dimen289
\pgf@nodesepend=\dimen290
)
(c:/texlive/2024/texmf-dist/tex/latex/pgf/compatibility/pgfcomp-version-1-18.st
y
Package: pgfcomp-version-1-18 2023-01-15 v3.1.10 (3.1.10)
)) (c:/texlive/2024/texmf-dist/tex/latex/pgf/utilities/pgffor.sty
(c:/texlive/2024/texmf-dist/tex/latex/pgf/utilities/pgfkeys.sty
(c:/texlive/2024/texmf-dist/tex/generic/pgf/utilities/pgfkeys.code.tex))
(c:/texlive/2024/texmf-dist/tex/latex/pgf/math/pgfmath.sty
(c:/texlive/2024/texmf-dist/tex/generic/pgf/math/pgfmath.code.tex))
(c:/texlive/2024/texmf-dist/tex/generic/pgf/utilities/pgffor.code.tex
Package: pgffor 2023-01-15 v3.1.10 (3.1.10)
\pgffor@iter=\dimen291
\pgffor@skip=\dimen292
\pgffor@stack=\toks39
\pgffor@toks=\toks40
))
(c:/texlive/2024/texmf-dist/tex/generic/pgf/frontendlayer/tikz/tikz.code.tex
Package: tikz 2023-01-15 v3.1.10 (3.1.10)

(c:/texlive/2024/texmf-dist/tex/generic/pgf/libraries/pgflibraryplothandlers.co
de.tex
File: pgflibraryplothandlers.code.tex 2023-01-15 v3.1.10 (3.1.10)
\pgf@plot@mark@count=\count321
\pgfplotmarksize=\dimen293
)
\tikz@lastx=\dimen294
\tikz@lasty=\dimen295
\tikz@lastxsaved=\dimen296
\tikz@lastysaved=\dimen297
\tikz@lastmovetox=\dimen298
\tikz@lastmovetoy=\dimen299
\tikzleveldistance=\dimen300
\tikzsiblingdistance=\dimen301
\tikz@figbox=\box65
\tikz@figbox@bg=\box66
\tikz@tempbox=\box67
\tikz@tempbox@bg=\box68
\tikztreelevel=\count322
\tikznumberofchildren=\count323
\tikznumberofcurrentchild=\count324
\tikz@fig@count=\count325

(c:/texlive/2024/texmf-dist/tex/generic/pgf/modules/pgfmodulematrix.code.tex
File: pgfmodulematrix.code.tex 2023-01-15 v3.1.10 (3.1.10)
\pgfmatrixcurrentrow=\count326
\pgfmatrixcurrentcolumn=\count327
\pgf@matrix@numberofcolumns=\count328
)
\tikz@expandcount=\count329

(c:/texlive/2024/texmf-dist/tex/generic/pgf/frontendlayer/tikz/libraries/tikzli
brarytopaths.code.tex
File: tikzlibrarytopaths.code.tex 2023-01-15 v3.1.10 (3.1.10)
)))
(c:/texlive/2024/texmf-dist/tex/generic/pgf/frontendlayer/tikz/libraries/tikzli
braryshapes.code.tex
File: tikzlibraryshapes.code.tex 2023-01-15 v3.1.10 (3.1.10)

(c:/texlive/2024/texmf-dist/tex/generic/pgf/frontendlayer/tikz/libraries/tikzli
braryshapes.geometric.code.tex
File: tikzlibraryshapes.geometric.code.tex 2023-01-15 v3.1.10 (3.1.10)

(c:/texlive/2024/texmf-dist/tex/generic/pgf/libraries/shapes/pgflibraryshapes.g
eometric.code.tex
File: pgflibraryshapes.geometric.code.tex 2023-01-15 v3.1.10 (3.1.10)
))
(c:/texlive/2024/texmf-dist/tex/generic/pgf/frontendlayer/tikz/libraries/tikzli
braryshapes.misc.code.tex
File: tikzlibraryshapes.misc.code.tex 2023-01-15 v3.1.10 (3.1.10)

(c:/texlive/2024/texmf-dist/tex/generic/pgf/libraries/shapes/pgflibraryshapes.m
isc.code.tex
File: pgflibraryshapes.misc.code.tex 2023-01-15 v3.1.10 (3.1.10)
))
(c:/texlive/2024/texmf-dist/tex/generic/pgf/frontendlayer/tikz/libraries/tikzli
braryshapes.symbols.code.tex
File: tikzlibraryshapes.symbols.code.tex 2023-01-15 v3.1.10 (3.1.10)

(c:/texlive/2024/texmf-dist/tex/generic/pgf/libraries/shapes/pgflibraryshapes.s
ymbols.code.tex
File: pgflibraryshapes.symbols.code.tex 2023-01-15 v3.1.10 (3.1.10)
))
(c:/texlive/2024/texmf-dist/tex/generic/pgf/frontendlayer/tikz/libraries/tikzli
braryshapes.arrows.code.tex
File: tikzlibraryshapes.arrows.code.tex 2023-01-15 v3.1.10 (3.1.10)

(c:/texlive/2024/texmf-dist/tex/generic/pgf/libraries/shapes/pgflibraryshapes.a
rrows.code.tex
File: pgflibraryshapes.arrows.code.tex 2023-01-15 v3.1.10 (3.1.10)
))
(c:/texlive/2024/texmf-dist/tex/generic/pgf/frontendlayer/tikz/libraries/tikzli
braryshapes.callouts.code.tex
(c:/texlive/2024/texmf-dist/tex/generic/pgf/libraries/shapes/pgflibraryshapes.c
allouts.code.tex))
(c:/texlive/2024/texmf-dist/tex/generic/pgf/frontendlayer/tikz/libraries/tikzli
braryshapes.multipart.code.tex
File: tikzlibraryshapes.multipart.code.tex 2023-01-15 v3.1.10 (3.1.10)

(c:/texlive/2024/texmf-dist/tex/generic/pgf/libraries/shapes/pgflibraryshapes.m
ultipart.code.tex
File: pgflibraryshapes.multipart.code.tex 2023-01-15 v3.1.10 (3.1.10)
\pgfnodepartlowerbox=\box69
\pgfnodeparttwobox=\box70
\pgfnodepartthreebox=\box71
\pgfnodepartfourbox=\box72
\pgfnodeparttwentybox=\box73
\pgfnodepartnineteenbox=\box74
\pgfnodeparteighteenbox=\box75
\pgfnodepartseventeenbox=\box76
\pgfnodepartsixteenbox=\box77
\pgfnodepartfifteenbox=\box78
\pgfnodepartfourteenbox=\box79
\pgfnodepartthirteenbox=\box80
\pgfnodeparttwelvebox=\box81
\pgfnodepartelevenbox=\box82
\pgfnodeparttenbox=\box83
\pgfnodepartninebox=\box84
\pgfnodeparteightbox=\box85
\pgfnodepartsevenbox=\box86
\pgfnodepartsixbox=\box87
\pgfnodepartfivebox=\box88
)))
(c:/texlive/2024/texmf-dist/tex/generic/pgf/frontendlayer/tikz/libraries/tikzli
braryarrows.code.tex
File: tikzlibraryarrows.code.tex 2023-01-15 v3.1.10 (3.1.10)

(c:/texlive/2024/texmf-dist/tex/generic/pgf/libraries/pgflibraryarrows.code.tex
File: pgflibraryarrows.code.tex 2023-01-15 v3.1.10 (3.1.10)
\arrowsize=\dimen302
))
(c:/texlive/2024/texmf-dist/tex/generic/pgf/frontendlayer/tikz/libraries/tikzli
brarypositioning.code.tex
File: tikzlibrarypositioning.code.tex 2023-01-15 v3.1.10 (3.1.10)
)
(c:/texlive/2024/texmf-dist/tex/generic/pgf/frontendlayer/tikz/libraries/tikzli
brarycalc.code.tex
File: tikzlibrarycalc.code.tex 2023-01-15 v3.1.10 (3.1.10)
)
(c:/texlive/2024/texmf-dist/tex/generic/pgf/frontendlayer/tikz/libraries/tikzli
brarydecorations.pathreplacing.code.tex
(c:/texlive/2024/texmf-dist/tex/generic/pgf/frontendlayer/tikz/libraries/tikzli
brarydecorations.code.tex
(c:/texlive/2024/texmf-dist/tex/generic/pgf/modules/pgfmoduledecorations.code.t
ex
\pgfdecoratedcompleteddistance=\dimen303
\pgfdecoratedremainingdistance=\dimen304
\pgfdecoratedinputsegmentcompleteddistance=\dimen305
\pgfdecoratedinputsegmentremainingdistance=\dimen306
\pgf@decorate@distancetomove=\dimen307
\pgf@decorate@repeatstate=\count330
\pgfdecorationsegmentamplitude=\dimen308
\pgfdecorationsegmentlength=\dimen309
)
\tikz@lib@dec@box=\box89
)
(c:/texlive/2024/texmf-dist/tex/generic/pgf/libraries/decorations/pgflibrarydec
orations.pathreplacing.code.tex))
(c:/texlive/2024/texmf-dist/tex/latex/geometry/geometry.sty
Package: geometry 2020/01/02 v5.9 Page Geometry

(c:/texlive/2024/texmf-dist/tex/generic/iftex/ifvtex.sty
Package: ifvtex 2019/10/25 v1.7 ifvtex legacy package. Use iftex instead.

(c:/texlive/2024/texmf-dist/tex/generic/iftex/iftex.sty
Package: iftex 2022/02/03 v1.0f TeX engine tests
))
\Gm@cnth=\count331
\Gm@cntv=\count332
\c@Gm@tempcnt=\count333
\Gm@bindingoffset=\dimen310
\Gm@wd@mp=\dimen311
\Gm@odd@mp=\dimen312
\Gm@even@mp=\dimen313
\Gm@layoutwidth=\dimen314
\Gm@layoutheight=\dimen315
\Gm@layouthoffset=\dimen316
\Gm@layoutvoffset=\dimen317
\Gm@dimlist=\toks41
)
(c:/texlive/2024/texmf-dist/tex/latex/setspace/setspace.sty
Package: setspace 2022/12/04 v6.7b set line spacing
)
(c:/texlive/2024/texmf-dist/tex/latex/tools/longtable.sty
Package: longtable 2023-11-01 v4.19 Multi-page Table package (DPC)
\LTleft=\skip70
\LTright=\skip71
\LTpre=\skip72
\LTpost=\skip73
\LTchunksize=\count334
\LTcapwidth=\dimen318
\LT@head=\box90
\LT@firsthead=\box91
\LT@foot=\box92
\LT@lastfoot=\box93
\LT@gbox=\box94
\LT@cols=\count335
\LT@rows=\count336
\c@LT@tables=\count337
\c@LT@chunks=\count338
\LT@p@ftn=\toks42
)
(c:/texlive/2024/texmf-dist/tex/latex/booktabs/booktabs.sty
Package: booktabs 2020/01/12 v1.61803398 Publication quality tables
\heavyrulewidth=\dimen319
\lightrulewidth=\dimen320
\cmidrulewidth=\dimen321
\belowrulesep=\dimen322
\belowbottomsep=\dimen323
\aboverulesep=\dimen324
\abovetopsep=\dimen325
\cmidrulesep=\dimen326
\cmidrulekern=\dimen327
\defaultaddspace=\dimen328
\@cmidla=\count339
\@cmidlb=\count340
\@aboverulesep=\dimen329
\@belowrulesep=\dimen330
\@thisruleclass=\count341
\@lastruleclass=\count342
\@thisrulewidth=\dimen331
)
(c:/texlive/2024/texmf-dist/tex/latex/tools/array.sty
Package: array 2023/10/16 v2.5g Tabular extension package (FMi)
\col@sep=\dimen332
\ar@mcellbox=\box95
\extrarowheight=\dimen333
\NC@list=\toks43
\extratabsurround=\skip74
\backup@length=\skip75
\ar@cellbox=\box96
)
(c:/texlive/2024/texmf-dist/tex/latex/multirow/multirow.sty
Package: multirow 2021/03/15 v2.8 Span multiple rows of a table
\multirow@colwidth=\skip76
\multirow@cntb=\count343
\multirow@dima=\skip77
\bigstrutjot=\dimen334
)
(c:/texlive/2024/texmf-dist/tex/latex/tools/multicol.sty
Package: multicol 2023/03/30 v1.9f multicolumn formatting (FMi)
\c@tracingmulticols=\count344
\mult@box=\box97
\multicol@leftmargin=\dimen335
\c@unbalance=\count345
\c@collectmore=\count346
\doublecol@number=\count347
\multicoltolerance=\count348
\multicolpretolerance=\count349
\full@width=\dimen336
\page@free=\dimen337
\premulticols=\dimen338
\postmulticols=\dimen339
\multicolsep=\skip78
\multicolbaselineskip=\skip79
\partial@page=\box98
\last@line=\box99
\mc@boxedresult=\box100
\maxbalancingoverflow=\dimen340
\mult@rightbox=\box101
\mult@grightbox=\box102
\mult@firstbox=\box103
\mult@gfirstbox=\box104
\@tempa=\box105
\@tempa=\box106
\@tempa=\box107
\@tempa=\box108
\@tempa=\box109
\@tempa=\box110
\@tempa=\box111
\@tempa=\box112
\@tempa=\box113
\@tempa=\box114
\@tempa=\box115
\@tempa=\box116
\@tempa=\box117
\@tempa=\box118
\@tempa=\box119
\@tempa=\box120
\@tempa=\box121
\@tempa=\box122
\@tempa=\box123
\@tempa=\box124
\@tempa=\box125
\@tempa=\box126
\@tempa=\box127
\@tempa=\box128
\@tempa=\box129
\@tempa=\box130
\@tempa=\box131
\@tempa=\box132
\@tempa=\box133
\@tempa=\box134
\@tempa=\box135
\@tempa=\box136
\@tempa=\box137
\@tempa=\box138
\@tempa=\box139
\@tempa=\box140
\c@minrows=\count350
\c@columnbadness=\count351
\c@finalcolumnbadness=\count352
\last@try=\dimen341
\multicolovershoot=\dimen342
\multicolundershoot=\dimen343
\mult@nat@firstbox=\box141
\colbreak@box=\box142
\mc@col@check@num=\count353
)
(c:/texlive/2024/texmf-dist/tex/latex/tools/tabularx.sty
Package: tabularx 2023/07/08 v2.11c `tabularx' package (DPC)
\TX@col@width=\dimen344
\TX@old@table=\dimen345
\TX@old@col=\dimen346
\TX@target=\dimen347
\TX@delta=\dimen348
\TX@cols=\count354
\TX@ftn=\toks44
)
(c:/texlive/2024/texmf-dist/tex/latex/enumitem/enumitem.sty
Package: enumitem 2019/06/20 v3.9 Customized lists
\labelindent=\skip80
\enit@outerparindent=\dimen349
\enit@toks=\toks45
\enit@inbox=\box143
\enit@count@id=\count355
\enitdp@description=\count356
)
(c:/texlive/2024/texmf-dist/tex/latex/listings/listings.sty
\lst@mode=\count357
\lst@gtempboxa=\box144
\lst@token=\toks46
\lst@length=\count358
\lst@currlwidth=\dimen350
\lst@column=\count359
\lst@pos=\count360
\lst@lostspace=\dimen351
\lst@width=\dimen352
\lst@newlines=\count361
\lst@lineno=\count362
\lst@maxwidth=\dimen353

(c:/texlive/2024/texmf-dist/tex/latex/listings/lstpatch.sty
File: lstpatch.sty 2024/02/21 1.10 (Carsten Heinz)
)
(c:/texlive/2024/texmf-dist/tex/latex/listings/lstmisc.sty
File: lstmisc.sty 2024/02/21 1.10 (Carsten Heinz)
\c@lstnumber=\count363
\lst@skipnumbers=\count364
\lst@framebox=\box145
)
(c:/texlive/2024/texmf-dist/tex/latex/listings/listings.cfg
File: listings.cfg 2024/02/21 1.10 listings configuration
))
Package: listings 2024/02/21 1.10 (Carsten Heinz)

(c:/texlive/2024/texmf-dist/tex/xelatex/xecjk/xeCJK-listings.sty
Package: xeCJK-listings 2022/08/05 v3.9.1 xeCJK patch file for listings
\l__xeCJK_listings_max_char_int=\count365
\l__xeCJK_listings_flag_int=\count366
)
(c:/texlive/2024/texmf-dist/tex/latex/fancyvrb/fancyvrb.sty
Package: fancyvrb 2024/01/20 4.5c verbatim text (tvz,hv)
\FV@CodeLineNo=\count367
\FV@InFile=\read3
\FV@TabBox=\box146
\c@FancyVerbLine=\count368
\FV@StepNumber=\count369
\FV@OutFile=\write4
)
(c:/texlive/2024/texmf-dist/tex/latex/svg/svg.sty
Package: svg 2020/11/26 v2.02k (include SVG pictures)

(c:/texlive/2024/texmf-dist/tex/latex/koma-script/scrbase.sty
Package: scrbase 2023/07/07 v3.41 KOMA-Script package (KOMA-Script-independent 
basics and keyval usage)

(c:/texlive/2024/texmf-dist/tex/latex/koma-script/scrlfile.sty
Package: scrlfile 2023/07/07 v3.41 KOMA-Script package (file load hooks)

(c:/texlive/2024/texmf-dist/tex/latex/koma-script/scrlfile-hook.sty
Package: scrlfile-hook 2023/07/07 v3.41 KOMA-Script package (using LaTeX hooks)


(c:/texlive/2024/texmf-dist/tex/latex/koma-script/scrlogo.sty
Package: scrlogo 2023/07/07 v3.41 KOMA-Script package (logo)
)))
Applying: [2021/05/01] Usage of raw or classic option list on input line 252.
Already applied: [0000/00/00] Usage of raw or classic option list on input line
 368.
)
(c:/texlive/2024/texmf-dist/tex/generic/pdftexcmds/pdftexcmds.sty
Package: pdftexcmds 2020-06-27 v0.33 Utility functions of pdfTeX for LuaTeX (HO
)

(c:/texlive/2024/texmf-dist/tex/generic/infwarerr/infwarerr.sty
Package: infwarerr 2019/12/03 v1.5 Providing info/warning/error messages (HO)
)
(c:/texlive/2024/texmf-dist/tex/generic/ltxcmds/ltxcmds.sty
Package: ltxcmds 2023-12-04 v1.26 LaTeX kernel commands for general use (HO)
)
Package pdftexcmds Info: \pdf@primitive is available.
Package pdftexcmds Info: \pdf@ifprimitive is available.
Package pdftexcmds Info: \pdfdraftmode not found.
)
(c:/texlive/2024/texmf-dist/tex/latex/trimspaces/trimspaces.sty
Package: trimspaces 2009/09/17 v1.1 Trim spaces around a token list
)
(c:/texlive/2024/texmf-dist/tex/latex/tools/shellesc.sty
Package: shellesc 2023/07/08 v1.0d unified shell escape interface for LaTeX
Package shellesc Info: Restricted shell escape enabled on input line 77.
)
\c@svg@param@lastpage=\count370
\svg@box=\box147
\c@svg@param@currpage=\count371
)
(c:/texlive/2024/texmf-dist/tex/latex/transparent/transparent.sty
Package: transparent 2022-10-27 v1.5 Transparency with color stacks

(c:/texlive/2024/texmf-dist/tex/latex/transparent/transparent-nometadata.sty
Package: transparent-nometadata 2022-10-27 v1.5 Transparency via pdfTeX's color
 stack (HO)


Package transparent Warning: Loading aborted, because pdfTeX is not running in 
PDF mode.

)) (c:/texlive/2024/texmf-dist/tex/latex/tcolorbox/tcolorbox.sty
Package: tcolorbox 2024/01/10 version 6.2.0 text color boxes

(c:/texlive/2024/texmf-dist/tex/latex/tools/verbatim.sty
Package: verbatim 2023-11-06 v1.5v LaTeX2e package for verbatim enhancements
\every@verbatim=\toks47
\verbatim@line=\toks48
\verbatim@in@stream=\read4
)
(c:/texlive/2024/texmf-dist/tex/latex/environ/environ.sty
Package: environ 2014/05/04 v0.3 A new way to define environments
)
(c:/texlive/2024/texmf-dist/tex/latex/etoolbox/etoolbox.sty
Package: etoolbox 2020/10/05 v2.5k e-TeX tools for LaTeX (JAW)
\etb@tempcnta=\count372
)
\tcb@titlebox=\box148
\tcb@upperbox=\box149
\tcb@lowerbox=\box150
\tcb@phantombox=\box151
\c@tcbbreakpart=\count373
\c@tcblayer=\count374
\c@tcolorbox@number=\count375
\l__tcobox_tmpa_box=\box152
\l__tcobox_tmpa_dim=\dimen354
\tcb@temp=\box153
\tcb@temp=\box154
\tcb@temp=\box155
\tcb@temp=\box156
)
(c:/texlive/2024/texmf-dist/tex/latex/tcolorbox/tcbraster.code.tex
Library (tcolorbox): 'tcbraster.code.tex' version '6.2.0'
\c@tcbrastercolumn=\count376
\c@tcbrasterrow=\count377
\c@tcbrasternum=\count378
\c@tcbraster=\count379
) (c:/texlive/2024/texmf-dist/tex/latex/tcolorbox/tcbskins.code.tex
Library (tcolorbox): 'tcbskins.code.tex' version '6.2.0'
(c:/texlive/2024/texmf-dist/tex/latex/tikzfill/tikzfill.image.sty
Package: tikzfill.image 2023/08/08 v1.0.1 Image filling library for TikZ

(c:/texlive/2024/texmf-dist/tex/latex/tikzfill/tikzfill-common.sty
Package: tikzfill-common 2023/08/08 v1.0.1 Auxiliary code for tikzfill
)
(c:/texlive/2024/texmf-dist/tex/latex/tikzfill/tikzlibraryfill.image.code.tex
File: tikzlibraryfill.image.code.tex 2023/08/08 v1.0.1 Image filling library
\l__tikzfill_img_box=\box157
)) (c:/texlive/2024/texmf-dist/tex/latex/tcolorbox/tcbskinsjigsaw.code.tex
Library (tcolorbox): 'tcbskinsjigsaw.code.tex' version '6.2.0'
)) (c:/texlive/2024/texmf-dist/tex/latex/tcolorbox/tcbbreakable.code.tex
Library (tcolorbox): 'tcbbreakable.code.tex' version '6.2.0'
(c:/texlive/2024/texmf-dist/tex/latex/pdfcol/pdfcol.sty
Package: pdfcol 2022-09-21 v1.7 Handle new color stacks for pdfTeX (HO)
Package pdfcol Info: Interface disabled because of missing PDF mode of pdfTeX.
)
Package pdfcol Info: pdfTeX's color stacks are not available.
\tcb@testbox=\box158
\tcb@totalupperbox=\box159
\tcb@totallowerbox=\box160
)
(c:/texlive/2024/texmf-dist/tex/latex/tcolorbox/tcbhooks.code.tex
Library (tcolorbox): 'tcbhooks.code.tex' version '6.2.0'
) (c:/texlive/2024/texmf-dist/tex/latex/tcolorbox/tcbtheorems.code.tex
Library (tcolorbox): 'tcbtheorems.code.tex' version '6.2.0'
) (c:/texlive/2024/texmf-dist/tex/latex/tcolorbox/tcbfitting.code.tex
Library (tcolorbox): 'tcbfitting.code.tex' version '6.2.0'
\tcbfitdim=\dimen355
\tcb@lowerfitdim=\dimen356
\tcb@upperfitdim=\dimen357
\tcb@cur@hbadness=\count380
) (c:/texlive/2024/texmf-dist/tex/latex/tcolorbox/tcblistingsutf8.code.tex
Library (tcolorbox): 'tcblistingsutf8.code.tex' version '6.2.0'
(c:/texlive/2024/texmf-dist/tex/latex/tcolorbox/tcblistings.code.tex
Library (tcolorbox): 'tcblistings.code.tex' version '6.2.0'
(c:/texlive/2024/texmf-dist/tex/latex/tcolorbox/tcblistingscore.code.tex
Library (tcolorbox): 'tcblistingscore.code.tex' version '6.2.0'
(c:/texlive/2024/texmf-dist/tex/latex/tcolorbox/tcbprocessing.code.tex
Library (tcolorbox): 'tcbprocessing.code.tex' version '6.2.0'
)
\c@tcblisting=\count381
))
Package tcolorbox Info: Library `listingsutf8' is compatible with pdftex only. 
Library `listings` is loaded instead. on input line 29.
) (c:/texlive/2024/texmf-dist/tex/latex/tcolorbox/tcbexternal.code.tex
Library (tcolorbox): 'tcbexternal.code.tex' version '6.2.0'
) (c:/texlive/2024/texmf-dist/tex/latex/tcolorbox/tcbmagazine.code.tex
Library (tcolorbox): 'tcbmagazine.code.tex' version '6.2.0'
) (c:/texlive/2024/texmf-dist/tex/latex/tcolorbox/tcbvignette.code.tex
Library (tcolorbox): 'tcbvignette.code.tex' version '6.2.0'

(c:/texlive/2024/texmf-dist/tex/generic/pgf/frontendlayer/tikz/libraries/tikzli
braryfadings.code.tex
File: tikzlibraryfadings.code.tex 2023-01-15 v3.1.10 (3.1.10)

(c:/texlive/2024/texmf-dist/tex/generic/pgf/libraries/pgflibraryfadings.code.te
x
File: pgflibraryfadings.code.tex 2023-01-15 v3.1.10 (3.1.10)
))) (c:/texlive/2024/texmf-dist/tex/latex/tcolorbox/tcbposter.code.tex
Library (tcolorbox): 'tcbposter.code.tex' version '6.2.0'
) (c:/texlive/2024/texmf-dist/tex/latex/fancyhdr/fancyhdr.sty
Package: fancyhdr 2022/11/09 v4.1 Extensive control of page headers and footers

\f@nch@headwidth=\skip81
\f@nch@O@elh=\skip82
\f@nch@O@erh=\skip83
\f@nch@O@olh=\skip84
\f@nch@O@orh=\skip85
\f@nch@O@elf=\skip86
\f@nch@O@erf=\skip87
\f@nch@O@olf=\skip88
\f@nch@O@orf=\skip89
)
(c:/texlive/2024/texmf-dist/tex/latex/hyperref/hyperref.sty
Package: hyperref 2024-01-20 v7.01h Hypertext links for LaTeX

(c:/texlive/2024/texmf-dist/tex/latex/kvsetkeys/kvsetkeys.sty
Package: kvsetkeys 2022-10-05 v1.19 Key value parser (HO)
)
(c:/texlive/2024/texmf-dist/tex/generic/kvdefinekeys/kvdefinekeys.sty
Package: kvdefinekeys 2019-12-19 v1.6 Define keys (HO)
)
(c:/texlive/2024/texmf-dist/tex/generic/pdfescape/pdfescape.sty
Package: pdfescape 2019/12/09 v1.15 Implements pdfTeX's escape features (HO)
)
(c:/texlive/2024/texmf-dist/tex/latex/hycolor/hycolor.sty
Package: hycolor 2020-01-27 v1.10 Color options for hyperref/bookmark (HO)
)
(c:/texlive/2024/texmf-dist/tex/latex/auxhook/auxhook.sty
Package: auxhook 2019-12-17 v1.6 Hooks for auxiliary files (HO)
)
(c:/texlive/2024/texmf-dist/tex/latex/hyperref/nameref.sty
Package: nameref 2023-11-26 v2.56 Cross-referencing by name of section

(c:/texlive/2024/texmf-dist/tex/latex/refcount/refcount.sty
Package: refcount 2019/12/15 v3.6 Data extraction from label references (HO)
)
(c:/texlive/2024/texmf-dist/tex/generic/gettitlestring/gettitlestring.sty
Package: gettitlestring 2019/12/15 v1.6 Cleanup title references (HO)

(c:/texlive/2024/texmf-dist/tex/latex/kvoptions/kvoptions.sty
Package: kvoptions 2022-06-15 v3.15 Key value format for package options (HO)
))
\c@section@level=\count382
)
\@linkdim=\dimen358
\Hy@linkcounter=\count383
\Hy@pagecounter=\count384

(c:/texlive/2024/texmf-dist/tex/latex/hyperref/pd1enc.def
File: pd1enc.def 2024-01-20 v7.01h Hyperref: PDFDocEncoding definition (HO)
)
(c:/texlive/2024/texmf-dist/tex/generic/intcalc/intcalc.sty
Package: intcalc 2019/12/15 v1.3 Expandable calculations with integers (HO)
)
\Hy@SavedSpaceFactor=\count385

(c:/texlive/2024/texmf-dist/tex/latex/hyperref/puenc.def
File: puenc.def 2024-01-20 v7.01h Hyperref: PDF Unicode definition (HO)
)
Package hyperref Info: Option `unicode' set `true' on input line 4062.
Package hyperref Info: Hyper figures OFF on input line 4179.
Package hyperref Info: Link nesting OFF on input line 4184.
Package hyperref Info: Hyper index ON on input line 4187.
Package hyperref Info: Plain pages OFF on input line 4194.
Package hyperref Info: Backreferencing OFF on input line 4199.
Package hyperref Info: Implicit mode ON; LaTeX internals redefined.
Package hyperref Info: Bookmarks ON on input line 4446.
\c@Hy@tempcnt=\count386

(c:/texlive/2024/texmf-dist/tex/latex/url/url.sty
\Urlmuskip=\muskip18
Package: url 2013/09/16  ver 3.4  Verb mode for urls, etc.
)
LaTeX Info: Redefining \url on input line 4784.
\XeTeXLinkMargin=\dimen359

(c:/texlive/2024/texmf-dist/tex/generic/bitset/bitset.sty
Package: bitset 2019/12/09 v1.3 Handle bit-vector datatype (HO)

(c:/texlive/2024/texmf-dist/tex/generic/bigintcalc/bigintcalc.sty
Package: bigintcalc 2019/12/15 v1.5 Expandable calculations on big integers (HO
)
))
\Fld@menulength=\count387
\Field@Width=\dimen360
\Fld@charsize=\dimen361
Package hyperref Info: Hyper figures OFF on input line 6063.
Package hyperref Info: Link nesting OFF on input line 6068.
Package hyperref Info: Hyper index ON on input line 6071.
Package hyperref Info: backreferencing OFF on input line 6078.
Package hyperref Info: Link coloring OFF on input line 6083.
Package hyperref Info: Link coloring with OCG OFF on input line 6088.
Package hyperref Info: PDF/A mode OFF on input line 6093.

(c:/texlive/2024/texmf-dist/tex/latex/base/atbegshi-ltx.sty
Package: atbegshi-ltx 2021/01/10 v1.0c Emulation of the original atbegshi
package with kernel methods
)
\Hy@abspage=\count388
\c@Item=\count389
\c@Hfootnote=\count390
)
Package hyperref Info: Driver (autodetected): hxetex.

(c:/texlive/2024/texmf-dist/tex/latex/hyperref/hxetex.def
File: hxetex.def 2024-01-20 v7.01h Hyperref driver for XeTeX

(c:/texlive/2024/texmf-dist/tex/generic/stringenc/stringenc.sty
Package: stringenc 2019/11/29 v1.12 Convert strings between diff. encodings (HO
)
)
\pdfm@box=\box161
\c@Hy@AnnotLevel=\count391
\HyField@AnnotCount=\count392
\Fld@listcount=\count393
\c@bookmark@seq@number=\count394

(c:/texlive/2024/texmf-dist/tex/latex/rerunfilecheck/rerunfilecheck.sty
Package: rerunfilecheck 2022-07-10 v1.10 Rerun checks for auxiliary files (HO)

(c:/texlive/2024/texmf-dist/tex/latex/base/atveryend-ltx.sty
Package: atveryend-ltx 2020/08/19 v1.0a Emulation of the original atveryend pac
kage
with kernel methods
)
(c:/texlive/2024/texmf-dist/tex/generic/uniquecounter/uniquecounter.sty
Package: uniquecounter 2019/12/15 v1.4 Provide unlimited unique counter (HO)
)
Package uniquecounter Info: New unique counter `rerunfilecheck' on input line 2
85.
)
\Hy@SectionHShift=\skip90
)
(c:/texlive/2024/texmf-dist/tex/latex/biblatex/biblatex.sty
Package: biblatex 2023/03/05 v3.19 programmable bibliographies (PK/MW)

(c:/texlive/2024/texmf-dist/tex/latex/logreq/logreq.sty
Package: logreq 2010/08/04 v1.0 xml request logger
\lrq@indent=\count395

(c:/texlive/2024/texmf-dist/tex/latex/logreq/logreq.def
File: logreq.def 2010/08/04 v1.0 logreq spec v1.0
))
(c:/texlive/2024/texmf-dist/tex/latex/base/ifthen.sty
Package: ifthen 2022/04/13 v1.1d Standard LaTeX ifthen package (DPC)
)
\c@tabx@nest=\count396
\c@listtotal=\count397
\c@listcount=\count398
\c@liststart=\count399
\c@liststop=\count400
\c@citecount=\count401
\c@citetotal=\count402
\c@multicitecount=\count403
\c@multicitetotal=\count404
\c@instcount=\count405
\c@maxnames=\count406
\c@minnames=\count407
\c@maxitems=\count408
\c@minitems=\count409
\c@citecounter=\count410
\c@maxcitecounter=\count411
\c@savedcitecounter=\count412
\c@uniquelist=\count413
\c@uniquename=\count414
\c@refsection=\count415
\c@refsegment=\count416
\c@maxextratitle=\count417
\c@maxextratitleyear=\count418
\c@maxextraname=\count419
\c@maxextradate=\count420
\c@maxextraalpha=\count421
\c@abbrvpenalty=\count422
\c@highnamepenalty=\count423
\c@lownamepenalty=\count424
\c@maxparens=\count425
\c@parenlevel=\count426
\blx@tempcnta=\count427
\blx@tempcntb=\count428
\blx@tempcntc=\count429
\c@blx@maxsection=\count430
\blx@maxsegment@0=\count431
\blx@notetype=\count432
\blx@parenlevel@text=\count433
\blx@parenlevel@foot=\count434
\blx@sectionciteorder@0=\count435
\blx@sectionciteorderinternal@0=\count436
\blx@entrysetcounter=\count437
\blx@biblioinstance=\count438
\labelnumberwidth=\skip91
\labelalphawidth=\skip92
\biblabelsep=\skip93
\bibitemsep=\skip94
\bibnamesep=\skip95
\bibinitsep=\skip96
\bibparsep=\skip97
\bibhang=\skip98
\blx@bcfin=\read5
\blx@bcfout=\write5
\blx@langwohyphens=\language89
\c@mincomprange=\count439
\c@maxcomprange=\count440
\c@mincompwidth=\count441
Package biblatex Info: Trying to load biblatex default data model...
Package biblatex Info: ... file 'blx-dm.def' found.

(c:/texlive/2024/texmf-dist/tex/latex/biblatex/blx-dm.def
File: blx-dm.def 2023/03/05 v3.19 biblatex localization (PK/MW)
)
Package biblatex Info: Trying to load biblatex style data model...
Package biblatex Info: ... file 'gb7714-2015.dbx' not found.
Package biblatex Info: Trying to load biblatex custom data model...
Package biblatex Info: ... file 'biblatex-dm.cfg' not found.
\c@afterword=\count442
\c@savedafterword=\count443
\c@annotator=\count444
\c@savedannotator=\count445
\c@author=\count446
\c@savedauthor=\count447
\c@bookauthor=\count448
\c@savedbookauthor=\count449
\c@commentator=\count450
\c@savedcommentator=\count451
\c@editor=\count452
\c@savededitor=\count453
\c@editora=\count454
\c@savededitora=\count455
\c@editorb=\count456
\c@savededitorb=\count457
\c@editorc=\count458
\c@savededitorc=\count459
\c@foreword=\count460
\c@savedforeword=\count461
\c@holder=\count462
\c@savedholder=\count463
\c@introduction=\count464
\c@savedintroduction=\count465
\c@namea=\count466
\c@savednamea=\count467
\c@nameb=\count468
\c@savednameb=\count469
\c@namec=\count470
\c@savednamec=\count471
\c@translator=\count472
\c@savedtranslator=\count473
\c@shortauthor=\count474
\c@savedshortauthor=\count475
\c@shorteditor=\count476
\c@savedshorteditor=\count477
\c@labelname=\count478
\c@savedlabelname=\count479
\c@institution=\count480
\c@savedinstitution=\count481
\c@lista=\count482
\c@savedlista=\count483
\c@listb=\count484
\c@savedlistb=\count485
\c@listc=\count486
\c@savedlistc=\count487
\c@listd=\count488
\c@savedlistd=\count489
\c@liste=\count490
\c@savedliste=\count491
\c@listf=\count492
\c@savedlistf=\count493
\c@location=\count494
\c@savedlocation=\count495
\c@organization=\count496
\c@savedorganization=\count497
\c@origlocation=\count498
\c@savedoriglocation=\count499
\c@origpublisher=\count500
\c@savedorigpublisher=\count501
\c@publisher=\count502
\c@savedpublisher=\count503
\c@language=\count504
\c@savedlanguage=\count505
\c@origlanguage=\count506
\c@savedoriglanguage=\count507
\c@pageref=\count508
\c@savedpageref=\count509
\shorthandwidth=\skip99
\shortjournalwidth=\skip100
\shortserieswidth=\skip101
\shorttitlewidth=\skip102
\shortauthorwidth=\skip103
\shorteditorwidth=\skip104
\locallabelnumberwidth=\skip105
\locallabelalphawidth=\skip106
\localshorthandwidth=\skip107
\localshortjournalwidth=\skip108
\localshortserieswidth=\skip109
\localshorttitlewidth=\skip110
\localshortauthorwidth=\skip111
\localshorteditorwidth=\skip112
Package biblatex Info: Trying to load enhanced support for Unicode engines...
Package biblatex Info: ... file 'blx-unicode.def' found.

(c:/texlive/2024/texmf-dist/tex/latex/biblatex/blx-unicode.def)
Package biblatex Info: Trying to load compatibility code...
Package biblatex Info: ... file 'blx-compat.def' found.

(c:/texlive/2024/texmf-dist/tex/latex/biblatex/blx-compat.def
File: blx-compat.def 2023/03/05 v3.19 biblatex compatibility (PK/MW)
)
Package biblatex Info: Trying to load generic definitions...
Package biblatex Info: ... file 'biblatex.def' found.

(c:/texlive/2024/texmf-dist/tex/latex/biblatex/biblatex.def
File: biblatex.def 2023/03/05 v3.19 biblatex compatibility (PK/MW)
\c@textcitecount=\count510
\c@textcitetotal=\count511
\c@textcitemaxnames=\count512
\c@biburlbigbreakpenalty=\count513
\c@biburlbreakpenalty=\count514
\c@biburlnumpenalty=\count515
\c@biburlucpenalty=\count516
\c@biburllcpenalty=\count517
\biburlbigskip=\muskip19
\biburlnumskip=\muskip20
\biburlucskip=\muskip21
\biburllcskip=\muskip22
\c@smartand=\count518
)
Package biblatex Info: Trying to load bibliography style 'gb7714-2015'...
Package biblatex Info: ... file 'gb7714-2015.bbx' found.

(c:/texlive/2024/texmf-dist/tex/latex/biblatex-gb7714-2015/gb7714-2015.bbx
File: gb7714-2015.bbx 2024/02/10 v1.1pbiblatex bibliography style
Package biblatex Info: Trying to load bibliography style 'numeric-comp'...
Package biblatex Info: ... file 'numeric-comp.bbx' found.

(c:/texlive/2024/texmf-dist/tex/latex/biblatex/bbx/numeric-comp.bbx
File: numeric-comp.bbx 2023/03/05 v3.19 biblatex bibliography style (PK/MW)
Package biblatex Info: Trying to load bibliography style 'numeric'...
Package biblatex Info: ... file 'numeric.bbx' found.

(c:/texlive/2024/texmf-dist/tex/latex/biblatex/bbx/numeric.bbx
File: numeric.bbx 2023/03/05 v3.19 biblatex bibliography style (PK/MW)
Package biblatex Info: Trying to load bibliography style 'standard'...
Package biblatex Info: ... file 'standard.bbx' found.

(c:/texlive/2024/texmf-dist/tex/latex/biblatex/bbx/standard.bbx
File: standard.bbx 2023/03/05 v3.19 biblatex bibliography style (PK/MW)
\c@bbx:relatedcount=\count519
\c@bbx:relatedtotal=\count520
)))
(c:/texlive/2024/texmf-dist/tex/generic/xstring/xstring.sty
(c:/texlive/2024/texmf-dist/tex/generic/xstring/xstring.tex
\xs_counta=\count521
\xs_countb=\count522
)
Package: xstring 2023/08/22 v1.86 String manipulations (CT)
)
\BracketLift=\skip113
\footbibmargin=\skip114
\footbiblabelsep=\skip115
\c@gbnamefmtcase=\count523
\c@gbalignlabel=\count524
\c@gbcitelocalcase=\count525
\c@gbbiblocalcase=\count526
\c@lanordernum=\count527
\bibitemindent=\skip116
\biblabelextend=\skip117
Package biblatex Info: Delimiter 'finalnamedelim' in context '' already defined
, overwriting.
)
Package biblatex Info: Trying to load citation style 'gb7714-2015'...
Package biblatex Info: ... file 'gb7714-2015.cbx' found.

(c:/texlive/2024/texmf-dist/tex/latex/biblatex-gb7714-2015/gb7714-2015.cbx
File: gb7714-2015.cbx a biblatex citation style for GB/T 7714-2015
Package biblatex Info: Trying to load citation style 'numeric-comp'...
Package biblatex Info: ... file 'numeric-comp.cbx' found.

(c:/texlive/2024/texmf-dist/tex/latex/biblatex/cbx/numeric-comp.cbx
File: numeric-comp.cbx 2023/03/05 v3.19 biblatex citation style (PK/MW)
\c@cbx@tempcnta=\count528
\c@cbx@tempcntb=\count529
\c@cbx@tempcntc=\count530
\c@cbx@tempcntd=\count531
Package biblatex Info: Redefining '\cite'.
Package biblatex Info: Redefining '\parencite'.
Package biblatex Info: Redefining '\footcite'.
Package biblatex Info: Redefining '\footcitetext'.
Package biblatex Info: Redefining '\smartcite'.
Package biblatex Info: Redefining '\supercite'.
Package biblatex Info: Redefining '\textcite'.
Package biblatex Info: Redefining '\textcites'.
Package biblatex Info: Redefining '\cites'.
Package biblatex Info: Redefining '\parencites'.
Package biblatex Info: Redefining '\smartcites'.
)
\c@gbrefcompress=\count532
Package biblatex Info: Redefining '\cite'.
Package biblatex Info: Redefining '\parencite'.
Package biblatex Info: Redefining '\cbx@textcite'.
)
Package biblatex Info: Trying to load configuration file...
Package biblatex Info: ... file 'biblatex.cfg' found.

(c:/texlive/2024/texmf-dist/tex/latex/biblatex/biblatex.cfg
File: biblatex.cfg 
)
Package biblatex Info: XeTeX detected.
(biblatex)             Assuming input encoding 'utf8'.
Package biblatex Info: Document encoding is UTF8 ....
Package biblatex Info: ... and expl3
(biblatex)             2024-02-20 L3 programming layer (loader) 
(biblatex)             is new enough (at least 2020/04/06),
(biblatex)             setting 'casechanger=expl3'.

(c:/texlive/2024/texmf-dist/tex/latex/biblatex/blx-case-expl3.sty
Package: blx-case-expl3 2023/03/05 v3.19 expl3 case changing code for biblatex
))
(c:/texlive/2024/texmf-dist/tex/latex/fontawesome5/fontawesome5.sty
Package: fontawesome5 2022/05/02 v5.15.4 Font Awesome 5

(c:/texlive/2024/texmf-dist/tex/latex/l3packages/l3keys2e/l3keys2e.sty
Package: l3keys2e 2024-02-18 LaTeX2e option processing using LaTeX3 keys
)
(c:/texlive/2024/texmf-dist/tex/latex/fontawesome5/fontawesome5-utex-helper.sty
Package: fontawesome5-utex-helper 2022/05/02 v5.15.4 uTeX helper for fontawesom
e5
LaTeX Font Info:    Trying to load font information for TU+fontawesomefree on i
nput line 69.
(c:/texlive/2024/texmf-dist/tex/latex/fontawesome5/tufontawesomefree.fd)
LaTeX Font Info:    Trying to load font information for TU+fontawesomebrands on
 input line 70.

(c:/texlive/2024/texmf-dist/tex/latex/fontawesome5/tufontawesomebrands.fd)))
(c:/texlive/2024/texmf-dist/tex/latex/base/makeidx.sty
Package: makeidx 2021/10/04 v1.0m Standard LaTeX package
)
\@indexfile=\write6
\openout6 = `main.idx'.


Writing index file main.idx
(c:/texlive/2024/texmf-dist/tex/latex/float/float.sty
Package: float 2001/11/08 v1.3d Float enhancements (AL)
\c@float@type=\count533
\float@exts=\toks49
\float@box=\box162
\@float@everytoks=\toks50
\@floatcapt=\box163
)
(c:/texlive/2024/texmf-dist/tex/latex/caption/subcaption.sty
Package: subcaption 2023/07/28 v1.6b Sub-captions (AR)

(c:/texlive/2024/texmf-dist/tex/latex/caption/caption.sty
Package: caption 2023/08/05 v3.6o Customizing captions (AR)

(c:/texlive/2024/texmf-dist/tex/latex/caption/caption3.sty
Package: caption3 2023/07/31 v2.4d caption3 kernel (AR)
\caption@tempdima=\dimen362
\captionmargin=\dimen363
\caption@leftmargin=\dimen364
\caption@rightmargin=\dimen365
\caption@width=\dimen366
\caption@indent=\dimen367
\caption@parindent=\dimen368
\caption@hangindent=\dimen369
Package caption Info: Standard document class detected.
)
\c@caption@flags=\count534
\c@continuedfloat=\count535
Package caption Info: float package is loaded.
Package caption Info: hyperref package is loaded.
Package caption Info: listings package is loaded.
Package caption Info: longtable package is loaded.

(c:/texlive/2024/texmf-dist/tex/latex/caption/ltcaption.sty
Package: ltcaption 2021/01/08 v1.4c longtable captions (AR)
))
Package caption Info: New subtype `subfigure' on input line 238.
\c@subfigure=\count536
Package caption Info: New subtype `subtable' on input line 238.
\c@subtable=\count537
)
(c:/texlive/2024/texmf-dist/tex/latex/wrapfig/wrapfig.sty
\wrapoverhang=\dimen370
\WF@size=\dimen371
\c@WF@wrappedlines=\count538
\WF@box=\box164
\WF@everypar=\toks51
Package: wrapfig 2003/01/31  v 3.6
)
(c:/texlive/2024/texmf-dist/tex/latex/base/textcomp.sty
Package: textcomp 2020/02/02 v2.0n Standard LaTeX package
)
(c:/texlive/2024/texmf-dist/tex/latex/tools/xspace.sty
Package: xspace 2014/10/28 v1.13 Space after command names (DPC,MH)
)

Package xeCJK Warning: Redefining CJKfamily `\CJKrmdefault' (SimSun(0)).


Package xeCJK Warning: Redefining CJKfamily `\CJKsfdefault' (Microsoft YaHei).


Package xeCJK Warning: Redefining CJKfamily `\CJKttdefault' (FangSong).


Package fontspec Info: Font family 'TimesNewRoman(0)' created for font 'Times
(fontspec)             New Roman' with options [Ligatures=TeX,BoldFont={Times
(fontspec)             New Roman Bold},ItalicFont={Times New Roman
(fontspec)             Italic},BoldItalicFont={Times New Roman Bold Italic}].
(fontspec)              
(fontspec)              This font family consists of the following NFSS
(fontspec)             series/shapes:
(fontspec)              
(fontspec)             - 'normal' (m/n) with NFSS spec.: <->"Times New
(fontspec)             Roman/OT:script=latn;language=dflt;mapping=tex-text;"
(fontspec)             - 'small caps'  (m/sc) with NFSS spec.: <->"Times New
(fontspec)             Roman/OT:script=latn;language=dflt;+smcp;mapping=tex-tex
t;"
(fontspec)             - 'bold' (b/n) with NFSS spec.: <->"Times New Roman
(fontspec)             Bold/OT:script=latn;language=dflt;mapping=tex-text;"
(fontspec)             - 'bold small caps'  (b/sc) with NFSS spec.: <->"Times
(fontspec)             New Roman
(fontspec)             Bold/OT:script=latn;language=dflt;+smcp;mapping=tex-text
;"
(fontspec)             - 'italic' (m/it) with NFSS spec.: <->"Times New Roman
(fontspec)             Italic/OT:script=latn;language=dflt;mapping=tex-text;"
(fontspec)             - 'italic small caps'  (m/scit) with NFSS spec.:
(fontspec)             <->"Times New Roman
(fontspec)             Italic/OT:script=latn;language=dflt;+smcp;mapping=tex-te
xt;"
(fontspec)             - 'bold italic' (b/it) with NFSS spec.: <->"Times New
(fontspec)             Roman Bold
(fontspec)             Italic/OT:script=latn;language=dflt;mapping=tex-text;"
(fontspec)             - 'bold italic small caps'  (b/scit) with NFSS spec.:
(fontspec)             <->"Times New Roman Bold
(fontspec)             Italic/OT:script=latn;language=dflt;+smcp;mapping=tex-te
xt;"


Package fontspec Info: Font family 'Arial(0)' created for font 'Arial' with
(fontspec)             options [Ligatures=TeX,BoldFont={Arial
(fontspec)             Bold},ItalicFont={Arial Italic},BoldItalicFont={Arial
(fontspec)             Bold Italic}].
(fontspec)              
(fontspec)              This font family consists of the following NFSS
(fontspec)             series/shapes:
(fontspec)              
(fontspec)             - 'normal' (m/n) with NFSS spec.:
(fontspec)             <->"Arial/OT:script=latn;language=dflt;mapping=tex-text;
"
(fontspec)             - 'small caps'  (m/sc) with NFSS spec.:
(fontspec)             <->"Arial/OT:script=latn;language=dflt;+smcp;mapping=tex
-text;"
(fontspec)             - 'bold' (b/n) with NFSS spec.: <->"Arial
(fontspec)             Bold/OT:script=latn;language=dflt;mapping=tex-text;"
(fontspec)             - 'bold small caps'  (b/sc) with NFSS spec.: <->"Arial
(fontspec)             Bold/OT:script=latn;language=dflt;+smcp;mapping=tex-text
;"
(fontspec)             - 'italic' (m/it) with NFSS spec.: <->"Arial
(fontspec)             Italic/OT:script=latn;language=dflt;mapping=tex-text;"
(fontspec)             - 'italic small caps'  (m/scit) with NFSS spec.:
(fontspec)             <->"Arial
(fontspec)             Italic/OT:script=latn;language=dflt;+smcp;mapping=tex-te
xt;"
(fontspec)             - 'bold italic' (b/it) with NFSS spec.: <->"Arial Bold
(fontspec)             Italic/OT:script=latn;language=dflt;mapping=tex-text;"
(fontspec)             - 'bold italic small caps'  (b/scit) with NFSS spec.:
(fontspec)             <->"Arial Bold
(fontspec)             Italic/OT:script=latn;language=dflt;+smcp;mapping=tex-te
xt;"


Package fontspec Info: Font family 'CourierNew(0)' created for font 'Courier
(fontspec)             New' with options
(fontspec)             [WordSpace={1,0,0},HyphenChar=None,PunctuationSpace=Word
Space,BoldFont={Courier
(fontspec)             New Bold},ItalicFont={Courier New
(fontspec)             Italic},BoldItalicFont={Courier New Bold Italic}].
(fontspec)              
(fontspec)              This font family consists of the following NFSS
(fontspec)             series/shapes:
(fontspec)              
(fontspec)             - 'normal' (m/n) with NFSS spec.: <->"Courier
(fontspec)             New/OT:script=latn;language=dflt;"
(fontspec)             - 'small caps'  (m/sc) with NFSS spec.: 
(fontspec)             and font adjustment code:
(fontspec)             \fontdimen 2\font =1\fontdimen 2\font \fontdimen 3\font
(fontspec)             =0\fontdimen 3\font \fontdimen 4\font =0\fontdimen
(fontspec)             4\font \fontdimen 7\font =0\fontdimen 2\font
(fontspec)             \tex_hyphenchar:D \font =-1\scan_stop: 
(fontspec)             - 'bold' (b/n) with NFSS spec.: <->"Courier New
(fontspec)             Bold/OT:script=latn;language=dflt;"
(fontspec)             - 'bold small caps'  (b/sc) with NFSS spec.: 
(fontspec)             and font adjustment code:
(fontspec)             \fontdimen 2\font =1\fontdimen 2\font \fontdimen 3\font
(fontspec)             =0\fontdimen 3\font \fontdimen 4\font =0\fontdimen
(fontspec)             4\font \fontdimen 7\font =0\fontdimen 2\font
(fontspec)             \tex_hyphenchar:D \font =-1\scan_stop: 
(fontspec)             - 'italic' (m/it) with NFSS spec.: <->"Courier New
(fontspec)             Italic/OT:script=latn;language=dflt;"
(fontspec)             - 'italic small caps'  (m/scit) with NFSS spec.: 
(fontspec)             and font adjustment code:
(fontspec)             \fontdimen 2\font =1\fontdimen 2\font \fontdimen 3\font
(fontspec)             =0\fontdimen 3\font \fontdimen 4\font =0\fontdimen
(fontspec)             4\font \fontdimen 7\font =0\fontdimen 2\font
(fontspec)             \tex_hyphenchar:D \font =-1\scan_stop: 
(fontspec)             - 'bold italic' (b/it) with NFSS spec.: <->"Courier New
(fontspec)             Bold Italic/OT:script=latn;language=dflt;"
(fontspec)             - 'bold italic small caps'  (b/scit) with NFSS spec.: 
(fontspec)             and font adjustment code:
(fontspec)             \fontdimen 2\font =1\fontdimen 2\font \fontdimen 3\font
(fontspec)             =0\fontdimen 3\font \fontdimen 4\font =0\fontdimen
(fontspec)             4\font \fontdimen 7\font =0\fontdimen 2\font
(fontspec)             \tex_hyphenchar:D \font =-1\scan_stop: 

\c@definition=\count539
\c@theorem=\count540
\c@lemma=\count541
\c@example=\count542
\c@remark=\count543
) (./templates/code-highlighting.tex) (./templates/enhanced-components.tex

! LaTeX Error: Command \subsectionmark already defined.
               Or name \end... illegal, see p.192 of the manual.

See the LaTeX manual or LaTeX Companion for explanation.
Type  H <return>  for immediate help.
 ...                                              
                                                  
l.427 }
       
Your command was ignored.
Type  I <command> <return>  to replace it with another command,
or  <return>  to continue without it.

)
Package hyperref Info: Option `colorlinks' set `true' on input line 49.
\@quotelevel=\count544
\@quotereset=\count545
 (./main.aux

LaTeX Warning: Label `ux5c0fux7ed3' multiply defined.


LaTeX Warning: Label `ux4e60ux9898ux4e0eux601dux8003' multiply defined.


LaTeX Warning: Label `ux53c2ux8003ux6587ux732e' multiply defined.


LaTeX Warning: Label `ux4e60ux9898ux4e0eux601dux8003' multiply defined.


LaTeX Warning: Label `ux53c2ux8003ux6587ux732e' multiply defined.


LaTeX Warning: Label `ux8f6fux4ef6ux5de5ux7a0bux7684ux57faux672cux539fux5219' m
ultiply defined.


LaTeX Warning: Label `ux4e60ux9898ux4e0eux601dux8003' multiply defined.


LaTeX Warning: Label `ux53c2ux8003ux6587ux732e' multiply defined.


LaTeX Warning: Label `ux4e60ux9898ux4e0eux601dux8003' multiply defined.

)
\openout1 = `main.aux'.

LaTeX Font Info:    Checking defaults for OML/cmm/m/it on input line 55.
LaTeX Font Info:    ... okay on input line 55.
LaTeX Font Info:    Checking defaults for OMS/cmsy/m/n on input line 55.
LaTeX Font Info:    ... okay on input line 55.
LaTeX Font Info:    Checking defaults for OT1/cmr/m/n on input line 55.
LaTeX Font Info:    ... okay on input line 55.
LaTeX Font Info:    Checking defaults for T1/cmr/m/n on input line 55.
LaTeX Font Info:    ... okay on input line 55.
LaTeX Font Info:    Checking defaults for TS1/cmr/m/n on input line 55.
LaTeX Font Info:    ... okay on input line 55.
LaTeX Font Info:    Checking defaults for TU/lmr/m/n on input line 55.
LaTeX Font Info:    ... okay on input line 55.
LaTeX Font Info:    Checking defaults for OMX/cmex/m/n on input line 55.
LaTeX Font Info:    ... okay on input line 55.
LaTeX Font Info:    Checking defaults for U/cmr/m/n on input line 55.
LaTeX Font Info:    ... okay on input line 55.
LaTeX Font Info:    Checking defaults for PD1/pdf/m/n on input line 55.
LaTeX Font Info:    ... okay on input line 55.
LaTeX Font Info:    Checking defaults for PU/pdf/m/n on input line 55.
LaTeX Font Info:    ... okay on input line 55.

Package fontspec Info: Adjusting the maths setup (use [no-math] to avoid
(fontspec)             this).

\symlegacymaths=\mathgroup6
LaTeX Font Info:    Overwriting symbol font `legacymaths' in version `bold'
(Font)                  OT1/cmr/m/n --> OT1/cmr/bx/n on input line 55.
LaTeX Font Info:    Redeclaring math accent \acute on input line 55.
LaTeX Font Info:    Redeclaring math accent \grave on input line 55.
LaTeX Font Info:    Redeclaring math accent \ddot on input line 55.
LaTeX Font Info:    Redeclaring math accent \tilde on input line 55.
LaTeX Font Info:    Redeclaring math accent \bar on input line 55.
LaTeX Font Info:    Redeclaring math accent \breve on input line 55.
LaTeX Font Info:    Redeclaring math accent \check on input line 55.
LaTeX Font Info:    Redeclaring math accent \hat on input line 55.
LaTeX Font Info:    Redeclaring math accent \dot on input line 55.
LaTeX Font Info:    Redeclaring math accent \mathring on input line 55.
LaTeX Font Info:    Redeclaring math symbol \Gamma on input line 55.
LaTeX Font Info:    Redeclaring math symbol \Delta on input line 55.
LaTeX Font Info:    Redeclaring math symbol \Theta on input line 55.
LaTeX Font Info:    Redeclaring math symbol \Lambda on input line 55.
LaTeX Font Info:    Redeclaring math symbol \Xi on input line 55.
LaTeX Font Info:    Redeclaring math symbol \Pi on input line 55.
LaTeX Font Info:    Redeclaring math symbol \Sigma on input line 55.
LaTeX Font Info:    Redeclaring math symbol \Upsilon on input line 55.
LaTeX Font Info:    Redeclaring math symbol \Phi on input line 55.
LaTeX Font Info:    Redeclaring math symbol \Psi on input line 55.
LaTeX Font Info:    Redeclaring math symbol \Omega on input line 55.
LaTeX Font Info:    Redeclaring math symbol \mathdollar on input line 55.
LaTeX Font Info:    Redeclaring symbol font `operators' on input line 55.
LaTeX Font Info:    Encoding `OT1' has changed to `TU' for symbol font
(Font)              `operators' in the math version `normal' on input line 55.
LaTeX Font Info:    Overwriting symbol font `operators' in version `normal'
(Font)                  OT1/cmr/m/n --> TU/TimesNewRoman(0)/m/n on input line 5
5.
LaTeX Font Info:    Encoding `OT1' has changed to `TU' for symbol font
(Font)              `operators' in the math version `bold' on input line 55.
LaTeX Font Info:    Overwriting symbol font `operators' in version `bold'
(Font)                  OT1/cmr/bx/n --> TU/TimesNewRoman(0)/m/n on input line 
55.
LaTeX Font Info:    Overwriting symbol font `operators' in version `normal'
(Font)                  TU/TimesNewRoman(0)/m/n --> TU/TimesNewRoman(0)/m/n on 
input line 55.
LaTeX Font Info:    Overwriting math alphabet `\mathit' in version `normal'
(Font)                  OT1/cmr/m/it --> TU/TimesNewRoman(0)/m/it on input line
 55.
LaTeX Font Info:    Overwriting math alphabet `\mathbf' in version `normal'
(Font)                  OT1/cmr/bx/n --> TU/TimesNewRoman(0)/b/n on input line 
55.
LaTeX Font Info:    Overwriting math alphabet `\mathsf' in version `normal'
(Font)                  OT1/cmss/m/n --> TU/Arial(0)/m/n on input line 55.
LaTeX Font Info:    Overwriting math alphabet `\mathtt' in version `normal'
(Font)                  OT1/cmtt/m/n --> TU/CourierNew(0)/m/n on input line 55.

LaTeX Font Info:    Overwriting symbol font `operators' in version `bold'
(Font)                  TU/TimesNewRoman(0)/m/n --> TU/TimesNewRoman(0)/b/n on 
input line 55.
LaTeX Font Info:    Overwriting math alphabet `\mathit' in version `bold'
(Font)                  OT1/cmr/bx/it --> TU/TimesNewRoman(0)/b/it on input lin
e 55.
LaTeX Font Info:    Overwriting math alphabet `\mathsf' in version `bold'
(Font)                  OT1/cmss/bx/n --> TU/Arial(0)/b/n on input line 55.
LaTeX Font Info:    Overwriting math alphabet `\mathtt' in version `bold'
(Font)                  OT1/cmtt/m/n --> TU/CourierNew(0)/b/n on input line 55.


*geometry* driver: auto-detecting
*geometry* detected driver: xetex
*geometry* verbose mode - [ preamble ] result:
* driver: xetex
* paper: a4paper
* layout: <same size as paper>
* layoutoffset:(h,v)=(0.0pt,0.0pt)
* bindingoffset: 14.22636pt
* modes: twoside 
* h-part:(L,W,R)=(79.6678pt, 441.01775pt, 62.59596pt)
* v-part:(T,H,B)=(71.13188pt, 702.78308pt, 71.13188pt)
* \paperwidth=597.50787pt
* \paperheight=845.04684pt
* \textwidth=441.01775pt
* \textheight=702.78308pt
* \oddsidemargin=21.62418pt
* \evensidemargin=-9.67403pt
* \topmargin=-36.0119pt
* \headheight=15.0pt
* \headsep=19.8738pt
* \topskip=12.0pt
* \footskip=42.67912pt
* \marginparwidth=88.0pt
* \marginparsep=7.0pt
* \columnsep=10.0pt
* \skip\footins=10.8pt plus 4.0pt minus 2.0pt
* \hoffset=0.0pt
* \voffset=0.0pt
* \mag=1000
* \@twocolumnfalse
* \@twosidetrue
* \@mparswitchtrue
* \@reversemarginfalse
* (1in=72.27pt=25.4mm, 1cm=28.453pt)

\c@lstlisting=\count546
Package hyperref Info: Link coloring ON on input line 55.
(./main.out) (./main.out)
\@outlinefile=\write7
\openout7 = `main.out'.

Package biblatex Info: Trying to load language 'english'...
Package biblatex Info: ... file 'english.lbx' found.

(c:/texlive/2024/texmf-dist/tex/latex/biblatex/lbx/english.lbx
File: english.lbx 2023/03/05 v3.19 biblatex localization (PK/MW)
)
Package biblatex Info: XeTeX detected.
(biblatex)             Assuming input encoding 'utf8'.
Package biblatex Info: Automatic encoding selection.
(biblatex)             Assuming data encoding 'utf8'.
\openout5 = `main.bcf'.

Package biblatex Info: Trying to load bibliographic data...
Package biblatex Info: ... file 'main.bbl' not found.

No file main.bbl.
Package biblatex Info: Reference section=0 on input line 55.
Package biblatex Info: Reference segment=0 on input line 55.
Package caption Info: Begin \AtBeginDocument code.
Package caption Info: wrapfig package is loaded.
Package caption Info: End \AtBeginDocument code.
LaTeX Font Info:    Trying to load font information for U+msa on input line 60.

(c:/texlive/2024/texmf-dist/tex/latex/amsfonts/umsa.fd
File: umsa.fd 2013/01/14 v3.01 AMS symbols A
)
LaTeX Font Info:    Trying to load font information for U+msb on input line 60.


(c:/texlive/2024/texmf-dist/tex/latex/amsfonts/umsb.fd
File: umsb.fd 2013/01/14 v3.01 AMS symbols B
) [1



]
(./templates/copyright.tex [2

] [1] [2

] [3]) (./templates/preface.tex [4

]
[5]) [6] (./main.toc)
\tf@toc=\write8
\openout8 = `main.toc'.

 [7

] [8

] (./main.lof)
\tf@lof=\write9
\openout9 = `main.lof'.

 [9] [10

] (./main.lot)
\tf@lot=\write10
\openout10 = `main.lot'.

 [11] [12

]
(./main.lol)
\tf@lol=\write11
\openout11 = `main.lol'.

 [13] [14

] (./chapters/chapter01/chapter01.tex
第一章
! Use of \tcb@@icolorbox doesn't match its definition.
\new@ifnextchar ...served@d = #1\def \reserved@a {
                                                  #2}\def \reserved@b {#3}\f...
l.9 完
     成本章学习后，您将能够：
If you say, e.g., `\def\a1{...}', then you must always
put `1' after `\a', since control sequence names are
made up of letters only. The macro here has not been
followed by the required stuff, so I'm ignoring it.

! Use of \tcb@@icolorbox doesn't match its definition.
<argument> \def \reserved@a *
                             {\let \l@ngrel@x \relax \new@command }\reserved@a 
l.9 完
     成本章学习后，您将能够：
If you say, e.g., `\def\a1{...}', then you must always
put `1' after `\a', since control sequence names are
made up of letters only. The macro here has not been
followed by the required stuff, so I'm ignoring it.

! Argument of \new@command has an extra }.
<inserted text> 
                \par 
l.9 完
     成本章学习后，您将能够：
I've run across a `}' that doesn't seem to match anything.
For example, `\def\a#1{...}' and `\a}' would produce
this error. If you simply proceed now, the `\par' that
I've just inserted will cause me to report a runaway
argument that might be the root of the problem. But if
your `}' was spurious, just type `2' and it will go away.

Runaway argument?
! Paragraph ended before \new@command was complete.
<to be read again> 
                   \par 
l.9 完
     成本章学习后，您将能够：
I suspect you've forgotten a `}', causing me to apply this
control sequence to too much text. How can we recover?
My plan is to forget the whole thing and hope for the best.

! Use of \tcb@@icolorbox doesn't match its definition.
\new@ifnextchar ...ved@d = #1\def \reserved@a {#2}
                                                  \def \reserved@b {#3}\futu...
l.9 完
     成本章学习后，您将能够：
If you say, e.g., `\def\a1{...}', then you must always
put `1' after `\a', since control sequence names are
made up of letters only. The macro here has not been
followed by the required stuff, so I'm ignoring it.

! Use of \pgfkeys@sp@b doesn't match its definition.
<argument> c
            apture
l.9 完
     成本章学习后，您将能够：
If you say, e.g., `\def\a1{...}', then you must always
put `1' after `\a', since control sequence names are
made up of letters only. The macro here has not been
followed by the required stuff, so I'm ignoring it.

! Undefined control sequence.
\pgfkeys@spdef ...e \pgfkeys@sp@a #2\pgfkeys@stop 
                                                  \pgfkeys@stop  \pgfkeys@st...
l.9 完
     成本章学习后，您将能够：
The control sequence at the end of the top line
of your error message was never \def'ed. If you have
misspelled it (e.g., `\hobx'), type `I' and the correct
spelling (e.g., `I\hbox'). Otherwise just continue,
and I'll forget about whatever was undefined.

! Undefined control sequence.
\pgfkeys@spdef ...a #2\pgfkeys@stop \pgfkeys@stop 
                                                   \pgfkeys@stop \relax #1
l.9 完
     成本章学习后，您将能够：
The control sequence at the end of the top line
of your error message was never \def'ed. If you have
misspelled it (e.g., `\hobx'), type `I' and the correct
spelling (e.g., `I\hbox'). Otherwise just continue,
and I'll forget about whatever was undefined.

! Undefined control sequence.
\pgfkeys@spdef ...op \pgfkeys@stop  \pgfkeys@stop 
                                                  \relax #1
l.9 完
     成本章学习后，您将能够：
The control sequence at the end of the top line
of your error message was never \def'ed. If you have
misspelled it (e.g., `\hobx'), type `I' and the correct
spelling (e.g., `I\hbox'). Otherwise just continue,
and I'll forget about whatever was undefined.

! Use of \tcb@@icolorbox doesn't match its definition.
\new@ifnextchar ...served@d = #1\def \reserved@a {
                                                  #2}\def \reserved@b {#3}\f...
l.9 完
     成本章学习后，您将能够：
If you say, e.g., `\def\a1{...}', then you must always
put `1' after `\a', since control sequence names are
made up of letters only. The macro here has not been
followed by the required stuff, so I'm ignoring it.

! Use of \tcb@@icolorbox doesn't match its definition.
<argument> \def \reserved@a *
                             {\let \l@ngrel@x \relax \new@command }\reserved@a 
l.9 完
     成本章学习后，您将能够：
If you say, e.g., `\def\a1{...}', then you must always
put `1' after `\a', since control sequence names are
made up of letters only. The macro here has not been
followed by the required stuff, so I'm ignoring it.

! Argument of \new@command has an extra }.
<inserted text> 
                \par 
l.9 完
     成本章学习后，您将能够：
I've run across a `}' that doesn't seem to match anything.
For example, `\def\a#1{...}' and `\a}' would produce
this error. If you simply proceed now, the `\par' that
I've just inserted will cause me to report a runaway
argument that might be the root of the problem. But if
your `}' was spurious, just type `2' and it will go away.

Runaway argument?
! Paragraph ended before \new@command was complete.
<to be read again> 
                   \par 
l.9 完
     成本章学习后，您将能够：
I suspect you've forgotten a `}', causing me to apply this
control sequence to too much text. How can we recover?
My plan is to forget the whole thing and hope for the best.

! Use of \tcb@@icolorbox doesn't match its definition.
\new@ifnextchar ...ved@d = #1\def \reserved@a {#2}
                                                  \def \reserved@b {#3}\futu...
l.9 完
     成本章学习后，您将能够：
If you say, e.g., `\def\a1{...}', then you must always
put `1' after `\a', since control sequence names are
made up of letters only. The macro here has not been
followed by the required stuff, so I'm ignoring it.

! Use of \pgfkeys@sp@b doesn't match its definition.
<argument> c
            apture
l.9 完
     成本章学习后，您将能够：
If you say, e.g., `\def\a1{...}', then you must always
put `1' after `\a', since control sequence names are
made up of letters only. The macro here has not been
followed by the required stuff, so I'm ignoring it.

! Undefined control sequence.
\pgfkeys@spdef ...e \pgfkeys@sp@a #2\pgfkeys@stop 
                                                  \pgfkeys@stop  \pgfkeys@st...
l.9 完
     成本章学习后，您将能够：
The control sequence at the end of the top line
of your error message was never \def'ed. If you have
misspelled it (e.g., `\hobx'), type `I' and the correct
spelling (e.g., `I\hbox'). Otherwise just continue,
and I'll forget about whatever was undefined.

! Undefined control sequence.
\pgfkeys@spdef ...a #2\pgfkeys@stop \pgfkeys@stop 
                                                   \pgfkeys@stop \relax #1
l.9 完
     成本章学习后，您将能够：
The control sequence at the end of the top line
of your error message was never \def'ed. If you have
misspelled it (e.g., `\hobx'), type `I' and the correct
spelling (e.g., `I\hbox'). Otherwise just continue,
and I'll forget about whatever was undefined.

! Undefined control sequence.
\pgfkeys@spdef ...op \pgfkeys@stop  \pgfkeys@stop 
                                                  \relax #1
l.9 完
     成本章学习后，您将能够：
The control sequence at the end of the top line
of your error message was never \def'ed. If you have
misspelled it (e.g., `\hobx'), type `I' and the correct
spelling (e.g., `I\hbox'). Otherwise just continue,
and I'll forget about whatever was undefined.

! Use of \tcb@@icolorbox doesn't match its definition.
\new@ifnextchar ...served@d = #1\def \reserved@a {
                                                  #2}\def \reserved@b {#3}\f...
l.9 完
     成本章学习后，您将能够：
If you say, e.g., `\def\a1{...}', then you must always
put `1' after `\a', since control sequence names are
made up of letters only. The macro here has not been
followed by the required stuff, so I'm ignoring it.

! Use of \tcb@@icolorbox doesn't match its definition.
<argument> \def \reserved@a *
                             {\let \l@ngrel@x \relax \new@command }\reserved@a 
l.9 完
     成本章学习后，您将能够：
If you say, e.g., `\def\a1{...}', then you must always
put `1' after `\a', since control sequence names are
made up of letters only. The macro here has not been
followed by the required stuff, so I'm ignoring it.

! Argument of \new@command has an extra }.
<inserted text> 
                \par 
l.9 完
     成本章学习后，您将能够：
I've run across a `}' that doesn't seem to match anything.
For example, `\def\a#1{...}' and `\a}' would produce
this error. If you simply proceed now, the `\par' that
I've just inserted will cause me to report a runaway
argument that might be the root of the problem. But if
your `}' was spurious, just type `2' and it will go away.

Runaway argument?
! Paragraph ended before \new@command was complete.
<to be read again> 
                   \par 
l.9 完
     成本章学习后，您将能够：
I suspect you've forgotten a `}', causing me to apply this
control sequence to too much text. How can we recover?
My plan is to forget the whole thing and hope for the best.

! Use of \tcb@@icolorbox doesn't match its definition.
\new@ifnextchar ...ved@d = #1\def \reserved@a {#2}
                                                  \def \reserved@b {#3}\futu...
l.9 完
     成本章学习后，您将能够：
If you say, e.g., `\def\a1{...}', then you must always
put `1' after `\a', since control sequence names are
made up of letters only. The macro here has not been
followed by the required stuff, so I'm ignoring it.

! Use of \pgfkeys@sp@b doesn't match its definition.
<argument> c
            apture
l.9 完
     成本章学习后，您将能够：
If you say, e.g., `\def\a1{...}', then you must always
put `1' after `\a', since control sequence names are
made up of letters only. The macro here has not been
followed by the required stuff, so I'm ignoring it.

! Undefined control sequence.
\pgfkeys@spdef ...e \pgfkeys@sp@a #2\pgfkeys@stop 
                                                  \pgfkeys@stop  \pgfkeys@st...
l.9 完
     成本章学习后，您将能够：
The control sequence at the end of the top line
of your error message was never \def'ed. If you have
misspelled it (e.g., `\hobx'), type `I' and the correct
spelling (e.g., `I\hbox'). Otherwise just continue,
and I'll forget about whatever was undefined.

! Undefined control sequence.
\pgfkeys@spdef ...a #2\pgfkeys@stop \pgfkeys@stop 
                                                   \pgfkeys@stop \relax #1
l.9 完
     成本章学习后，您将能够：
The control sequence at the end of the top line
of your error message was never \def'ed. If you have
misspelled it (e.g., `\hobx'), type `I' and the correct
spelling (e.g., `I\hbox'). Otherwise just continue,
and I'll forget about whatever was undefined.

! Undefined control sequence.
\pgfkeys@spdef ...op \pgfkeys@stop  \pgfkeys@stop 
                                                  \relax #1
l.9 完
     成本章学习后，您将能够：
The control sequence at the end of the top line
of your error message was never \def'ed. If you have
misspelled it (e.g., `\hobx'), type `I' and the correct
spelling (e.g., `I\hbox'). Otherwise just continue,
and I'll forget about whatever was undefined.

! Use of \tcb@@icolorbox doesn't match its definition.
\new@ifnextchar ...served@d = #1\def \reserved@a {
                                                  #2}\def \reserved@b {#3}\f...
l.9 完
     成本章学习后，您将能够：
If you say, e.g., `\def\a1{...}', then you must always
put `1' after `\a', since control sequence names are
made up of letters only. The macro here has not been
followed by the required stuff, so I'm ignoring it.

! Use of \tcb@@icolorbox doesn't match its definition.
<argument> \def \reserved@a *
                             {\let \l@ngrel@x \relax \new@command }\reserved@a 
l.9 完
     成本章学习后，您将能够：
If you say, e.g., `\def\a1{...}', then you must always
put `1' after `\a', since control sequence names are
made up of letters only. The macro here has not been
followed by the required stuff, so I'm ignoring it.

! Argument of \new@command has an extra }.
<inserted text> 
                \par 
l.9 完
     成本章学习后，您将能够：
I've run across a `}' that doesn't seem to match anything.
For example, `\def\a#1{...}' and `\a}' would produce
this error. If you simply proceed now, the `\par' that
I've just inserted will cause me to report a runaway
argument that might be the root of the problem. But if
your `}' was spurious, just type `2' and it will go away.

Runaway argument?
! Paragraph ended before \new@command was complete.
<to be read again> 
                   \par 
l.9 完
     成本章学习后，您将能够：
I suspect you've forgotten a `}', causing me to apply this
control sequence to too much text. How can we recover?
My plan is to forget the whole thing and hope for the best.

! Use of \tcb@@icolorbox doesn't match its definition.
\new@ifnextchar ...ved@d = #1\def \reserved@a {#2}
                                                  \def \reserved@b {#3}\futu...
l.9 完
     成本章学习后，您将能够：
If you say, e.g., `\def\a1{...}', then you must always
put `1' after `\a', since control sequence names are
made up of letters only. The macro here has not been
followed by the required stuff, so I'm ignoring it.

! Use of \pgfkeys@sp@b doesn't match its definition.
<argument> c
            apture
l.9 完
     成本章学习后，您将能够：
If you say, e.g., `\def\a1{...}', then you must always
put `1' after `\a', since control sequence names are
made up of letters only. The macro here has not been
followed by the required stuff, so I'm ignoring it.

! Undefined control sequence.
\pgfkeys@spdef ...e \pgfkeys@sp@a #2\pgfkeys@stop 
                                                  \pgfkeys@stop  \pgfkeys@st...
l.9 完
     成本章学习后，您将能够：
The control sequence at the end of the top line
of your error message was never \def'ed. If you have
misspelled it (e.g., `\hobx'), type `I' and the correct
spelling (e.g., `I\hbox'). Otherwise just continue,
and I'll forget about whatever was undefined.

! Undefined control sequence.
\pgfkeys@spdef ...a #2\pgfkeys@stop \pgfkeys@stop 
                                                   \pgfkeys@stop \relax #1
l.9 完
     成本章学习后，您将能够：
The control sequence at the end of the top line
of your error message was never \def'ed. If you have
misspelled it (e.g., `\hobx'), type `I' and the correct
spelling (e.g., `I\hbox'). Otherwise just continue,
and I'll forget about whatever was undefined.

! Undefined control sequence.
\pgfkeys@spdef ...op \pgfkeys@stop  \pgfkeys@stop 
                                                  \relax #1
l.9 完
     成本章学习后，您将能够：
The control sequence at the end of the top line
of your error message was never \def'ed. If you have
misspelled it (e.g., `\hobx'), type `I' and the correct
spelling (e.g., `I\hbox'). Otherwise just continue,
and I'll forget about whatever was undefined.

! Use of \tcb@@icolorbox doesn't match its definition.
\new@ifnextchar ...served@d = #1\def \reserved@a {
                                                  #2}\def \reserved@b {#3}\f...
l.9 完
     成本章学习后，您将能够：
If you say, e.g., `\def\a1{...}', then you must always
put `1' after `\a', since control sequence names are
made up of letters only. The macro here has not been
followed by the required stuff, so I'm ignoring it.

! Use of \tcb@@icolorbox doesn't match its definition.
<argument> \def \reserved@a *
                             {\let \l@ngrel@x \relax \new@command }\reserved@a 
l.9 完
     成本章学习后，您将能够：
If you say, e.g., `\def\a1{...}', then you must always
put `1' after `\a', since control sequence names are
made up of letters only. The macro here has not been
followed by the required stuff, so I'm ignoring it.

! Argument of \new@command has an extra }.
<inserted text> 
                \par 
l.9 完
     成本章学习后，您将能够：
I've run across a `}' that doesn't seem to match anything.
For example, `\def\a#1{...}' and `\a}' would produce
this error. If you simply proceed now, the `\par' that
I've just inserted will cause me to report a runaway
argument that might be the root of the problem. But if
your `}' was spurious, just type `2' and it will go away.

Runaway argument?
! Paragraph ended before \new@command was complete.
<to be read again> 
                   \par 
l.9 完
     成本章学习后，您将能够：
I suspect you've forgotten a `}', causing me to apply this
control sequence to too much text. How can we recover?
My plan is to forget the whole thing and hope for the best.

! Use of \tcb@@icolorbox doesn't match its definition.
\new@ifnextchar ...ved@d = #1\def \reserved@a {#2}
                                                  \def \reserved@b {#3}\futu...
l.9 完
     成本章学习后，您将能够：
If you say, e.g., `\def\a1{...}', then you must always
put `1' after `\a', since control sequence names are
made up of letters only. The macro here has not been
followed by the required stuff, so I'm ignoring it.

! Use of \pgfkeys@sp@b doesn't match its definition.
<argument> c
            apture
l.9 完
     成本章学习后，您将能够：
If you say, e.g., `\def\a1{...}', then you must always
put `1' after `\a', since control sequence names are
made up of letters only. The macro here has not been
followed by the required stuff, so I'm ignoring it.

! Undefined control sequence.
\pgfkeys@spdef ...e \pgfkeys@sp@a #2\pgfkeys@stop 
                                                  \pgfkeys@stop  \pgfkeys@st...
l.9 完
     成本章学习后，您将能够：
The control sequence at the end of the top line
of your error message was never \def'ed. If you have
misspelled it (e.g., `\hobx'), type `I' and the correct
spelling (e.g., `I\hbox'). Otherwise just continue,
and I'll forget about whatever was undefined.

! Undefined control sequence.
\pgfkeys@spdef ...a #2\pgfkeys@stop \pgfkeys@stop 
                                                   \pgfkeys@stop \relax #1
l.9 完
     成本章学习后，您将能够：
The control sequence at the end of the top line
of your error message was never \def'ed. If you have
misspelled it (e.g., `\hobx'), type `I' and the correct
spelling (e.g., `I\hbox'). Otherwise just continue,
and I'll forget about whatever was undefined.

! Undefined control sequence.
\pgfkeys@spdef ...op \pgfkeys@stop  \pgfkeys@stop 
                                                  \relax #1
l.9 完
     成本章学习后，您将能够：
The control sequence at the end of the top line
of your error message was never \def'ed. If you have
misspelled it (e.g., `\hobx'), type `I' and the correct
spelling (e.g., `I\hbox'). Otherwise just continue,
and I'll forget about whatever was undefined.

! Use of \tcb@@icolorbox doesn't match its definition.
\new@ifnextchar ...served@d = #1\def \reserved@a {
                                                  #2}\def \reserved@b {#3}\f...
l.9 完
     成本章学习后，您将能够：
If you say, e.g., `\def\a1{...}', then you must always
put `1' after `\a', since control sequence names are
made up of letters only. The macro here has not been
followed by the required stuff, so I'm ignoring it.

! Use of \tcb@@icolorbox doesn't match its definition.
<argument> \def \reserved@a *
                             {\let \l@ngrel@x \relax \new@command }\reserved@a 
l.9 完
     成本章学习后，您将能够：
If you say, e.g., `\def\a1{...}', then you must always
put `1' after `\a', since control sequence names are
made up of letters only. The macro here has not been
followed by the required stuff, so I'm ignoring it.

! Argument of \new@command has an extra }.
<inserted text> 
                \par 
l.9 完
     成本章学习后，您将能够：
I've run across a `}' that doesn't seem to match anything.
For example, `\def\a#1{...}' and `\a}' would produce
this error. If you simply proceed now, the `\par' that
I've just inserted will cause me to report a runaway
argument that might be the root of the problem. But if
your `}' was spurious, just type `2' and it will go away.

Runaway argument?
! Paragraph ended before \new@command was complete.
<to be read again> 
                   \par 
l.9 完
     成本章学习后，您将能够：
I suspect you've forgotten a `}', causing me to apply this
control sequence to too much text. How can we recover?
My plan is to forget the whole thing and hope for the best.

! Use of \tcb@@icolorbox doesn't match its definition.
\new@ifnextchar ...ved@d = #1\def \reserved@a {#2}
                                                  \def \reserved@b {#3}\futu...
l.9 完
     成本章学习后，您将能够：
If you say, e.g., `\def\a1{...}', then you must always
put `1' after `\a', since control sequence names are
made up of letters only. The macro here has not been
followed by the required stuff, so I'm ignoring it.

! Use of \pgfkeys@sp@b doesn't match its definition.
<argument> c
            apture
l.9 完
     成本章学习后，您将能够：
If you say, e.g., `\def\a1{...}', then you must always
put `1' after `\a', since control sequence names are
made up of letters only. The macro here has not been
followed by the required stuff, so I'm ignoring it.

! Undefined control sequence.
\pgfkeys@spdef ...e \pgfkeys@sp@a #2\pgfkeys@stop 
                                                  \pgfkeys@stop  \pgfkeys@st...
l.9 完
     成本章学习后，您将能够：
The control sequence at the end of the top line
of your error message was never \def'ed. If you have
misspelled it (e.g., `\hobx'), type `I' and the correct
spelling (e.g., `I\hbox'). Otherwise just continue,
and I'll forget about whatever was undefined.

! Undefined control sequence.
\pgfkeys@spdef ...a #2\pgfkeys@stop \pgfkeys@stop 
                                                   \pgfkeys@stop \relax #1
l.9 完
     成本章学习后，您将能够：
The control sequence at the end of the top line
of your error message was never \def'ed. If you have
misspelled it (e.g., `\hobx'), type `I' and the correct
spelling (e.g., `I\hbox'). Otherwise just continue,
and I'll forget about whatever was undefined.

! Undefined control sequence.
\pgfkeys@spdef ...op \pgfkeys@stop  \pgfkeys@stop 
                                                  \relax #1
l.9 完
     成本章学习后，您将能够：
The control sequence at the end of the top line
of your error message was never \def'ed. If you have
misspelled it (e.g., `\hobx'), type `I' and the correct
spelling (e.g., `I\hbox'). Otherwise just continue,
and I'll forget about whatever was undefined.

! Use of \tcb@@icolorbox doesn't match its definition.
\new@ifnextchar ...served@d = #1\def \reserved@a {
                                                  #2}\def \reserved@b {#3}\f...
l.9 完
     成本章学习后，您将能够：
If you say, e.g., `\def\a1{...}', then you must always
put `1' after `\a', since control sequence names are
made up of letters only. The macro here has not been
followed by the required stuff, so I'm ignoring it.

! Use of \tcb@@icolorbox doesn't match its definition.
<argument> \def \reserved@a *
                             {\let \l@ngrel@x \relax \new@command }\reserved@a 
l.9 完
     成本章学习后，您将能够：
If you say, e.g., `\def\a1{...}', then you must always
put `1' after `\a', since control sequence names are
made up of letters only. The macro here has not been
followed by the required stuff, so I'm ignoring it.

! Argument of \new@command has an extra }.
<inserted text> 
                \par 
l.9 完
     成本章学习后，您将能够：
I've run across a `}' that doesn't seem to match anything.
For example, `\def\a#1{...}' and `\a}' would produce
this error. If you simply proceed now, the `\par' that
I've just inserted will cause me to report a runaway
argument that might be the root of the problem. But if
your `}' was spurious, just type `2' and it will go away.

Runaway argument?
! Paragraph ended before \new@command was complete.
<to be read again> 
                   \par 
l.9 完
     成本章学习后，您将能够：
I suspect you've forgotten a `}', causing me to apply this
control sequence to too much text. How can we recover?
My plan is to forget the whole thing and hope for the best.

! Use of \tcb@@icolorbox doesn't match its definition.
\new@ifnextchar ...ved@d = #1\def \reserved@a {#2}
                                                  \def \reserved@b {#3}\futu...
l.9 完
     成本章学习后，您将能够：
If you say, e.g., `\def\a1{...}', then you must always
put `1' after `\a', since control sequence names are
made up of letters only. The macro here has not been
followed by the required stuff, so I'm ignoring it.

! Use of \pgfkeys@sp@b doesn't match its definition.
<argument> c
            apture
l.9 完
     成本章学习后，您将能够：
If you say, e.g., `\def\a1{...}', then you must always
put `1' after `\a', since control sequence names are
made up of letters only. The macro here has not been
followed by the required stuff, so I'm ignoring it.

! Undefined control sequence.
\pgfkeys@spdef ...e \pgfkeys@sp@a #2\pgfkeys@stop 
                                                  \pgfkeys@stop  \pgfkeys@st...
l.9 完
     成本章学习后，您将能够：
The control sequence at the end of the top line
of your error message was never \def'ed. If you have
misspelled it (e.g., `\hobx'), type `I' and the correct
spelling (e.g., `I\hbox'). Otherwise just continue,
and I'll forget about whatever was undefined.

! Undefined control sequence.
\pgfkeys@spdef ...a #2\pgfkeys@stop \pgfkeys@stop 
                                                   \pgfkeys@stop \relax #1
l.9 完
     成本章学习后，您将能够：
The control sequence at the end of the top line
of your error message was never \def'ed. If you have
misspelled it (e.g., `\hobx'), type `I' and the correct
spelling (e.g., `I\hbox'). Otherwise just continue,
and I'll forget about whatever was undefined.

! Undefined control sequence.
\pgfkeys@spdef ...op \pgfkeys@stop  \pgfkeys@stop 
                                                  \relax #1
l.9 完
     成本章学习后，您将能够：
The control sequence at the end of the top line
of your error message was never \def'ed. If you have
misspelled it (e.g., `\hobx'), type `I' and the correct
spelling (e.g., `I\hbox'). Otherwise just continue,
and I'll forget about whatever was undefined.

! Use of \tcb@@icolorbox doesn't match its definition.
\new@ifnextchar ...served@d = #1\def \reserved@a {
                                                  #2}\def \reserved@b {#3}\f...
l.9 完
     成本章学习后，您将能够：
If you say, e.g., `\def\a1{...}', then you must always
put `1' after `\a', since control sequence names are
made up of letters only. The macro here has not been
followed by the required stuff, so I'm ignoring it.

! Use of \tcb@@icolorbox doesn't match its definition.
<argument> \def \reserved@a *
                             {\let \l@ngrel@x \relax \new@command }\reserved@a 
l.9 完
     成本章学习后，您将能够：
If you say, e.g., `\def\a1{...}', then you must always
put `1' after `\a', since control sequence names are
made up of letters only. The macro here has not been
followed by the required stuff, so I'm ignoring it.

! Argument of \new@command has an extra }.
<inserted text> 
                \par 
l.9 完
     成本章学习后，您将能够：
I've run across a `}' that doesn't seem to match anything.
For example, `\def\a#1{...}' and `\a}' would produce
this error. If you simply proceed now, the `\par' that
I've just inserted will cause me to report a runaway
argument that might be the root of the problem. But if
your `}' was spurious, just type `2' and it will go away.

Runaway argument?
! Paragraph ended before \new@command was complete.
<to be read again> 
                   \par 
l.9 完
     成本章学习后，您将能够：
I suspect you've forgotten a `}', causing me to apply this
control sequence to too much text. How can we recover?
My plan is to forget the whole thing and hope for the best.

! Use of \tcb@@icolorbox doesn't match its definition.
\new@ifnextchar ...ved@d = #1\def \reserved@a {#2}
                                                  \def \reserved@b {#3}\futu...
l.9 完
     成本章学习后，您将能够：
If you say, e.g., `\def\a1{...}', then you must always
put `1' after `\a', since control sequence names are
made up of letters only. The macro here has not been
followed by the required stuff, so I'm ignoring it.

! Use of \pgfkeys@sp@b doesn't match its definition.
<argument> c
            apture
l.9 完
     成本章学习后，您将能够：
If you say, e.g., `\def\a1{...}', then you must always
put `1' after `\a', since control sequence names are
made up of letters only. The macro here has not been
followed by the required stuff, so I'm ignoring it.

! Undefined control sequence.
\pgfkeys@spdef ...e \pgfkeys@sp@a #2\pgfkeys@stop 
                                                  \pgfkeys@stop  \pgfkeys@st...
l.9 完
     成本章学习后，您将能够：
The control sequence at the end of the top line
of your error message was never \def'ed. If you have
misspelled it (e.g., `\hobx'), type `I' and the correct
spelling (e.g., `I\hbox'). Otherwise just continue,
and I'll forget about whatever was undefined.

! Undefined control sequence.
\pgfkeys@spdef ...a #2\pgfkeys@stop \pgfkeys@stop 
                                                   \pgfkeys@stop \relax #1
l.9 完
     成本章学习后，您将能够：
The control sequence at the end of the top line
of your error message was never \def'ed. If you have
misspelled it (e.g., `\hobx'), type `I' and the correct
spelling (e.g., `I\hbox'). Otherwise just continue,
and I'll forget about whatever was undefined.

! Undefined control sequence.
\pgfkeys@spdef ...op \pgfkeys@stop  \pgfkeys@stop 
                                                  \relax #1
l.9 完
     成本章学习后，您将能够：
The control sequence at the end of the top line
of your error message was never \def'ed. If you have
misspelled it (e.g., `\hobx'), type `I' and the correct
spelling (e.g., `I\hbox'). Otherwise just continue,
and I'll forget about whatever was undefined.

! Use of \tcb@@icolorbox doesn't match its definition.
\new@ifnextchar ...served@d = #1\def \reserved@a {
                                                  #2}\def \reserved@b {#3}\f...
l.9 完
     成本章学习后，您将能够：
If you say, e.g., `\def\a1{...}', then you must always
put `1' after `\a', since control sequence names are
made up of letters only. The macro here has not been
followed by the required stuff, so I'm ignoring it.

! Use of \tcb@@icolorbox doesn't match its definition.
<argument> \def \reserved@a *
                             {\let \l@ngrel@x \relax \new@command }\reserved@a 
l.9 完
     成本章学习后，您将能够：
If you say, e.g., `\def\a1{...}', then you must always
put `1' after `\a', since control sequence names are
made up of letters only. The macro here has not been
followed by the required stuff, so I'm ignoring it.

! Argument of \new@command has an extra }.
<inserted text> 
                \par 
l.9 完
     成本章学习后，您将能够：
I've run across a `}' that doesn't seem to match anything.
For example, `\def\a#1{...}' and `\a}' would produce
this error. If you simply proceed now, the `\par' that
I've just inserted will cause me to report a runaway
argument that might be the root of the problem. But if
your `}' was spurious, just type `2' and it will go away.

Runaway argument?
! Paragraph ended before \new@command was complete.
<to be read again> 
                   \par 
l.9 完
     成本章学习后，您将能够：
I suspect you've forgotten a `}', causing me to apply this
control sequence to too much text. How can we recover?
My plan is to forget the whole thing and hope for the best.

! Use of \tcb@@icolorbox doesn't match its definition.
\new@ifnextchar ...ved@d = #1\def \reserved@a {#2}
                                                  \def \reserved@b {#3}\futu...
l.9 完
     成本章学习后，您将能够：
If you say, e.g., `\def\a1{...}', then you must always
put `1' after `\a', since control sequence names are
made up of letters only. The macro here has not been
followed by the required stuff, so I'm ignoring it.

! Use of \pgfkeys@sp@b doesn't match its definition.
<argument> c
            apture
l.9 完
     成本章学习后，您将能够：
If you say, e.g., `\def\a1{...}', then you must always
put `1' after `\a', since control sequence names are
made up of letters only. The macro here has not been
followed by the required stuff, so I'm ignoring it.

! Undefined control sequence.
\pgfkeys@spdef ...e \pgfkeys@sp@a #2\pgfkeys@stop 
                                                  \pgfkeys@stop  \pgfkeys@st...
l.9 完
     成本章学习后，您将能够：
The control sequence at the end of the top line
of your error message was never \def'ed. If you have
misspelled it (e.g., `\hobx'), type `I' and the correct
spelling (e.g., `I\hbox'). Otherwise just continue,
and I'll forget about whatever was undefined.

! Undefined control sequence.
\pgfkeys@spdef ...a #2\pgfkeys@stop \pgfkeys@stop 
                                                   \pgfkeys@stop \relax #1
l.9 完
     成本章学习后，您将能够：
The control sequence at the end of the top line
of your error message was never \def'ed. If you have
misspelled it (e.g., `\hobx'), type `I' and the correct
spelling (e.g., `I\hbox'). Otherwise just continue,
and I'll forget about whatever was undefined.

! Undefined control sequence.
\pgfkeys@spdef ...op \pgfkeys@stop  \pgfkeys@stop 
                                                  \relax #1
l.9 完
     成本章学习后，您将能够：
The control sequence at the end of the top line
of your error message was never \def'ed. If you have
misspelled it (e.g., `\hobx'), type `I' and the correct
spelling (e.g., `I\hbox'). Otherwise just continue,
and I'll forget about whatever was undefined.

! Use of \tcb@@icolorbox doesn't match its definition.
\new@ifnextchar ...served@d = #1\def \reserved@a {
                                                  #2}\def \reserved@b {#3}\f...
l.9 完
     成本章学习后，您将能够：
If you say, e.g., `\def\a1{...}', then you must always
put `1' after `\a', since control sequence names are
made up of letters only. The macro here has not been
followed by the required stuff, so I'm ignoring it.

! Use of \tcb@@icolorbox doesn't match its definition.
<argument> \def \reserved@a *
                             {\let \l@ngrel@x \relax \new@command }\reserved@a 
l.9 完
     成本章学习后，您将能够：
If you say, e.g., `\def\a1{...}', then you must always
put `1' after `\a', since control sequence names are
made up of letters only. The macro here has not been
followed by the required stuff, so I'm ignoring it.

! Argument of \new@command has an extra }.
<inserted text> 
                \par 
l.9 完
     成本章学习后，您将能够：
I've run across a `}' that doesn't seem to match anything.
For example, `\def\a#1{...}' and `\a}' would produce
this error. If you simply proceed now, the `\par' that
I've just inserted will cause me to report a runaway
argument that might be the root of the problem. But if
your `}' was spurious, just type `2' and it will go away.

Runaway argument?
! Paragraph ended before \new@command was complete.
<to be read again> 
                   \par 
l.9 完
     成本章学习后，您将能够：
I suspect you've forgotten a `}', causing me to apply this
control sequence to too much text. How can we recover?
My plan is to forget the whole thing and hope for the best.

! Use of \tcb@@icolorbox doesn't match its definition.
\new@ifnextchar ...ved@d = #1\def \reserved@a {#2}
                                                  \def \reserved@b {#3}\futu...
l.9 完
     成本章学习后，您将能够：
If you say, e.g., `\def\a1{...}', then you must always
put `1' after `\a', since control sequence names are
made up of letters only. The macro here has not been
followed by the required stuff, so I'm ignoring it.

! Use of \pgfkeys@sp@b doesn't match its definition.
<argument> c
            apture
l.9 完
     成本章学习后，您将能够：
If you say, e.g., `\def\a1{...}', then you must always
put `1' after `\a', since control sequence names are
made up of letters only. The macro here has not been
followed by the required stuff, so I'm ignoring it.

! Undefined control sequence.
\pgfkeys@spdef ...e \pgfkeys@sp@a #2\pgfkeys@stop 
                                                  \pgfkeys@stop  \pgfkeys@st...
l.9 完
     成本章学习后，您将能够：
The control sequence at the end of the top line
of your error message was never \def'ed. If you have
misspelled it (e.g., `\hobx'), type `I' and the correct
spelling (e.g., `I\hbox'). Otherwise just continue,
and I'll forget about whatever was undefined.

! Undefined control sequence.
\pgfkeys@spdef ...a #2\pgfkeys@stop \pgfkeys@stop 
                                                   \pgfkeys@stop \relax #1
l.9 完
     成本章学习后，您将能够：
The control sequence at the end of the top line
of your error message was never \def'ed. If you have
misspelled it (e.g., `\hobx'), type `I' and the correct
spelling (e.g., `I\hbox'). Otherwise just continue,
and I'll forget about whatever was undefined.

! Undefined control sequence.
\pgfkeys@spdef ...op \pgfkeys@stop  \pgfkeys@stop 
                                                  \relax #1
l.9 完
     成本章学习后，您将能够：
The control sequence at the end of the top line
of your error message was never \def'ed. If you have
misspelled it (e.g., `\hobx'), type `I' and the correct
spelling (e.g., `I\hbox'). Otherwise just continue,
and I'll forget about whatever was undefined.

! Use of \tcb@@icolorbox doesn't match its definition.
\new@ifnextchar ...served@d = #1\def \reserved@a {
                                                  #2}\def \reserved@b {#3}\f...
l.9 完
     成本章学习后，您将能够：
If you say, e.g., `\def\a1{...}', then you must always
put `1' after `\a', since control sequence names are
made up of letters only. The macro here has not been
followed by the required stuff, so I'm ignoring it.

! Use of \tcb@@icolorbox doesn't match its definition.
<argument> \def \reserved@a *
                             {\let \l@ngrel@x \relax \new@command }\reserved@a 
l.9 完
     成本章学习后，您将能够：
If you say, e.g., `\def\a1{...}', then you must always
put `1' after `\a', since control sequence names are
made up of letters only. The macro here has not been
followed by the required stuff, so I'm ignoring it.

! Argument of \new@command has an extra }.
<inserted text> 
                \par 
l.9 完
     成本章学习后，您将能够：
I've run across a `}' that doesn't seem to match anything.
For example, `\def\a#1{...}' and `\a}' would produce
this error. If you simply proceed now, the `\par' that
I've just inserted will cause me to report a runaway
argument that might be the root of the problem. But if
your `}' was spurious, just type `2' and it will go away.

Runaway argument?
! Paragraph ended before \new@command was complete.
<to be read again> 
                   \par 
l.9 完
     成本章学习后，您将能够：
I suspect you've forgotten a `}', causing me to apply this
control sequence to too much text. How can we recover?
My plan is to forget the whole thing and hope for the best.

! Use of \tcb@@icolorbox doesn't match its definition.
\new@ifnextchar ...ved@d = #1\def \reserved@a {#2}
                                                  \def \reserved@b {#3}\futu...
l.9 完
     成本章学习后，您将能够：
If you say, e.g., `\def\a1{...}', then you must always
put `1' after `\a', since control sequence names are
made up of letters only. The macro here has not been
followed by the required stuff, so I'm ignoring it.

! Use of \pgfkeys@sp@b doesn't match its definition.
<argument> c
            apture
l.9 完
     成本章学习后，您将能够：
If you say, e.g., `\def\a1{...}', then you must always
put `1' after `\a', since control sequence names are
made up of letters only. The macro here has not been
followed by the required stuff, so I'm ignoring it.

! Undefined control sequence.
\pgfkeys@spdef ...e \pgfkeys@sp@a #2\pgfkeys@stop 
                                                  \pgfkeys@stop  \pgfkeys@st...
l.9 完
     成本章学习后，您将能够：
The control sequence at the end of the top line
of your error message was never \def'ed. If you have
misspelled it (e.g., `\hobx'), type `I' and the correct
spelling (e.g., `I\hbox'). Otherwise just continue,
and I'll forget about whatever was undefined.

! Undefined control sequence.
\pgfkeys@spdef ...a #2\pgfkeys@stop \pgfkeys@stop 
                                                   \pgfkeys@stop \relax #1
l.9 完
     成本章学习后，您将能够：
The control sequence at the end of the top line
of your error message was never \def'ed. If you have
misspelled it (e.g., `\hobx'), type `I' and the correct
spelling (e.g., `I\hbox'). Otherwise just continue,
and I'll forget about whatever was undefined.

! Undefined control sequence.
\pgfkeys@spdef ...op \pgfkeys@stop  \pgfkeys@stop 
                                                  \relax #1
l.9 完
     成本章学习后，您将能够：
The control sequence at the end of the top line
of your error message was never \def'ed. If you have
misspelled it (e.g., `\hobx'), type `I' and the correct
spelling (e.g., `I\hbox'). Otherwise just continue,
and I'll forget about whatever was undefined.

! Use of \tcb@@icolorbox doesn't match its definition.
\new@ifnextchar ...served@d = #1\def \reserved@a {
                                                  #2}\def \reserved@b {#3}\f...
l.9 完
     成本章学习后，您将能够：
(That makes 100 errors; please try again.) 
Here is how much of TeX's memory you used:
 50518 strings out of 474773
 1109836 string characters out of 5761289
 2158383 words of memory out of 5000000
 71825 multiletter control sequences out of 15000+600000
 567755 words of font info for 123 fonts, out of 8000000 for 9000
 1348 hyphenation exceptions out of 8191
 99i,12n,136p,1204b,851s stack positions out of 10000i,1000n,20000p,200000b,200000s

Output written on main.pdf (16 pages).
